Id,BIRTHDATE,DEATHDATE,SSN,DRIVERS,PASSPORT,PREFIX,FIRST,LAST,SUFFIX,MAIDEN,MARITAL,RACE,ETHNICITY,GENDER,BIRTHPLACE,ADDRESS,CITY,STATE,COUNTY,ZIP,LAT,LON,HEALTHCARE_EXPENSES,HEALTHCARE_COVERAGE,LANGUAGE,PATIENTPOPULATIONPERCENTAGEBELOWPOVERTY
f0f3bc8d-ef38-49ce-a2bd-dfdda982b271,2017-08-24,,999-68-6630,,,,Jacinto644,Kris249,,,,white,nonhispanic,M,Beverly  Massachusetts  US,888 Hickle Ferry Suite 38,Springfield,Massachusetts,Hampden County,1106,42.151961474963535,-72.59895940376188,8446.49,1499.08,,
58cac9ec-4baa-46c1-b919-0ed13572b51d,1970-06-13,2016-05-07,999-90-2484,S99989337,X48630763X,Ms.,Isabel214,Carvajal694,,,S,white,hispanic,F,Santiago  Santiago Province  CL,335 Morar Highlands Apt 75,Fall River,Massachusetts,Bristol County,2720,41.68768444527544,-71.0557687821624,1145378.45,4941.2,,
ff7b040b-aa96-4003-8926-3dac8ca8eb05,2000-12-19,,999-28-2716,S99985509,,Ms.,Carmelia328,Konopelski743,,,,white,nonhispanic,F,Lee  Massachusetts  US,1025 Collier Arcade,Ashland,Massachusetts,Middlesex County,,42.2919859634347,-71.4637238426449,439502.18,72357.13000000014,,
0bccccae-0961-4ee0-896a-d80729b22e6c,1970-06-13,,999-38-7030,S99955092,X33628450X,Mrs.,Yolanda648,Gollum504,,Reyes140,M,white,hispanic,F,Portsmouth  Saint John Parish  DM,540 Gibson Green,Fall River,Massachusetts,Bristol County,,41.6642703334667,-70.96815656387318,974691.53,11915.6,,
b837f045-b9b5-486a-ad32-94b9f519737f,1958-05-09,,999-49-5916,S99935194,X2603260X,Mrs.,Danae973,Franecki195,,Gleichner915,M,white,nonhispanic,F,Holyoke  Massachusetts  US,1062 Conn Well Suite 4,Framingham,Massachusetts,Middlesex County,1702,42.30967844045964,-71.42307309211299,1416219.08,18465.11,,
4088279b-94cc-42f7-8cab-8ce880997553,1967-07-12,,999-15-5162,S99965704,X33957632X,Mr.,Wesley533,Rau926,,,M,white,nonhispanic,M,Chicopee  Massachusetts  US,788 Wilderman Vale,New Bedford,Massachusetts,Bristol County,,41.65182806986783,-70.98799740134385,1284480.4,6621.08,,
c1751563-21b8-4c7a-88d3-c41f55f12103,1986-09-20,,999-39-5390,S99940973,X25570027X,Mrs.,Mabel261,Dach178,,Larkin917,M,white,nonhispanic,F,Granby  Massachusetts  US,844 Hammes Byway,Framingham,Massachusetts,Middlesex County,1702,42.34587561056077,-71.42562595250615,621113.51,7492.519999999999,,
a527bcf0-3746-476c-90f2-dbab8868385e,1978-11-27,,999-90-6743,S99931371,X15345583X,Mrs.,Margarita164,Beahan375,,Crooks415,M,white,nonhispanic,F,Barnstable  Massachusetts  US,135 Runolfsdottir Orchard Suite 11,Norton,Massachusetts,Bristol County,,41.925767956827,-71.15034496284127,912431.48,9377.149999999998,,
9fe4a306-af13-41d6-9936-cc2727aff831,2009-06-04,,999-19-6600,,,,Eveline832,Wintheiser220,,,,black,hispanic,F,Sandwich  Massachusetts  US,895 MacGyver Skyway,Chicopee,Massachusetts,Hampden County,1020,42.18345480101672,-72.50164711151022,25964.55,645.8,,
7f4ef129-1511-47a9-a9b7-8b0b2d02ad50,1952-05-06,,999-56-8675,S99923437,X85058581X,Mrs.,Sabina296,Flatley871,,Schmidt332,M,white,nonhispanic,F,Norwell  Massachusetts  US,502 Jakubowski Burg,Springfield,Massachusetts,Hampden County,,42.12911097701997,-72.6128205943982,1466791.2,11851.95,,
075095e6-c821-436e-92e3-9e5323ed81e5,1946-09-09,2009-04-03,999-63-7990,S99972029,X16080559X,Mr.,Kermit56,Rutherford999,,,M,white,nonhispanic,M,Stow  Massachusetts  US,489 Nienow Rue,Fall River,Massachusetts,Bristol County,2790,41.653135767742114,-71.0043680629964,1662009.03,4021.32,,
0934bb3d-8592-405f-a568-747ab0634a48,1984-07-07,,999-56-1666,S99927743,X5950935X,Mr.,Alejandro916,D'Amore443,,,M,asian,nonhispanic,M,Arlington  Massachusetts  US,272 O'Connell Stravenue,Blackstone,Massachusetts,Worcester County,,42.066384941120646,-71.48830511220497,778680.6,2703.88,,
1ee9a3db-fd36-4571-b705-7e46a97e4792,1997-10-09,,999-32-2366,S99976985,X35341624X,Ms.,Tabetha269,O'Hara248,,,,white,nonhispanic,F,Auburn  Massachusetts  US,1080 Sawayn Gateway Suite 9,Framingham,Massachusetts,Middlesex County,1701,42.3224819015944,-71.40032560558313,609823.11,2810.64,,
b83237f3-9ff5-491e-aab4-d63ccff85f85,2012-11-17,,999-91-6450,,,,Gerald181,Gorczany269,,,,white,nonhispanic,M,Maynard  Massachusetts  US,304 Considine View,Franklin,Massachusetts,Norfolk County,2038,42.04514107194324,-71.42171934441131,174094.56,2776.48,,
c1800ba1-7cba-45d7-bdc4-0e0b583932e4,2018-01-20,,999-28-4976,,,,Mateo562,Palacios784,,,,white,hispanic,M,Santiago  Santiago Province  CL,841 McGlynn Knoll Suite 67,Taunton,Massachusetts,Bristol County,2780,41.95997846731197,-71.0141637048784,49834.59,1408.2399999999998,,
199f6cf3-a337-4b0d-860f-2f4641455591,1988-03-07,,999-29-7843,S99990370,X39543046X,Mr.,Maurice742,Bauch723,,,M,white,nonhispanic,M,Brockton  Massachusetts  US,154 Schulist Port,Dartmouth,Massachusetts,Bristol County,,41.53861855996967,-70.92835961257279,745347.77,7400.879999999998,,
3ae725ea-9748-45cb-90e0-eef4502421f4,1973-01-21,,999-36-2341,S99937055,X83686992X,Ms.,Lavera253,Anderson154,,,S,white,nonhispanic,F,Rockport  Massachusetts  US,119 Waelchi Grove Apt 75,Springfield,Massachusetts,Hampden County,1128,42.12235105992476,-72.56732865159543,148242.57,7284.259999999999,,
e4f2ee93-89f0-4339-b079-5b174190e18e,1964-01-02,,999-51-2834,S99986733,X17488994X,Mrs.,Muoi890,Huels583,,Romaguera67,M,white,nonhispanic,F,Brockton  Massachusetts  US,764 Stokes Vista,Medway,Massachusetts,Norfolk County,,42.18684061153454,-71.46568867528029,1339637.32,8032.559999999999,,
c5f2714c-6886-4a2c-bb54-6147b94ca407,1984-02-22,,999-20-5256,S99956101,X66429886X,Mrs.,Vennie613,McCullough561,,Murphy561,M,white,nonhispanic,F,Boston  Massachusetts  US,604 Harvey View,Blackstone,Massachusetts,Worcester County,,42.08692727530842,-71.5803826288018,835866.22,7725.079999999999,,
256aed27-8a36-464a-b9d2-233c49e08345,2003-10-20,,999-66-3070,S99944488,,,Luisa710,Hammes673,,,,asian,nonhispanic,F,Harvard  Massachusetts  US,864 Legros Alley,Holliston,Massachusetts,Middlesex County,,42.24200818246069,-71.45084941603963,445000.51,2734.0,,
255384fc-4d66-4b33-b0ef-6a4563081fd8,1963-08-17,,999-11-1235,S99939802,X258307X,Mrs.,Corinna386,Gerlach374,,Boehm581,M,white,nonhispanic,F,Boston  Massachusetts  US,915 Keeling Esplanade,Westport,Massachusetts,Bristol County,,41.5725170562147,-71.07283308554402,1264270.47,17082.479999999996,,
d3fadde8-d36b-4310-b9e2-41dd0ddb1619,2011-08-13,,999-49-4702,,,,Rick943,Hermiston71,,,,white,nonhispanic,M,Quincy  Massachusetts  US,268 Gerhold Route Suite 72,Natick,Massachusetts,Middlesex County,,42.321736117105225,-71.3603308264538,223206.72,2679.84,,
06a889ff-c131-4e7a-b533-d7db5f3c7cce,2006-04-04,,999-62-4189,,,,Joycelyn213,Abernathy524,,,,white,nonhispanic,F,Cambridge  Massachusetts  US,182 Trantow Mission Unit 20,Bellingham,Massachusetts,Norfolk County,,42.06442874671311,-71.49312725910934,374923.78,2970.68,,
7b7d2280-354f-4bfa-b1b5-ebe85da184dd,1950-04-13,2001-12-11,999-42-8551,S99981184,X1198617X,Mr.,Dion244,Bartoletti50,,,M,white,nonhispanic,M,Newton  Massachusetts  US,853 Hoeger Stravenue,Freetown,Massachusetts,Bristol County,,41.74048141625263,-70.9773665858958,1382803.07,2605.48,,
cf27a4b9-4bd9-4179-8949-1c0bb753ef54,1972-12-23,2001-12-19,999-11-7412,S99925710,X65825365X,Mrs.,Sharolyn456,Welch179,,Reynolds644,M,white,nonhispanic,F,Boston  Massachusetts  US,376 Stroman Fort,Natick,Massachusetts,Middlesex County,,42.32565320129642,-71.3378455468408,573607.89,3357.92,,
9070aaac-003f-45f3-8748-16e4c2360d65,1950-04-13,2006-05-06,999-42-7324,S99957381,X74200334X,Mr.,Korey682,Dicki44,,,M,white,nonhispanic,M,Abington  Massachusetts  US,388 Cassin Approach Apt 20,Freetown,Massachusetts,Bristol County,,41.81501998517932,-71.03006426718386,1164048.9400000002,4848.52,,
603212c3-40ee-49f0-8af4-3bb90f9fa6b1,1972-12-23,,999-44-3591,S99989882,X50565974X,Ms.,Lucretia377,Cruickshank494,,,S,white,nonhispanic,F,Lynn  Massachusetts  US,598 Reichert Passage,Natick,Massachusetts,Middlesex County,,42.25324154988312,-71.374986759856,995250.85,7738.279999999999,,
6e0d79f9-497a-4c9e-b3d3-53dd41d34af8,1950-04-13,,999-72-2761,S99985030,X11434651X,Mr.,Alvaro283,Ankunding277,,,M,white,nonhispanic,M,Wilmington  Massachusetts  US,752 Hand Port,Freetown,Massachusetts,Bristol County,,41.80539543457404,-71.04317116915799,1427015.18,6261.879999999999,,
6fce0e81-8447-4848-a811-57fa69303478,1956-12-23,,999-37-6632,S99968007,X44276772X,Mr.,Floyd420,Conroy74,,,M,white,nonhispanic,M,Swampscott  Massachusetts  US,355 Schuppe Orchard Apt 78,Uxbridge,Massachusetts,Worcester County,,42.10644485752832,-71.68308567724925,1300528.65,4757.84,,
6ab488c1-a646-40b3-b2f7-cab92db8960d,2019-04-27,,999-63-6584,,,,Simonne139,Douglas31,,,,asian,nonhispanic,F,Weymouth  Massachusetts  US,548 Gleason Divide Apt 98,Longmeadow,Massachusetts,Hampden County,,42.08581919966288,-72.5538259757988,3374.77,913.28,,
c2972df1-9046-4f4b-b90d-f419d09d0436,1953-05-23,,999-15-4336,S99991283,X78648015X,Mrs.,Eilene124,Daugherty69,,Fisher429,M,asian,nonhispanic,F,Springfield  Massachusetts  US,208 Bauch Hollow Suite 42,Bellingham,Massachusetts,Norfolk County,,42.07969936752493,-71.47965265246313,902770.4,8014.239999999999,,
42c5b49f-6a7a-4d39-92e7-7c26a39c613a,1972-03-29,,999-30-6305,S99938468,X31049005X,Mr.,Odis959,Sipes176,,,M,white,nonhispanic,M,Billerica  Massachusetts  US,987 Feest Drive,Franklin,Massachusetts,Norfolk County,2038,42.04864796282108,-71.4497577093409,1053415.68,20446.62,,
9c82a282-243f-4b70-9d3f-c189b67675b4,1964-01-10,,999-13-4844,S99987051,X81751682X,Mrs.,Susy776,Emmerich580,,Ankunding277,M,white,nonhispanic,F,Watertown  Massachusetts  US,1014 Wuckert Bridge Apt 74,Westport,Massachusetts,Bristol County,,41.60434180736122,-71.10730021117007,1149083.26,22091.83,,
0244e0db-981d-4663-8d09-381a7157069f,2007-11-03,,999-39-4326,,,,Dreama246,Doyle959,,,,black,nonhispanic,F,Swampscott  Massachusetts  US,739 Kerluke Bay,Millis,Massachusetts,Norfolk County,,42.13388038844565,-71.40307827584289,272288.23,3170.2499999999995,,
44875dfe-5ebc-47fe-b7e2-304cb4ab4bc2,1999-02-16,,999-14-4668,S99979773,X27218192X,Ms.,Shantay950,Bins636,,,,white,nonhispanic,F,Belmont  Massachusetts  US,146 Donnelly Pathway Suite 4,Fall River,Massachusetts,Bristol County,2723,41.65882115695344,-71.22181382962053,379548.64,3632.9699999999993,,
72ee7748-bc1e-4e8a-9c26-3aee16bb93f7,1970-01-02,,999-94-8786,S99910418,X8019815X,Mrs.,Bell723,Little434,,Kulas532,M,white,nonhispanic,F,Boston  Massachusetts  US,120 Hahn Parade,Framingham,Massachusetts,Middlesex County,1701,42.331358277560746,-71.46958429301526,1194956.43,11600.6,,
f26eaced-f2fc-43b4-b6cb-1fd44b4bacd9,1947-02-23,,999-68-7989,S99974581,X40569055X,Mr.,Ben667,Kessler503,,,S,white,nonhispanic,M,New Bedford  Massachusetts  US,651 Price Approach Apt 34,Holliston,Massachusetts,Middlesex County,,42.19357735791212,-71.49316692179008,1671876.37,10357.27,,
6040bb1e-f025-499f-b353-3d7e91049fb8,1923-07-20,2002-03-15,999-12-3875,S99985865,X2665097X,Mr.,Toby274,Leuschke194,,,M,white,nonhispanic,M,Boston  Massachusetts  US,1046 Leuschke Junction Suite 18,Brookline,Massachusetts,Norfolk County,2446,42.31681627458745,-71.15956299215131,1695919.29,20280.67,,
d9d1254c-61c6-4716-91fe-6c58d446b74b,1994-09-13,,999-71-3532,S99969862,X65527131X,Mr.,Morton637,Smith67,,,,white,nonhispanic,M,Revere  Massachusetts  US,273 Kassulke Ranch,Blackstone,Massachusetts,Worcester County,,42.00402773093153,-71.53369622941104,624593.36,3925.52,,
f54ff4b1-d9e6-4206-8110-99bfea3749e1,1923-07-20,1995-07-21,999-14-3508,S99937749,X12929977X,Mr.,Reggie481,McGlynn426,,,M,white,nonhispanic,M,Boston  Massachusetts  US,751 Bode Center Suite 77,Brookline,Massachusetts,Norfolk County,2467,42.29924304392264,-71.18074467808067,1437172.41,14504.72,,
f95e52b7-7e8f-4401-889a-0fbd59b08767,1997-01-14,,999-35-3112,S99994802,X45348023X,Ms.,Sandra485,Hoppe518,,,,black,nonhispanic,F,Fall River  Massachusetts  US,967 Rodriguez Parade,Sudbury,Massachusetts,Middlesex County,,42.40821527561018,-71.40579528338228,517825.99,15582.579999999998,,
adeb7b5d-fc2b-47a8-84ab-3e2f225fefba,1958-10-15,,999-94-8684,S99987209,X47085867X,Mrs.,Oneida64,Veum823,,Goodwin327,M,white,nonhispanic,F,Worcester  Massachusetts  US,522 Pagac Gateway Suite 31,New Bedford,Massachusetts,Bristol County,2747,41.5676841027268,-70.92265344522532,1308169.53,10518.97,,
65fc4a93-f1da-45dc-a332-1ff0ff47d6f9,2010-12-04,,999-93-4178,,,,Will178,Haley279,,,,white,nonhispanic,M,Holyoke  Massachusetts  US,1071 Von Course,Lakeville,Massachusetts,Plymouth County,,41.80189952371072,-70.96063417369214,240402.25,3016.48,,
1f9b73f7-9a7c-40f1-9541-1bb260183912,2000-03-25,,999-54-7058,S99917166,X16653285X,Ms.,Soraya693,Koss676,,,,white,nonhispanic,F,Belchertown  Massachusetts  US,566 Williamson Run Suite 85,Swansea,Massachusetts,Bristol County,,41.77258603015846,-71.19895007599308,414094.65,3184.72,,
88b0e75d-e328-4a26-a526-dec596a9e836,1980-06-30,,999-79-9192,S99996989,X85848747X,Mr.,Nickolas58,Lebsack687,,,M,white,nonhispanic,M,Burlington  Massachusetts  US,885 Hackett Dale Suite 72,Natick,Massachusetts,Middlesex County,,42.2449476325876,-71.37408832082157,1061399.89,2741.44,,
5ff252af-cd22-4f57-a820-41eef42f67e8,1984-08-13,,999-50-9340,S99967580,X73037416X,Mr.,Wilber603,Sanford861,,,M,white,nonhispanic,M,Cambridge  Massachusetts  US,154 Howe Club Suite 89,Bridgewater,Massachusetts,Plymouth County,,41.92490488484931,-70.977299978005,952370.89,2722.28,,
376a7d5d-38be-490c-9833-33a631656840,1965-11-16,,999-36-5986,S99910061,X49762416X,Ms.,Tomeka87,Gaylord332,,,S,white,nonhispanic,F,Lowell  Massachusetts  US,578 Welch Trace Unit 19,Bridgewater,Massachusetts,Plymouth County,,41.92771513075542,-70.99374196929969,1355796.05,6417.969999999999,,
93e995ff-cdd7-4c23-b87a-89c3d0fcdd4a,1973-03-27,,999-76-5436,S99977653,X86691217X,Mrs.,Seema671,Rath779,,Kertzmann286,M,white,nonhispanic,F,Westwood  Massachusetts  US,353 Ryan Grove Apt 30,Fall River,Massachusetts,Bristol County,2723,41.67914179638445,-71.15781536381445,942582.1,20011.81,,
05c9c8d4-5f51-4f6a-908c-140372a975af,1939-07-09,,999-44-2048,S99984121,X31032233X,Mr.,Broderick767,Kozey370,,,M,white,nonhispanic,M,Woburn  Massachusetts  US,427 Wyman Lane,Northbridge,Massachusetts,Worcester County,,42.08812305778801,-71.61248816817925,1930966.06,136042.39999999997,,
bfeb0165-1cb6-4f5b-9dc2-d48153bade07,1976-10-04,,999-61-9177,S99977817,X79324148X,Ms.,Vanita165,Conn188,,,S,white,nonhispanic,F,Lawrence  Massachusetts  US,421 Fritsch Throughway Suite 67,Wayland,Massachusetts,Middlesex County,,42.37820442468019,-71.34685168383196,985510.68,6213.56,,
8a758dea-5e77-4bce-80a9-87c03312931f,2005-05-11,,999-63-3142,,,,Jerrie417,Gislason620,,,,white,nonhispanic,F,Worcester  Massachusetts  US,1090 Jerde Run Suite 28,Springfield,Massachusetts,Hampden County,1106,42.1267480314992,-72.5968088627917,310173.63,3093.12,,
bfa33eb7-0434-47d9-8b41-7d85341065e8,1982-12-16,,999-59-3542,S99932470,X66682040X,Ms.,Tawny381,Jacobson885,,,S,white,nonhispanic,F,Palmer  Massachusetts  US,342 Turcotte Stravenue,Longmeadow,Massachusetts,Hampden County,1106,42.01337841413883,-72.57624339490455,816846.7000000001,9432.999999999998,,
867a31e1-c6e0-40fb-8c94-c59f8d45788d,1954-07-03,,999-45-9409,S99987820,X18927529X,Mr.,Timoteo39,Rico947,,,S,white,hispanic,M,Portsmouth  Saint John Parish  DM,209 Hettinger Park,New Bedford,Massachusetts,Bristol County,2744,41.58955673166231,-71.01288465813583,1600424.6,8688.24,,
203abecd-74fb-4ea0-a721-4cf17c9f70d8,1942-06-20,2012-05-15,999-56-1160,S99936040,X27189091X,Mr.,Federico589,Treutel973,,,S,native,nonhispanic,M,Worcester  Massachusetts  US,941 Tillman Plaza,Chatham,Massachusetts,Barnstable County,2633,41.63268643376055,-69.96773716991173,244079.42,47146.23,,
737a2e56-aea6-433f-9309-4b5e616493f0,1937-03-17,,999-77-5341,S99993255,X23806926X,Mrs.,Shaunte610,Ullrich385,,Franecki195,M,white,nonhispanic,F,Ashland  Massachusetts  US,430 Ondricka Track Suite 83,Concord,Massachusetts,Middlesex County,,42.4602026566285,-71.39401579356566,1587538.92,19367.47,,
56d6909b-e097-4ccb-919d-1000d199afd2,1992-05-28,,999-80-7704,S99949929,X15531927X,Mrs.,Vanna750,Herman763,,Gleason633,M,white,nonhispanic,F,Somerville  Massachusetts  US,883 Nader Lock Apt 76,Franklin,Massachusetts,Norfolk County,2038,42.06491888748436,-71.44312434817734,687083.66,3938.0,,
9a5fd0c7-175e-42d2-b16b-cb4722440272,1976-06-16,,999-61-4522,S99931210,X83279860X,Mr.,Wilton999,Heidenreich818,,,M,white,nonhispanic,M,Lowell  Massachusetts  US,943 Kohler Center,Dartmouth,Massachusetts,Bristol County,,41.60223441396799,-70.96496120412111,1118272.77,5417.839999999999,,
eb628440-80ef-41c9-bba5-e76f9a3199c6,1958-04-24,,999-31-8277,S99958696,X89793317X,Mr.,Burl285,Wilkinson796,,,M,white,nonhispanic,M,Lowell  Massachusetts  US,202 Morissette Gateway,Dartmouth,Massachusetts,Bristol County,,41.52623645842699,-70.94731966171574,42158.56,0.0,,
fbd232fc-c183-4e0f-83c1-e2a029749d8e,1972-12-11,,999-34-1014,S99949234,X81409051X,Mrs.,Debbie941,Crooks415,,Feil794,M,white,nonhispanic,F,Chicopee  Massachusetts  US,226 Bogan Fort,Milford,Massachusetts,Worcester County,1757,42.157889285915374,-71.4995670554618,1099826.42,5239.52,,
aa2e62ae-3b08-4340-b593-646d1c9e35af,1949-03-26,,999-10-3134,S99915658,X17580241X,Mrs.,Reyna401,VonRueden376,,Cole117,M,white,nonhispanic,F,Boston  Massachusetts  US,824 Schuppe Gate Unit 70,Grafton,Massachusetts,Worcester County,,42.178552171616445,-71.65030080582224,1602242.93,21142.14,,
8067687d-5327-40bf-93b6-646c48df5832,1987-04-26,,999-44-4521,S99995723,X63828027X,Ms.,Leandra549,Rippin620,,,S,white,nonhispanic,F,Foxborough  Massachusetts  US,899 Runolfsson Green,Upton,Massachusetts,Worcester County,,42.17987471068305,-71.60509515401378,695955.88,9589.929999999998,,
2b99a3b6-ac57-43a8-bf5e-a274f2d832d2,1990-10-29,,999-28-6687,S99986378,X40237733X,Mr.,Greg949,Mayer370,,,M,white,nonhispanic,M,Northbridge  Massachusetts  US,469 McGlynn Haven,Westborough,Massachusetts,Worcester County,1581,42.27412603763197,-71.60244267571005,682522.64,4233.799999999999,,
8b81d361-6ae5-4237-bd6b-7215b9c7059c,1964-12-28,,999-24-9089,S99960148,X27839485X,Mrs.,Velma961,Kub800,,Kuvalis369,M,white,nonhispanic,F,Lynn  Massachusetts  US,379 Yundt Station,Taunton,Massachusetts,Bristol County,2780,41.90465387111316,-71.00189405766703,1190554.1,12293.919999999998,,
d213e220-d3ec-49f9-ab37-d8dcabeeb33f,1979-09-16,,999-53-2391,S99961013,X6426965X,Mr.,Jacob959,Daniel959,,,M,white,nonhispanic,M,Danvers  Massachusetts  US,699 Ankunding Run Apt 36,Norwood,Massachusetts,Norfolk County,2062,42.171659063074365,-71.22633189296208,124852.71,3550.5199999999995,,
30ed644c-1791-4670-99ff-3ba544406857,2003-02-22,,999-94-9788,S99932543,,,Ronald408,Brown30,,,,white,nonhispanic,M,Phillipston  Massachusetts  US,605 Reichert Tunnel Suite 13,Taunton,Massachusetts,Bristol County,,41.95549491045782,-71.12429615594787,374340.89,3258.08,,
350665e3-5806-4ff4-b531-7da320c0b11f,1952-03-29,2015-04-19,999-61-4061,S99938386,X64065089X,Mr.,Jacques50,Leannon79,,,M,black,nonhispanic,M,Lowell  Massachusetts  US,631 Emard Wynd,Fall River,Massachusetts,Bristol County,2747,41.714838838085534,-71.0893198959095,1464488.4200000002,8439.119999999999,,
b6bb6d8c-cb87-4d06-bdc8-a0247b7174a1,1939-07-20,1990-12-06,999-47-8632,S99993754,X55380930X,Mr.,Scotty190,Spencer878,,,M,white,nonhispanic,M,Boston  Massachusetts  US,995 Mitchell Fort,Framingham,Massachusetts,Middlesex County,,42.30778773102457,-71.42990703757023,1118706.94,12612.34,,
d72c1e9c-bcb0-4502-88d9-b0c56566b86f,1952-03-29,,999-34-6383,S99940981,X55415737X,Mr.,Wallace647,Daugherty69,,,S,black,nonhispanic,M,Malden  Massachusetts  US,763 Huel Dam Unit 84,Fall River,Massachusetts,Bristol County,2724,41.6527900049864,-71.1620462355885,1515258.36,7712.889999999999,,
db497357-16f1-45bd-8606-bdf1b8639e0a,1986-03-29,,999-52-6602,S99938022,X45882880X,Mr.,Benton624,Boyle917,,,M,white,nonhispanic,M,Haverhill  Massachusetts  US,561 Corwin Dale,Acton,Massachusetts,Middlesex County,,42.52533398942308,-71.48845805648034,909323.57,3884.72,,
77075af2-448e-41d2-9d30-facb23f4fd50,1935-09-11,2005-04-03,999-34-7353,S99972446,X74900816X,Mr.,Keenan632,Emard19,,,S,white,nonhispanic,M,Tyngsborough  Massachusetts  US,229 Douglas Hollow Suite 64,Franklin,Massachusetts,Norfolk County,2038,42.07316020726533,-71.42081988130472,1582668.1,6986.799999999999,,
aaf80f6e-ec6e-439a-91f0-0b84b0a57882,1987-04-15,,999-30-7178,S99991019,X7759517X,Mr.,Homero668,Reyes140,,,M,white,hispanic,M,La Paz  Baja California  MX,257 Gutmann Highlands Apt 89,Hopkinton,Massachusetts,Middlesex County,1748,42.25970000957243,-71.49236898379634,889821.39,2648.12,,
384d959c-446b-4fd2-bc36-9ec7174351f3,2004-10-14,,999-48-2842,,,,Ethelyn789,Wehner319,,,,white,nonhispanic,F,Holyoke  Massachusetts  US,1023 Harvey Grove Apt 94,Lakeville,Massachusetts,Plymouth County,,41.81178940681863,-70.94685297263445,415556.62,2714.84,,
a89dc3b1-830a-460a-9ba5-20f8a6cdf2e3,1962-03-13,,999-94-9258,S99974074,X23006188X,Ms.,Salina386,Kris249,,,S,white,nonhispanic,F,Avon  Massachusetts  US,806 Emmerich Alley,Shirley,Massachusetts,Middlesex County,1464,42.55059460786459,-71.65246806890018,1273003.46,19603.72,,
0e7eb959-eb65-4882-9dac-7e5b8beb5560,1935-09-11,2017-11-22,999-29-8692,S99987943,X39053252X,Mr.,Jeremiah751,Mueller846,,,S,white,nonhispanic,M,Leicester  Massachusetts  US,323 Wilderman Passage Suite 72,Franklin,Massachusetts,Norfolk County,2038,42.104708606507984,-71.45332973791682,1542984.68,9457.12,,
516b7da7-5598-49fb-8696-3083179352bd,1935-09-11,1946-08-31,999-87-4926,,,,Dewey930,Green467,,,,white,nonhispanic,M,Hopkinton  Massachusetts  US,677 White Mews,Franklin,Massachusetts,Norfolk County,,42.10395721081596,-71.39046144365109,279760.37,2766.4,,
c1f37b81-5142-4872-82d3-349802c187b4,1959-11-14,2019-03-07,999-37-5671,S99961205,X41136250X,Mrs.,Mardell937,Raynor401,,Cronin387,M,white,nonhispanic,F,Newton  Massachusetts  US,340 Walker Mill Suite 93,Fall River,Massachusetts,Bristol County,2724,41.63418312266864,-71.03327960760095,1263857.2,10584.259999999998,,
c2e1d5c0-c7f1-45c6-9837-4490558614f0,1958-02-15,,999-95-3873,S99959151,X89574051X,Mrs.,Terese90,O'Reilly797,,Lehner980,M,white,nonhispanic,F,Newburyport  Massachusetts  US,1022 Windler Vista,Millville,Massachusetts,Worcester County,,42.02089724591763,-71.5781065983752,1406885.96,10626.57,,
78e14d39-c5a4-43da-8e60-0acca2523319,1993-05-31,,999-93-1248,S99997965,X84715098X,Ms.,Agueda283,O'Reilly797,,,,white,nonhispanic,F,Springfield  Massachusetts  US,196 Harris Heights,Ayer,Massachusetts,Middlesex County,1434,42.52909004790911,-71.58830043447463,604932.2,4605.4,,
2197b4a6-4b19-451c-aaee-e5614a735925,1959-11-14,,999-73-8717,S99934117,X5309035X,Mrs.,Fannie183,Ziemann98,,Goldner995,M,white,nonhispanic,F,Boston  Massachusetts  US,961 Mraz Ramp,Fall River,Massachusetts,Bristol County,2790,41.71161288941845,-71.15253328412828,1366425.16,11520.6,,
e8786c0e-ab24-404b-ac9a-c41172ae71d9,1935-09-11,2010-01-27,999-21-4858,S99978930,X32459792X,Mr.,Michal596,Thiel172,,,M,white,nonhispanic,M,Lawrence  Massachusetts  US,852 Pfeffer Passage Suite 71,Franklin,Massachusetts,Norfolk County,2038,42.066614567370856,-71.41763285921459,1528466.2300000002,83157.73999999999,,
213a81c2-fce0-4c93-b167-5ac9edd94a4f,1949-10-02,,999-19-7899,S99949914,X40414896X,Ms.,Brittni468,Grimes165,,,S,white,nonhispanic,F,Charlton  Massachusetts  US,427 Williamson Boulevard,Northbridge,Massachusetts,Worcester County,,42.14648647249423,-71.64760685049937,1521628.85,24161.45,,
ed0faf88-64ba-4a58-b92f-13c48beed74f,1977-02-18,,999-74-9009,S99978405,X49250654X,Mr.,Keenan632,Hoeger474,,,M,white,nonhispanic,M,Dartmouth  Massachusetts  US,886 Hermann Arcade,Framingham,Massachusetts,Middlesex County,1701,42.275071042655256,-71.39881015954077,940425.46,3881.22,,
ff0cac9f-1df0-4e47-96b7-cdacd56fcf9a,1935-09-11,,999-89-7705,S99943867,X23589387X,Mr.,Faustino767,Hyatt152,,,M,white,nonhispanic,M,Fairhaven  Massachusetts  US,803 Bogisich Trail,Franklin,Massachusetts,Norfolk County,2038,42.07868794717924,-71.39362784302337,1785499.59,7969.389999999999,,
257ec05a-d525-4781-a582-5fc1a6766405,1992-06-12,,999-22-5531,S99920071,X55467817X,Mrs.,Leonie332,Rice937,,Erdman779,M,white,nonhispanic,F,Newton  Massachusetts  US,628 Bergnaum Rest Apt 87,Fall River,Massachusetts,Bristol County,2720,41.70972944134593,-71.13075147731504,658643.73,6610.619999999999,,
e9278893-71d9-4e7f-99e1-4deda01645cc,1956-09-15,,999-60-5999,S99934195,X37813663X,Mrs.,Izola651,Langworth352,,Rutherford999,M,white,nonhispanic,F,Amherst  Massachusetts  US,803 Rippin Junction Suite 10,New Bedford,Massachusetts,Bristol County,2745,41.65950573772396,-70.95422827250307,1458555.75,13284.53,,
9ea8f7b1-5028-48b6-bf30-74146c462990,2001-01-13,,999-24-9401,S99916891,,Mr.,Mose244,Bauch723,,,,white,nonhispanic,M,Boston  Massachusetts  US,1061 Marks Port,Acton,Massachusetts,Middlesex County,,42.43807983399603,-71.45050676039926,473688.93,8032.599999999999,,
3c5e23f0-ed4c-4199-bfd7-65fc7c43af57,1980-04-11,,999-37-9029,S99954008,X14128855X,Mrs.,Janelle257,Kerluke267,,Gorczany269,M,white,nonhispanic,F,Stoneham  Massachusetts  US,330 Hickle Ville Apt 33,New Bedford,Massachusetts,Bristol County,,41.62701240634685,-70.9665545725534,122216.42,14548.99,,
9f50c2e0-7be9-4627-904f-75adf17ace08,1975-02-22,,999-70-4622,S99953816,X52649696X,Mrs.,Florinda19,Lesch175,,Lubowitz58,M,white,nonhispanic,F,Marshfield  Massachusetts  US,1091 Gleason Promenade Apt 65,Northbridge,Massachusetts,Worcester County,,42.07897123755188,-71.70260096351275,1040474.18,9053.56,,
e4103192-d04b-4d39-b90d-c2f93e9b1f49,1939-02-22,2017-12-13,999-17-5888,S99961692,X31239131X,Mr.,Jacques50,Swift555,,,M,white,nonhispanic,M,New Bedford  Massachusetts  US,211 D'Amore Village Unit 38,Raynham,Massachusetts,Bristol County,,41.91904324712922,-71.08010363623659,1639161.32,26751.89,,
3bc2d92c-4b36-47fb-8790-c6b3f52cc575,1939-02-22,1993-07-21,999-99-5965,S99924745,X72314676X,Mr.,Leon728,Trantow673,,,M,white,nonhispanic,M,Worcester  Massachusetts  US,427 Goyette Drive Unit 9,Raynham,Massachusetts,Bristol County,,41.89095571244086,-70.99699892904553,1442446.53,3263.04,,
69b2c5b4-ec5d-4467-a32b-a99d39852bce,1939-02-22,2015-05-07,999-85-1671,S99992185,X16421745X,Mr.,Elwood28,Maggio310,,,S,white,nonhispanic,M,Ludlow  Massachusetts  US,729 Muller Row,Raynham,Massachusetts,Bristol County,,41.89593490576269,-71.00602191608857,1693466.96,60312.51999999999,,
6b68c376-4e99-4e83-85bc-878f1b4621b3,1999-07-15,,999-70-4404,S99926687,X34025717X,Ms.,Sun500,Pouros728,,,,white,nonhispanic,F,Great Barrington  Massachusetts  US,145 Lakin Throughway,Fall River,Massachusetts,Bristol County,,41.74176803982924,-71.1408154324301,530905.7,3944.05,,
fe57f2b7-831c-434d-a55a-10eab54571e4,2013-08-17,,999-43-3602,,,,Lonny638,Reinger292,,,,black,nonhispanic,M,Everett  Massachusetts  US,577 Kshlerin Parade,Swansea,Massachusetts,Bristol County,,41.71431023389816,-71.23490282372181,181193.11,1937.4,,
1505bc4d-8843-425b-aaa3-0e431d9402fd,1939-02-22,2020-03-18,999-53-5323,S99939452,X36500633X,Mr.,Delmer311,Blick895,,,M,white,nonhispanic,M,Taunton  Massachusetts  US,735 Purdy Rue Suite 62,Raynham,Massachusetts,Bristol County,,41.9014126845404,-71.0889484584814,1398422.4,10775.54,,
b8e05589-271a-4fde-92e7-3314b2e69545,1966-07-15,,999-38-4580,S99918278,X84750220X,Mrs.,Esther279,Mills423,,McCullough561,M,white,nonhispanic,F,Boston  Massachusetts  US,484 Durgan Camp,Taunton,Massachusetts,Bristol County,2780,41.98968843571856,-71.06819327211679,573766.5599999999,4689.52,,
d8fa1c49-2c81-4605-994a-cee491f48802,1992-08-22,,999-47-8614,S99929039,X8661672X,Mr.,Morgan564,Dietrich576,,,M,white,nonhispanic,M,Quincy  Massachusetts  US,622 Paucek Byway Apt 78,Somerset,Massachusetts,Bristol County,2725,41.78289169943079,-71.17175738665739,670393.0,3022.24,,
3cc06e5e-cc89-4287-ae27-5e0e00213057,1925-05-20,,999-22-4520,S99912680,X60533195X,Mr.,Mickey576,Maggio310,,,S,black,nonhispanic,M,Boston  Massachusetts  US,304 Gorczany Mall Unit 40,Dennis,Massachusetts,Barnstable County,2638,41.70711038322165,-70.21703859774641,1594330.06,24434.38,,
5a52534b-1eab-4dcf-ab54-987cd6e34ef7,1977-12-16,,999-22-7855,S99953771,X22960735X,Mr.,Ty725,Schmeler639,,,S,white,nonhispanic,M,Malden  Massachusetts  US,938 Streich Loaf,Springfield,Massachusetts,Hampden County,,42.11850756741773,-72.5989698913964,1028784.59,7909.209999999999,,
84fb9b31-807a-4e5c-a62b-b0435e0513a3,1930-04-23,2013-08-21,999-82-1922,S99971382,X55398894X,Mr.,Nigel915,Green467,,,M,white,nonhispanic,M,Fall River  Massachusetts  US,659 Weimann Station Unit 95,Fall River,Massachusetts,Bristol County,2721,41.686192732727136,-71.08006068020885,70997.28,12898.64,,
17df88bc-25da-4450-b30f-14b65f167ec7,2006-09-12,,999-31-6511,,,,Teisha100,Lockman863,,,,white,nonhispanic,F,Worcester  Massachusetts  US,475 Wolf Hollow Suite 53,Chicopee,Massachusetts,Hampden County,1020,42.1484557774119,-72.5498374009455,292825.65,4365.48,,
10eea8a3-3e8d-4172-acab-072b75512c0e,1930-04-23,1996-02-24,999-40-4309,S99981263,X5978013X,Mr.,Stanford577,Breitenberg711,,,M,white,nonhispanic,M,Northampton  Massachusetts  US,432 Kilback Extension,Fall River,Massachusetts,Bristol County,2747,41.69226332192576,-71.0841661857998,33310.35,7720.46,,
4b8eaa78-1618-46d0-9c9d-7b19e2c338a1,1972-04-13,,999-41-2437,S99977792,X61060261X,Mr.,Cruz300,O'Keefe54,,,M,white,nonhispanic,M,Worcester  Massachusetts  US,1044 Daniel Byway,Boston,Massachusetts,Suffolk County,2203,42.26991720232087,-71.12555342181666,1169812.1700000002,5978.639999999999,,
cac4619a-167b-4ec9-87fa-77d96ae2752b,1930-04-23,2003-11-14,999-77-1226,S99938868,X26207200X,Mr.,Sol312,MacGyver246,,,S,white,nonhispanic,M,Boston  Massachusetts  US,568 Kub Harbor,Fall River,Massachusetts,Bristol County,2723,41.6552086233674,-71.18202776253894,39005.17,5105.89,,
f947fae1-c3d5-4b29-bd71-2692c8d4dccd,2018-07-21,,999-64-6789,,,,Refugia211,Wintheiser220,,,,white,nonhispanic,F,Grafton  Massachusetts  US,577 Gislason Rue Apt 73,Springfield,Massachusetts,Hampden County,1104,42.086370902806,-72.5723739083597,43848.45,1151.6,,
7a51f54b-bf90-4319-a53f-76646e791e55,1930-04-23,2020-03-18,999-54-2386,S99922719,X21800324X,Mr.,David908,Schroeder447,,,M,white,nonhispanic,M,Attleboro  Massachusetts  US,355 Mayert Meadow,Fall River,Massachusetts,Bristol County,,41.68894305312862,-71.14712068423128,154586.28,126730.73999999998,,
db9a8fcf-c920-43de-97e0-404069061526,1981-01-18,,999-33-3235,S99925799,X87300551X,Mr.,Eric487,Haag279,,,M,white,nonhispanic,M,Chatham  Massachusetts  US,777 Ortiz Terrace Suite 3,Millville,Massachusetts,Worcester County,,42.08555039048272,-71.55769950850366,1044264.91,2796.44,,
c8323a43-17be-4fb2-9a72-153611055a4c,1930-04-23,2004-05-26,999-89-2737,S99966026,X53650172X,Mr.,Jewel43,Kunde533,,,M,white,nonhispanic,M,Methuen  Massachusetts  US,948 Wiza Way Suite 71,Fall River,Massachusetts,Bristol County,2724,41.65165320606472,-71.19809402328737,38762.66,9195.62,,
82134e44-cfef-434f-98d8-3525e353bf35,1998-09-06,,999-35-9616,S99927150,X51749081X,Mr.,Warren653,Conroy74,,,,white,nonhispanic,M,Upton  Massachusetts  US,790 Abshire Byway Suite 8,Somerset,Massachusetts,Bristol County,,41.8045212176259,-71.11517090141265,524122.94,3603.04,,
6c29645e-9ee9-4f39-9b99-c9967fc771cc,1985-02-05,,999-31-4553,S99931683,X42963593X,Mr.,Silas208,Will178,,,M,white,nonhispanic,M,Worcester  Massachusetts  US,537 Gerhold Mall Apt 97,Littleton,Massachusetts,Middlesex County,,42.50489395019361,-71.44603097131782,940014.14,2722.28,,
3a916591-7427-4858-871a-5a7709075e62,1930-04-23,2002-02-27,999-36-6186,S99935710,X49122823X,Mr.,Willie882,Ebert178,,,M,white,nonhispanic,M,Ludlow  Massachusetts  US,999 O'Reilly Viaduct Suite 13,Fall River,Massachusetts,Bristol County,2790,41.6300072794889,-70.99389041308095,35996.75,2300.68,,
3661568b-8b83-4042-827d-15f274e0856d,2017-12-21,,999-67-4988,,,,Lasandra232,Muller251,,,,white,nonhispanic,F,Belmont  Massachusetts  US,617 Osinski Annex,Norton,Massachusetts,Bristol County,,41.92644462643705,-71.15654898971698,51487.35,1359.08,,
074292d9-f0c8-4e9c-a912-f0a1fee1acfa,1961-07-15,,999-59-1072,S99927284,X87594960X,Mr.,Mickey576,Padberg411,,,M,black,nonhispanic,M,New Bedford  Massachusetts  US,1099 Hilpert Tunnel Unit 13,Taunton,Massachusetts,Bristol County,,41.9126098307105,-71.13749863148313,49136.55,0.0,,
78d06517-d48c-49ef-ada2-8b5290b113dc,1930-04-23,2020-03-14,999-33-2999,S99943565,X39392318X,Mr.,Calvin845,Steuber698,,,M,white,nonhispanic,M,Wilbraham  Massachusetts  US,601 Lowe Underpass,Fall River,Massachusetts,Bristol County,2747,41.6504986934566,-71.11640375957367,99573.65,71406.51999999999,,
c9cb5ebe-7ac0-4202-a045-133b43b9b6b9,1930-04-23,1997-07-24,999-80-3097,S99927538,X55296475X,Mr.,Chas63,Haley279,,,M,white,nonhispanic,M,Lowell  Massachusetts  US,448 Kassulke Trail,Fall River,Massachusetts,Bristol County,2724,41.74880712307608,-71.14020877565656,19469.44,1338.58,,
af872c86-ef7a-4c6b-8f23-4ecf3b7e1df8,1937-03-10,2011-04-14,999-39-7311,S99945430,X82876890X,Mr.,Cornell131,Goyette777,,,S,white,nonhispanic,M,Easthampton  Massachusetts  US,517 Carter Forge Unit 91,Franklin,Massachusetts,Norfolk County,2038,42.08807726852488,-71.40667486211824,1457251.1,35424.5,,
1c198833-04fc-426a-850f-bd1f5e68cf3b,1930-04-23,2009-11-11,999-66-5922,S99952635,X29179169X,Mr.,Emery884,Schulist381,,,M,white,nonhispanic,M,Newbury  Massachusetts  US,122 Purdy Drive Suite 9,Fall River,Massachusetts,Bristol County,2721,41.6084686845042,-71.08492446180443,83688.95,11580.66,,
991959ab-0188-4916-aa95-664845579bb0,1937-03-10,2020-03-11,999-64-1707,S99967904,X41746571X,Mr.,Stanley702,Douglas31,,,S,white,nonhispanic,M,Lowell  Massachusetts  US,151 Braun Parade,Franklin,Massachusetts,Norfolk County,2038,42.12857183141615,-71.38608440185907,1513145.43,194540.78,,
58addd9e-03e0-4569-acdc-8f0e95000165,1930-04-23,2010-12-06,999-30-2901,S99951645,X18983484X,Mr.,Billy698,Oberbrunner298,,,S,white,nonhispanic,M,Wareham  Massachusetts  US,191 McLaughlin Stravenue,Fall River,Massachusetts,Bristol County,,41.66032217802101,-71.09951736310218,57792.83,2386.35,,
3cdad66d-e301-4862-93ce-28209d616d86,1994-06-16,,999-83-4431,S99921837,X46996393X,Ms.,Mindy103,Hintz995,,,,white,nonhispanic,F,Cambridge  Massachusetts  US,1025 Medhurst Rapid,Fall River,Massachusetts,Bristol County,2721,41.68938985856505,-71.11402961652506,538390.4400000001,3332.2,,
31bea1c7-03b9-4e17-9481-40c549a6cac3,1937-03-10,2002-05-18,999-88-8239,S99957024,X61230641X,Mr.,Denny560,Bosco882,,,M,white,nonhispanic,M,Waltham  Massachusetts  US,771 Ferry Wall,Franklin,Massachusetts,Norfolk County,2038,42.11771795765589,-71.43406365166626,1645777.75,5463.639999999999,,
d1996c49-a4c5-4f0e-b3c1-5e96e2139f02,1973-12-07,,999-57-6186,S99936667,X37831888X,Mrs.,Randee35,Botsford977,,Jacobi462,M,white,nonhispanic,F,Brockton  Massachusetts  US,938 Wyman Vista Unit 58,Hopkinton,Massachusetts,Middlesex County,1748,42.24570142378605,-71.5806971234501,998140.33,11562.77,,
0474a216-baff-4d08-861d-5d153173fa3d,1930-04-23,,999-21-3705,S99964304,X65817206X,Mr.,Brendon298,Cruickshank494,,,M,white,nonhispanic,M,Boston  Massachusetts  US,1018 Schulist Route Suite 90,Fall River,Massachusetts,Bristol County,2747,41.622900364957886,-71.10803925597659,90395.03,17320.45,,
f027fbab-a153-4aad-b162-a0bbdee43f87,1937-03-10,2011-03-19,999-48-4944,S99979271,X41715677X,Mr.,Prince887,Paucek755,,,M,white,nonhispanic,M,Boston  Massachusetts  US,687 Kulas Pathway,Franklin,Massachusetts,Norfolk County,,42.070701508632105,-71.43988855677682,1672615.75,7596.0,,
28e3be11-666b-4631-b8b5-f1449f9dc377,1977-07-25,,999-74-1098,S99971392,X60788441X,Mrs.,Kris249,Aufderhar910,,Buckridge80,M,white,nonhispanic,F,Millbury  Massachusetts  US,829 Gulgowski Knoll Unit 0,Fall River,Massachusetts,Bristol County,2720,41.70274108329336,-71.1602854804238,907946.77,25451.61,,
41fa5f14-d33d-4be6-a8e2-51ea8a322057,1937-03-10,,999-50-1684,S99954981,X27236786X,Mr.,Grant908,Conroy74,,,M,white,nonhispanic,M,Belmont  Massachusetts  US,260 Osinski Well,Franklin,Massachusetts,Norfolk County,,42.0939405042914,-71.44242703108485,1725486.61,21339.15,,
476a6e61-3cd7-4fd0-9f4c-a70f02ee5aef,1987-12-30,,999-12-3049,S99937560,X55130613X,Mrs.,Anita473,Espinoza81,,Nájera755,M,white,hispanic,F,Bayamon  Puerto Rico  PR,834 Stark Divide,Taunton,Massachusetts,Bristol County,,41.9327029676336,-71.08329366782947,651132.48,8762.019999999999,,
5a6cc9f5-9d34-44c8-ac93-9121ca82f209,1951-03-22,1967-05-25,999-41-1766,S99948730,,,Natalya468,Torp761,,,,white,nonhispanic,F,Northampton  Massachusetts  US,216 Douglas Bridge,Raynham,Massachusetts,Bristol County,,41.96603533617554,-71.02936901632589,432953.91,1854.0,,
b0cb0465-a38b-447d-8d45-a9ddbec93542,1964-07-27,,999-27-1403,S99993149,X45794798X,Mr.,Trevor374,Kemmer137,,,M,white,nonhispanic,M,Peabody  Massachusetts  US,198 Abernathy Road Suite 18,Milford,Massachusetts,Worcester County,,42.18780036314986,-71.55401951172155,1147600.56,4093.72,,
834d27c6-922d-4255-933d-421848a480fd,1974-05-17,,999-61-5587,S99918553,X21434326X,Ms.,Pilar644,Pouros728,,,S,white,hispanic,F,Carlisle  Massachusetts  US,113 Purdy Wall Apt 35,Springfield,Massachusetts,Hampden County,1104,42.17062046379474,-72.5598971090252,144969.89,8180.699999999999,,
6fb97c70-8db7-494c-baed-bf5157c12533,1951-03-22,,999-90-6353,S99934098,X22945299X,Mrs.,Lakenya863,Thiel172,,Konopelski743,M,white,nonhispanic,F,Boston  Massachusetts  US,601 Bergnaum Lodge Suite 93,Raynham,Massachusetts,Bristol County,,41.89690170566266,-71.0176598240094,1506791.84,9761.6,,
215c9fee-f11e-4731-8133-794ec03d5ac7,1920-05-29,,999-23-3991,S99986407,X22473639X,Mr.,Ira784,Tremblay80,,,M,black,nonhispanic,M,Boston  Massachusetts  US,875 Waelchi Highlands,Boston,Massachusetts,Suffolk County,2126,42.3198138916658,-71.1660515154717,380198.01,43344.05,,
c381fd89-c861-4dc8-9ca3-24f30cb6f8a2,1996-06-28,,999-91-9040,S99950656,X84034866X,Ms.,Georgette866,Stark857,,,,white,nonhispanic,F,St Petersburg  St Petersburg  RU,397 Padberg Grove,Springfield,Massachusetts,Hampden County,1105,42.15845247774283,-72.57452151404047,74633.22,5726.42,,
9f53e3c8-deb5-48ce-9dce-26de0da2d5a3,1988-03-27,,999-81-1096,S99956647,X1930537X,Mr.,Raymond398,Schroeder447,,,S,white,nonhispanic,M,Boston  Massachusetts  US,1001 Friesen Drive Unit 46,Framingham,Massachusetts,Middlesex County,,42.27463914205453,-71.46419550754325,99245.63,4086.66,,
7e96b7fb-de68-44d3-974f-2ae4d846fcb2,2004-06-20,,999-80-6337,,,,Preston275,Bahringer146,,,,white,nonhispanic,M,Easton  Massachusetts  US,301 Fay Promenade,Framingham,Massachusetts,Middlesex County,1702,42.30803936764135,-71.39721068006222,4850.42,0.0,,
27123495-71f1-4c01-aeb2-9176fc6b352c,1964-09-18,,999-50-1863,S99983963,X25805218X,Mrs.,Tonita173,Gerhold939,,Pfannerstill264,M,white,nonhispanic,F,Boston  Massachusetts  US,272 Corkery Plaza,Milford,Massachusetts,Worcester County,,42.1591637758283,-71.48734897035617,1230392.05,12734.78,,
e76e8e51-65e0-479d-b89c-cc3c085b389e,1982-12-01,,999-59-7559,S99966177,X26544766X,Mrs.,Shelby741,Kunde533,,Mohr916,M,white,nonhispanic,F,Toulouse  Occitanie  FR,504 Murphy Fork Unit 88,Fall River,Massachusetts,Bristol County,2721,41.6751719157008,-71.1535947225027,119745.54,9883.46,,
3a51907b-d572-4ebb-bf73-b158b9c67b01,1971-12-09,1986-01-29,999-19-2342,,,,Theron432,Klocko335,,,,white,hispanic,M,Shrewsbury  Massachusetts  US,900 O'Keefe Glen Suite 13,Fall River,Massachusetts,Bristol County,2790,41.61726816144625,-71.0360138701363,34120.310000000005,444.9599999999999,,
ae736d6c-0b94-457d-82d9-b280b3ff421e,1953-11-23,,999-38-2427,S99996789,X82154688X,Mr.,Steve819,Beahan375,,,M,white,nonhispanic,M,Dartmouth  Massachusetts  US,976 Gislason Glen Unit 8,Milford,Massachusetts,Worcester County,,42.11005890705185,-71.47671762504243,1665038.54,8605.92,,
f8123642-7ae8-4921-a30a-514478c661a3,1959-09-29,,999-38-7861,S99966063,X3275916X,Ms.,Annika454,Gutmann970,,,S,black,hispanic,F,Westport  Massachusetts  US,146 Weissnat View,Springfield,Massachusetts,Hampden County,1104,42.09206201676669,-72.60539094950055,1372822.6,8520.839999999998,,
3a7f100d-068d-4660-8a03-2b6f31a1bc5b,1987-09-27,,999-55-9728,S99989969,X41568337X,Mr.,Jeffrey461,Carter549,,,M,white,nonhispanic,M,Boston  Massachusetts  US,587 Miller Quay,Longmeadow,Massachusetts,Hampden County,,42.05985761564199,-72.60863225390173,709381.18,3299.64,,
2917d4a8-2548-4e6e-ade9-4c68c90639e6,2003-10-01,,999-91-2857,S99931226,,,Wes853,Kessler503,,,,white,nonhispanic,M,Boston  Massachusetts  US,799 Nienow Haven,Bellingham,Massachusetts,Norfolk County,2019,42.04264569751871,-71.4427157900964,450422.53,2734.0,,
ce5d8091-eca2-4ff7-90b1-b72f2c1c8886,1964-06-14,,999-30-4538,S99947161,X3728934X,Mr.,Mickey576,Denesik803,,,M,white,nonhispanic,M,Malden  Massachusetts  US,358 Mann Junction Suite 98,Holliston,Massachusetts,Middlesex County,,42.24218736802292,-71.47820971382508,1215158.51,4903.49,,
6b37ce65-fd76-410e-a56a-bc899c85e574,1981-09-15,,999-60-6266,S99969757,X40429765X,Mrs.,Katelyn962,Watsica258,,Dibbert990,M,white,nonhispanic,F,Patras  Achaea  GR,1091 Ruecker Frontage road Suite 21,Hopedale,Massachusetts,Worcester County,,42.17280363322824,-71.50164019262029,831672.61,10625.75,,
738939f1-6d86-4bc0-a203-826eb63e4e75,1997-04-03,,999-78-4037,S99981515,X78760568X,Mr.,Timoteo39,Castañeda925,,,,white,hispanic,M,Carolina  Puerto Rico  PR,270 Corkery Loaf,Concord,Massachusetts,Middlesex County,,42.445270082874586,-71.38957375937514,559130.77,3476.4,,
c91012f5-485c-4ee9-8def-6dcc5c63c8a4,1914-10-04,1999-12-07,999-52-4867,S99995431,X22035929X,Mr.,Williams176,Hintz995,,,M,white,nonhispanic,M,Methuen  Massachusetts  US,1027 Bogisich Rapid Unit 22,Worcester,Massachusetts,Worcester County,1583,42.24450468723561,-71.74502639683585,1650244.37,46281.71,,
0ee414c2-021b-4500-98d9-856d72c92fec,1980-05-27,,999-23-9936,S99965887,X19878063X,Mr.,Ethan766,Goyette777,,,M,white,nonhispanic,M,Lowell  Massachusetts  US,232 Conroy Dale Apt 66,Framingham,Massachusetts,Middlesex County,,42.3153111517164,-71.48549442577419,1010910.92,3283.04,,
70a2919c-802e-4273-8c1e-64f802ba7a7a,2008-08-13,,999-93-5743,,,,Frances376,Schumm995,,,,white,nonhispanic,M,Chelsea  Massachusetts  US,826 Hammes Mission Apt 1,Natick,Massachusetts,Middlesex County,,42.25846720806605,-71.3444415391516,304634.49,4104.72,,
a7e05be2-913a-4205-8db0-697568cd4d05,1964-03-17,,999-14-1313,S99966745,X79569961X,Mr.,Jackie93,Gaylord332,,,S,white,nonhispanic,M,Natick  Massachusetts  US,394 Konopelski Heights,Needham,Massachusetts,Norfolk County,2492,42.31410854623197,-71.25656899788075,1301326.23,6600.199999999999,,
64f6b871-f3c6-44c6-b6cb-a1660258c559,1949-07-29,,999-45-8675,S99957043,X45960625X,Ms.,Suzanna632,Moen819,,,S,white,nonhispanic,F,Rockland  Massachusetts  US,968 Oberbrunner Run Suite 49,Taunton,Massachusetts,Bristol County,2718,41.92099377538254,-71.09102864172802,1412665.82,16257.449999999995,,
2d8ec90a-447c-4397-83ca-4a57a54a04ff,1952-01-02,,999-63-3694,S99923501,X63223735X,Mrs.,Jimmy858,Crooks415,,McKenzie376,M,white,nonhispanic,F,Barnstable  Massachusetts  US,282 Roberts Brook Suite 29,Dartmouth,Massachusetts,Bristol County,,41.53250316192172,-70.97250736923324,1507879.74,11194.64,,
617b2f94-ac2f-4352-b0bf-267c0726511a,1914-10-04,1986-02-11,999-47-7435,S99986175,X65592669X,Mr.,Lawerence6,Wisozk929,,,M,white,nonhispanic,M,Wilmington  Massachusetts  US,807 Reinger Estate,Worcester,Massachusetts,Worcester County,1605,42.39114210052776,-71.81630619945298,1746741.9,263320.3700000001,,
70f8e0be-bf40-463b-aba8-9775037335ad,1955-01-20,,999-83-3091,S99915062,X29821577X,Mrs.,Sam879,Satterfield305,,Wyman904,M,asian,nonhispanic,F,Medford  Massachusetts  US,958 O'Conner Gardens,Swansea,Massachusetts,Bristol County,,41.792443670354096,-71.16443746171912,1406552.03,8158.279999999999,,
abfe7f17-59b7-4573-84a3-2ab244d4a1f5,2003-03-29,,999-14-7326,S99962943,,,Garland107,Corkery305,,,,white,nonhispanic,M,Belchertown  Massachusetts  US,587 Ratke Esplanade,Taunton,Massachusetts,Bristol County,2767,41.979305468331056,-71.09551831307748,52482.31,3103.96,,
8759bfd3-afc2-48c9-a397-038577c1ea28,1988-12-17,,999-16-1418,S99946009,X33104547X,Mr.,Teodoro374,Purdy2,,,M,white,nonhispanic,M,Medford  Massachusetts  US,380 Haley Gardens Suite 79,New Bedford,Massachusetts,Bristol County,2743,41.62246883968136,-70.91613247900777,847950.9,3533.08,,
0ac7d7f8-e47c-450a-a4a0-5b878855ada4,1978-10-25,,999-14-9511,S99946667,X12900010X,Mrs.,Despina962,Beier427,,Wolf938,M,white,nonhispanic,F,Templeton  Massachusetts  US,769 Douglas Crossroad Apt 77,Fairhaven,Massachusetts,Bristol County,,41.64227343595259,-70.92004070196852,896280.72,3584.6,,
b7837797-7f85-4b24-8e68-703e73b69cc2,1992-08-27,,999-93-5316,S99961126,X46724546X,Ms.,Madie300,Murray856,,,S,white,nonhispanic,F,Andover  Massachusetts  US,1009 DuBuque Ville Unit 54,Springfield,Massachusetts,Hampden County,1106,42.16185322299459,-72.451744516586,14591.53,829.9199999999997,,
0a101d6d-b573-47f2-8185-793bdb362a50,1982-02-11,,999-32-8273,S99975342,X12001977X,Mr.,Julio César525,Vergara204,,,M,black,nonhispanic,M,Bogota  Bogota  CO,516 Gorczany Haven,Uxbridge,Massachusetts,Worcester County,,42.102981552121314,-71.65321163107733,981343.0,5612.04,,
3ad35b8a-1738-4e43-886e-71d7bcf42d34,1995-02-28,,999-52-9043,S99965776,X16084932X,Ms.,Noella563,Hermiston71,,,,white,nonhispanic,F,Chelmsford  Massachusetts  US,483 Wilkinson Arcade Apt 81,Clinton,Massachusetts,Worcester County,1510,42.42085545010041,-71.64284000243794,643030.73,3374.73,,
d8946ebd-49c1-444a-8817-e7a957beeefc,2001-06-29,,999-83-8841,S99914418,,Mr.,Huey641,Kris249,,,,white,nonhispanic,M,Saugus  Massachusetts  US,184 Auer Trafficway Unit 84,Longmeadow,Massachusetts,Hampden County,,42.08578885451392,-72.62040010250558,4853.929999999999,0.0,,
981a0e22-4103-41f2-8cbd-bdd1166eff67,1981-09-05,,999-81-1188,S99947974,X67911063X,Mrs.,Latoyia537,Gaylord332,,Jakubowski832,M,white,nonhispanic,F,Stoneham  Massachusetts  US,200 Heaney Street,Springfield,Massachusetts,Hampden County,1020,42.12637917002756,-72.5082604685297,799452.08,8068.029999999999,,
596d46c2-7217-4a04-890c-24214a0542c5,1963-05-07,,999-31-5033,S99927309,X40449980X,Mr.,Cyril535,Considine820,,,M,white,nonhispanic,M,Boston  Massachusetts  US,930 Batz Meadow Suite 16,New Bedford,Massachusetts,Bristol County,2740,41.552324554886056,-71.01693591602226,1377278.81,4820.4,,
956c5aa9-ba01-407f-bfae-368d496f221e,2000-08-30,,999-91-3669,S99964410,,Ms.,Melvin857,Kreiger457,,,,asian,nonhispanic,F,Danvers  Massachusetts  US,562 Rutherford Avenue,Hopedale,Massachusetts,Worcester County,,42.16241783761099,-71.52895975926343,500622.04,3675.56,,
3ed20d16-4f50-47ec-a587-dc715d3437ea,1979-12-17,,999-19-4886,S99929437,X25364082X,Mrs.,Iraida50,Ernser583,,Sporer811,M,white,nonhispanic,F,Hanson  Massachusetts  US,903 Spencer Gate Suite 97,Springfield,Massachusetts,Hampden County,,42.01897715443104,-72.57838356272012,142458.61000000002,40613.94,,
36eea65b-480a-40ca-8da8-4bc4d42ab6a2,1961-06-22,,999-43-9671,S99975426,X38511807X,Mr.,Eugene421,Hintz995,,,M,white,nonhispanic,M,Newton  Massachusetts  US,1076 Walker Alley,Grafton,Massachusetts,Worcester County,,42.17549163072215,-71.6467361123678,185000.0,17288.23,,
91ddffde-7d24-434c-8b90-52d196b16a83,1975-12-25,,999-99-9338,S99981337,X60993466X,Mr.,Clark193,Hilll811,,,M,white,nonhispanic,M,Weymouth  Massachusetts  US,202 Tromp Street Suite 0,Framingham,Massachusetts,Middlesex County,1701,42.35307572611395,-71.41813168658682,1122905.76,4509.599999999999,,
25dcc364-194e-4fa9-8599-3e2c63c614eb,1969-04-27,,999-80-4797,S99934604,X4364956X,Mr.,Brain142,Crona259,,,S,white,nonhispanic,M,Attleboro  Massachusetts  US,641 Goldner Course Suite 85,Hampden,Massachusetts,Hampden County,,42.04409730215208,-72.4188740692124,1346558.52,7407.629999999999,,
a7979e25-49b2-4865-86ff-8b5465ef16b5,1986-11-21,,999-82-4546,S99984595,X10384867X,Mrs.,Mariam937,Auer97,,Hermann103,M,white,nonhispanic,F,Milton  Massachusetts  US,1032 McClure Extension Unit 88,Framingham,Massachusetts,Middlesex County,1701,42.302908830789285,-71.40253108473641,711616.92,10160.619999999995,,
d58f1923-fe0a-404d-81bc-f19b586549c2,2018-07-15,,999-95-5628,,,,Tommy814,Crooks415,,,,white,nonhispanic,F,Springfield  Massachusetts  US,860 Friesen Hollow,Westport,Massachusetts,Bristol County,,41.560160382173,-71.11930393392176,46134.06,1161.6,,
9d608b62-c417-42d2-b32a-3e7a407ac146,2002-04-11,,999-50-9855,S99944056,,Ms.,Enriqueta274,Ferry570,,,,black,nonhispanic,F,Norwood  Massachusetts  US,255 Christiansen Way,Uxbridge,Massachusetts,Worcester County,,42.10105454802472,-71.59718937732711,361440.63,6696.759999999998,,
804fa13b-2373-4e4f-8769-c513f3b2e251,1967-06-15,,999-53-7790,S99954870,X60465678X,Mrs.,Takisha161,Boehm581,,Runolfsson901,M,white,nonhispanic,F,Milford  Massachusetts  US,747 Batz Harbor,Natick,Massachusetts,Middlesex County,,42.32415529810476,-71.36749247910899,1212955.5,10013.44,,
5a674545-c251-48e9-99d1-a2ca2ec30929,2005-08-14,,999-69-8791,,,,Mac103,Frami345,,,,white,hispanic,M,Holyoke  Massachusetts  US,678 Ward Meadow Suite 93,Southborough,Massachusetts,Worcester County,,42.25389769079903,-71.53612384403606,44945.97,3067.32,,
bd2f79a5-e752-47dd-b77d-e8e2de94838f,1943-06-24,2005-01-16,999-36-1249,S99915490,X62248350X,Mr.,Jerold208,Harber290,,,S,white,hispanic,M,Boston  Massachusetts  US,810 Pfannerstill Underpass,Springfield,Massachusetts,Hampden County,,42.1348578785483,-72.52422684854183,1432884.28,7106.69,,
8ea2dff1-d800-45be-99a8-05bbb7848d21,1993-07-09,,999-72-7233,S99987024,X16047427X,Ms.,Florance664,Bailey598,,,,white,nonhispanic,F,Newton  Massachusetts  US,547 Mueller Route Apt 6,Framingham,Massachusetts,Middlesex County,,42.31179704134816,-71.45379570861192,565494.55,5834.439999999999,,
4edbeaf9-2af2-415d-a3d7-e5deb030bbc8,1914-10-03,2020-03-21,999-81-9505,S99913602,X62207436X,Mrs.,Valentina258,Buckridge80,,Jerde200,M,white,nonhispanic,F,Medford  Massachusetts  US,569 Grimes Lane Suite 4,Norwood,Massachusetts,Norfolk County,2090,42.20077358206677,-71.24542770243681,1541704.39,38128.58,,
e01046e3-f9af-446b-aee5-9cee6efa1028,1954-09-29,2013-09-15,999-67-3943,S99957543,X43101001X,Mrs.,Luci727,MacGyver246,,Howe413,M,native,nonhispanic,F,Montgomery  Massachusetts  US,823 Kuphal Annex,Norton,Massachusetts,Bristol County,,41.9674261022822,-71.1365366501043,121973.1,13786.29,,
4b825089-159b-42fd-8857-918ca81392ae,2001-07-14,,999-70-8636,S99930467,,Mr.,Irvin970,Roberts511,,,,white,nonhispanic,M,Medfield  Massachusetts  US,1052 Stokes Lane,Dartmouth,Massachusetts,Bristol County,,41.59783994632084,-70.91438482065499,455938.68,3219.76,,
aa40e1b1-77ce-4df8-a7e4-ba5f426d48b2,1954-09-29,2015-04-23,999-62-8636,S99983524,X5641979X,Mrs.,Anika194,Larson43,,Kohler843,M,native,nonhispanic,F,Webster  Massachusetts  US,521 Blick View,Norton,Massachusetts,Bristol County,,41.98315770897538,-71.13403840052821,116271.47,12122.2,,
0b72817e-fe1b-4edc-b68c-5a9ec23c5022,1954-09-29,,999-66-8750,S99951308,X68046613X,Mrs.,Sharita792,Farrell962,,Bruen238,M,native,nonhispanic,F,Boston  Massachusetts  US,867 Becker Approach Unit 94,Norton,Massachusetts,Bristol County,,41.91656770983423,-71.15308402050083,125348.28,6669.99,,
6c51f83d-9ee2-4df3-b3c2-3af392200d2b,1995-07-10,,999-24-1920,S99991021,X29079157X,Mr.,Minh326,Morar593,,,,white,nonhispanic,M,Plymouth  Massachusetts  US,293 Heaney Arcade Suite 48,Westborough,Massachusetts,Worcester County,,42.22145486821921,-71.61630977982598,666435.01,3217.28,,
662f3df3-8b96-4acb-8bb7-72d8a794eaf8,1969-08-17,,999-71-4180,S99984864,X1064062X,Mrs.,Lena684,Franecki195,,Nienow652,M,white,nonhispanic,F,Boston  Massachusetts  US,593 Harvey Harbor,Somerset,Massachusetts,Bristol County,,41.676742253849234,-71.19196963974242,1102202.05,9860.46,,
5dac4d4c-fc96-4652-a67f-500ff2e409ef,1951-07-16,,999-83-6452,S99984081,X21731279X,Mrs.,Zada604,Pfannerstill264,,Little434,M,white,nonhispanic,F,Buckland  Massachusetts  US,680 Kessler Annex Apt 70,Dartmouth,Massachusetts,Bristol County,,41.614421323549166,-70.99563171443951,1321271.7,12056.28,,
ff09437b-e49c-4347-8004-21a5fa70ad14,1948-02-25,,999-13-2144,S99949866,X52857615X,Mr.,Wm806,Breitenberg711,,,M,white,nonhispanic,M,Andover  Massachusetts  US,479 Schaefer Union,Waltham,Massachusetts,Middlesex County,2453,42.37271467281363,-71.22166476433742,1446213.08,49161.62,,
d7f3290f-cffe-4296-ab77-c16dfe439e08,2020-01-17,,999-83-1484,,,,Alvin56,Jerde200,,,,white,nonhispanic,M,Rockport  Massachusetts  US,202 Murphy Bay Unit 86,Taunton,Massachusetts,Bristol County,2767,41.96151987312523,-71.02817256129667,9570.0,446.64,,
d32c23ed-8823-40f7-818b-b333584af32a,2000-03-27,,999-91-5633,S99915691,X41793221X,Mr.,Mauricio81,Aufderhar910,,,,white,nonhispanic,M,Weymouth  Massachusetts  US,835 Hilpert Rest,Harvard,Massachusetts,Worcester County,,42.48502216979067,-71.566215012935,428047.4,2200.68,,
f110d705-af37-4022-9ae1-60e1238ac16a,2003-07-01,,999-74-6108,S99973492,,,Julissa825,MacGyver246,,,,white,nonhispanic,F,Lynn  Massachusetts  US,848 Fadel Union,Springfield,Massachusetts,Hampden County,1106,42.07363624360838,-72.59910756961867,402832.37,3033.0,,
e1fcf6e1-4de8-432d-8948-6dcd8f4fe55e,1977-06-23,,999-97-8824,S99972698,X85002125X,Mrs.,Francoise850,McGlynn426,,Brown30,M,white,nonhispanic,F,Holyoke  Massachusetts  US,1032 Brown Manor,Springfield,Massachusetts,Hampden County,1107,42.10543579022096,-72.61569881288402,90986.06,5451.019999999999,,
1118455b-9046-4443-84c1-08363ebe4810,1989-11-20,,999-65-2978,S99948647,X11319667X,Mrs.,Dahlia209,Aufderhar910,,Williamson769,M,white,nonhispanic,F,Leominster  Massachusetts  US,561 Jones Landing Unit 85,Mendon,Massachusetts,Worcester County,,42.05388665322663,-71.51999047006883,761201.84,6439.619999999999,,
f9054793-8145-464b-9186-16844ac3a522,2000-03-05,,999-36-8314,S99976886,X76051090X,Ms.,Josephine273,Stroman228,,,,white,nonhispanic,F,Shrewsbury  Massachusetts  US,670 Strosin Overpass,Fall River,Massachusetts,Bristol County,2790,41.642728958414025,-71.09178166371592,537848.84,2846.48,,
35d94fe4-5a29-48ab-a138-eb685b8fc814,1954-11-14,,999-46-7842,S99913616,X18532220X,Mr.,Bradley693,Wisozk929,,,M,white,nonhispanic,M,Amherst  Massachusetts  US,498 Hettinger Forge,Littleton,Massachusetts,Middlesex County,,42.5761855067945,-71.45801935823233,1751051.07,6362.0,,
da319b46-7ea4-4152-87d4-ae9e37b8f532,1922-01-25,2011-11-23,999-91-4476,S99992025,X61923913X,Mr.,Mohammed454,Fay398,,,M,white,nonhispanic,M,New Bedford  Massachusetts  US,104 Glover Forge Apt 85,Grafton,Massachusetts,Worcester County,,42.19817319709789,-71.66997449002336,1801692.96,20775.16,,
c52fee53-fc2c-4e9c-8035-6c3ddf740d56,1966-05-10,,999-49-1397,S99996433,X14854319X,Mrs.,Rana586,Turcotte120,,Jacobi462,M,white,nonhispanic,F,Shrewsbury  Massachusetts  US,408 McGlynn Village,Agawam,Massachusetts,Hampden County,1001,42.096170420943245,-72.63051083961861,1339830.22,5953.639999999999,,
0d98b166-4627-4804-ac56-5c6f93be6218,1971-04-04,,999-77-5997,S99962716,X16291836X,Mr.,Sylvester827,Wunsch504,,,S,white,nonhispanic,M,Framingham  Massachusetts  US,748 Glover Viaduct,Westport,Massachusetts,Bristol County,,41.530156663375294,-71.05800120840422,1340771.73,4997.12,,
4508f617-13b9-4023-9d44-6077bd622375,1978-02-07,1995-12-05,999-61-7541,S99910086,,,Giuseppe872,Ferry570,,,,white,nonhispanic,M,Millis  Massachusetts  US,323 Cole Brook Apt 90,Northbridge,Massachusetts,Worcester County,,42.17019477927413,-71.64513839614736,368444.28,1671.4399999999998,,
9cd0a33b-b2f0-4e06-802a-41e73c5808c9,1977-01-12,,999-33-9560,S99974570,X77269113X,Mr.,Jesus702,Paucek755,,,M,white,nonhispanic,M,Pepperell  Massachusetts  US,983 Gibson Glen Apt 85,Hopkinton,Massachusetts,Middlesex County,1748,42.21023777773111,-71.49907488198774,1097498.4,3896.32,,
32f0da41-0f8b-4f42-af45-2699a8f9abfe,1922-01-25,1991-08-03,999-13-4547,S99999813,X75017795X,Mr.,Riley817,Brakus656,,,M,white,nonhispanic,M,Belmont  Massachusetts  US,741 Cormier Estate,Grafton,Massachusetts,Worcester County,,42.18360090590715,-71.65783860893691,1864973.56,151997.2800000002,,
a7847139-66df-48a2-8501-483f5b9c5c02,1996-08-11,,999-98-7674,S99945525,X38126904X,Ms.,Iona921,Emard19,,,,white,nonhispanic,F,Plymouth  Massachusetts  US,878 Kessler Parade,Chicopee,Massachusetts,Hampden County,1013,42.15772609667588,-72.57138130166614,31527.87,393.28,,
f5a9b2d8-8766-44d3-91b4-f66627622b90,1996-07-13,,999-34-1645,S99993591,X55783306X,Ms.,Daniela614,Adorno791,,,,white,hispanic,F,Ponce  Puerto Rico  PR,411 Collier Frontage road Unit 84,Acton,Massachusetts,Middlesex County,,42.5242656882921,-71.48538209352456,577411.69,3794.68,,
99a99fb5-66e1-4b75-abdb-53197204bcfe,1922-01-25,2004-07-04,999-80-7686,S99997889,X61587611X,Mr.,Dane516,Wunsch504,,,M,white,nonhispanic,M,Leominster  Massachusetts  US,457 Schiller Vista Apt 88,Grafton,Massachusetts,Worcester County,,42.21910837560387,-71.68478571182841,1696695.86,8249.98,,
82a2bd3a-b2e0-45f4-88ad-0f47b83dc506,1922-01-25,1989-07-02,999-92-4553,S99984530,X31247467X,Mr.,Samuel331,Schulist381,,,S,white,nonhispanic,M,Easthampton  Massachusetts  US,419 Gutmann Promenade,Grafton,Massachusetts,Worcester County,,42.20127107856127,-71.66952684800354,1573310.64,5245.58,,
3c978727-ee30-4ca4-b0af-9a40eeacc514,1998-01-08,,999-20-9282,S99965276,X13375134X,Ms.,Valentina258,Gaylord332,,,,white,nonhispanic,F,Barnstable  Massachusetts  US,1092 Funk Way,Bridgewater,Massachusetts,Plymouth County,2324,41.949920412192135,-70.9870041173809,432303.16,8622.829999999998,,
eca7e625-58c0-42f7-91fa-3ed075aefa67,1994-06-18,,999-55-6560,S99956188,X83397325X,Ms.,Jean712,Swaniawski813,,,,white,nonhispanic,F,Somerville  Massachusetts  US,642 Larson Forge,New Bedford,Massachusetts,Bristol County,2748,41.6994679847389,-70.98337673189098,665464.1,3120.6,,
e1f9eae8-0503-4bd5-9ab6-405aa005b8ab,1922-01-25,2017-01-01,999-88-1790,S99928416,X55260954X,Mr.,Edgar153,Reilly981,,,M,white,nonhispanic,M,Cambridge  Massachusetts  US,470 McCullough Gate,Grafton,Massachusetts,Worcester County,,42.23272943482465,-71.68371647147544,1427945.73,13110.28,,
6d4e85d1-8e34-44c8-80ed-a508fc583328,1962-09-29,1996-06-20,999-41-9018,S99924704,X29058216X,Mr.,Eric487,Fahey393,,,S,white,nonhispanic,M,Lakeville  Massachusetts  US,469 Franecki Rest,Upton,Massachusetts,Worcester County,,42.212603598055615,-71.59798443705505,779112.7100000001,3431.28,,
b69ed8d8-b67a-4091-8eb0-35cccb90752e,1962-09-29,,999-63-3021,S99915542,X32342383X,Mr.,Gavin481,Hand679,,,M,white,nonhispanic,M,Boston  Massachusetts  US,241 O'Keefe Green,Upton,Massachusetts,Worcester County,,42.18824782910452,-71.60650131112916,1402192.29,6363.599999999999,,
da1a7a6c-bfc5-4bca-b431-44c2a94046dd,2000-08-03,,999-51-3623,S99935952,,Mr.,Buck819,Olson653,,,,white,nonhispanic,M,Worcester  Massachusetts  US,448 Beier Road Apt 17,Franklin,Massachusetts,Norfolk County,2038,42.12347253183079,-71.45912584462306,430359.65,3195.54,,
78ab4bd7-7869-498b-a254-add4d999fa02,1922-01-25,2013-12-11,999-16-6100,S99952956,X8834879X,Mr.,Leandro563,Schaden604,,,M,white,nonhispanic,M,Needham  Massachusetts  US,781 Schamberger Crossroad Unit 3,Grafton,Massachusetts,Worcester County,,42.23799920176187,-71.64035960176979,1502508.32,39158.91,,
a86b09bd-2593-46f4-96f2-a7168abbeb29,1941-09-30,2017-10-13,999-16-1744,S99926807,X26941726X,Ms.,Willena258,Tillman293,,,S,white,nonhispanic,F,Bolton  Massachusetts  US,384 Cronin Gateway,Dartmouth,Massachusetts,Bristol County,,41.56998646661763,-70.95580540936541,1315889.71,29139.1,,
44e44ff0-9195-449c-9e92-2ecd901b5ea4,1922-01-25,1991-04-15,999-87-3067,S99916640,X17918904X,Mr.,Raymon366,Tillman293,,,S,white,nonhispanic,M,Everett  Massachusetts  US,883 Legros Flat,Grafton,Massachusetts,Worcester County,,42.22531728699189,-71.69853821788308,1736283.16,4539.599999999999,,
165e10b4-6427-4057-b1b7-3622060992b5,1964-07-15,,999-90-7804,S99926435,X1183214X,Mrs.,Lucie638,Altenwerth646,,Witting912,M,white,nonhispanic,F,Rome  Lazio  IT,711 Rutherford Key Unit 10,Fall River,Massachusetts,Bristol County,2724,41.65621275915597,-70.98896174977142,180389.15,21148.09,,
d8d63336-5a9c-49fe-a32e-68d19b7e2267,2005-01-13,,999-27-7868,,,,Trey250,Rosenbaum794,,,,white,nonhispanic,M,Hull  Massachusetts  US,415 Kuvalis Trail,Dighton,Massachusetts,Bristol County,,41.79730751768704,-71.10361357319185,352888.81,3212.28,,
ea144f67-23c5-420c-828d-7cbc9a5178cb,1922-01-25,1982-03-16,999-42-9202,S99992204,X21658466X,Mr.,Lowell343,Langworth352,,,M,white,nonhispanic,M,Worcester  Massachusetts  US,559 Gislason Loaf Apt 49,Grafton,Massachusetts,Worcester County,,42.22190912637116,-71.6722324107007,1550750.21,6389.279999999999,,
2241a75d-f8d4-43d5-ac12-8e0a11ec507d,1962-11-25,,999-72-7401,S99984125,X52815471X,Mrs.,Ludie599,Wunsch504,,Lubowitz58,M,white,nonhispanic,F,Chelsea  Massachusetts  US,544 Greenfelder Well,Framingham,Massachusetts,Middlesex County,1701,42.337908327375736,-71.42695445904842,189926.17,61355.83,,
9d023b41-a2cc-4a82-a7e3-da25658d889e,1941-09-30,,999-41-7799,S99939778,X7052265X,Mrs.,Allene83,Conroy74,,Kris249,M,white,nonhispanic,F,Worcester  Massachusetts  US,138 Jacobs Station Unit 36,Dartmouth,Massachusetts,Bristol County,,41.52973342126098,-70.97289526198206,1379483.99,12097.12,,
ec7f8c6f-65e3-4655-a6ec-a565f61b9e76,1998-10-24,,999-72-1499,S99996938,X35252555X,Ms.,Genesis248,Ziemann98,,,,white,nonhispanic,F,Everett  Massachusetts  US,978 Zemlak Ferry Unit 82,Taunton,Massachusetts,Bristol County,2767,41.98156161379934,-71.05824176229213,470792.64,4375.49,,
41b5f8fb-dd95-4ffe-9e36-a1918329b7a2,1922-01-25,1984-10-20,999-35-8765,S99911943,X67292128X,Mr.,Nathan164,Ondricka197,,,M,white,nonhispanic,M,Westfield  Massachusetts  US,873 Hegmann Walk Unit 87,Grafton,Massachusetts,Worcester County,,42.168903518714615,-71.63611082700965,1665249.28,3856.32,,
d8f5affb-4419-4527-9bc4-bf0d9ce81987,1956-12-16,,999-82-7672,S99977231,X40180505X,Mr.,Rubén780,Ocampo729,,,M,asian,hispanic,M,Santo Domingo  National District  DO,414 Simonis Frontage road Unit 69,Boston,Massachusetts,Suffolk County,2118,42.29821282004819,-71.14226076633595,10869.58,0.0,,
3a4acfa5-3df4-4f4a-9430-08fbd043be27,1966-10-12,,999-74-2030,S99974371,X89517924X,Mr.,Man114,Zemlak964,,,M,white,nonhispanic,M,Belmont  Massachusetts  US,497 Kreiger Extension Suite 34,Hopedale,Massachusetts,Worcester County,1747,42.11203857881296,-71.53465757267669,1164188.86,5113.52,,
978a9bb3-82dd-49bb-89e0-6edc1b71bb38,1933-09-14,2006-04-06,999-55-8367,S99996243,X35110828X,Mr.,Michael441,Wolf938,,,M,white,nonhispanic,M,Ludlow  Massachusetts  US,315 Maggio Mill Unit 67,Grafton,Massachusetts,Worcester County,,42.18957262122614,-71.66132652570535,1536691.12,9849.56,,
55e8daf1-4da4-49f6-aa01-7d3e8cb67a0f,1968-01-27,,999-82-1231,S99950041,X14806876X,Mrs.,Lean294,Graham902,,Lind531,M,white,nonhispanic,F,Revere  Massachusetts  US,306 Jacobson Trace Unit 40,Raynham,Massachusetts,Bristol County,,41.93055896317082,-71.0961472412211,1037077.25,8230.759999999998,,
aa504114-817d-42a5-9c66-71b216b63bc2,1933-09-14,,999-98-4008,S99963255,X77388955X,Mr.,Seymour882,Watsica258,,,M,white,nonhispanic,M,Northampton  Massachusetts  US,929 Tillman Rapid,Grafton,Massachusetts,Worcester County,,42.20469326797857,-71.63651349375786,1477588.02,7661.759999999999,,
1dc4bf76-2953-4ff8-b373-792614f831c4,2008-08-23,,999-76-2119,,,,Rey54,Hackett68,,,,white,nonhispanic,M,Salem  Massachusetts  US,856 Parker Bypass,Swansea,Massachusetts,Bristol County,,41.73495571751648,-71.1677173495827,298923.25,3067.32,,
90e59d8b-617e-4e91-800c-7572794364d8,1989-10-26,,999-98-8750,S99973121,X13064544X,Mrs.,Guillermina633,Wunsch504,,Sanford861,M,white,nonhispanic,F,Worcester  Massachusetts  US,974 Tremblay Branch,Milford,Massachusetts,Worcester County,1757,42.16918901660075,-71.52213126958227,634639.08,5501.919999999999,,
c6ffc987-05c5-45ae-b5e7-5123400dfc05,1986-07-22,,999-22-8195,S99990533,X83615491X,Mrs.,Liliana922,Larson43,,Glover433,M,white,nonhispanic,F,Tyngsborough  Massachusetts  US,138 Johnston Course,Taunton,Massachusetts,Bristol County,2718,41.89904015304665,-71.07002147015343,688310.42,11680.56,,
77a612eb-edc5-4d65-8d54-5e891b6f4057,2018-11-29,,999-97-3039,,,,Chelsey293,Lind531,,,,white,nonhispanic,F,Taunton  Massachusetts  US,949 Brown Flat Suite 31,Taunton,Massachusetts,Bristol County,2718,41.9011695292805,-70.97300047248889,3900.55,913.28,,
2b9e5909-51b6-4e8d-96bd-c6b39df965a8,1963-12-28,,999-49-2854,S99958853,X60914794X,Mrs.,Patti584,Sanford861,,Raynor401,M,white,nonhispanic,F,Cambridge  Massachusetts  US,761 Little Track,Chicopee,Massachusetts,Hampden County,1013,42.11926512311291,-72.59250477329842,1364806.71,12866.32,,
616e5019-d4bf-46d7-805a-baff99a270d6,1986-10-25,,999-84-6016,S99996178,X17013776X,Ms.,Muriel394,Waelchi213,,,S,asian,nonhispanic,F,Cantho  Cần Thơ  VN,945 Terry Tunnel Suite 47,Natick,Massachusetts,Middlesex County,,42.25316363759362,-71.38886368268206,693717.88,8631.519999999997,,
8f73b821-ffaa-4e3c-b33e-dc5a04eca167,1955-06-14,,999-69-9934,S99932409,X6907837X,Mr.,Arlen68,Mosciski958,,,M,white,nonhispanic,M,Cambridge  Massachusetts  US,139 Torp Key,Northbridge,Massachusetts,Worcester County,,42.12756085474692,-71.69661810776795,1490587.09,6008.599999999999,,
fd274292-a9de-4b0f-bec3-4861c812b0f4,1962-08-13,,999-28-3241,S99946414,X42240596X,Ms.,Sharmaine326,Harber290,,,S,asian,nonhispanic,F,Chongqing  Chongqing Municipality  CN,938 Emard Esplanade,Franklin,Massachusetts,Norfolk County,,42.11948730452881,-71.37144304459389,1365061.63,10884.47,,
e7e62a13-77e9-4a57-8d8e-2252d810f4d1,2015-01-03,,999-10-3293,,,,Lakeshia836,Ratke343,,,,white,nonhispanic,F,Gardner  Massachusetts  US,1089 Huel Mews,New Bedford,Massachusetts,Bristol County,2746,41.58399637015872,-70.99796150444256,21482.32,516.64,,
e22ee617-21fb-4526-8484-11a21e544d55,1979-12-27,2013-10-31,999-60-9688,S99924020,X77219225X,Mr.,Pedro316,Hirthe744,,,S,asian,nonhispanic,M,Foxborough  Massachusetts  US,571 Kovacek Park Suite 68,Acton,Massachusetts,Middlesex County,,42.502718327707406,-71.47874240922124,748090.9500000001,25892.16,,
6ad76a80-25ee-452d-8dd6-8cc2d00f33e4,1977-10-13,,999-18-2074,S99991248,X6289525X,Ms.,Denny560,Shields502,,,S,white,nonhispanic,F,Lowell  Massachusetts  US,464 Streich Grove Apt 41,Springfield,Massachusetts,Hampden County,1104,42.16510296509791,-72.53645105603151,879290.59,8138.629999999999,,
0365fa07-be37-4d91-9634-c4a32f6e4b44,1979-12-27,,999-70-1808,S99957836,X36713401X,Mr.,Napoleon578,Feeney44,,,M,asian,nonhispanic,M,Wenham  Massachusetts  US,889 Leannon Union,Acton,Massachusetts,Middlesex County,,42.43461842491132,-71.40059805828302,883857.55,6232.639999999999,,
79daf968-0982-4c5e-bd1e-812585f2f9b2,2004-01-31,,999-60-9150,S99964412,,,Eusebio566,Brown30,,,,white,nonhispanic,M,Weymouth  Massachusetts  US,808 Thompson Tunnel,New Bedford,Massachusetts,Bristol County,2745,41.70361790850947,-70.93808671768228,373642.71,3201.44,,
f44d021d-ba9f-4594-8fdb-4c27fb9a6c33,1975-12-30,,999-61-2164,S99910464,X60720349X,Mrs.,Dominque770,Conroy74,,Zulauf375,M,white,nonhispanic,F,Falmouth  Massachusetts  US,405 Lebsack View,Springfield,Massachusetts,Hampden County,1106,42.05557422768256,-72.61925052382549,938376.04,7287.5999999999985,,
3fa2f1b0-98ca-4d88-b519-a50702c9c738,1965-09-22,,999-93-5369,S99981406,X77014117X,Mr.,Genaro214,Weber641,,,S,white,nonhispanic,M,Lowell  Massachusetts  US,258 Roob Ville,Chatham,Massachusetts,Barnstable County,,41.70312413531467,-69.94616634367837,1328797.87,5734.49,,
1e374397-3bc0-4a51-8daa-c27a0a67b323,1994-08-12,,999-20-8628,S99962764,X14221466X,Ms.,Octavia629,Balistreri607,,,,white,nonhispanic,F,Wilmington  Massachusetts  US,937 Gulgowski Frontage road Apt 76,Fall River,Massachusetts,Bristol County,2747,41.68775136571457,-71.05970052932467,548186.39,5942.52,,
9c06738d-6e0d-47f7-a0b5-60c39ad43f59,2012-09-09,,999-92-7415,,,,Garrett899,Zulauf375,,,,white,nonhispanic,M,Haverhill  Massachusetts  US,208 Macejkovic Mill Unit 44,New Bedford,Massachusetts,Bristol County,2748,41.57235009044737,-70.96252998057732,186700.29,2579.84,,
85627d51-7c6f-45c6-9af8-e469b92e6d61,1961-06-12,,999-33-7510,S99955464,X66034815X,Ms.,Jene106,Halvorson124,JD,,S,white,nonhispanic,F,Fall River  Massachusetts  US,415 Dietrich Meadow Suite 99,Lakeville,Massachusetts,Plymouth County,,41.86959648883347,-71.00058296554111,1471364.07,11182.319999999998,,
7a82915b-b2e7-4756-9548-98ee7b7b0133,1963-03-10,,999-27-8182,S99912634,X82250249X,Mrs.,Katy259,Blick895,,Grimes165,M,white,nonhispanic,F,Boston  Massachusetts  US,660 Glover Viaduct,Mansfield,Massachusetts,Bristol County,,41.97385679566972,-71.17487829571385,1383442.22,10146.52,,
8e936b7d-a1cf-4b7a-bdd3-04fcebfcd289,1973-11-17,,999-47-5908,S99959311,X12418858X,Mrs.,Maida946,Kunde533,,Gusikowski974,M,white,nonhispanic,F,Wellfleet  Massachusetts  US,678 Vandervort Harbor,Springfield,Massachusetts,Hampden County,1108,42.06702721782065,-72.58875268184273,1110139.4,5949.44,,
272b51d2-e20a-416f-8f8c-86f6addab492,1987-07-27,,999-86-6994,S99957734,X6639710X,Mr.,Stan246,Upton904,,,M,white,nonhispanic,M,Wakefield  Massachusetts  US,1099 Hilll Pathway,Framingham,Massachusetts,Middlesex County,,42.28336211900898,-71.40108120882454,910452.14,3810.56,,
cb391bb5-8797-4b5d-8180-7d7ee3d5ff58,1982-12-08,,999-38-5015,S99941785,X49522958X,Mr.,Freeman822,Blick895,,,S,white,nonhispanic,M,Newton  Massachusetts  US,342 Harris Ferry,Milford,Massachusetts,Worcester County,1757,42.18921370788578,-71.47375958927856,948680.67,3827.16,,
9999b182-f608-4b17-a771-f65dcec5ea30,1985-02-06,,999-84-3760,S99964079,X15638046X,Mr.,Markus389,McCullough561,,,M,white,nonhispanic,M,Arlington  Massachusetts  US,790 Thiel Annex Suite 85,Marlborough,Massachusetts,Middlesex County,1752,42.306933498631736,-71.59591872817343,809233.03,3308.0,,
a91f8984-6882-47e3-ac62-e36354beae71,1967-01-15,,999-19-3492,S99920077,X59676484X,Mr.,Buster609,Price929,,,M,white,nonhispanic,M,Framingham  Massachusetts  US,962 Hoeger Boulevard Apt 96,Westford,Massachusetts,Middlesex County,,42.548285209763485,-71.46023584515027,1429834.65,5293.759999999999,,
63dec1db-f373-4c65-9903-8fded3a2dcb3,1975-09-24,,999-35-1752,S99927761,X76559440X,Mr.,Mohammad578,Blanda868,,,M,white,hispanic,M,Fall River  Massachusetts  US,1009 Harber Club,New Bedford,Massachusetts,Bristol County,2746,41.667191755155415,-70.97190730806125,1030045.84,5546.16,,
b73b6d9f-a52c-4d2c-9803-620e79089d6c,2005-12-06,,999-57-9921,,,,Mary779,Halvorson124,,,,white,hispanic,M,Melrose  Massachusetts  US,170 Rogahn Approach Unit 73,New Bedford,Massachusetts,Bristol County,2740,41.689908359253465,-70.92511812775963,369262.36,4052.22,,
1f3dedb5-eb2e-4ab1-968b-072c8b381dec,1987-06-14,,999-34-7265,S99916014,X57401687X,Mr.,Noel608,Harber290,,,S,black,nonhispanic,M,Fall River  Massachusetts  US,196 Buckridge Gate Suite 57,Natick,Massachusetts,Middlesex County,,42.269943915749295,-71.38220507218868,677185.72,3054.64,,
d5d4447f-95ca-4ec1-9991-1835e3ab4866,1991-06-29,,999-11-1546,S99928774,X40963876X,Mrs.,Pok428,Prosacco716,,Armstrong51,M,white,nonhispanic,F,Millbury  Massachusetts  US,320 Casper Road,Sudbury,Massachusetts,Middlesex County,,42.42467112014948,-71.44254482964152,687172.21,4147.959999999999,,
61a078f6-229b-42aa-bfca-6d46dc9feb36,1960-01-02,,999-64-3281,S99948155,X72199776X,Mr.,Rubin812,Heaney114,,,M,white,nonhispanic,M,Essex  Massachusetts  US,571 Johns Haven,Hopkinton,Massachusetts,Middlesex County,1748,42.23791569110884,-71.53167051238971,1466625.54,6748.56,,
d08af775-69ca-4c42-b205-380bbcca284f,1965-04-13,,999-37-5297,S99914652,X36602866X,Mrs.,Bernardina456,Lang846,,Denesik803,M,white,nonhispanic,F,Abington  Massachusetts  US,427 Hegmann Terrace Suite 85,Natick,Massachusetts,Middlesex County,,42.256756147634064,-71.37804503324546,1239484.65,7968.399999999999,,
724406da-683d-44d6-990e-64d31c457190,1993-05-28,,999-70-9747,S99914544,X38437680X,Mr.,Harrison106,Kirlin939,,,,white,nonhispanic,M,Boston  Massachusetts  US,311 Rice Port,Springfield,Massachusetts,Hampden County,1109,42.14714003125077,-72.60132167796245,94822.37,60494.83999999999,,
930bad68-a9e0-45c7-8709-eabec7dc2980,1968-07-01,,999-23-5809,S99924093,X22406402X,Mrs.,Kristi306,Reynolds644,,Heidenreich818,M,white,nonhispanic,F,Chicopee  Massachusetts  US,354 Eichmann Wynd,Milford,Massachusetts,Worcester County,,42.18386532923414,-71.50303893070398,1210552.83,10787.3,,
8e0e0ea6-85e8-48c3-b49b-ea5a6d1dae03,1969-09-29,2020-03-22,999-64-3807,S99994227,X76748988X,Mr.,Grover559,Mitchell808,,,M,white,nonhispanic,M,Gardner  Massachusetts  US,678 Dietrich Boulevard,Holliston,Massachusetts,Middlesex County,,42.16013426846834,-71.48421805009485,1099312.29,13559.06,,
b5a55bcb-c295-4b9c-ab1e-58b6f62da369,1969-09-29,,999-96-3740,S99946110,X43976009X,Mr.,Ellis535,Turcotte120,,,M,white,nonhispanic,M,Webster  Massachusetts  US,506 O'Keefe Forge Apt 4,Holliston,Massachusetts,Middlesex County,,42.18247341296296,-71.43697534361785,1282482.0,4292.96,,
332bab41-0817-45a8-97c8-183105310130,2007-04-20,,999-94-4834,,,,Horacio317,Corkery305,,,,white,nonhispanic,M,Springfield  Massachusetts  US,281 Schmeler Branch Suite 21,Dartmouth,Massachusetts,Bristol County,,41.54459630612533,-70.97175380164451,349358.39,2841.52,,
2ae6ee1c-3309-44a3-abc3-01b72e6d4e77,1989-08-17,,999-49-8220,S99948109,X88163636X,Mr.,Coy949,Robel940,,,M,white,nonhispanic,M,Richmond  Massachusetts  US,1043 Dicki Junction,Wayland,Massachusetts,Middlesex County,,42.40371991036984,-71.35534593098876,746127.5700000001,4246.32,,
052ca86e-563a-4e52-8c22-3680b26fdace,1981-09-24,,999-14-6242,S99960423,X28879866X,Mrs.,Roxanna261,Champlin946,,Bergnaum523,M,black,nonhispanic,F,Wilmington  Massachusetts  US,832 O'Connell Drive Unit 4,Springfield,Massachusetts,Hampden County,1199,42.13708234100537,-72.51727100454625,761634.77,13867.63,,
8ddab416-5a53-4cc9-a949-bed7c4d3dff5,1966-07-17,,999-61-5846,S99988404,X47190014X,Mr.,Gary33,Ruecker817,,,S,white,nonhispanic,M,Fitchburg  Massachusetts  US,920 Hermiston Port Suite 49,Uxbridge,Massachusetts,Worcester County,,42.095781456018734,-71.64181566600895,1140646.95,9901.319999999998,,
fda3632e-1791-4364-8646-b28288b00ae6,1984-12-29,,999-43-2857,S99917541,X85390091X,Mr.,Alva958,Metz686,,,M,white,nonhispanic,M,Newton  Massachusetts  US,874 Feest Crossing,Milford,Massachusetts,Worcester County,,42.1330302027403,-71.4861431270468,900169.93,4643.799999999999,,
d4bd5f0e-60c2-42ed-89d6-953c59563535,1976-02-04,,999-72-6245,S99949688,X22232992X,Mrs.,Diedre599,VonRueden376,,Veum823,M,white,nonhispanic,F,Boston  Massachusetts  US,856 Ernser Gate,Freetown,Massachusetts,Bristol County,,41.76247200463788,-71.03065252618273,943563.48,8670.509999999998,,
1feb0e37-e8ab-4e1d-8f2c-9624d5e81eab,1958-08-15,,999-23-9411,S99925543,X79796137X,Mr.,Garfield38,Schaden604,,,S,white,nonhispanic,M,Waltham  Massachusetts  US,918 Conroy Arcade,Dighton,Massachusetts,Bristol County,,41.85472632811048,-71.14497065957427,1414921.03,5228.679999999999,,
a02f9118-aa2b-4fb8-b73b-a70d3f34400d,2005-10-23,,999-24-5191,,,,Brice635,Mayert710,,,,white,nonhispanic,M,Malden  Massachusetts  US,136 Walter Annex,Natick,Massachusetts,Middlesex County,,42.28087209753521,-71.37210147016935,352691.0,3225.64,,
f0746af1-f16b-471b-85af-62eff1a85d43,1979-03-30,,999-52-3396,S99956403,X58922673X,Mr.,Emery884,Lynch190,,,M,black,nonhispanic,M,Brookline  Massachusetts  US,304 Lesch Village Suite 33,Fall River,Massachusetts,Bristol County,2723,41.69504408114839,-71.11759142443059,15644.75,0.0,,
88d80b4b-f407-4ee9-bd4c-418cde4a0b42,1916-07-13,2002-07-12,999-88-4911,S99917227,X83926984X,Mr.,Elliot577,McGlynn426,,,S,white,nonhispanic,M,Lexington  Massachusetts  US,802 Beier Corner Unit 10,Fall River,Massachusetts,Bristol County,,41.6616416305475,-71.16022189185357,1791796.1,11033.77,,
f97f74bd-31ca-4d61-8592-527091f6bcee,2011-04-17,,999-13-5150,,,,Mittie376,Powlowski563,,,,black,nonhispanic,F,Peabody  Massachusetts  US,250 Gibson Viaduct Suite 49,Ludlow,Massachusetts,Hampden County,,42.22146578448583,-72.48092944193556,231447.02,2670.68,,
7c8c9eb5-42bc-4314-928c-37291327a057,1916-07-13,,999-38-3502,S99938660,X60723495X,Mr.,Wilton999,O'Kon634,,,S,white,nonhispanic,M,Boston  Massachusetts  US,908 Windler Alley Suite 89,Fall River,Massachusetts,Bristol County,2721,41.70424826036198,-71.05074827989182,1455217.91,18614.96,,
978fa196-13dd-4a40-a377-c574a26240b2,1984-07-23,,999-82-3137,S99962964,X87304495X,Mr.,Vance413,Hintz995,,,M,black,nonhispanic,M,Malden  Massachusetts  US,284 Considine Mall Apt 51,Springfield,Massachusetts,Hampden County,1129,42.07633921001069,-72.52675727324268,780960.53,2977.17,,
d2b75a34-71db-4b02-9eb3-f43bf44e803a,1987-11-12,,999-94-3245,S99991967,X30011166X,Mrs.,Alba338,Walker122,,Steuber698,M,white,nonhispanic,F,Turin  Piedmont  IT,469 Schultz Well Unit 70,Dartmouth,Massachusetts,Bristol County,,41.54756129832196,-70.93299860553788,777066.68,3911.67,,
aa32fb85-eddb-44c0-b736-65dc151d634e,1960-04-21,,999-82-2235,S99952426,X29110412X,Mrs.,Claude750,Runolfsson901,,Dach178,M,white,nonhispanic,F,Andover  Massachusetts  US,160 O'Hara Vista Apt 39,Harvard,Massachusetts,Worcester County,,42.51610660500662,-71.62115625227746,1257559.78,13786.24,,
a31748e9-01f0-409c-b4d3-5efdfa076ed7,1969-05-12,,999-57-8600,S99931572,X69219531X,Mrs.,Mollie266,Krajcik437,,Gibson10,M,white,nonhispanic,F,Worcester  Massachusetts  US,470 Hodkiewicz Mission,Bridgewater,Massachusetts,Plymouth County,,41.93789109013715,-71.01746486651346,1091982.52,9528.04,,
792ab8b1-2e6c-4615-a15d-722188d569be,1998-12-30,,999-30-4983,S99951472,X24203768X,Ms.,Latoyia537,Corwin846,,,,white,nonhispanic,F,Fall River  Massachusetts  US,308 Hoppe Harbor,Framingham,Massachusetts,Middlesex County,,42.259337691420775,-71.45448811128975,439815.22,3024.72,,
bdd7fc41-2815-43ec-a627-e6962293c592,1956-07-13,,999-83-8350,S99923361,X69402792X,Ms.,Crystal2,Crona259,,,S,white,nonhispanic,F,Barnstable  Massachusetts  US,243 Rau Overpass,Blackstone,Massachusetts,Worcester County,,42.03723381506105,-71.54563017396494,1457920.01,10672.319999999998,,
6a9af508-c89e-4b71-bada-b67295d1ca23,1942-11-24,2003-07-15,999-93-1990,S99936477,X48391993X,Mr.,Harold594,Reichel38,,,M,white,nonhispanic,M,Chicopee  Massachusetts  US,413 Rodriguez Ramp Unit 81,Fall River,Massachusetts,Bristol County,2721,41.670537483631655,-71.17191497826445,1550254.78,7400.12,,
5761d1c9-613c-438e-8dd2-da697870bbb8,2004-05-25,,999-56-7316,S99934041,,,Ward668,Labadie908,,,,white,nonhispanic,M,Newton  Massachusetts  US,642 Herzog Viaduct Apt 67,Fall River,Massachusetts,Bristol County,2790,41.69568177995874,-71.15773519222738,449526.51,2659.84,,
fcbe5e96-7b63-4f13-bc18-30657db29ad8,1976-08-09,,999-38-6191,S99969210,X1629220X,Mrs.,Karyl215,Cummerata161,,Raynor401,M,white,nonhispanic,F,Medford  Massachusetts  US,153 Carroll Drive,Grafton,Massachusetts,Worcester County,,42.1892226440905,-71.6375570170132,918659.17,10561.329999999998,,
c9993316-5a07-483d-bf71-f37b328a8692,1983-10-18,,999-38-9935,S99928381,X18569230X,Ms.,Giovanna377,Quigley282,,,S,white,nonhispanic,F,Lawrence  Massachusetts  US,949 Howe Way Apt 20,Milford,Massachusetts,Worcester County,,42.1505094421122,-71.52369325822912,729070.13,7934.999999999998,,
e78ab1d9-4984-4bae-af85-c9dc73385bf5,1960-11-16,,999-83-3085,S99916903,X2184628X,Mrs.,Joey457,Gislason620,,Will178,M,white,nonhispanic,F,Boston  Massachusetts  US,631 Reilly Key,Freetown,Massachusetts,Bristol County,,41.78871102267588,-71.04895894280615,1453257.84,14195.839999999998,,
fcd1d7e1-15d9-4365-b5ac-7a9cf346d36a,1942-11-24,,999-75-7872,S99970685,X63706116X,Mr.,Paris331,Cummerata161,,,S,white,nonhispanic,M,Medway  Massachusetts  US,740 Kunze Trailer Unit 97,Fall River,Massachusetts,Bristol County,,41.62796249655147,-71.04807456272786,1605145.88,11568.43,,
febf28b0-a7bc-4be8-84ca-4de0b8ae5921,2009-12-07,,999-84-4735,,,,Gilbert263,Bradtke547,,,,white,nonhispanic,M,Woburn  Massachusetts  US,436 Barrows Station,Maynard,Massachusetts,Middlesex County,,42.45552082203936,-71.43521615274976,254643.22,2903.16,,
8a66b568-6a2d-4c7c-b9e0-9edd180b5cb8,1974-01-21,,999-96-5025,S99980047,X44827215X,Mr.,Ernesto186,Dooley940,,,M,white,nonhispanic,M,Yarmouth  Massachusetts  US,184 Herman Way,Milford,Massachusetts,Worcester County,1757,42.16914967948465,-71.50902630184665,1008456.48,3714.96,,
357f1b66-6f51-4dcf-986a-522b38f55c60,1995-08-14,,999-69-9133,S99919377,X6031893X,Ms.,Rosio404,Jast432,,,,white,nonhispanic,F,New Bedford  Massachusetts  US,1026 Prosacco Mall,Taunton,Massachusetts,Bristol County,2767,41.8872316642386,-71.0800874002295,521995.53,4952.32,,
fa6c9e36-b5d9-476d-99f9-4a1801d048ca,1952-10-24,,999-10-3635,S99993987,X81110026X,Mr.,Edison640,Schneider199,,,M,white,nonhispanic,M,Swansea  Massachusetts  US,1039 Stracke Center,Dighton,Massachusetts,Bristol County,,41.77938549827695,-71.11156952000546,1426955.08,18277.05,,
135e5b6d-9f9e-4c2c-a4be-e04973fb2b34,1979-09-14,,999-41-3345,S99992130,X22167382X,Mr.,Bret7,Walsh511,,,M,white,nonhispanic,M,East Longmeadow  Massachusetts  US,349 Batz Path Apt 28,Boxborough,Massachusetts,Middlesex County,,42.505646476329886,-71.48357458503182,981961.02,3982.12,,
a7a2c15c-6191-4261-83ed-ba64dbdeddc3,1930-10-27,2014-04-01,999-82-6786,S99910097,X38517840X,Mr.,Bert917,Harber290,,,M,white,nonhispanic,M,Reading  Massachusetts  US,556 Zemlak Parade,Harvard,Massachusetts,Worcester County,,42.51280477616326,-71.58941409586834,1892884.0300000005,567931.1100000002,,
7f72e14f-b69a-4aa9-a193-10db5c497fa8,1955-12-03,2020-03-24,999-87-8336,S99996167,X48562007X,Ms.,Ester635,Cadena322,,,S,black,hispanic,F,Marigot  Saint Andrew Parish  DM,1036 Pfeffer Port Suite 32,East Longmeadow,Massachusetts,Hampden County,,42.0547596214495,-72.46737367313315,1416383.53,39335.7,,
149e046f-5035-42bc-a6fd-4f799b170264,1961-04-11,,999-14-7887,S99944267,X25089024X,Mrs.,Teresa94,de Anda129,,Bravo546,M,white,hispanic,F,Gaudalajara  Jalisco  MX,397 Reinger Mill,Springfield,Massachusetts,Hampden County,,42.08864932622236,-72.49037673562948,1353085.93,12769.89,,
d7bcb49a-c328-4155-8c75-c33ad9c9136f,1930-10-27,2012-08-09,999-36-7880,S99967296,X32256558X,Mr.,Julian715,Terry864,,,M,white,nonhispanic,M,Plymouth  Massachusetts  US,353 Russel Drive,Harvard,Massachusetts,Worcester County,,42.53099890399194,-71.5692300875472,1632077.89,12128.23,,
7ed96e33-bea3-4390-b81f-6d0d3b23f91b,1930-10-27,1996-03-25,999-39-8009,S99931096,X1063660X,Mr.,Morton637,Mertz280,,,S,white,nonhispanic,M,Plymouth  Massachusetts  US,824 Reichel Club Unit 43,Harvard,Massachusetts,Worcester County,,42.52157977993207,-71.55576029341943,1338392.6,4611.88,,
ec12434f-c410-4fad-a71c-dcc7d57e6eb8,1972-06-08,,999-59-9489,S99978564,X66635751X,Mrs.,Larisa542,Fahey393,,Ratke343,M,white,nonhispanic,F,Danvers  Massachusetts  US,496 Gutkowski Club Apt 25,Holliston,Massachusetts,Middlesex County,,42.15461930808785,-71.40632638560928,29938.46,1314.0399999999995,,
4befbff7-19cd-49d1-87dd-a4d88c6087fa,1973-06-15,,999-11-6940,S99913088,X49329213X,Mrs.,Misty404,Glover433,,Nolan344,M,white,nonhispanic,F,Medford  Massachusetts  US,1005 Shanahan Rest Suite 22,Framingham,Massachusetts,Middlesex County,1702,42.32597784006101,-71.39114364559916,1024035.38,7458.519999999999,,
0f6db649-bdb5-4089-b36e-96cff3b33eb7,1930-10-27,1995-05-29,999-36-1587,S99934279,X9972010X,Mr.,Sid118,Renner328,,,M,white,nonhispanic,M,Springfield  Massachusetts  US,418 Stiedemann Lock,Harvard,Massachusetts,Worcester County,,42.53778989765448,-71.56123532165827,1409326.98,15899.43,,
8fd4d273-8bfc-4616-a298-2cd0fd415a49,1991-08-07,,999-13-8195,S99946188,X19607345X,Ms.,Nia310,Lueilwitz711,,,S,white,nonhispanic,F,Dracut  Massachusetts  US,752 Roberts Forge Apt 66,Easton,Massachusetts,Bristol County,,41.99928107184307,-71.11967384060353,590844.93,7679.499999999999,,
3e3d0ee6-5efd-4376-8993-5cfc4cd7b0ed,2001-03-29,,999-30-6239,S99985470,,Ms.,Evalyn273,Renner328,,,,white,nonhispanic,F,Everett  Massachusetts  US,696 Gottlieb Junction Unit 82,Westport,Massachusetts,Bristol County,,41.59792256004995,-71.11042089780885,439995.59,3642.2,,
4aed0003-24b3-44e6-93df-d80622c53119,1953-10-31,2019-01-21,999-38-5273,S99952309,X61080730X,Ms.,Bethel526,Satterfield305,,,S,white,nonhispanic,F,Fitchburg  Massachusetts  US,909 Larson Port Suite 68,Springfield,Massachusetts,Hampden County,1199,42.16187719073326,-72.55609687072639,1528447.92,10741.729999999998,,
0b9ff6ed-e1d3-4866-a6fc-9cd7cd3597e8,1930-10-27,,999-70-4119,S99972007,X70125797X,Mr.,Morris740,Kozey370,,,M,white,nonhispanic,M,Attleboro  Massachusetts  US,308 Fadel Rue,Harvard,Massachusetts,Worcester County,,42.45520236657076,-71.59292704839253,1725079.14,16662.0,,
d0d60228-e115-4f0a-9b36-0f148dfb14d1,2007-08-13,,999-72-3655,,,,Wilda367,McDermott739,,,,white,nonhispanic,F,Westport  Massachusetts  US,360 Gutmann Bypass Unit 78,Natick,Massachusetts,Middlesex County,,42.243018112136085,-71.38697981363985,279879.79,3308.12,,
8ac04c56-cd69-4436-af4e-9725eea77aec,1964-03-15,,999-48-7585,S99992149,X20118236X,Mr.,Sol312,Swift555,,,S,white,nonhispanic,M,Cambridge  Massachusetts  US,870 Reilly Overpass,Hopkinton,Massachusetts,Middlesex County,,42.18727585758276,-71.4917966735115,1367711.76,6748.56,,
338bf138-a428-4bb7-8713-dc9a36689dde,1955-03-19,,999-66-9795,S99953333,X10350222X,Mrs.,María Eugenia578,Mondragón635,,Barrios478,M,white,hispanic,F,Caguas  Puerto Rico  PR,727 Schaefer Wall Unit 89,Springfield,Massachusetts,Hampden County,1119,42.0921792010673,-72.55116216895271,847351.47,10135.929999999998,,
f6dee18e-eacc-4e66-908f-e3aa8fabd502,1992-03-02,,999-23-7456,S99959554,X37248969X,Mrs.,Flo729,Bauch723,,Wiza601,M,white,nonhispanic,F,Duxbury  Massachusetts  US,662 Schmeler Lane,Springfield,Massachusetts,Hampden County,1108,42.109884444317785,-72.57076863151548,618392.47,7394.939999999999,,
ce1d4b8a-d636-44da-b82d-a564780f87ba,1956-01-21,,999-59-3254,S99957802,X39141590X,Mr.,Carlos172,Valenzuela371,,,M,white,hispanic,M,Santiago de los Caballeros  Santiago  DO,228 Ratke Manor,Westport,Massachusetts,Bristol County,,41.61804114475452,-71.08772931632296,1643814.4500000002,7773.49,,
8973e03e-f7f8-483a-8849-54fa27c7a4d9,1964-03-27,,999-68-4293,S99947939,X49171779X,Mr.,Marcel580,Carter549,,,M,white,nonhispanic,M,Kingston  Massachusetts  US,392 Pollich Mews Apt 85,Somerset,Massachusetts,Bristol County,,41.701572550998605,-71.1716628443038,1228423.19,31141.06,,
617fca68-e62b-416d-b2de-143e6a45acef,1935-11-13,,999-16-3696,S99969826,X21998444X,Mrs.,Lakisha305,Witting912,,Jones311,M,white,nonhispanic,F,Marblehead  Massachusetts  US,267 Stokes Pathway,Milford,Massachusetts,Worcester County,,42.14698388353242,-71.52041123869881,1505652.74,41895.99,,
276bc7fd-dcee-43a0-aa93-de083cc7745c,2008-06-13,,999-22-1162,,,,Reed154,Kozey370,,,,white,nonhispanic,M,Boston  Massachusetts  US,1024 Becker Orchard,Springfield,Massachusetts,Hampden County,1108,42.15824566588219,-72.5730112407824,259680.42,2908.16,,
40be94c0-c691-40f8-927c-f968a49ab164,1990-07-11,,999-56-4108,S99915091,X22690734X,Mr.,Noel608,Boyle917,,,S,white,nonhispanic,M,Somerset  Massachusetts  US,294 Bosco Alley Suite 26,Westport,Massachusetts,Bristol County,,41.579396567141,-71.03610279257725,796651.17,3588.08,,
3f93c293-146c-4796-8c15-53ee8d191f98,1967-01-09,,999-63-6065,S99946947,X24076306X,Mr.,Chuck784,Lemke654,,,M,white,nonhispanic,M,Brockton  Massachusetts  US,1062 Leffler Dam,Townsend,Massachusetts,Middlesex County,1469,42.68313387689327,-71.69976827437445,1430575.77,5293.759999999999,,
587623fb-280c-4063-af29-8223e2b7fa1a,2015-04-24,,999-99-5033,,,,Anthony633,Robel940,,,,white,nonhispanic,M,Waltham  Massachusetts  US,1087 Homenick Vista Suite 54,Mendon,Massachusetts,Worcester County,,42.07000291105554,-71.50402191341233,116429.0,2044.88,,
8fb3886e-0b92-49c1-b68a-a999d3634449,1984-03-06,,999-28-5048,S99988264,X76069515X,Mrs.,Herma433,Aufderhar910,,Mohr916,M,white,nonhispanic,F,Boston  Massachusetts  US,777 McCullough Park,Mansfield,Massachusetts,Bristol County,,41.98944639521893,-71.17191014684455,842714.11,7395.159999999999,,
7702a24f-4c68-46f0-aa2e-9f0c941c56cf,1914-06-03,1997-12-21,999-63-7604,S99938449,X6831347X,Mr.,Antoine384,Gibson10,,,M,white,hispanic,M,Cambridge  Massachusetts  US,713 Anderson Neck Unit 86,Worcester,Massachusetts,Worcester County,1583,42.38712512480457,-71.80748355376457,1640318.9400000002,20993.29,,
f913746f-3f9a-4b14-8d8d-9e5a5ad68ab2,2000-10-31,,999-93-3336,S99925996,,Ms.,Velva240,Block661,,,,white,nonhispanic,F,Edgartown  Massachusetts  US,139 Kreiger Loaf,East Longmeadow,Massachusetts,Hampden County,,42.017939965300734,-72.52642530572855,429083.3,5404.179999999999,,
3c48906b-748d-4e4b-ad44-e9554c0f8712,1994-12-12,,999-81-4981,S99932181,X47827490X,Ms.,Soo315,Lueilwitz711,,,,white,nonhispanic,F,Melrose  Massachusetts  US,930 Streich Bridge Apt 20,Framingham,Massachusetts,Middlesex County,,42.3655207738422,-71.3940907769208,85622.96,13308.9,,
7b14596e-e33e-4c87-82f8-eb2846ffb004,1931-10-17,2017-04-29,999-54-8354,S99950766,X3397076X,Mrs.,Keila316,Wyman904,,Klein929,M,asian,nonhispanic,F,Southborough  Massachusetts  US,756 Torp Bridge Apt 15,Littleton,Massachusetts,Middlesex County,,42.49417072458922,-71.52522498464909,397511.77,130091.85,,
34fb92d2-9468-4888-886e-e750a779f275,1938-09-21,,999-61-2863,S99985602,X26470525X,Mr.,Norris589,Franecki195,,,M,white,nonhispanic,M,Marseille  Provence-Alpes-Cote d'Azur  FR,286 Harris Approach,Acton,Massachusetts,Middlesex County,,42.526689547015,-71.4429557194721,309317.63,23491.57,,
f737c6ea-2454-4a91-b4b2-dd0883ea1c3e,2007-05-26,,999-30-9118,,,,Ezequiel972,Bashirian201,,,,white,nonhispanic,M,Williamstown  Massachusetts  US,1037 O'Reilly Light,Swansea,Massachusetts,Bristol County,,41.71136135818964,-71.17929016352412,40564.94,4372.2,,
720f28b8-b064-4a5b-9696-904a2ed060cd,1931-10-17,2018-04-12,999-50-5214,S99941864,X78756756X,Mrs.,Margery365,Wilkinson796,,Huels583,M,asian,nonhispanic,F,Westborough  Massachusetts  US,465 Carroll Mill Apt 74,Littleton,Massachusetts,Middlesex County,,42.56049890266367,-71.52362425278535,343677.5,28791.55,,
a558072d-a867-42de-90bb-8ccbae24414f,1981-10-31,,999-72-4273,S99973570,X72618283X,Mr.,Yong583,Spinka232,,,S,asian,nonhispanic,M,Daegu  Daegu  KR,665 Rosenbaum Passage,Natick,Massachusetts,Middlesex County,,42.25664685641249,-71.3864702384575,929661.08,3404.68,,
da460c52-3703-4d74-a033-2b4b8a236b39,1962-09-01,,999-84-8631,S99911964,X70949271X,Mrs.,Latanya388,Torphy630,,Swaniawski813,M,white,nonhispanic,F,Boston  Massachusetts  US,425 Berge Parade,New Bedford,Massachusetts,Bristol County,2746,41.70047722165752,-70.97165121514787,185239.52,15297.289999999995,,
0d6fccd5-8c2d-41a5-a0f8-9d8e773b4b37,1965-08-28,2005-08-28,999-37-8874,S99972651,X49116813X,Mr.,Chet188,Pfannerstill264,,,M,white,hispanic,M,Arlington  Massachusetts  US,1043 Toy Burg Unit 76,Boston,Massachusetts,Suffolk County,2152,42.281639636706025,-71.16442308641278,966239.1,3336.32,,
f13ab2a2-55de-4263-9642-b6fe959578d8,1931-10-17,2010-05-07,999-35-8046,S99918189,X74889076X,Ms.,Marcie463,Grimes165,,,S,asian,nonhispanic,F,Newton  Massachusetts  US,232 Powlowski Club Unit 11,Littleton,Massachusetts,Middlesex County,,42.49949853680068,-71.49795305513499,290934.91,29424.63,,
4552b960-17ea-4e96-a972-8d06dfce045c,1964-11-13,,999-30-3092,S99951865,X38698398X,Mr.,Howard613,McKenzie376,,,M,white,nonhispanic,M,Townsend  Massachusetts  US,215 Fadel Arcade Suite 41,Chicopee,Massachusetts,Hampden County,1013,42.19251764576309,-72.54045695170629,1204906.57,4324.56,,
b9f1dd46-c287-47af-a15f-758f649f28d6,1931-10-17,2012-01-07,999-86-7462,S99962686,X10101259X,Mrs.,Tama137,Johns824,,Von197,M,asian,nonhispanic,F,North Andover  Massachusetts  US,973 Kub Ville Apt 79,Littleton,Massachusetts,Middlesex County,,42.50599705662248,-71.47426312124259,298300.4,12146.61,,
10d90399-05b1-4d4a-ac56-1dcead30760d,1956-08-13,,999-47-7099,S99942630,X88041470X,Ms.,Denese626,Marks830,,,S,white,nonhispanic,F,Agawam  Massachusetts  US,506 West Tunnel Unit 65,Natick,Massachusetts,Middlesex County,,42.27416356478518,-71.3552236782968,1338250.28,14396.959999999995,,
d0b8dadc-5de7-4fe3-ad21-1c6e3e397374,1931-10-17,2020-03-21,999-46-6417,S99988559,X43311329X,Mrs.,Cristen212,Bergstrom287,,Purdy2,M,asian,nonhispanic,F,Boston  Massachusetts  US,832 Hand Bay,Littleton,Massachusetts,Middlesex County,,42.58214551441871,-71.46373877255044,348118.75,15446.509999999998,,
d18555dd-2382-4856-99f0-9596c7ede53e,1946-11-28,1996-09-23,999-90-8905,S99916897,X79243676X,Mrs.,Dorine689,Bogan287,,Pfeffer420,M,white,nonhispanic,F,Danvers  Massachusetts  US,973 Kessler Frontage road,Dartmouth,Massachusetts,Bristol County,,41.563345964627736,-70.92491251551651,1093811.74,7330.919999999998,,
857edd96-164e-40fb-bab4-afdbbfc99503,1980-02-24,1995-03-05,999-82-9302,,,,Ronald408,Stracke611,,,,white,hispanic,F,Beverly  Massachusetts  US,264 Fritsch Route,Hopedale,Massachusetts,Worcester County,1747,42.07617583278624,-71.55033718733769,326534.17,1733.12,,
c9a3017a-f627-437a-bdfb-68a0c1cc5cef,1931-10-17,2015-09-08,999-22-3581,S99987992,X54897060X,Mrs.,Chiquita638,Leannon79,,Cassin499,M,asian,nonhispanic,F,Lakeville  Massachusetts  US,595 Jenkins Annex,Littleton,Massachusetts,Middlesex County,,42.56288776257984,-71.49250011842403,322622.28,21263.34,,
45601380-b519-41d3-ae0d-4abc492c029e,1980-02-24,,999-71-1359,S99949459,X62090923X,Mrs.,Kristy290,Bins636,,Friesen796,M,white,hispanic,F,Hanover  Massachusetts  US,522 Mueller Lane,Hopedale,Massachusetts,Worcester County,1747,42.12898270898441,-71.49702989800255,820831.88,5555.239999999999,,
000769a6-23a7-426e-a264-cb0e509b2da2,1946-11-28,,999-43-6868,S99921109,X19795140X,Mrs.,Tijuana228,Bins636,,Breitenberg711,M,white,nonhispanic,F,Brockton  Massachusetts  US,955 Franecki Green Unit 70,Dartmouth,Massachusetts,Bristol County,,41.53100806593499,-70.99978592070421,1509769.24,8773.329999999998,,
9b64a66c-8afe-4b75-9f52-305c95484f76,1965-03-29,,999-30-4198,S99949037,X74006939X,Mr.,Clement78,Abbott774,,,M,white,nonhispanic,M,Norton  Massachusetts  US,502 Lehner Promenade,Chicopee,Massachusetts,Hampden County,1022,42.21885035321742,-72.50797309484858,1330584.99,4884.56,,
1a83967b-9f42-4317-92e9-17cbc3692634,1992-01-08,,999-69-9992,S99936281,X37299570X,Mr.,Royal919,O'Connell601,,,M,white,nonhispanic,M,Hanson  Massachusetts  US,249 Rosenbaum Road Unit 83,Groton,Massachusetts,Middlesex County,1450,42.57086270079424,-71.52393963885406,761788.45,2793.96,,
d47062b2-0a02-4623-b8d4-f886b9b6776f,1931-10-17,,999-31-6166,S99938202,X13722012X,Mrs.,Claretta294,Kautzer186,,Torphy630,M,asian,nonhispanic,F,Montague  Massachusetts  US,171 Mayer Path,Littleton,Massachusetts,Middlesex County,,42.5084813617563,-71.51756608735364,412137.52,98305.31,,
6eec5e2a-8845-4038-8daa-e9f534c9b432,2014-08-26,,999-22-1850,,,,Santiago500,Zamudio115,,,,white,hispanic,M,Lima  Lima Province  PE,917 Smitham Bridge Unit 94,Framingham,Massachusetts,Middlesex County,1701,42.35275687367605,-71.42386425201568,124673.49,2133.2,,
febba7e3-0689-4b82-a0c6-f93b992e6415,1998-12-31,,999-41-3461,S99986548,X26526404X,Ms.,Dorathy429,McClure239,,,,white,nonhispanic,F,Marshfield  Massachusetts  US,1073 Deckow Drive,Ludlow,Massachusetts,Hampden County,,42.16758494811855,-72.43923187922232,570730.81,2791.48,,
b84859b4-60c9-4666-bc3b-245cf72197e1,1997-09-03,,999-67-7696,S99999593,X44866519X,Mr.,Brant303,Rau926,,,,white,nonhispanic,M,Milan  Lombardy  IT,265 Doyle Throughway,Northborough,Massachusetts,Worcester County,,42.326805607104255,-71.66051792065815,577203.48,4090.52,,
37c3c26c-0c53-42e6-b56e-ea523fa7f34e,1992-03-10,,999-80-6250,S99927339,X10292715X,Mrs.,Erminia669,Leannon79,,Kutch271,M,asian,nonhispanic,F,Cantho  Cần Thơ  VN,918 Stamm Fork Suite 30,Taunton,Massachusetts,Bristol County,2718,41.93629425003828,-71.06007933980106,663968.31,4632.079999999999,,
0ce65454-5f0f-4d2a-8c72-008db5b47a05,1946-09-11,,999-74-9676,S99914072,X77639223X,Mr.,Theo630,Langosh790,,,M,black,nonhispanic,M,Burlington  Massachusetts  US,387 Boyle Key Suite 65,Middleborough,Massachusetts,Plymouth County,,41.91821423738534,-70.88162544126394,1593839.21,7259.509999999999,,
eb61b74c-5fb9-4234-b707-e0c22bfaa4ec,1973-11-10,,999-31-7359,S99955227,X44901403X,Mr.,Fredrick998,Hilll811,,,M,asian,nonhispanic,M,Yarmouth  Massachusetts  US,576 Ryan Bay Suite 29,Townsend,Massachusetts,Middlesex County,1469,42.66492050009355,-71.64765240099284,953944.31,2987.16,,
eb343e58-432a-4ddb-aab3-8394b2fb86ee,1935-10-05,2007-02-09,999-75-1405,S99937728,X78914817X,Mr.,Claude750,Ziemann98,,,M,black,nonhispanic,M,North Adams  Massachusetts  US,346 Waters Hollow Unit 39,Boston,Massachusetts,Suffolk County,2134,42.27648563670105,-71.13401098718658,1380480.53,264470.2800000001,,
94698ff9-e4a8-46bb-a285-44a03779b7ee,1929-10-05,2020-03-20,999-65-2698,S99938970,X75259774X,Mr.,Carmelo33,Heathcote539,,,M,white,nonhispanic,M,Mashpee  Massachusetts  US,573 Gibson Vale,Dennis,Massachusetts,Barnstable County,,41.70858054096698,-70.20002823967808,1730125.52,22695.86,,
e51d3d93-1357-4d85-8f5d-68ef5f32507b,1980-06-29,,999-66-1498,S99964328,X28753115X,Mrs.,Abbie917,Ratke343,,Kilback373,M,white,nonhispanic,F,Boston  Massachusetts  US,261 Herman Junction Suite 42,Taunton,Massachusetts,Bristol County,2780,41.865250337998056,-71.16311052298971,821920.0700000001,6736.849999999999,,
2a3d9d18-c3a3-4eaf-8225-e9079e444e51,1952-08-03,,999-13-2201,S99946445,X13749215X,Mrs.,Lorena247,Medina536,,de Jesús414,M,white,hispanic,F,Kingston  Kingston  JM,225 Jerde Manor,Framingham,Massachusetts,Middlesex County,1701,42.24558235433928,-71.4370353384734,57278.94,3292.2499999999995,,
9b50b1f5-11f6-49ba-872d-bfcf579ec261,1982-08-12,,999-57-2123,S99996989,X39316597X,Mrs.,Ashlee14,Bartoletti50,,Nolan344,M,white,nonhispanic,F,Springfield  Massachusetts  US,466 Robel Burg Apt 21,Franklin,Massachusetts,Norfolk County,,42.133039035867206,-71.36254493967172,852311.64,5627.799999999999,,
ed18a8d0-a04c-4c90-81e2-74a7e66d7497,1955-11-23,,999-61-4085,S99971460,X50066795X,Mr.,Vance413,Ernser583,,,M,white,nonhispanic,M,Marlborough  Massachusetts  US,408 Treutel Mill Suite 65,New Bedford,Massachusetts,Bristol County,2746,41.749959463564224,-70.94830843812848,1401641.75,6520.16,,
a51b267c-ef67-4cbf-bb57-705ab155efee,1975-07-21,,999-48-6032,S99995407,X23220885X,Mr.,Wilson960,Windler79,,,M,white,nonhispanic,M,Beverly  Massachusetts  US,654 Crooks Mill Apt 76,Dartmouth,Massachusetts,Bristol County,,41.55380427452991,-70.97169387918476,1137595.75,4232.96,,
d53eb2eb-d363-431d-a8ea-2e59c3f7c1de,1972-02-06,,999-23-9082,S99920960,X65044048X,Mr.,Buck819,Koss676,,,M,white,nonhispanic,M,Boston  Massachusetts  US,331 Nienow Trace,Framingham,Massachusetts,Middlesex County,,42.31170319319293,-71.44349809742963,999214.62,4708.679999999999,,
7bfc6293-826e-4497-b416-449a8b7af5b5,1961-07-27,,999-80-2198,S99926500,X61212034X,Mrs.,Rocio28,Santacruz647,,Delafuente833,M,asian,hispanic,F,Santo Domingo  National District  DO,236 Gutkowski Village Apt 68,Ayer,Massachusetts,Middlesex County,1432,42.5136821124508,-71.58193646664527,1149378.69,9344.88,,
199bfda7-dae0-4c1b-8c45-851df90660d3,1925-04-17,1989-11-04,999-57-2765,S99921560,X9440765X,Mrs.,Susannah249,Watsica258,,Conroy74,M,white,nonhispanic,F,Lynnfield  Massachusetts  US,971 Ratke Fork Apt 92,Wilbraham,Massachusetts,Hampden County,1095,42.13634698131275,-72.44443537862738,1389491.1700000002,14367.61,,
62f093ec-67cb-4dfd-974d-b10610a6c021,2005-08-20,,999-35-8008,,,,Raleigh478,Hartmann983,,,,white,nonhispanic,M,Egremont  Massachusetts  US,579 Doyle Junction Apt 94,Agawam,Massachusetts,Hampden County,1030,42.07509144382096,-72.62239282847031,321037.71,3016.48,,
cd68dca0-15e6-42f8-ae25-650497302c76,1949-04-01,,999-40-2781,S99945070,X46995649X,Mr.,Felix524,Wisozk929,,,M,white,nonhispanic,M,Hingham  Massachusetts  US,208 Kunze Road,Taunton,Massachusetts,Bristol County,,41.894493504367205,-71.05444834229898,1372760.07,11973.86,,
47a6f8ff-ff35-42e1-9821-4f32250b8eee,1994-05-18,,999-79-3545,S99935081,X5544059X,Mr.,Andrea7,Botsford977,,,,white,nonhispanic,M,Plymouth  Massachusetts  US,579 Wuckert Rue Apt 32,Northbridge,Massachusetts,Worcester County,,42.16989309575031,-71.66269786987648,536869.96,3381.36,,
aaf27d7a-09c0-4eed-b15b-d26f8fe4dd62,1979-07-25,,999-72-8254,S99937401,X37733197X,Mr.,Carrol931,Purdy2,,,M,white,nonhispanic,M,Danvers  Massachusetts  US,1019 Rowe Dale,Somerset,Massachusetts,Bristol County,,41.79148531604882,-71.15063121953933,41569.48,0.0,,
4439ef73-c304-4b22-9a58-69b070a854f4,1942-09-01,2014-03-24,999-75-5610,S99962479,X203367X,Mr.,Herb645,Kirlin939,,,M,black,nonhispanic,M,Revere  Massachusetts  US,1002 Berge Run Apt 53,Longmeadow,Massachusetts,Hampden County,1106,42.069008958970464,-72.58449494148701,1662663.2,13132.14,,
d86291a6-b504-4d7f-9017-09108c7df072,1925-04-17,,999-56-2774,S99951048,X69285450X,Mrs.,Beverly445,Hane680,,Walker122,M,white,nonhispanic,F,Brookline  Massachusetts  US,888 Orn Path Unit 39,Wilbraham,Massachusetts,Hampden County,1095,42.17107042351101,-72.44634626900535,1538008.07,22828.84,,
7f0c3dc0-6f18-4193-a92a-05364f61df19,1964-04-24,,999-30-7897,S99976284,X34554332X,Mrs.,Malissa448,Bogan287,,Beier427,M,white,nonhispanic,F,North Brookfield  Massachusetts  US,953 Daugherty Port Apt 57,Raynham,Massachusetts,Bristol County,,41.95401997851209,-71.01942297871493,1473434.54,11071.69,,
dfba027c-f5b0-4de1-b00e-3808e29cabd4,1972-12-15,,999-22-1931,S99967912,X54678821X,Mrs.,Mirella222,Hettinger594,JD,Reilly981,M,white,nonhispanic,F,Quincy  Massachusetts  US,402 Tromp Trace,Holliston,Massachusetts,Middlesex County,,42.244482472002126,-71.49540377325022,1161501.42,12469.96,,
d4475293-d923-45e2-b0f9-021bbc7c5b85,1942-09-01,,999-59-7992,S99968004,X80124254X,Mr.,Haywood675,Tillman293,,,M,black,nonhispanic,M,Boston  Massachusetts  US,693 Schaefer Meadow Apt 75,Longmeadow,Massachusetts,Hampden County,1106,42.00214308144809,-72.58470862763313,1527678.48,10059.65,,
d633e7b6-9de9-4b60-b5e4-6c73d385e0c1,2000-11-18,,999-21-8827,S99917055,,Mr.,Mauricio81,Will178,,,,white,nonhispanic,M,Quincy  Massachusetts  US,231 Kreiger Vale,Upton,Massachusetts,Worcester County,,42.161920910923,-71.61225811661699,448800.5,3287.24,,
567f2e14-863e-4ffb-b566-b22c34b33c15,2014-03-18,,999-69-3400,,,,Willard975,Ebert178,,,,white,nonhispanic,M,Fall River  Massachusetts  US,967 Williamson Alley,Weston,Massachusetts,Middlesex County,,42.32112098236804,-71.34651577739514,167873.42,1937.4,,
bff9a047-1d13-44de-851c-2843e59b3926,1979-01-15,1979-11-12,999-85-2422,,,,Cornell131,Wunsch504,,,,white,hispanic,M,Holyoke  Massachusetts  US,146 Jast Wall Unit 28,Blackstone,Massachusetts,Worcester County,,42.012865689896586,-71.52206033803363,23752.16,414.9599999999999,,
c6252f61-668c-464d-afda-cc5b57312e61,1987-07-25,,999-77-8068,S99922165,X89010556X,Mrs.,Romaine793,Macejkovic424,,Kuvalis369,M,white,nonhispanic,F,Springfield  Massachusetts  US,1014 Klein Mill,Ashland,Massachusetts,Middlesex County,,42.28447976483952,-71.47519402499387,105231.32,12077.31,,
26ae83ff-be35-43b3-b6f6-776cea008679,1979-01-15,,999-71-9634,S99984845,X6258951X,Mr.,Bret7,Brakus656,,,M,white,hispanic,M,Waltham  Massachusetts  US,925 McLaughlin Center,Blackstone,Massachusetts,Worcester County,,42.03612140781677,-71.5025622962539,999482.35,3853.8,,
b0dc9fae-3fc5-47f1-91c4-5e1a6247570e,1970-07-19,,999-31-2819,S99928143,X25126492X,Mr.,Denis399,Kreiger457,,,M,white,nonhispanic,M,Boston  Massachusetts  US,1042 Krajcik Esplanade Apt 57,Norwood,Massachusetts,Norfolk County,,42.24935514566533,-71.21863554351226,1300085.28,13219.64,,
6baadff3-7bfb-438d-a2ad-94d08ec2aec6,1913-04-24,2001-11-10,999-94-4656,S99913361,X30427106X,Mrs.,Rosa195,Almaraz628,,Bravo546,M,white,hispanic,F,Santiago de los Caballeros  Santiago  DO,1083 Franecki Rapid,Fairhaven,Massachusetts,Bristol County,,41.60809523308418,-70.91679891116415,1449612.86,22522.59,,
a99ebc6a-b112-4de1-bd7f-870cc9dcd4bc,2012-06-02,,999-15-9832,,,,Shon148,Williamson769,,,,white,nonhispanic,M,Warsaw  Masovian  PL,483 Mills Dale,Medway,Massachusetts,Norfolk County,,42.179116388321,-71.46954769793349,202227.36,2412.36,,
f8cc3c7a-e023-4cbb-83d2-033781249835,1989-05-20,,999-83-6082,S99926024,X14986369X,Mrs.,Johnie961,Olson653,,Jacobs452,M,white,nonhispanic,F,Walpole  Massachusetts  US,244 Kunze Trailer,Holliston,Massachusetts,Middlesex County,,42.22156250943787,-71.44732224948856,647865.54,4266.24,,
267b1780-c181-42c8-b0c2-c0b5c7ccfd5d,1982-03-01,,999-78-2220,S99940044,X6157210X,Mr.,Benjamin360,Bahringer146,,,M,white,nonhispanic,M,Boston  Massachusetts  US,585 Von Fork Unit 70,New Bedford,Massachusetts,Bristol County,2745,41.63359626947317,-70.98763129371679,1016422.14,2796.44,,
b4169b1c-e074-499e-9c9d-f4e13c8e9ff7,2012-08-06,,999-72-9974,,,,Calandra120,Medhurst46,,,,asian,nonhispanic,F,Wareham  Massachusetts  US,683 Hamill Overpass Apt 85,Framingham,Massachusetts,Middlesex County,,42.33035009887822,-71.42153746759774,161756.08000000002,2214.04,,
3122063a-5aba-4dbe-9f84-a7e776cd4c62,1984-01-29,,999-19-2248,S99952274,X37266797X,Mrs.,Ollie731,MacGyver246,,Brakus656,M,white,nonhispanic,F,Boston  Massachusetts  US,346 Emard View,Fall River,Massachusetts,Bristol County,2790,41.58152975688136,-71.03367059620177,675376.54,8739.009999999998,,
9e8a3436-d48e-4484-8662-bdc862c1cb1c,1959-04-27,,999-52-7393,S99999765,X40873263X,Mrs.,Clementina782,Volkman526,,Wintheiser220,M,asian,nonhispanic,F,New Bedford  Massachusetts  US,803 Mitchell Mission Suite 49,Holliston,Massachusetts,Middlesex County,,42.177936030041046,-71.42534289273021,1295338.81,14125.169999999998,,
2df2d1f7-5625-4ead-ae6e-46bd064f10b5,2003-09-05,,999-95-7261,S99923942,,,Irina619,Nienow652,,,,white,nonhispanic,F,Waltham  Massachusetts  US,1043 Okuneva Route Apt 5,Somerset,Massachusetts,Bristol County,2726,41.724891927282606,-71.15182315914349,383911.81,3131.44,,
21ee8292-3382-4205-9953-8b462a66b39b,1960-12-11,,999-17-2164,S99976402,X85436090X,Mr.,Nicolás801,Mesa630,,,M,white,hispanic,M,Panama City  Panama  PA,1075 Swaniawski Burg Unit 45,West Springfield,Massachusetts,Hampden County,,42.11128880491773,-72.63679026633139,924353.36,3637.84,,
4a0ba771-8ac8-47b8-85c4-9572cb7ba9d8,1956-08-07,,999-45-3165,S99999822,X39471514X,Mr.,Hans694,Koepp521,,,M,white,nonhispanic,M,Shelburne  Massachusetts  US,114 Strosin Glen Unit 37,Fall River,Massachusetts,Bristol County,2721,41.67923601059396,-71.1399699701274,18175.37,0.0,,
f0ba4f7a-584e-46fd-9ee5-d398ddb960cd,1979-09-06,,999-33-6630,S99910328,X14161442X,Mrs.,Cecile401,Kuhlman484,,Schiller186,M,white,nonhispanic,F,Wareham  Massachusetts  US,551 Morar Approach Unit 4,New Bedford,Massachusetts,Bristol County,2745,41.70554537706954,-70.96570104427244,861175.99,8881.759999999998,,
16aa722f-6d2c-46d2-a40b-69c2097a98ce,1966-08-25,,999-76-5138,S99919703,X74362317X,Mrs.,Deanna833,Goyette777,,Beer512,M,white,nonhispanic,F,Quincy  Massachusetts  US,710 Roob Avenue Suite 55,Franklin,Massachusetts,Norfolk County,,42.075284618726336,-71.4067192732087,1235014.02,7912.5999999999985,,
8722e677-2e1b-452d-ae51-43807a7b250a,1984-07-14,,999-90-3687,S99929965,X78007776X,Ms.,Star250,Williamson769,,,S,white,nonhispanic,F,Wareham  Massachusetts  US,1045 Lemke Green,Boxborough,Massachusetts,Middlesex County,,42.523122771430415,-71.53616280542336,794730.74,9358.639999999998,,
62cc0fc7-6e80-409f-83bf-498ea396deef,1962-10-31,,999-83-3992,S99969292,X17673299X,Mr.,Myles862,Gutkowski940,,,M,white,nonhispanic,M,Beverly  Massachusetts  US,931 Gerlach View,Norton,Massachusetts,Bristol County,,41.98694042523269,-71.17751367546046,1260169.95,20515.8,,
a2c15f4b-1d21-4ce7-87a7-38f556a45dda,2002-12-02,,999-30-2014,S99970652,,,Luz785,Arteaga169,,,,white,hispanic,F,Havana  Havana  CU,379 Stroman Loaf Suite 42,Southborough,Massachusetts,Worcester County,,42.27632819674106,-71.49441630457957,466140.9,2753.16,,
8c03cb64-99da-4115-937f-339de611e629,1916-05-21,1940-04-07,999-55-6322,S99989347,X43071924X,Mr.,Trenton748,Anderson154,,,,white,nonhispanic,M,Boston  Massachusetts  US,527 Gorczany Crossroad,Worcester,Massachusetts,Worcester County,1606,42.27389483168546,-71.7440097899315,522602.22,3840.44,,
2ec93653-c68b-4ea9-9303-5fcaef84f8ba,1917-07-09,1982-10-04,999-15-7502,S99988114,X51531416X,Mrs.,Deeanna316,Koss676,,Anderson154,M,white,nonhispanic,F,Southborough  Massachusetts  US,978 Lang Quay Unit 11,Springfield,Massachusetts,Hampden County,1103,42.06739226420466,-72.60474052266474,1509672.75,9383.509999999998,,
fbf1c2c4-321a-4dd2-9d8b-28e1be34e3af,1964-03-14,,999-78-2588,S99982666,X18007260X,Mr.,Mauricio81,Predovic534,,,M,white,nonhispanic,M,Athol  Massachusetts  US,157 O'Kon Arcade,Fall River,Massachusetts,Bristol County,2721,41.6804663200494,-71.09213702342505,1354634.65,5334.52,,
a8ada03c-6b1d-4fcb-89e4-8ef63bf7e791,1917-07-09,1995-08-21,999-85-8652,S99960910,X1609428X,Mrs.,Loriann967,Torp761,,Hyatt152,M,white,nonhispanic,F,Milton  Massachusetts  US,780 Schulist Ranch,Springfield,Massachusetts,Hampden County,1105,42.14877715159388,-72.48799780270461,1304950.32,16135.429999999997,,
3b8cc201-f59f-4acd-b6ab-6a87128a6a47,1955-08-01,,999-22-8910,S99970265,X88041899X,Mr.,Isaac321,Walker122,,,S,white,nonhispanic,M,Quincy  Massachusetts  US,1094 Bailey Dam Unit 86,Somerset,Massachusetts,Bristol County,,41.72702722213846,-71.14717884512618,57955.17999999999,0.0,,
c7da1dc2-bce9-47ff-bef9-5b2a83f6dd4a,1979-01-15,,999-13-6172,S99986318,X16477357X,Mrs.,Reta616,Kreiger457,,Fahey393,M,white,nonhispanic,F,Yarmouth  Massachusetts  US,201 Ebert Mission Apt 28,Norton,Massachusetts,Bristol County,,41.961519141276376,-71.17019067401145,904939.05,9275.14,,
d5db96d5-4402-4106-bf4d-bc22f4bc41c2,1958-11-27,,999-28-2471,S99938929,X20791790X,Mr.,Tanner110,Jacobson885,,,M,white,nonhispanic,M,Westminster  Massachusetts  US,980 Parker Flat,Medway,Massachusetts,Norfolk County,,42.12007416947756,-71.41526526849366,1490450.37,10789.8,,
e91005b0-901c-4cd4-8b9e-7c25dec8c298,1937-03-07,2014-08-17,999-64-4047,S99958975,X36841618X,Mr.,Lawerence6,Ondricka197,,,M,white,nonhispanic,M,Newton  Massachusetts  US,627 Macejkovic Quay Unit 54,Dighton,Massachusetts,Bristol County,,41.870203912936944,-71.1071336683489,1461838.25,279362.79000000004,,
d218c7f8-5c17-41fe-9d68-5964af222ef2,1947-01-11,2020-03-23,999-66-7437,S99971035,X37779037X,Mr.,Nick779,Williamson769,,,M,asian,nonhispanic,M,New Bedford  Massachusetts  US,601 Osinski Flat,Framingham,Massachusetts,Middlesex County,1702,42.28617203398158,-71.43936783371078,1367578.81,10410.25,,
c412ab4d-cec2-4dc6-a3d5-257e77e1b894,1938-12-02,,999-69-2258,S99922860,X24471273X,Mrs.,Natalia964,Brito172,,Meza847,M,white,hispanic,F,Panama City  Panama  PA,897 Kuhic Park Apt 43,Milford,Massachusetts,Worcester County,1757,42.140466145711095,-71.49750676742596,1433874.3,24386.62,,
4f06d5ce-e1b8-45bf-a3b0-d20fcb2f1124,1947-01-11,,999-58-8806,S99941460,X74622802X,Mr.,Boris111,Krajcik437,,,S,asian,nonhispanic,M,Westminster  Massachusetts  US,551 Bayer Mews Apt 36,Framingham,Massachusetts,Middlesex County,,42.30812212245996,-71.43905872366787,1441876.17,15523.24,,
51296c8a-0230-4aa1-9c30-7cf326f5b97b,1937-03-07,,999-33-3601,S99980190,X18706714X,Mr.,Andrew29,Olson653,,,M,white,nonhispanic,M,Sharon  Massachusetts  US,241 Krajcik Highlands,Dighton,Massachusetts,Bristol County,,41.797060366911126,-71.14975342540592,1639865.25,21611.14,,
054d0669-cfc3-4834-9a16-361e9ba9fbe8,1958-08-28,,999-90-5339,S99936832,X41275269X,Mr.,Boyd728,Runte676,,,M,black,nonhispanic,M,Easthampton  Massachusetts  US,606 Streich Bypass Apt 13,Framingham,Massachusetts,Middlesex County,,42.32248717561527,-71.4413668584497,1562586.01,6727.759999999999,,
72706944-7830-45a2-b0b4-414dca46ef9d,2005-10-31,,999-57-6278,,,,Izetta651,Baumbach677,,,,white,nonhispanic,F,Boston  Massachusetts  US,465 Medhurst Neck,Springfield,Massachusetts,Hampden County,1103,42.13425351940245,-72.60560940815158,337351.88,4842.119999999999,,
a0f0c78d-f928-4cd7-8cae-9413e873e2f9,1985-10-23,,999-88-5668,S99944503,X16492386X,Mrs.,Laurette750,Hyatt152,,Bernhard322,M,white,nonhispanic,F,Southwick  Massachusetts  US,428 Nicolas Vista Apt 57,Fall River,Massachusetts,Bristol County,2723,41.68616977493822,-71.11958850788179,116929.88,51199.4,,
91ae2c37-c6f8-4247-a3d4-19dc6ca8f271,1917-07-09,1999-08-30,999-93-9541,S99959965,X23968022X,Mrs.,Corie618,Batz141,,O'Conner199,M,white,nonhispanic,F,Swampscott  Massachusetts  US,554 Sanford Landing,Springfield,Massachusetts,Hampden County,1108,42.07382289785661,-72.63730965541426,1461584.4300000002,17057.039999999997,,
8b985e01-aabc-4cdc-8898-afa4253a01c3,2017-06-13,,999-39-5711,,,,Jackson413,D'Amore443,,,,white,nonhispanic,M,Boston  Massachusetts  US,239 Hansen Viaduct Suite 54,Pepperell,Massachusetts,Middlesex County,1463,42.70881223379036,-71.62120244452734,81759.65,1420.76,,
e58a18ae-1b57-4ada-9297-49b52b7212fa,1976-03-06,,999-42-8588,S99923661,X68610590X,Mr.,Tom274,Feil794,,,M,asian,nonhispanic,M,Boston  Massachusetts  US,701 Jerde Frontage road,Framingham,Massachusetts,Middlesex County,1701,42.26889162584379,-71.45657181917257,1074031.74,5786.16,,
a01f5ce1-8d0b-4cc9-9e21-c615ad2f059b,1940-02-13,,999-71-5948,S99974341,X11267090X,Mrs.,Mandy775,Hermann103,,Kulas532,M,white,nonhispanic,F,Hubbardston  Massachusetts  US,175 Murphy Alley Apt 2,Northbridge,Massachusetts,Worcester County,,42.15255772635122,-71.67738562258688,1485664.58,22319.21,,
99b6be4c-b7eb-4c06-8ae5-3d1ffa89d713,1967-04-21,,999-37-7083,S99957586,X37094300X,Mr.,Jermaine675,Nolan344,,,M,white,nonhispanic,M,Taunton  Massachusetts  US,106 Osinski Corner,Somerset,Massachusetts,Bristol County,,41.75098250954377,-71.13317209734093,1344908.82,5657.839999999999,,
0fd916d9-8c01-4f71-8d5f-34ff0b158f04,1936-10-10,2014-04-15,999-25-7648,S99929811,X53856337X,Mrs.,Hollis7,Von197,,Ledner144,M,white,nonhispanic,F,Salem  Massachusetts  US,411 Yundt Quay Suite 38,Somerset,Massachusetts,Bristol County,,41.780634497799056,-71.1170470754825,1512451.31,14047.009999999998,,
10032344-7449-44e7-b8c8-1c78ded5d4c0,1932-04-18,2011-03-20,999-15-4476,S99922016,X50273715X,Mrs.,Emelina469,Rempel203,,Carroll471,M,white,nonhispanic,F,Northfield  Massachusetts  US,553 McCullough Vale Suite 94,Springfield,Massachusetts,Hampden County,1119,42.102373715672464,-72.56412982680838,1384579.5,15411.1,,
8825f413-f4a1-47c2-a17c-e576b748f9dc,1979-01-08,,999-81-8841,S99927232,X54419078X,Mrs.,Jennine355,Windler79,,Hermiston71,M,white,nonhispanic,F,Somerville  Massachusetts  US,395 Koepp Path,Fall River,Massachusetts,Bristol County,2721,41.77057973873542,-71.07759732157322,946941.23,5711.119999999999,,
ba689cbc-499a-4b5b-b7ca-f2ceb9d85057,1980-06-20,,999-84-3183,S99924167,X3517740X,Mr.,Mike230,Kohler843,,,M,white,nonhispanic,M,Fall River  Massachusetts  US,642 Hilll Loaf,Holliston,Massachusetts,Middlesex County,,42.19634994827199,-71.4685843073519,1011307.84,3974.64,,
dfe7b71c-2e0e-4246-8b48-108f38dcb29b,1936-10-10,,999-44-6917,S99977116,X22855039X,Ms.,Mabelle762,Morissette863,,,S,white,nonhispanic,F,Medford  Massachusetts  US,462 Considine Neck Apt 26,Somerset,Massachusetts,Bristol County,2726,41.76187542910085,-71.17074063376647,1599082.32,17482.46,,
e00f7851-bf72-41fb-97c7-ba4e396fc6e6,1950-12-19,,999-89-2216,S99998731,X54992464X,Mr.,Willis868,Hoeger474,,,M,white,nonhispanic,M,Boston  Massachusetts  US,353 Green Street Apt 38,New Bedford,Massachusetts,Bristol County,2743,41.74835151574837,-70.9191938397597,1370447.13,9435.86,,
df15cd69-aa94-4a6b-b59b-10a97e7e0e4b,1966-08-07,,999-11-4192,S99967685,X2034747X,Mr.,Colton403,Hodkiewicz467,,,M,white,nonhispanic,M,Westwood  Massachusetts  US,576 Denesik Gate,Franklin,Massachusetts,Norfolk County,2038,42.04704232043425,-71.44187837006504,1114927.26,5575.24,,
fd611562-52cf-4eed-ae1d-5eb03e363d27,1932-04-18,,999-78-5363,S99962935,X34598708X,Mrs.,Melodee943,Jacobson885,,Kuhlman484,M,white,nonhispanic,F,Cambridge  Massachusetts  US,115 Schowalter Crossing,Springfield,Massachusetts,Hampden County,1128,42.10483437251037,-72.58593667159022,1506885.66,33790.439999999995,,
00f57779-3021-4100-80ab-b7bf638b7c70,1987-08-27,,999-26-6600,S99978216,X53703829X,Mr.,Ted955,Ankunding277,,,M,black,hispanic,M,Peabody  Massachusetts  US,455 Gleichner Tunnel,Springfield,Massachusetts,Hampden County,1104,42.09335727850793,-72.47736499605105,872113.17,3810.56,,
3d031203-2085-4512-83f2-4ecda1b74c85,1954-06-08,2020-03-25,999-89-1496,S99918572,X55351810X,Mr.,Troy560,Bahringer146,,,M,white,nonhispanic,M,Longmeadow  Massachusetts  US,305 Weber Burg,Fall River,Massachusetts,Bristol County,2790,41.624612903705824,-71.04985929429853,1611284.2,15356.839999999998,,
20532b71-0b68-45f2-93ad-8e880acca657,1973-06-20,,999-64-7704,S99980367,X28507233X,Mr.,Leland44,Wolff180,,,M,asian,nonhispanic,M,Weymouth  Massachusetts  US,630 Donnelly Trace,Hopkinton,Massachusetts,Middlesex County,,42.17947257702421,-71.50639392039196,1082103.48,4884.56,,
6216371d-a8e6-4628-a0e1-0cfb103fea52,2016-04-17,,999-17-6544,,,,Santo387,Kohler843,,,,white,nonhispanic,M,Stoughton  Massachusetts  US,139 Dickens Gate,Medway,Massachusetts,Norfolk County,,42.17573806411516,-71.39219732864115,111620.0,1679.08,,
b9444dd9-ff71-4fbd-97f5-d29fa211ac8a,1998-10-12,,999-12-3448,S99957868,X72782039X,Ms.,Ninfa662,Jones311,,,,white,nonhispanic,F,Somerville  Massachusetts  US,152 Hirthe Trailer Apt 21,Fall River,Massachusetts,Bristol County,2723,41.63552132781713,-71.03266314277295,551306.13,3486.4,,
72a736b9-80de-4564-9c5d-83d452cd7a31,1967-09-15,,999-69-2286,S99937966,X64051514X,Mr.,Leandro563,Wyman904,,,M,white,hispanic,M,Fall River  Massachusetts  US,603 Bailey Skyway,Hopedale,Massachusetts,Worcester County,,42.16967307925437,-71.53561516143006,1219549.27,5960.28,,
e573f946-3e5c-451c-9429-e3b4ddf4c39b,1954-06-08,,999-27-4681,S99932422,X13961411X,Mr.,Thaddeus38,Prosacco716,,,M,white,nonhispanic,M,Lakeville  Massachusetts  US,794 Witting Parade,Fall River,Massachusetts,Bristol County,2724,41.731207326859966,-71.06896534610895,1585791.75,7544.32,,
801090c0-c078-4e54-887c-f00c61c0708f,2015-10-04,,999-35-9201,,,,Alysia661,Monahan736,,,,asian,nonhispanic,F,Revere  Massachusetts  US,1095 Beer Mill,Framingham,Massachusetts,Middlesex County,1701,42.33534747818591,-71.40187773532372,123916.25,1679.08,,
36e3c577-b0c0-4180-b853-c619684e4e28,1988-04-05,,999-13-1471,S99911651,X8113905X,Mrs.,Ebony669,Beer512,,Crooks415,M,white,nonhispanic,F,Boston  Massachusetts  US,234 Lind Skyway,Natick,Massachusetts,Middlesex County,,42.30169761027366,-71.38182684875073,720718.28,4123.759999999999,,
f0dc764b-5fc4-463a-b8bc-e4dbe5b3452e,1973-12-09,,999-24-6881,S99990483,X33909078X,Mr.,Gino587,Orn563,,,M,white,nonhispanic,M,Quincy  Massachusetts  US,780 Frami View Suite 42,Framingham,Massachusetts,Middlesex County,1702,42.23628328245462,-71.39600466748249,1182012.59,4302.12,,
00d4e676-415d-4581-aba0-3258bf845a4e,1984-10-16,,999-43-3732,S99998798,X56840659X,Mrs.,Vernell410,Wintheiser220,,Casper496,M,white,nonhispanic,F,Belchertown  Massachusetts  US,104 Rice Avenue Suite 40,New Bedford,Massachusetts,Bristol County,2740,41.52478719357829,-70.9901982223145,485217.71,3476.53,,
bd521586-8ac4-4f88-b2fd-bb86a5f0a181,1972-11-11,,999-87-9207,S99990649,X58643864X,Mrs.,Birgit199,Barton704,,Von197,M,white,nonhispanic,F,Lynn  Massachusetts  US,215 Lind Estate Suite 97,Raynham,Massachusetts,Bristol County,,41.938613776903125,-71.03807019417395,939168.27,7877.219999999999,,
2842b983-c9d4-40f2-a9c9-e1404d144203,1971-01-09,,999-50-6376,S99950515,X44203003X,Mrs.,Mila257,Lakin515,,Altenwerth646,M,white,nonhispanic,F,Attleboro  Massachusetts  US,928 Okuneva Wynd,Bellingham,Massachusetts,Norfolk County,2019,42.05587634519716,-71.43745837371841,1138996.38,5781.16,,
44e0c001-c208-4777-acbe-022aa029e6a5,2013-10-19,,999-54-2888,,,,Marylouise236,Medhurst46,,,,white,hispanic,F,Auburn  Massachusetts  US,853 Price Brook Suite 56,Southborough,Massachusetts,Worcester County,,42.24977195528725,-71.49967430160619,160564.41999999998,2322.36,,
41f44452-957e-49fa-b66f-2328a393938f,1961-10-21,,999-68-7993,S99977376,X65578714X,Mr.,Eugenio846,Schuster709,,,M,white,nonhispanic,M,Worcester  Massachusetts  US,951 Fritsch Tunnel,Springfield,Massachusetts,Hampden County,1151,42.06553578165277,-72.61422777946885,1484234.15,6192.799999999999,,
01e949e1-ccb9-401c-8a13-d5f548f210dd,1971-10-02,2020-03-19,999-39-6118,S99972746,X70273005X,Mrs.,Fredericka800,Eichmann909,,Hirthe744,M,white,nonhispanic,F,Needham  Massachusetts  US,293 Harber Street,Norton,Massachusetts,Bristol County,,41.919474575289776,-71.16893519841392,1261195.69,6356.33,,
fb933a49-bce8-426f-9399-7f6432107bdf,1940-11-25,,999-16-7170,S99995002,X5232688X,Mr.,Ezra452,Price929,,,S,white,nonhispanic,M,Boston  Massachusetts  US,551 Price Port,Framingham,Massachusetts,Middlesex County,1702,42.32656507041306,-71.43679408391118,1644115.98,19592.45,,
035babbf-c6a5-4092-8e10-05174e49a554,1983-01-10,,999-35-2441,S99947090,X29864132X,Mr.,Herb645,Rohan584,,,M,white,nonhispanic,M,Reading  Massachusetts  US,408 Schumm Road Apt 66,Franklin,Massachusetts,Norfolk County,,42.09030328812241,-71.45841023744728,948736.15,3619.68,,
34458f80-11f2-42fa-875a-c99167b9b3e4,1971-10-02,,999-18-9436,S99935396,X38376905X,Mrs.,Gia583,Beatty507,,Hauck852,M,white,nonhispanic,F,Cambridge  Massachusetts  US,637 Upton Mall,Norton,Massachusetts,Bristol County,,42.00024200502405,-71.16898032331972,1044401.57,16013.14,,
adf60600-5693-4e33-bb28-cec79aec92a0,1996-02-12,,999-32-5511,S99919460,X41135314X,Mr.,Francisco472,Rico947,,,,white,hispanic,M,Tegucigalpa  Francisco Morazán  HN,995 Nolan Viaduct,East Longmeadow,Massachusetts,Hampden County,,42.08877530304685,-72.50827992109681,506337.39,6140.119999999998,,
03ae37d9-861a-4bbc-8ea7-fcfe0f4d9c85,1986-12-10,,999-21-4831,S99937336,X55901213X,Mr.,Edison640,Satterfield305,,,M,white,nonhispanic,M,Hatfield  Massachusetts  US,750 Renner Meadow Unit 81,Hampden,Massachusetts,Hampden County,,42.03516860217724,-72.43573804071539,889535.4,2648.12,,
6bcc51eb-cac7-444c-be39-88283bd54cfe,2012-10-17,,999-16-4794,,,,Edison640,Greenfelder433,,,,white,nonhispanic,M,Amherst  Massachusetts  US,380 Shanahan Mill,Sudbury,Massachusetts,Middlesex County,,42.34583554439825,-71.44806538878939,26975.41,714.9599999999999,,
10e4c2ec-bc54-4bbc-8cca-d550ef28a61e,1995-06-23,,999-47-6891,S99957843,X75156637X,Ms.,Rana586,Leannon79,,,,asian,nonhispanic,F,Holyoke  Massachusetts  US,647 Hilpert Harbor Suite 51,Framingham,Massachusetts,Middlesex County,,42.276869956699976,-71.42444238716321,9554.0,0.0,,
06fea317-8464-4ef2-932a-591d6e428088,2014-04-13,,999-46-1401,,,,Alda400,Rogahn59,,,,white,nonhispanic,F,Rockland  Massachusetts  US,503 O'Conner Forge,Holliston,Massachusetts,Middlesex County,,42.15322954712448,-71.42860510319493,136150.98,3411.14,,
4e32f581-0f8b-4f6a-bc55-eec46ea1969e,1961-05-14,,999-60-8699,S99943656,X18710448X,Mr.,Santo387,Skiles927,,,M,white,nonhispanic,M,Springfield  Massachusetts  US,127 Lockman Meadow,Somerset,Massachusetts,Bristol County,,41.745081070409,-71.20853021442964,1211300.65,4616.16,,
092ed679-5e57-4b12-a342-d7ea88b7bb90,1956-10-22,,999-62-2674,S99926457,X88393867X,Mrs.,Noma845,Harber290,,Hickle134,M,asian,nonhispanic,F,Malden  Massachusetts  US,915 Bartell Bridge Apt 90,Harvard,Massachusetts,Worcester County,,42.46567479623393,-71.58216328311507,1391572.9,11427.2,,
4c6dfd4c-e081-4b8e-9774-6d1f0972af89,1975-03-21,2008-11-04,999-35-4335,S99922509,X47612918X,Mr.,Napoleon578,Collier206,,,M,white,nonhispanic,M,Melrose  Massachusetts  US,488 Swift Vale,Fall River,Massachusetts,Bristol County,2724,41.70211507367425,-71.15319902632176,51938.76,0.0,,
018ce255-298d-44e3-9a3b-4e144252cc6c,1975-03-21,,999-90-5570,S99925810,X6313621X,Mr.,Max124,Berge125,,,M,white,nonhispanic,M,Tyngsborough  Massachusetts  US,518 Ullrich Meadow Unit 92,Fall River,Massachusetts,Bristol County,2790,41.6341379676942,-71.05082394731949,47596.5,0.0,,
34fa6d0f-c354-4c83-85c2-6464bc45e2d1,1973-09-30,,999-35-2776,S99949893,X85509969X,Mr.,Douglass930,Altenwerth646,,,M,white,nonhispanic,M,Topsfield  Massachusetts  US,918 Wisozk Avenue Apt 41,Taunton,Massachusetts,Bristol County,2718,41.91903500156126,-71.08078784119832,1236792.07,3148.08,,
92842b0a-b4e9-4c05-b92e-91b363786de1,2015-06-26,,999-24-1048,,,,Milton509,Corkery305,,,,white,nonhispanic,M,Burlington  Massachusetts  US,984 Bernier Rest Apt 55,Framingham,Massachusetts,Middlesex County,1702,42.36899658831877,-71.40812880091976,124147.56,1955.72,,
1d6142c1-07b1-4939-b559-95a274ec6977,1990-07-08,,999-56-2642,S99996080,X40479507X,Mrs.,Misha8,Harvey63,,Bednar518,M,white,hispanic,F,Revere  Massachusetts  US,713 Upton Bypass,Bridgewater,Massachusetts,Plymouth County,2324,41.92577427022475,-70.9435134922252,684373.13,4107.12,,
86938094-8162-49b0-ba38-ffee71757e31,1975-05-04,1977-04-23,999-56-8790,,,,Ciara810,Ondricka197,,,,white,nonhispanic,F,Hanover  Massachusetts  US,846 Beahan Divide,Hopkinton,Massachusetts,Middlesex County,,42.22038799433177,-71.49166382467772,56011.64,667.4399999999999,,
3972d521-f546-4901-a0ea-a7c4a94c6655,1958-07-19,,999-11-8355,S99978927,X11836747X,Mrs.,Kasha638,Von197,,Upton904,M,white,nonhispanic,F,Springfield  Massachusetts  US,125 Haley Trafficway Unit 73,Southborough,Massachusetts,Worcester County,,42.26000695965408,-71.50690801015813,911788.92,13677.549999999996,,
eb451257-0d42-4546-a364-679335e68dc3,1991-08-05,,999-77-3091,S99979798,X49489032X,Mrs.,Kristle148,Yost751,,Schoen8,M,white,nonhispanic,F,Boston  Massachusetts  US,619 Kuhic Promenade Apt 73,New Bedford,Massachusetts,Bristol County,2747,41.652234512364,-70.95413572034796,772150.04,2738.96,,
4065b59a-a681-4c67-b67a-1560f4bca8bf,1990-05-25,1994-09-09,999-86-7833,,,,Lacy523,Cremin516,,,,white,nonhispanic,M,Brookline  Massachusetts  US,822 Zboncak Street,Springfield,Massachusetts,Hampden County,1128,42.12345073809719,-72.60144194428223,14200.0,2805.94,,
9312f407-ac75-483f-9256-080ea3f609b8,1998-05-31,,999-35-2502,S99988551,X14388965X,Mr.,Buddy254,Kautzer186,,,,white,nonhispanic,M,Lynn  Massachusetts  US,1000 Heidenreich Port,Framingham,Massachusetts,Middlesex County,,42.34327067943453,-71.47570923519534,585120.84,2994.8,,
07c3e1bf-27a1-4072-8104-8a9dbe2fea8e,1955-08-11,,999-38-2538,S99988845,X41546280X,Mrs.,Billye739,McKenzie376,,Daniel959,M,white,nonhispanic,F,Chelsea  Massachusetts  US,367 Smitham Mews Apt 73,Raynham,Massachusetts,Bristol County,,41.97413330027089,-71.06573304217088,1541868.9,11344.759999999998,,
fbd9eee3-c6e7-4388-9aaf-793529c953c2,1955-01-08,,999-44-1645,S99973290,X32652829X,Mr.,Colby655,Schaden604,,,S,white,nonhispanic,M,Haverhill  Massachusetts  US,680 Raynor Vale,Townsend,Massachusetts,Middlesex County,,42.67414329088393,-71.67658114006723,1574738.57,8082.599999999999,,
b4935bd3-ef1f-4e1f-97b8-d7f45cf1651e,1973-07-01,,999-93-6591,S99970230,X50687548X,Mr.,Russel238,Crist667,,,M,white,nonhispanic,M,Medford  Massachusetts  US,212 Heller Park,Littleton,Massachusetts,Middlesex County,,42.4887197138121,-71.50552370062957,1130694.6,4367.92,,
4a3e3a4a-4ed8-40be-8862-6d2a680500a8,1962-12-11,,999-46-6430,S99921542,X1450671X,Mr.,Nathanael908,Romaguera67,,,M,white,nonhispanic,M,Cambridge  Massachusetts  US,546 Kuvalis Trafficway Apt 71,Springfield,Massachusetts,Hampden County,1129,42.14338561639525,-72.57231858200687,28725.08,0.0,,
14c47e14-8f0b-4885-b5bc-9cca1e6231d0,1970-08-09,,999-45-9438,S99932897,X89947052X,Ms.,Sang383,Hayes766,,,S,white,nonhispanic,F,Rome  Lazio  IT,470 Jones Meadow Suite 58,Bridgewater,Massachusetts,Plymouth County,2324,41.93361112329362,-70.95158905819646,1047042.87,5872.719999999999,,
019505ce-1508-4c59-b34a-0a5626e403b2,1967-05-02,,999-64-9218,S99949821,X56098426X,Mrs.,Lauralee67,Bruen238,,Bogisich202,M,white,nonhispanic,F,Easton  Massachusetts  US,168 Barrows Rapid,Townsend,Massachusetts,Middlesex County,1469,42.688778148567,-71.69005851270045,1269653.27,5604.52,,
ced7b92b-e348-4bf3-924a-7b0bdce1cff8,1964-09-11,,999-72-6119,S99928845,X75747521X,Mr.,Elton404,Satterfield305,,,M,white,hispanic,M,Everett  Massachusetts  US,354 Erdman Crossroad,Milton,Massachusetts,Norfolk County,2186,42.229052835383314,-71.13207995668611,1213651.37,15292.83,,
bdad8658-ac1c-42f4-a127-e5880eb54ef3,1966-06-18,2020-03-09,999-92-3016,S99983062,X15292327X,Mr.,Mariano761,Fisher429,,,M,white,nonhispanic,M,Boston  Massachusetts  US,156 Mohr Loaf,Springfield,Massachusetts,Hampden County,1107,42.15860204218637,-72.57771207270527,169470.7,16385.22,,
80a373fc-3815-48c3-9f25-2e915ee5a816,1934-04-01,,999-25-4202,S99975612,X12800937X,Mrs.,Wan724,Barton704,,Williamson769,M,white,nonhispanic,F,Grafton  Massachusetts  US,399 Rice Track,Dennis,Massachusetts,Barnstable County,2638,41.75483683375737,-70.18338923251031,1406849.15,23666.43,,
9a966548-5d23-498d-a5a4-9ff8c3dd30ab,1966-06-18,,999-38-2661,S99987198,X26010488X,Mr.,Herb645,Hackett68,,,S,white,nonhispanic,M,Webster  Massachusetts  US,696 Greenholt Forge,Springfield,Massachusetts,Hampden County,1151,42.0991657549892,-72.48054615554166,174507.1,23004.98,,
4bcb07e1-93c6-49cf-99c4-d02d7d79d721,1953-04-07,,999-29-4512,S99926950,X84776137X,Mr.,Morton637,Harvey63,,,M,white,nonhispanic,M,Yarmouth  Massachusetts  US,436 Reinger Avenue,Swansea,Massachusetts,Bristol County,,41.79424354403906,-71.17809042316772,1350591.51,6360.62,,
c0317904-eb8a-46c3-9c4c-7b1c3babdec7,1989-01-30,,999-94-9634,S99919206,X13386967X,Mr.,Chadwick722,Jast432,,,M,white,nonhispanic,M,Taunton  Massachusetts  US,149 McGlynn Lock,Springfield,Massachusetts,Hampden County,1128,42.14661057516194,-72.53713557050372,6721.67,0.0,,
9f5a8df3-74f8-407c-bc50-e3e71ffaab36,2015-11-01,,999-98-3557,,,,Theodore876,Konopelski743,,,,white,nonhispanic,M,Holyoke  Massachusetts  US,508 Goyette Terrace,Wayland,Massachusetts,Middlesex County,,42.34400072511817,-71.34266085388883,14084.98,1577.4,,
32ca9d57-fb27-49ad-b333-e0e54b2b31f8,2001-01-22,,999-38-2732,S99936426,,Mr.,Lucas404,Lockman863,,,,white,nonhispanic,M,Webster  Massachusetts  US,247 Lehner Promenade,New Bedford,Massachusetts,Bristol County,2747,41.69228990495584,-70.97374932658926,493078.28,3458.92,,
e9d2f349-1b0e-45c8-b3f8-1fb7e595cd75,1961-05-30,,999-35-1001,S99932208,X30934403X,Mrs.,Jayne73,Lebsack687,,Heaney114,M,white,nonhispanic,F,Lawrence  Massachusetts  US,128 Schuppe Brook,Fall River,Massachusetts,Bristol County,2723,41.70490606041686,-71.16993417125867,1188185.33,10969.409999999998,,
4dd41862-dd88-44b7-93da-f75a4b8e9296,1936-11-17,1990-11-06,999-87-9300,S99922058,X21900976X,Mr.,Lewis216,Johnston597,,,M,white,nonhispanic,M,Springfield  Massachusetts  US,256 Roberts Grove,New Bedford,Massachusetts,Bristol County,2748,41.659139475070745,-70.92253376549306,223979.05000000008,370.8,,
fba8b930-0f07-4d88-b862-bdf37b9494c0,1944-11-08,2020-03-20,999-21-7839,S99917028,X76519705X,Mr.,Wilbur107,Zulauf375,,,M,white,hispanic,M,North Andover  Massachusetts  US,723 Bednar Village,Northborough,Massachusetts,Worcester County,1532,42.311454873060896,-71.62585573017672,1895651.74,43477.53,,
9f1e04cb-5614-479c-9025-42b843bfd2a2,1944-08-03,1963-01-01,999-53-5820,S99986340,,Mr.,Rudolph554,Heidenreich818,,,,white,nonhispanic,M,New Bedford  Massachusetts  US,1086 Armstrong Light Suite 87,Fall River,Massachusetts,Bristol County,2721,41.67758464809905,-71.12019576176854,6055.02,0.0,,
50271df1-a7d0-4435-ba9a-e5c22d8b41fe,2017-03-07,,999-36-1974,,,,Loyce848,Marquardt819,,,,white,hispanic,F,Brookline  Massachusetts  US,751 Bednar Common,Holliston,Massachusetts,Middlesex County,,42.157182875812296,-71.44054024802547,75715.20999999999,1539.08,,
20f29a5f-b1f6-438c-a0f6-6114327d77f2,1981-04-01,,999-71-6809,S99956809,X47959999X,Mr.,Stephan15,Trantow673,,,M,white,hispanic,M,Bedford  Massachusetts  US,376 Wilderman Tunnel Suite 12,Sudbury,Massachusetts,Middlesex County,,42.38442430282031,-71.43960525832972,805555.0,3442.12,,
b6b3bb78-dc5b-4564-bb15-fcf04133f2c7,1944-08-03,2010-02-13,999-10-8701,S99933786,X58582673X,Mr.,Louie190,Wiza601,,,M,white,nonhispanic,M,Norwood  Massachusetts  US,820 Yundt Grove Apt 3,Fall River,Massachusetts,Bristol County,2723,41.707440498280754,-71.10476219138903,48816.0,1426.53,,
9b5f65b0-887f-4195-9652-4e1855d66e97,1936-11-17,,999-93-9764,S99932281,X66049184X,Mr.,Marshall526,Cassin499,,,M,white,nonhispanic,M,Ashland  Massachusetts  US,703 Hilll Common Apt 65,New Bedford,Massachusetts,Bristol County,2745,41.67306306745166,-70.93450218437995,1390729.73,7879.14,,
a22bc1f0-6509-4acf-84f4-2cfc6c971842,2009-03-23,,999-23-4110,,,,Douglass930,Kautzer186,,,,white,nonhispanic,M,Attleboro  Massachusetts  US,161 Abernathy Camp Suite 71,Fall River,Massachusetts,Bristol County,2790,41.63913268036535,-71.12463625492363,26443.25,645.8,,
28af8c26-05f9-41d5-ba13-ab21d57c502f,1956-12-03,,999-11-1874,S99963142,X23785895X,Mrs.,Gladys682,Herzog843,,Lakin515,M,white,hispanic,F,Agawam  Massachusetts  US,586 Schamberger Arcade,Milford,Massachusetts,Worcester County,1757,42.15962689671905,-71.50250282234813,1379699.34,10116.259999999998,,
fd015c56-a25d-4858-b0f9-79237e3e2b32,1944-08-03,2004-09-25,999-17-9476,S99961033,X3823435X,Mr.,Elroy493,Johns824,,,M,white,nonhispanic,M,Warren  Massachusetts  US,105 Denesik Flat Unit 38,Fall River,Massachusetts,Bristol County,2723,41.65196262556486,-71.15048944780607,27588.7,0.0,,
519ad465-1841-4a05-bd33-7f6be0c60e49,1962-04-23,,999-91-1364,S99996489,X23412631X,Mr.,Elton404,Harber290,PhD,,M,native,nonhispanic,M,Springfield  Massachusetts  US,167 Hilpert Path,Springfield,Massachusetts,Hampden County,1020,42.12280149667619,-72.62041532630714,1197465.76,4517.84,,
5b2ff967-0f46-4016-914b-c32cf772efa9,1944-08-03,,999-34-7624,S99916198,X13614107X,Mr.,Steven797,Ziemann98,,,S,white,nonhispanic,M,Westfield  Massachusetts  US,153 Bartoletti Mission Unit 90,Fall River,Massachusetts,Bristol County,,41.765620126452376,-71.0872161457735,62960.46,7836.42,,
7a0c5a26-ce6e-4575-96e9-1bbdf6453924,1951-11-13,,999-51-5920,S99941553,X50842584X,Mrs.,Gretta175,Hagenes547,,Boyer713,M,white,nonhispanic,F,Concord  Massachusetts  US,952 Emard Knoll,Acton,Massachusetts,Middlesex County,,42.512977596516734,-71.44021346129779,1355812.25,13255.699999999995,,
28a2ff0b-e871-4b59-9a81-2c11b153d74c,1991-07-31,,999-80-7192,S99916216,X47317743X,Mr.,Raúl937,Barragán638,,,M,black,nonhispanic,M,Puebla  Puebla  MX,977 Walker Station,Middleborough,Massachusetts,Plymouth County,,41.91482927055704,-70.87962520625099,767459.9,2738.96,,
f04a5114-6a70-4c4d-94f0-eaeedcd69a6f,1969-07-16,,999-93-6075,S99967266,X74918669X,Ms.,Sybil495,Hilpert278,,,S,white,nonhispanic,F,Milford  Massachusetts  US,187 Mosciski Trafficway,Bellingham,Massachusetts,Norfolk County,2019,42.0298966860904,-71.4981456804027,170556.15,33318.35,,
02ed826e-8373-4be1-9d98-30ac94fd7de0,1974-07-28,,999-86-8547,S99991054,X21235948X,Mr.,Milan77,Reynolds644,,,M,white,nonhispanic,M,Springfield  Massachusetts  US,768 Kovacek Mill,Norton,Massachusetts,Bristol County,,41.91882487951541,-71.14950092829669,1162719.97,8875.84,,
0dfaeb6f-8230-4584-958d-259d4e00c4b0,1999-08-03,,999-84-8454,S99937311,X62084579X,Ms.,Maggie320,Feest103,,,,white,nonhispanic,F,Lexington  Massachusetts  US,487 Ziemann Parade,Uxbridge,Massachusetts,Worcester County,,42.08338296628407,-71.66827851569211,451126.24,8794.609999999999,,
0b30e2a0-6c7d-48fe-8f21-500223f267d6,1946-12-23,,999-44-6768,S99958612,X75798689X,Mr.,Michel472,Beahan375,MD,,M,white,nonhispanic,M,Malden  Massachusetts  US,424 Hagenes Forge Apt 78,Medway,Massachusetts,Norfolk County,,42.12424570826555,-71.47641124429319,1537070.5,10003.97,,
5b53f6c0-0c15-44c3-9d46-6c0d3f06877c,1972-02-12,,999-83-7580,S99923016,X72162511X,Mrs.,Tina856,Grimes165,,McClure239,M,white,nonhispanic,F,Auburn  Massachusetts  US,465 Paucek Arcade,Freetown,Massachusetts,Bristol County,,41.74073352658741,-71.02905791695947,1003791.81,7846.69,,
77374748-02b8-4e85-884f-4880bf6aade4,1978-06-23,,999-67-9032,S99924733,X82258811X,Mrs.,Teresa94,Ayala238,,Valverde277,M,white,hispanic,F,Caguas  Puerto Rico  PR,937 Willms Rapid Unit 91,Swansea,Massachusetts,Bristol County,,41.79351202155316,-71.19112551005485,919959.14,12387.879999999996,,
c644fdac-f993-4599-8258-c57c17ee69fd,1972-11-06,,999-95-2681,S99947480,X74464364X,Mrs.,Jerilyn993,Kreiger457,,Gislason620,M,white,nonhispanic,F,Milton  Massachusetts  US,877 Lowe Forge,Taunton,Massachusetts,Bristol County,,41.97697998633727,-71.03756125265525,993173.48,10616.479999999998,,
7cfa4e19-4963-4342-a23d-837158683438,1994-01-15,,999-73-7945,S99912308,X52890123X,Mr.,Myles862,Nader710,,,,white,nonhispanic,M,Dartmouth  Massachusetts  US,1026 Rogahn Junction Apt 70,Maynard,Massachusetts,Middlesex County,1754,42.425840219687416,-71.42107145296144,605436.14,3125.56,,
01936601-631d-4f32-b3ab-e70163b6b436,2017-11-07,,999-98-5121,,,,Sherika987,Lowe577,,,,white,nonhispanic,F,Arlington  Massachusetts  US,762 Stracke Tunnel Unit 12,Framingham,Massachusetts,Middlesex County,,42.254891648854176,-71.40019246704345,23186.74,645.8,,
a0f47384-c40f-4386-8075-cd8ceb37df37,1968-09-30,,999-36-3925,S99948080,X61438099X,Mrs.,Leonor133,Bogan287,,Homenick806,M,white,nonhispanic,F,Ludlow  Massachusetts  US,192 Glover Way,Middleborough,Massachusetts,Plymouth County,,41.9043721926772,-70.88957599846218,1117522.74,11384.29,,
ae1b23d6-6a25-4efb-8eda-0ead2679709d,1994-08-21,,999-78-3388,S99930021,X54828205X,Mr.,Kirk871,Cummings51,,,,white,nonhispanic,M,Franklin  Massachusetts  US,875 Buckridge Course,Berkley,Massachusetts,Bristol County,,41.81762262382176,-71.04838469902027,697026.7,2774.8,,
938095bb-77de-4e02-953d-c3c674d5f58c,1964-08-01,,999-89-2074,S99918054,X6599187X,Ms.,Elfreda431,Satterfield305,,,S,white,nonhispanic,F,Revere  Massachusetts  US,1055 Kunze Center,New Bedford,Massachusetts,Bristol County,,41.7092986410965,-70.9681773945796,1129338.06,13551.94,,
1a3b038f-0aa1-4034-bfb4-49cf417a3a28,1955-08-17,1981-11-24,999-73-3159,S99992245,X58116592X,Ms.,Gilma310,Mosciski958,,,,white,nonhispanic,F,Southwick  Massachusetts  US,1079 Ullrich Frontage road,Freetown,Massachusetts,Bristol County,,41.79268320491773,-71.05685115347019,573893.9,4447.039999999999,,
5a6f70a8-db34-44d8-be8d-a801b86e7c35,1986-07-16,,999-36-5404,S99921055,X66319756X,Mrs.,Lara964,Hammes673,,Streich926,M,white,nonhispanic,F,Weymouth  Massachusetts  US,404 Willms Estate Suite 61,Natick,Massachusetts,Middlesex County,,42.29663118065539,-71.348343285147,668668.57,7284.199999999999,,
3791af16-3efa-4c76-99fc-54ee87229b82,1971-12-16,,999-82-4793,S99937811,X13391798X,Mrs.,Marylin690,Collier206,,Hauck852,M,black,nonhispanic,F,Boston  Massachusetts  US,667 Pollich Annex,Taunton,Massachusetts,Bristol County,,41.86685398980264,-71.04476842297326,30160.2,3439.6799999999994,,
ee512999-f5c5-407c-bd4f-4fa8cc2ad13b,1955-08-17,,999-17-1473,S99910039,X46933039X,Mrs.,Tawanna466,Murazik203,,Little434,M,white,nonhispanic,F,Springfield  Massachusetts  US,943 Hudson Landing,Freetown,Massachusetts,Bristol County,,41.81735373189719,-71.01611824819284,1402223.86,24821.9,,
b9dab38c-ef2d-40a1-bd63-44e52f5a0014,1974-04-18,,999-17-5426,S99965628,X86601743X,Mrs.,Joella167,Ratke343,,Stoltenberg489,M,white,nonhispanic,F,Mendon  Massachusetts  US,901 Gusikowski Annex Suite 61,Ayer,Massachusetts,Middlesex County,1432,42.49522092383158,-71.59789915984635,1026293.51,7236.799999999999,,
00c4a300-1dd2-40cb-a7c5-98d8dbb5e5d0,1910-01-16,2014-09-15,999-84-4772,S99930439,X12678986X,Mr.,Adolfo777,Cormier289,,,M,white,nonhispanic,M,Lowell  Massachusetts  US,885 Douglas Trailer Unit 36,Franklin,Massachusetts,Norfolk County,2038,42.08038894575631,-71.42180765954112,1863152.06,223228.94,,
f029af32-8eb1-4e07-9595-36bfeb74c97c,1946-02-03,,999-92-8901,S99965003,X34102622X,Mrs.,Shaunna800,Zboncak558,,Turcotte120,M,white,nonhispanic,F,Fall River  Massachusetts  US,950 Sawayn Haven Apt 6,Westport,Massachusetts,Bristol County,,41.531822788891,-71.1285092083641,1483455.31,20032.24,,
de2841f9-ca5e-4a82-865d-b972ca0c7fc3,1950-11-26,,999-62-5920,S99986172,X24119613X,Mrs.,Christy428,Spinka232,,Volkman526,M,white,nonhispanic,F,Boston  Massachusetts  US,1059 Stiedemann Lodge,Milford,Massachusetts,Worcester County,1757,42.15815770699586,-71.50744482705561,1659675.35,9898.37,,
637ff61b-d67b-4052-86cc-b8a56251ade1,1965-10-16,,999-34-7903,S99947532,X89067166X,Mr.,Kelley882,Little434,,,M,white,nonhispanic,M,Lowell  Massachusetts  US,956 Purdy Track,Middleborough,Massachusetts,Plymouth County,,41.8753663409578,-70.9068725792354,1185188.29,4303.719999999999,,
dfc01155-0a85-49d3-9f90-bea3cb73959c,1987-11-01,,999-47-6872,S99965627,X40338269X,Mr.,Stephan15,Klocko335,,,M,white,nonhispanic,M,Leominster  Massachusetts  US,706 Von Skyway,Littleton,Massachusetts,Middlesex County,,42.55422421451818,-71.45257663699515,396037.71,1868.08,,
e439d76e-e482-4c2b-91d2-d71e815056e7,2007-11-01,,999-93-6304,,,,Tanna708,Champlin946,,,,asian,nonhispanic,F,Plymouth  Massachusetts  US,462 Schiller Corner,Fall River,Massachusetts,Bristol County,2724,41.6174004088646,-71.09391368772036,257654.2,3056.48,,
18e146cc-b996-42a0-9eb7-6508cc2af93f,1976-07-11,,999-71-6214,S99994594,X34467876X,Mr.,Jonah176,Veum823,,,S,asian,nonhispanic,M,New Bedford  Massachusetts  US,765 Hickle Dam Unit 84,Natick,Massachusetts,Middlesex County,,42.32112936357798,-71.38032459673042,1059916.29,4122.929999999999,,
d3ec6c14-ca16-4618-b973-5b8f9ea03570,1980-05-30,,999-22-7533,S99963187,X56500473X,Mrs.,Liliana922,Brown30,,Brakus656,M,white,nonhispanic,F,Concord  Massachusetts  US,830 Terry Street Suite 87,Dartmouth,Massachusetts,Bristol County,,41.60274304982541,-70.90946099671508,961786.08,8504.789999999999,,
f62ba1e8-4312-49ea-911d-cf2a17892ba1,1990-08-20,,999-70-1279,S99923366,X17999641X,Mr.,Reed154,Prosacco716,,,M,asian,nonhispanic,M,Dedham  Massachusetts  US,344 Steuber Hollow Apt 73,Acton,Massachusetts,Middlesex County,,42.481012738448285,-71.48160018293905,685847.1,3093.04,,
97fc1cd4-a628-4888-b3df-3290b5f1aaab,2000-02-19,,999-57-2842,S99960502,X14120167X,Ms.,Tami145,Beatty507,,,,white,nonhispanic,F,Cambridge  Massachusetts  US,225 Robel Promenade,Blackstone,Massachusetts,Worcester County,,41.9956122422027,-71.56868774859282,463515.66,3268.08,,
cb79be1f-cfce-4de3-8e83-aa3aa0f324da,1910-01-16,2019-09-16,999-67-4104,S99960073,X32751083X,Mr.,Kareem959,Weimann465,,,M,white,nonhispanic,M,Northbridge  Massachusetts  US,252 Krajcik Landing Apt 79,Franklin,Massachusetts,Norfolk County,,42.04837825992305,-71.4442977301529,1865193.47,28557.48,,
ccd1c974-60bc-4bec-b26c-546a21e83cb6,1994-12-16,,999-34-6270,S99968653,X72548920X,Mr.,Spencer878,Daugherty69,,,,white,nonhispanic,M,Salem  Massachusetts  US,315 Pollich Union,Springfield,Massachusetts,Hampden County,1109,42.050873585381744,-72.57440101728577,86705.95,22651.55,,
ef24d495-48a1-48d9-8d9e-f2eaa541494f,2018-01-23,,999-95-6697,,,,Mickey576,Frami345,,,,white,nonhispanic,M,Worcester  Massachusetts  US,702 Kautzer Haven Apt 32,Milford,Massachusetts,Worcester County,1757,42.20424811626732,-71.54796126983341,57216.02,1339.9199999999998,,
534ebd7b-9b8f-4829-9afd-cb9b1cfca000,1961-07-04,,999-70-8434,S99914003,X54590300X,Mrs.,Mitchell808,Eichmann909,,Cummings51,M,native,nonhispanic,F,Hadley  Massachusetts  US,373 Heidenreich Vista Unit 86,Millville,Massachusetts,Worcester County,,42.05260243788573,-71.59769754531114,1180696.5,13336.859999999995,,
f20b7900-6f61-4c10-97d6-1ef823d88f3b,1910-01-16,1976-08-10,999-75-9238,S99977864,X77303786X,Mr.,Otha286,Herman763,,,M,white,nonhispanic,M,Worcester  Massachusetts  US,561 Tromp Heights,Franklin,Massachusetts,Norfolk County,2038,42.06788720458329,-71.42626743736126,1588117.4500000002,7503.4,,
53934f3f-93d4-49c0-94e6-36c57a2a1898,1966-11-12,,999-68-6315,S99930800,X63042961X,Mrs.,Ladonna785,Heathcote539,,Koch169,M,white,nonhispanic,F,Boston  Massachusetts  US,289 Pouros Overpass,Milford,Massachusetts,Worcester County,,42.17582769415501,-71.48688517252869,1249374.05,9495.8,,
599f3a43-0e79-4bdb-88aa-5a6bbfb7bcbe,1995-06-29,,999-74-6240,S99990828,X54660577X,Mr.,Raymundo71,Kling921,,,,white,nonhispanic,M,Chicopee  Massachusetts  US,580 Grady Dam Unit 45,Ayer,Massachusetts,Middlesex County,1434,42.58341239206069,-71.58145147405412,82389.37,49920.74999999999,,
efb2550b-bd62-4ecf-8d38-9dd2e9d1d67d,1958-10-10,,999-60-1549,S99977772,X51995902X,Mr.,Porter490,Morar593,,,S,asian,nonhispanic,M,Holbrook  Massachusetts  US,679 Abshire Ferry,New Bedford,Massachusetts,Bristol County,,41.588824189157805,-70.94953865452871,1343246.16,17209.21,,
fec8c991-97a6-4b19-921e-c266ef332a5b,1989-07-03,,999-82-2834,S99990233,X59803301X,Mr.,Charles364,Schmeler639,,,M,white,nonhispanic,M,Southampton  Massachusetts  US,218 Becker Mall,Medway,Massachusetts,Norfolk County,,42.16896625521241,-71.45776018211652,673868.92,6990.48,,
aa73e582-f667-4063-a0f4-3765eebcefa7,1953-10-29,2001-06-08,999-47-4638,S99975725,X31935849X,Ms.,Kathe603,Kassulke119,,,S,white,hispanic,F,Ashburnham  Massachusetts  US,673 Rempel Station,Springfield,Massachusetts,Hampden County,1108,42.10553937693266,-72.52123344514499,1116554.53,9355.32,,
bd8d1a8d-bcc2-4589-a2d5-6243d65bc98f,1964-02-23,,999-20-2992,S99913045,X49277212X,Mr.,Daren950,Schmitt836,,,M,white,nonhispanic,M,Milton  Massachusetts  US,609 McCullough Forge Suite 51,Milford,Massachusetts,Worcester County,1757,42.127440306565326,-71.4885918775647,1174225.49,10711.999999999998,,
bece27c7-492c-43eb-ae98-c2e4e098664f,2009-01-18,,999-41-8216,,,,Elma843,Bogisich202,,,,black,nonhispanic,F,Clinton  Massachusetts  US,996 Herman Port Suite 66,Mansfield,Massachusetts,Bristol County,,42.00108178389303,-71.1826058195998,288043.53,2929.0,,
df7a49aa-fce8-4730-9584-7b409238a15b,1910-01-16,1977-01-26,999-78-7420,S99963140,X8628832X,Mr.,Buck819,Kilback373,,,M,white,nonhispanic,M,Milton  Massachusetts  US,1060 Maggio Approach Apt 32,Franklin,Massachusetts,Norfolk County,2038,42.1323983297767,-71.38822054439872,1421559.78,8564.16,,
85307d4e-97e2-4e41-9ca3-dbcdb9c86ca7,1940-06-16,,999-52-1302,S99994515,X5901196X,Mrs.,Chery887,Schuster709,,Douglas31,M,white,nonhispanic,F,Methuen  Massachusetts  US,914 Marvin Wynd Suite 44,Sudbury,Massachusetts,Middlesex County,,42.36619747546493,-71.4685865443646,1654603.46,21044.35,,
2b3ba1a4-19f5-4180-af85-7035faae2574,2011-09-18,,999-11-1168,,,,Malissa448,Champlin946,,,,white,nonhispanic,F,North Reading  Massachusetts  US,665 Schiller Green,Franklin,Massachusetts,Norfolk County,,42.12485730078875,-71.45666826212113,199861.49,2491.52,,
2a14546b-26e0-48c8-9d37-d6d5e8bc3e63,1910-01-16,1974-08-11,999-51-4737,S99983083,X2218860X,Mr.,Scott935,Howell947,,,S,white,nonhispanic,M,Methuen  Massachusetts  US,924 Murphy Branch,Franklin,Massachusetts,Norfolk County,2038,42.13225062771017,-71.41158408537697,1481411.85,5501.879999999999,,
5e1dba6a-bb0e-4db3-9a2c-40423cc503af,1999-09-02,,999-20-7651,S99913152,X59915308X,Mr.,Enrique929,Von197,,,,white,hispanic,M,Quincy  Massachusetts  US,474 Graham Burg Suite 17,Fall River,Massachusetts,Bristol County,2790,41.71393920941274,-71.10958854438324,450978.88,4264.02,,
9b0baa4f-16e6-42f4-8f19-7f3015d81ef8,1931-04-13,2017-01-23,999-82-1920,S99954265,X80037795X,Mr.,Ernie189,Mohr916,,,M,white,nonhispanic,M,Dracut  Massachusetts  US,221 Dare Common Unit 87,Franklin,Massachusetts,Norfolk County,2038,42.10169960284652,-71.39988887805518,1710195.67,13607.66,,
b92132d0-6452-44c4-b69d-2e335aa8e550,1931-04-13,1994-05-05,999-48-6536,S99913953,X71347709X,Mr.,Louie190,Halvorson124,,,M,white,nonhispanic,M,Haverhill  Massachusetts  US,1084 Connelly Parade Apt 53,Franklin,Massachusetts,Norfolk County,2038,42.12559802851535,-71.40789621377321,1521937.36,5389.44,,
35162409-8465-4dbd-989e-4caa30e38408,2013-04-12,,999-84-7843,,,,Joan322,O'Kon634,,,,asian,nonhispanic,F,Lawrence  Massachusetts  US,535 Stracke Walk,Ayer,Massachusetts,Middlesex County,1432,42.5424660747146,-71.52288916460785,155411.63,2499.84,,
05d41d3d-f0bb-4d5c-a3e7-d330a4ee3291,2018-04-08,,999-82-3788,,,,Alta896,Wintheiser220,,,,black,nonhispanic,F,Lowell  Massachusetts  US,382 Quigley Gate Apt 47,Springfield,Massachusetts,Hampden County,1118,42.08896583736507,-72.56527092553547,49601.82,1221.6,,
1d6acb75-ec8d-4239-9332-7dbfbfcd1000,1931-04-13,2009-11-21,999-44-8249,S99949059,X47859899X,Mr.,Willard975,Anderson154,,,M,white,nonhispanic,M,Beverly  Massachusetts  US,871 Greenholt Well,Franklin,Massachusetts,Norfolk County,,42.10723584911535,-71.43678606120643,1620321.76,195598.40000000005,,
8d247034-4326-4b56-9a2d-fd4fa59e146f,1960-10-29,,999-49-3332,S99994451,X52505755X,Mrs.,Bula88,White193,,Medhurst46,M,white,nonhispanic,F,Worcester  Massachusetts  US,345 Grant Union,Sudbury,Massachusetts,Middlesex County,,42.34273669655344,-71.42269848632917,1466643.59,8510.079999999998,,
ad5cf0b0-f474-4d34-a72b-5c007b2a54b7,1990-12-29,,999-26-4878,S99936264,X16084484X,Mr.,Nick779,Harber290,,,M,white,nonhispanic,M,Framingham  Massachusetts  US,963 Harvey Meadow,Lakeville,Massachusetts,Plymouth County,,41.82937746185927,-70.92671124531164,639835.29,6824.969999999999,,
67ff909d-88fe-47d6-8e00-139a76eb2e80,1954-03-13,,999-75-6545,S99956386,X26529015X,Ms.,Virginia437,Vandervort697,,,S,white,nonhispanic,F,Whitman  Massachusetts  US,246 Rodriguez Key Unit 22,Springfield,Massachusetts,Hampden County,1119,42.18087527307146,-72.50771380807643,101780.30999999998,6732.389999999999,,
183d209e-f1ab-480e-a0a4-f22826039b4a,2013-08-19,,999-29-4677,,,,Douglas31,Dietrich576,,,,black,nonhispanic,M,East Bridgewater  Massachusetts  US,128 Simonis Walk,Natick,Massachusetts,Middlesex County,,42.29909269595207,-71.36943767453347,166216.56,2129.88,,
f75cd8ad-bcb7-481d-86e3-00649ce3235b,1931-04-13,1999-10-21,999-44-3143,S99985721,X39939492X,Mr.,Titus37,Frami345,,,M,white,nonhispanic,M,Needham  Massachusetts  US,307 Grant Parade Suite 59,Franklin,Massachusetts,Norfolk County,2038,42.11539858151094,-71.42069508610805,2208140.010000002,155341.32000000033,,
728eaac5-9c68-4c5d-a90b-a97cd1a173a8,2004-08-18,,999-40-1960,,,,Joel444,Thompson596,,,,white,nonhispanic,F,Dudley  Massachusetts  US,937 Labadie Quay,Framingham,Massachusetts,Middlesex County,1702,42.355505922661706,-71.39866420000612,421088.34,2714.84,,
b1e904ae-e7da-43e0-9960-8c99998d08a4,2005-03-25,,999-69-4631,,,,Erik495,Schneider199,,,,white,nonhispanic,M,Norwood  Massachusetts  US,595 Towne Throughway Suite 29,Berkley,Massachusetts,Bristol County,,41.79530545119989,-71.10595615021295,328648.64,3158.12,,
095627f1-6f48-4131-a0e4-d871558fc5ff,1931-04-13,2010-09-13,999-79-8528,S99919703,X71731399X,Mr.,Wilford267,Kuphal363,,,M,white,nonhispanic,M,Douglas  Massachusetts  US,434 Schimmel Crossroad,Franklin,Massachusetts,Norfolk County,2038,42.05834199759318,-71.42753933101822,1395784.38,12802.78,,
61b2d69c-7040-43b4-9998-88e63982f42b,2005-07-20,,999-96-7737,,,,Pricilla716,Bergstrom287,,,,white,nonhispanic,F,Westport  Massachusetts  US,1043 Hagenes Union,Fall River,Massachusetts,Bristol County,,41.62758683827794,-71.14888523420564,45568.94,3482.28,,
5ef128b9-99f1-40fa-a3c0-356bf376809a,1960-02-01,,999-82-1360,S99915104,X80632285X,Mrs.,Lahoma872,Kris249,,Brakus656,M,white,nonhispanic,F,Leominster  Massachusetts  US,127 Adams Mews Apt 16,Agawam,Massachusetts,Hampden County,1001,42.06277949000723,-72.57848713114362,1247451.07,12665.989999999998,,
b60e6c9e-5648-48b4-9d15-8f4461371495,1931-04-13,1978-05-08,999-78-8884,S99926850,X10252307X,Mr.,Brent147,Larkin917,,,S,white,nonhispanic,M,Pittsfield  Massachusetts  US,874 O'Reilly Neck Apt 32,Franklin,Massachusetts,Norfolk County,2038,42.06118109643767,-71.3988881955804,967845.37,2900.44,,
1f4360f4-aa64-4443-b140-1708b0b3b5c8,1982-03-26,,999-43-3310,S99925528,X10669261X,Mrs.,Velva240,Koss676,,Schumm995,M,white,nonhispanic,F,Chelsea  Massachusetts  US,951 Gorczany Viaduct Apt 90,Dartmouth,Massachusetts,Bristol County,,41.543281363915256,-70.98441294360525,960753.37,5310.219999999999,,
527f69f9-e086-4d82-9368-f11ecb2fae85,1994-03-05,,999-33-7678,S99980165,X52400075X,Ms.,Dolores502,Schoen8,,,,white,nonhispanic,F,North Andover  Massachusetts  US,798 Terry Arcade,Framingham,Massachusetts,Middlesex County,1702,42.31493457872871,-71.4132839466946,589061.61,9044.96,,
0601d232-81af-45fd-958e-397105f50233,1982-07-02,,999-98-5740,S99990951,X63161015X,Ms.,Minnie888,Thompson596,,,S,white,nonhispanic,F,Cambridge  Massachusetts  US,174 Nikolaus Ville,New Bedford,Massachusetts,Bristol County,2745,41.70523385106954,-70.97816239716911,119407.81,7392.459999999999,,
9928554e-38a2-4343-872d-515d7db7c3d8,2002-11-27,,999-41-6557,S99910538,,,Henrietta324,Block661,,,,white,nonhispanic,F,Greenfield  Massachusetts  US,888 Kreiger Gateway,Framingham,Massachusetts,Middlesex County,1702,42.248133188428966,-71.48532963572966,442525.31,3182.28,,
0d5c8e1a-992a-4127-966f-0bc117cb644f,1931-04-13,2017-10-25,999-96-8038,S99916740,X7496598X,Mr.,Ronnie7,Armstrong51,,,M,white,nonhispanic,M,Worcester  Massachusetts  US,550 Beier Orchard Apt 83,Franklin,Massachusetts,Norfolk County,,42.13403892679481,-71.40522071274493,1479839.75,12259.18,,
a3ec8268-f6a3-41ac-a6d4-abb7ff26c7ef,1931-04-13,1980-04-03,999-21-2165,S99980400,X32386090X,Mr.,Zane918,Fadel536,,,M,white,nonhispanic,M,Boston  Massachusetts  US,677 White Mall,Franklin,Massachusetts,Norfolk County,,42.13069566852307,-71.37533718470861,1017896.37,5260.12,,
bb505474-f078-4a29-85f6-a10425c246be,2015-12-30,,999-64-4875,,,,Wes853,McKenzie376,,,,white,nonhispanic,M,Boston  Massachusetts  US,590 Borer Crossroad,Chicopee,Massachusetts,Hampden County,1013,42.15167472683376,-72.52422123666676,116868.46,1679.08,,
9fea213b-75d2-489c-ab27-3705bfa6ffcd,1996-12-30,,999-80-6635,S99928066,X4737760X,Ms.,Raeann749,Reichel38,,,,asian,nonhispanic,F,Hong Kong  Hong Kong Special Administrative Region  CN,362 Von Walk,Boxborough,Massachusetts,Middlesex County,,42.532039441935225,-71.51930191213434,567328.08,4168.0,,
794748d2-9feb-49d3-886c-b7f65c66c699,1931-04-13,2002-11-18,999-37-3246,S99973556,X65308309X,Mr.,Ruben688,Ryan260,,,M,white,nonhispanic,M,Plymouth  Massachusetts  US,416 Cummerata Bypass,Franklin,Massachusetts,Norfolk County,2038,42.109014469681696,-71.40620022975389,1612342.35,13289.04,,
47c91987-7e02-4a09-a7e9-f98c57bbaa79,1931-04-13,2019-04-08,999-64-7100,S99930527,X27372962X,Mr.,Gregory545,Wintheiser220,,,M,white,nonhispanic,M,Oakham  Massachusetts  US,608 Paucek Haven,Franklin,Massachusetts,Norfolk County,2038,42.0729627056692,-71.43853560861373,1422834.59,14444.9,,
8dee29b6-6405-4086-8908-5b89f9feedd2,1947-08-15,,999-31-2928,S99975960,X22293110X,Mr.,Stevie682,Pfannerstill264,,,M,white,nonhispanic,M,Wellesley  Massachusetts  US,321 Frami Trailer Apt 10,Weston,Massachusetts,Middlesex County,,42.33145449408302,-71.35103436577258,1754347.75,5813.719999999999,,
1c688a71-d625-4ed2-973e-e0dea2f31ed8,1975-01-25,,999-11-4626,S99932829,X15980427X,Mr.,Walker122,Windler79,,,M,white,nonhispanic,M,Spencer  Massachusetts  US,381 Price Ville,Townsend,Massachusetts,Middlesex County,,42.70675525294813,-71.69345965597073,1091682.24,3726.32,,
cbd04fb5-66bb-4764-bd8c-95b27f8feb68,1938-02-09,2010-05-23,999-41-5206,S99981360,X20171209X,Mr.,Keenan632,Schmeler639,,,M,white,nonhispanic,M,Boston  Massachusetts  US,188 Bernier Club,Norwood,Massachusetts,Norfolk County,2062,42.202371394063086,-71.18219014948329,1671166.82,10508.2,,
b61d316b-b5be-4b17-a713-220e33eff629,1931-04-13,2018-01-08,999-29-7949,S99988751,X74025512X,Mr.,Federico589,Hermiston71,,,M,white,nonhispanic,M,Weymouth  Massachusetts  US,349 Wilderman Park Suite 4,Franklin,Massachusetts,Norfolk County,2038,42.11375774802857,-71.38382806982544,1711737.3,16384.98,,
6983c99c-72a0-4634-af20-5044f0240826,1931-04-13,2000-11-03,999-74-4238,S99949222,X17340355X,Mr.,Guy979,Bartell116,,,M,white,nonhispanic,M,Arlington  Massachusetts  US,589 Turner Green,Franklin,Massachusetts,Norfolk County,,42.068134716376136,-71.40178723685588,1754825.88,6886.59,,
2615a780-3766-4cff-a631-9490fdd6cdd9,1969-02-18,,999-29-8214,S99976143,X85960591X,Mrs.,Tilda804,Dare640,,Considine820,M,white,nonhispanic,F,Fall River  Massachusetts  US,681 Hand Road,Westford,Massachusetts,Middlesex County,,42.53957975353147,-71.45730249748969,35005.51,4080.439999999999,,
f630b9d6-c5f2-415b-8653-6267e11451a2,1953-04-20,,999-50-9001,S99943086,X6706924X,Mr.,Vince741,Gutmann970,,,M,black,nonhispanic,M,Fitchburg  Massachusetts  US,624 Willms Heights,Springfield,Massachusetts,Hampden County,,42.089628132672736,-72.48309117954666,1751547.91,7368.94,,
ae3c0e88-43f5-424c-b8b1-5662ddc19709,1931-04-13,2000-07-24,999-27-7486,S99972248,X19463180X,Mr.,Hershel911,Bosco882,,,M,white,nonhispanic,M,Boston  Massachusetts  US,146 Corwin Flat,Franklin,Massachusetts,Norfolk County,2038,42.12105061254638,-71.42580742558293,1719708.6700000002,46413.57999999999,,
915fae58-8e9d-4cd2-96c3-1d6cfeaa4e2d,2007-01-14,,999-46-2563,,,,Abraham100,Gusikowski974,,,,white,nonhispanic,M,Wakefield  Massachusetts  US,407 Prosacco Path,Taunton,Massachusetts,Bristol County,2718,41.85510468482603,-71.0157246811127,338489.08,3256.48,,
7c4f9ac7-c673-4625-bec8-36d320d122db,1991-01-23,,999-87-5768,S99971868,X85876314X,Mr.,Galen747,Davis923,,,M,white,nonhispanic,M,Peabody  Massachusetts  US,111 Zulauf Club Apt 8,Westborough,Massachusetts,Worcester County,1581,42.23003507403588,-71.59549045746482,603005.48,2704.72,,
55f3b230-fbd4-4c04-aadf-b1db8c3a7330,1918-05-30,,999-97-2948,S99957131,X35821822X,Mrs.,Modesta635,O'Reilly797,,Abbott774,M,white,nonhispanic,F,Falmouth  Massachusetts  US,402 Johnston Frontage road Unit 30,Dartmouth,Massachusetts,Bristol County,,41.60155513343864,-70.97690199734717,1640603.1700000002,35436.969999999994,,
a095a3c5-a45c-4d48-8a04-8c510d78e60e,1931-04-13,2020-02-19,999-74-7541,S99994300,X81027951X,Mr.,Marvin195,Little434,,,M,white,nonhispanic,M,North Andover  Massachusetts  US,1030 Stehr Gate Apt 49,Franklin,Massachusetts,Norfolk County,,42.12283546731261,-71.39281338476054,1484964.98,8904.16,,
c9c329c0-e01b-4a43-88a7-d6a75ffa21b3,1931-04-13,2011-04-30,999-13-1406,S99989240,X12303341X,Mr.,Tyrell880,Balistreri607,,,M,white,nonhispanic,M,Boston  Massachusetts  US,231 Rice Path Suite 51,Franklin,Massachusetts,Norfolk County,2038,42.10858213926364,-71.44208822355654,1775325.09,9182.96,,
4e9ddf59-a765-42a8-98f1-19272b542ebc,1931-04-13,,999-47-9592,S99964797,X16269880X,Mr.,Bill567,Zulauf375,,,S,white,nonhispanic,M,Amherst  Massachusetts  US,531 Wolf Common,Franklin,Massachusetts,Norfolk County,,42.09180584673011,-71.41326861677992,1591545.15,112585.13999999996,,
b1fabe16-0fbe-4ded-82d1-c2664fe905a7,1978-03-11,,999-60-1577,S99941074,X60174199X,Mr.,Owen89,Bosco882,,,M,white,nonhispanic,M,Wilmington  Massachusetts  US,928 Prohaska Dam,Acton,Massachusetts,Middlesex County,,42.47675602274384,-71.41161255500451,975836.18,5121.2,,
3b84a22b-59e2-4dd2-969b-5485fb297b78,1965-05-11,,999-20-5908,S99937638,X8802168X,Mr.,Dorsey40,Connelly992,,,M,white,nonhispanic,M,Leominster  Massachusetts  US,479 Romaguera Esplanade,Wayland,Massachusetts,Middlesex County,,42.3539737246516,-71.37130513959195,1195249.91,5074.219999999999,,
973b09ec-2303-4840-90ae-a4a010e8a6af,1962-06-25,,999-30-9531,S99951230,X22324151X,Mrs.,Latashia561,Kilback373,,Jones311,M,white,nonhispanic,F,Holliston  Massachusetts  US,161 Volkman Forge Suite 42,Bridgewater,Massachusetts,Plymouth County,,41.94111991807613,-70.95883153590933,1313452.59,14914.999999999998,,
7981d5c5-6998-4f07-9516-4f42875ac4d3,1990-10-13,,999-45-6893,S99973581,X86413013X,Mr.,Greg949,Macejkovic424,,,M,white,nonhispanic,M,Revere  Massachusetts  US,637 Pagac Highlands,Holliston,Massachusetts,Middlesex County,,42.18494374014636,-71.42122132660097,754192.1,8235.08,,
7f6a1ffe-0ac4-4fb5-bbbf-535d95c505a4,1986-04-13,,999-47-4212,S99980134,X11232402X,Mr.,German382,McKenzie376,,,M,white,nonhispanic,M,Billerica  Massachusetts  US,553 Jerde Frontage road,New Bedford,Massachusetts,Bristol County,2747,41.66015553665955,-70.91896521336064,863315.65,3144.72,,
6221d3d3-167d-4a4e-bfe9-8ee9cabdcb05,1952-02-07,,999-84-8706,S99997295,X89952544X,Mr.,Tony646,Hermiston71,,,M,white,nonhispanic,M,Barnstable  Massachusetts  US,187 Harber Crossroad Apt 39,Taunton,Massachusetts,Bristol County,2780,41.9334651940357,-71.08267150653948,51714.11,2885.1399999999994,,
e1a4aaf2-8547-4c01-aba6-23f5260f83b7,1963-11-30,,999-59-1722,S99999483,X65459654X,Mrs.,Lennie123,Gleason633,,Leffler128,M,white,nonhispanic,F,Barnstable  Massachusetts  US,956 Dach Harbor,Bridgewater,Massachusetts,Plymouth County,2324,41.9442559935559,-70.95932603895004,1263857.72,8941.64,,
8e69fbd3-d711-4b49-9e66-b2188d6f78fd,1975-09-23,,999-88-5362,S99938187,X19499035X,Mr.,Lyman173,McLaughlin530,,,M,white,nonhispanic,M,Stoughton  Massachusetts  US,371 Veum Skyway,Taunton,Massachusetts,Bristol County,2780,41.8694615835517,-71.03148291358406,975136.64,10464.72,,
e8ee8bcf-aea8-43f0-b66a-6c4dbd557d40,2004-10-30,,999-51-6683,,,,Marge692,Zieme486,,,,white,nonhispanic,F,Waltham  Massachusetts  US,841 Koepp Esplanade,Springfield,Massachusetts,Hampden County,1199,42.066353038702815,-72.58506700841724,337916.46,3191.44,,
617f878d-2bd0-4305-9014-5448ab0997cf,1957-12-18,,999-79-3246,S99960313,X42281930X,Mrs.,Lorine399,Crist667,,Boehm581,M,black,nonhispanic,F,Wakefield  Massachusetts  US,721 Rohan Boulevard Unit 14,New Bedford,Massachusetts,Bristol County,2743,41.74874650766568,-70.93181033656741,1485895.7400000002,11581.69,,
ec5580bf-0f8c-4209-afc0-9d7c9f8f4af1,1964-03-30,,999-96-9987,S99917525,X22110080X,Mrs.,Carmon128,Turner526,,Powlowski563,M,white,nonhispanic,F,Gloucester  Massachusetts  US,467 Kessler Corner Suite 24,Hopkinton,Massachusetts,Middlesex County,,42.243595797645256,-71.57461912611328,43760.1,3665.479999999999,,
8a21ff69-535a-4f90-b2fb-d8ed4c722e25,1979-03-04,,999-79-5370,S99972585,X35246857X,Mr.,Von197,Lind531,,,M,asian,nonhispanic,M,Hanoi  Hà Đông  VN,903 Hoppe Quay Apt 90,Mendon,Massachusetts,Worcester County,,42.10633620313375,-71.5616577544556,943698.91,3189.68,,
1cb86c13-a2d0-43af-a231-93f596f730ef,2016-03-31,,999-86-8212,,,,Lucie638,Beahan375,,,,white,nonhispanic,F,Andover  Massachusetts  US,621 Walsh Grove Suite 60,East Longmeadow,Massachusetts,Hampden County,,42.07758966263162,-72.51910182041551,110129.16,1679.08,,
98dc556a-8584-4489-940c-a34440f4243f,1954-05-07,2020-03-16,999-60-3993,S99932670,X65387134X,Ms.,Teena223,Corkery305,,,S,white,nonhispanic,F,Burlington  Massachusetts  US,518 Bahringer Rest Suite 41,Springfield,Massachusetts,Hampden County,1020,42.1605405621742,-72.54935530140203,213674.88,23750.28,,
4f195e1c-368b-428a-8bb2-66c720dd3717,1954-05-07,1989-04-07,999-13-2091,S99962236,X22472930X,Mrs.,Yun266,DuBuque211,,Will178,M,white,nonhispanic,F,Pittsfield  Massachusetts  US,927 Kohler Throughway,Springfield,Massachusetts,Hampden County,1109,42.07189637632387,-72.47110363204591,110335.16,6395.939999999999,,
0a49ec0a-0133-48be-9af4-f3f4166cdc86,1928-01-18,1999-03-28,999-99-5549,S99918889,X56015769X,Mr.,Armando772,Miller503,,,M,black,nonhispanic,M,Dartmouth  Massachusetts  US,685 Schowalter Crossroad Suite 80,Springfield,Massachusetts,Hampden County,1129,42.07363513908084,-72.45335634865386,1763425.88,351215.23000000016,,
2c57bfdd-e19e-4321-a3c3-5c89a2d879fb,1976-12-14,2005-02-22,999-72-5831,S99957112,X54629911X,Mrs.,Margarett339,Cassin499,,Predovic534,M,white,nonhispanic,F,Charlton  Massachusetts  US,956 Koelpin Esplanade Apt 59,Fall River,Massachusetts,Bristol County,2790,41.720484813818885,-71.19812899935982,717759.99,4759.76,,
87fb0cca-e387-49f5-9434-d2ab898fee7f,1976-12-14,,999-43-1587,S99928499,X59128671X,Mrs.,Yoko498,Greenfelder433,,Trantow673,M,white,nonhispanic,F,Waltham  Massachusetts  US,705 Moore Key,Fall River,Massachusetts,Bristol County,,41.7292627474419,-71.13652789666754,905547.41,8376.55,,
c85a8ff5-616c-4ee9-bb89-f9d2ad15cc2c,1928-01-18,2011-05-11,999-15-4374,S99978589,X61923681X,Mr.,Korey682,Funk324,,,M,black,nonhispanic,M,Boston  Massachusetts  US,523 Howe Rapid Unit 26,Springfield,Massachusetts,Hampden County,1199,42.077418154062165,-72.48764248197436,1726340.4,19002.04,,
f8891307-433a-44f3-8ceb-5d40032f496f,1974-07-07,,999-36-7177,S99953928,X31057625X,Mrs.,Darby868,Feeney44,,Walker122,M,white,nonhispanic,F,Adams  Massachusetts  US,540 Hickle Road Apt 80,Millis,Massachusetts,Norfolk County,,42.20906987067095,-71.40638148324793,157591.96,16460.66,,
49697ac6-bfc6-465b-b435-89611b5293e0,1997-08-06,,999-51-4023,S99973022,X30348821X,Ms.,Marica887,Kshlerin58,,,,white,nonhispanic,F,Lynn  Massachusetts  US,571 Marquardt Walk,East Longmeadow,Massachusetts,Hampden County,,42.03277066146477,-72.49803099522117,532058.51,5147.38,,
d1ac3061-d6da-4641-a45c-fc078f5b3475,2015-11-15,,999-92-5122,,,,Garry927,Abernathy524,,,,white,nonhispanic,M,Billerica  Massachusetts  US,166 Romaguera Common Unit 93,Swansea,Massachusetts,Bristol County,,41.74296980831359,-71.20617303816636,19166.86,516.64,,
44f459e4-87d5-4382-b2d9-3880847cc99e,1954-02-11,2009-02-26,999-47-8197,S99966851,X74633333X,Mrs.,Ashlyn643,Leannon79,,Lehner980,M,white,nonhispanic,F,West Springfield  Massachusetts  US,972 Jacobi Byway,Acton,Massachusetts,Middlesex County,,42.48751310624485,-71.4478838182558,45993.5,1659.8399999999997,,
6820d441-69d8-445c-a8be-b9f4967942ed,2005-05-07,,999-80-4391,,,,Faviola526,Schmeler639,,,,white,nonhispanic,F,Middleborough  Massachusetts  US,688 Kuhlman Plaza Unit 26,Springfield,Massachusetts,Hampden County,1106,42.11313678893284,-72.5663115121846,365478.97,5726.2,,
ac6f1f06-7d64-4389-a9c2-9c9fa311d67a,1971-12-21,,999-75-3211,S99961775,X82159288X,Mrs.,Kiara978,Ratke343,,Sanford861,M,white,hispanic,F,Methuen  Massachusetts  US,1003 Lang Plaza,Taunton,Massachusetts,Bristol County,2780,41.85598980903991,-70.96658478033565,1051873.27,8860.839999999998,,
afaddfd7-a595-46c2-beba-5a4796bd19a8,1940-06-17,1980-11-17,999-81-5312,S99925485,X13874069X,Mr.,Elijah719,Mayert710,,,M,white,nonhispanic,M,Pittsfield  Massachusetts  US,1083 Jerde Run Suite 33,Fall River,Massachusetts,Bristol County,2721,41.74402579739,-71.10916742824274,836130.52,3244.56,,
92347495-f515-47b7-ace7-ef26b75ac9f3,1928-01-18,2004-01-21,999-82-7535,S99997490,X12974818X,Mr.,Sung603,O'Hara248,,,M,black,nonhispanic,M,Boston  Massachusetts  US,281 Predovic Walk,Springfield,Massachusetts,Hampden County,1105,42.11337601166591,-72.57875973039415,1446127.52,13505.93,,
73bd242c-ab5d-480c-be0c-92252512e11b,1928-01-18,1984-09-12,999-44-1829,S99971150,X34914699X,Mr.,Weldon459,Rau926,,,M,black,nonhispanic,M,Weymouth  Massachusetts  US,696 Sauer Fort,Springfield,Massachusetts,Hampden County,1109,42.154759673481074,-72.51185116650745,1368152.61,4375.37,,
edb6f671-61a2-4cc4-ba91-ee6879a17ab6,1997-02-09,,999-85-2751,S99984566,X84760460X,Ms.,Deja232,Rath779,,,,white,nonhispanic,F,Stoneham  Massachusetts  US,1069 Spencer Trail,Springfield,Massachusetts,Hampden County,1118,42.10935213336355,-72.56695392131185,9088.72,0.0,,
4df5a633-0d97-40bd-a971-e6726ee3adde,1940-06-17,,999-13-8335,S99967044,X3535201X,Mr.,Rosendo998,White193,,,M,white,nonhispanic,M,Worcester  Massachusetts  US,637 Veum Approach,Fall River,Massachusetts,Bristol County,2720,41.64678410909878,-71.0480088148738,1536480.07,8480.84,,
65d121f5-34c1-49f2-b416-7464b969304f,1965-04-21,,999-49-7834,S99966368,X22636929X,Mr.,Dwain139,Toy286,,,M,white,nonhispanic,M,Westborough  Massachusetts  US,960 Goyette Ville Unit 41,Swansea,Massachusetts,Bristol County,,41.77007894846607,-71.23560871837337,1279310.3,9913.159999999998,,
ec8a870e-de7c-4837-8ed0-34bc24c7526c,1962-07-28,1999-03-14,999-57-1377,S99970645,X19248359X,Mrs.,Gia583,Hermann103,,Renner328,M,white,nonhispanic,F,Wilmington  Massachusetts  US,547 Zulauf Flat Suite 80,Springfield,Massachusetts,Hampden County,1104,42.08479423238313,-72.50733850461715,63075.48,2904.72,,
67387081-671b-464e-9a76-66bd2df04115,1982-09-01,,999-32-1697,S99990613,X83003000X,Mr.,Eusebio566,Skiles927,,,M,white,nonhispanic,M,Brockton  Massachusetts  US,610 Bins Skyway,Fall River,Massachusetts,Bristol County,2721,41.68595084488937,-71.13147242351103,817214.26,3447.92,,
f17c7e1e-9ca8-40fa-89ed-b9813ab3510b,1962-07-28,,999-39-7012,S99974935,X28334677X,Mrs.,Lela622,Mayer370,,Haley279,M,white,nonhispanic,F,Amesbury  Massachusetts  US,428 Huels Ferry Apt 48,Springfield,Massachusetts,Hampden County,1107,42.08644293588466,-72.53794785257298,78674.03,14934.829999999998,,
0423893a-0bbb-4f59-8c73-a37d2acdb6e3,1920-06-29,1976-08-24,999-90-8590,S99939234,X48253956X,Mr.,Davis923,Dooley940,JD,,M,white,nonhispanic,M,Boston  Massachusetts  US,766 Hilll Bypass Suite 84,Dighton,Massachusetts,Bristol County,,41.77953876554522,-71.19687273055162,1735982.45,3114.72,,
85b48bba-d74a-4fbd-8849-3e965950eb56,1920-06-29,2011-01-08,999-32-5033,S99936329,X33711899X,Mr.,Jamie386,Stracke611,JD,,M,white,nonhispanic,M,Boston  Massachusetts  US,692 Roob Wynd Unit 83,Dighton,Massachusetts,Bristol County,,41.79825296766595,-71.18492789397942,1418521.78,13382.259999999998,,
a56f8564-4b29-4cf4-b14e-a2973601bdd6,1991-05-15,,999-76-6216,S99955522,X47768554X,Mr.,Domingo513,Greenfelder433,,,M,white,nonhispanic,M,Boston  Massachusetts  US,733 Hintz Orchard,Dunstable,Massachusetts,Middlesex County,,42.70213644724328,-71.51807058580864,631607.93,5723.07,,
08603d70-0da2-4849-90c2-55ba3c25b3cb,1981-06-07,,999-94-2490,S99948373,X34397681X,Mrs.,Junita557,Cummings51,,Morar593,M,white,nonhispanic,F,Gill  Massachusetts  US,325 Graham Course,Acton,Massachusetts,Middlesex County,,42.4993243656584,-71.46152751073363,847588.74,10446.62,,
3bd6594f-9aa3-479f-bd7f-e4889cc39128,1920-06-29,1986-05-02,999-55-4725,S99960958,X83940503X,Mr.,Hayden835,Renner328,MD,,M,white,nonhispanic,M,Lynnfield  Massachusetts  US,599 Veum Ville,Dighton,Massachusetts,Bristol County,,41.87742437541833,-71.14593424335747,1741839.11,5413.679999999999,,
152895ef-2658-44b1-8dad-aefcb8281f9a,1920-06-29,1973-07-01,999-98-5695,S99917797,X15923309X,Mr.,Wilford267,Farrell962,PhD,,S,white,nonhispanic,M,Holyoke  Massachusetts  US,1042 Bailey Route Unit 69,Dighton,Massachusetts,Bristol County,,41.78511228293201,-71.11571095068079,1403352.19,3114.72,,
2b9c4589-ed9f-4112-b9aa-ed497c7dd52b,1948-11-05,,999-10-3963,S99911235,X80861526X,Mrs.,Moira454,Dach178,,Jones311,M,white,nonhispanic,F,Boston  Massachusetts  US,695 Kerluke Track Suite 62,Millville,Massachusetts,Worcester County,,42.08100461080665,-71.54032166773693,1467717.52,12763.729999999998,,
d55fd653-8923-4250-9edf-ecabe0614882,1996-07-12,,999-74-8908,S99977596,X13945683X,Mr.,Maynard46,Cummerata161,,,,white,nonhispanic,M,Lawrence  Massachusetts  US,783 Green Tunnel Unit 99,Holliston,Massachusetts,Middlesex County,,42.15160484384565,-71.41592186111792,633785.89,2755.64,,
3f2ea13d-da54-446a-8f72-b8159a3555e1,1960-04-29,,999-26-9397,S99943863,X35151320X,Mr.,Terence292,Herman763,,,M,asian,nonhispanic,M,Northampton  Massachusetts  US,914 Kunze Burg Suite 39,West Springfield,Massachusetts,Hampden County,1089,42.0961079353387,-72.61346181519356,1376641.64,5809.44,,
e6b59210-3660-46d5-9da8-a13f52b1b5bd,1920-06-29,2007-04-17,999-67-5552,S99949293,X69687895X,Mr.,Kenny207,Roberts511,PhD,,M,white,nonhispanic,M,Brockton  Massachusetts  US,642 Willms Trace,Dighton,Massachusetts,Bristol County,,41.81851051696072,-71.17603885608887,1401280.86,12510.76,,
a8f3e46b-8e35-43db-9016-664be5768959,1929-08-08,2009-08-26,999-14-9655,S99938135,X39663828X,Mrs.,Dawna21,Effertz744,,Bartell116,M,white,nonhispanic,F,Seekonk  Massachusetts  US,625 Barrows Orchard Unit 67,Ashland,Massachusetts,Middlesex County,,42.28463708358832,-71.43212008420365,1463209.3,19072.44,,
61791e8f-427d-462f-9908-2b4a9017f2be,1920-06-29,2000-06-16,999-29-6152,S99920255,X24445025X,Mr.,Anton902,Treutel973,MD,,S,white,nonhispanic,M,Worcester  Massachusetts  US,1015 Kuhlman Flat,Dighton,Massachusetts,Bristol County,,41.812478639023816,-71.14316481898982,1698206.89,14799.5,,
b2214a2c-86f7-4a33-85d9-d9f7f75753fe,1929-08-08,2011-08-05,999-55-4740,S99993264,X12735186X,Mrs.,Damaris45,Lesch175,,Cummerata161,M,white,nonhispanic,F,Cambridge  Massachusetts  US,727 Hagenes View,Ashland,Massachusetts,Middlesex County,,42.29420130842573,-71.50007257499344,1563886.88,22631.11,,
f2a1c3ea-36d9-492d-a150-e0d12edd5ef0,1920-06-29,2005-10-25,999-37-3302,S99918539,X78389988X,Mr.,Kendrick479,Harber290,PhD,,M,white,nonhispanic,M,East Longmeadow  Massachusetts  US,418 Rodriguez Course,Dighton,Massachusetts,Bristol County,,41.83557860235943,-71.17605183137127,1710298.12,14419.639999999994,,
d52fad1a-294d-4b04-88be-1ee34dca1e36,1929-08-08,2020-04-25,999-67-5001,S99992658,X75916278X,Mrs.,Kimberely738,Gutkowski940,,Boyle917,M,white,nonhispanic,F,Westfield  Massachusetts  US,285 Stracke Estate Suite 64,Ashland,Massachusetts,Middlesex County,,42.210813847959166,-71.50147563740579,1397129.24,41007.8,,
c8266e7d-7b6b-4827-9f7b-79c4cd8e1b6c,1920-06-29,2007-05-04,999-97-1752,S99917553,X42717729X,Mr.,Ervin886,Anderson154,JD,,M,white,nonhispanic,M,Springfield  Massachusetts  US,729 Zboncak Ramp,Dighton,Massachusetts,Bristol County,,41.87026405584234,-71.19514351154234,1797808.5,16193.97,,
c6ca3b11-d975-49ec-b41d-63cec95eb29d,1929-08-08,2003-01-23,999-68-3626,S99926480,X83407560X,Mrs.,Alishia395,Greenholt190,,Howe413,M,white,nonhispanic,F,Medfield  Massachusetts  US,785 Bosco Port,Ashland,Massachusetts,Middlesex County,,42.26385041755581,-71.51507986037336,1297259.51,12837.179999999998,,
02a0b800-4d85-44dd-bf7e-75ece861c28d,1957-03-18,,999-99-9165,S99954864,X83926220X,Mrs.,Noel608,Ernser583,,Marks830,M,white,nonhispanic,F,Mansfield  Massachusetts  US,976 Cormier Fort Suite 82,Taunton,Massachusetts,Bristol County,2767,41.864189991746365,-71.10255688735774,203243.86,25172.72,,
b6fe664f-8ec2-416f-8855-b4dfd9d02d6a,1920-06-29,2004-06-16,999-61-5412,S99975227,X60332346X,Mr.,Lester513,Mosciski958,MD,,M,white,nonhispanic,M,Wakefield  Massachusetts  US,854 Grimes Fork Apt 16,Dighton,Massachusetts,Bristol County,,41.83612383700641,-71.10795305956617,1797225.4,18095.64,,
ac3fecc4-1fce-466c-b685-4ae840a4f0b1,1929-08-08,2010-10-14,999-19-3927,S99928856,X82188348X,Mrs.,Milagros256,Predovic534,,Conn188,M,white,nonhispanic,F,Hudson  Massachusetts  US,225 Weimann Orchard,Ashland,Massachusetts,Middlesex County,,42.2687311125167,-71.48509835850956,1401042.78,34003.74,,
e8c40a28-a04a-44a8-9168-55157e7bf679,1991-04-29,,999-10-8733,S99985419,X76103824X,Mrs.,Sharyn437,Waters156,,Johns824,M,black,nonhispanic,F,South Hadley  Massachusetts  US,911 Kozey Esplanade Apt 61,Framingham,Massachusetts,Middlesex County,,42.31119453924372,-71.44707415515994,672255.02,4330.44,,
85195ece-0d17-46e4-9456-971e370272d2,1920-06-29,2002-09-09,999-71-1624,S99917452,X63393783X,Mr.,Robt687,Klein929,PhD,,M,white,nonhispanic,M,Rutland  Massachusetts  US,313 Dibbert Road,Dighton,Massachusetts,Bristol County,,41.84925977348268,-71.15668551961097,1639376.23,48451.06999999999,,
616a4a92-38df-4326-9da3-fc09dabef837,1959-05-22,,999-60-7086,S99956304,X30311153X,Mr.,Lesley194,Ferry570,,,M,white,nonhispanic,M,Brockton  Massachusetts  US,197 Abshire Terrace Unit 32,Springfield,Massachusetts,Hampden County,1118,42.10874971714452,-72.46407685852108,14576.94,0.0,,
7f965019-1008-40a0-9b2d-9dbba942a316,1929-08-08,,999-11-4981,S99980459,X65933044X,Ms.,Genesis248,Lubowitz58,,,S,white,nonhispanic,F,Palmer  Massachusetts  US,570 Zulauf Esplanade Suite 97,Ashland,Massachusetts,Middlesex County,,42.2298912767883,-71.4275445471989,1475943.14,14674.2,,
748cdcce-d4ab-45eb-85aa-7ea1ff96ebb2,1930-11-07,,999-88-7725,S99923223,X18199199X,Mr.,Luther918,Padberg411,JD,,M,white,nonhispanic,M,Hubbardston  Massachusetts  US,135 Bednar Rue Unit 71,Dighton,Massachusetts,Bristol County,,41.86467370862667,-71.14012505903116,1486479.35,8972.199999999999,,
49e17252-d8e4-44b8-b7d5-30167048c00f,1993-12-05,,999-43-1414,S99989956,X54033653X,Mr.,Sterling124,Dietrich576,,,,white,nonhispanic,M,Winthrop  Massachusetts  US,1092 O'Conner Road Unit 90,Westport,Massachusetts,Bristol County,,41.61671266501835,-71.1035375838599,638248.71,3152.24,,
a2d628cf-6662-4ddc-8e5c-96bb8374c5e5,1962-11-28,,999-67-2773,S99935890,X26897708X,Mrs.,Monet875,Roob72,,Bauch723,M,white,nonhispanic,F,Lowell  Massachusetts  US,490 Rolfson Boulevard Unit 14,New Bedford,Massachusetts,Bristol County,2747,41.67072776883461,-70.9793179449236,1241763.13,20901.83,,
e0512cf9-c9b2-4b53-a1bd-f189b468ce98,1946-08-10,,999-27-1295,S99938680,X75591408X,Ms.,Indira327,Rowe323,,,S,black,nonhispanic,F,Quincy  Massachusetts  US,783 Beatty Key Apt 52,Ayer,Massachusetts,Middlesex County,1432,42.558492855547,-71.53276853122824,1369488.6,17727.109999999997,,
42b4e548-4a5d-4a24-a41f-3730303d8845,2014-12-25,,999-79-9509,,,,Jon665,Ledner144,,,,white,nonhispanic,M,Swansea  Massachusetts  US,1065 Kertzmann Lodge,Harvard,Massachusetts,Worcester County,,42.5214559249655,-71.5872284825103,117313.64,2024.88,,
67f958ce-d733-44b4-9dd1-9d69d5e23d6c,1996-11-03,,999-71-9309,S99950561,X1379997X,Mr.,Ignacio928,Alejandro916,,,,white,hispanic,M,Puebla  Puebla  MX,983 Nolan Avenue,Dighton,Massachusetts,Bristol County,,41.85522771030439,-71.16241824246816,625660.29,2755.64,,
76618ea0-33a1-4b20-b9b2-ecf0e0faede9,1992-12-14,,999-86-6525,S99969104,X6400145X,Mrs.,Kaylee703,Schaefer657,,Reichel38,M,native,hispanic,F,Middleton  Massachusetts  US,214 Mertz Route Unit 19,Springfield,Massachusetts,Hampden County,1107,42.07308402640266,-72.52145337360542,630333.63,5241.199999999999,,
8cea1160-bca3-41e4-875e-b513527338b6,1923-06-02,1996-06-15,999-44-9248,S99995951,X78887715X,Mrs.,Sherise735,Homenick806,,Denesik803,M,asian,nonhispanic,F,Sandwich  Massachusetts  US,861 Dickens Skyway Unit 89,Springfield,Massachusetts,Hampden County,1108,42.08343360403605,-72.62492105950747,1368111.65,12811.02,,
997adced-f8f9-40fe-9b53-810cbffc92ea,1980-12-19,,999-44-5114,S99923093,X84342141X,Mr.,Jacques50,Hackett68,,,M,white,nonhispanic,M,Dedham  Massachusetts  US,334 O'Hara Passage Unit 96,Concord,Massachusetts,Middlesex County,,42.45693482063659,-71.38837884417485,809946.47,2808.84,,
3dc4c5d6-4414-440d-8b1f-66335fde25fd,1973-05-12,,999-41-4984,S99964017,X20419110X,Mrs.,Julie245,Mohr916,,Gibson10,M,white,nonhispanic,F,Marblehead  Massachusetts  US,406 Abbott Orchard Apt 35,Norwood,Massachusetts,Norfolk County,2062,42.20847412243668,-71.18697900297313,149280.49,9898.19,,
996f4861-c708-4552-b91b-d6ce5b3249d4,2006-01-17,,999-62-5640,,,,Ester635,Romo23,,,,native,hispanic,F,Caguas  Puerto Rico  PR,795 Prosacco Ramp,Fall River,Massachusetts,Bristol County,2790,41.65553535996128,-71.16572976421193,6484.049999999999,0.0,,
6fed27f6-7648-4009-a5e5-5eb3a3e1c14d,1975-03-08,,999-90-6341,S99935519,X25814285X,Mr.,Nigel915,Schuppe920,,,S,white,nonhispanic,M,Boston  Massachusetts  US,1008 Schuppe Bypass,New Bedford,Massachusetts,Bristol County,2747,41.684029727172906,-70.9327957151928,1093412.55,7704.24,,
fe3fe9e2-b90f-4f88-bb3c-b22a7647b88c,1923-06-02,2014-02-17,999-38-6728,S99978556,X47749553X,Mrs.,Kathlene786,Corkery305,,Skiles927,M,asian,nonhispanic,F,Boston  Massachusetts  US,168 Moen Avenue,Springfield,Massachusetts,Hampden County,1199,42.15858978408112,-72.5479065560554,1513820.72,20015.9,,
976d6622-6589-4fd0-90d5-91777feeae3f,1961-12-26,,999-42-8267,S99970775,X76106702X,Mrs.,Astrid395,Skiles927,,Mohr916,M,white,nonhispanic,F,Boston  Massachusetts  US,162 Terry Trafficway,Fall River,Massachusetts,Bristol County,2721,41.724130624079,-71.11364343327529,1332811.79,10707.24,,
dc26b2c9-eeb1-4766-9709-b2790f053eb2,1984-01-10,,999-20-4874,S99913379,X27342213X,Mrs.,Kit446,Volkman526,,Heathcote539,M,white,nonhispanic,F,Adams  Massachusetts  US,1022 Douglas Parade Apt 18,Norton,Massachusetts,Bristol County,,41.978807431055735,-71.15208756002905,860466.0,8173.319999999999,,
9a4f5bf3-269c-4c93-91f9-0ec2cc9068e5,1958-01-14,,999-32-9434,S99952932,X3429637X,Mr.,Walker122,Langworth352,,,M,white,nonhispanic,M,Concord  Massachusetts  US,273 McGlynn Pathway Unit 52,Chicopee,Massachusetts,Hampden County,1013,42.13524005303343,-72.60416764950922,197951.61,17489.769999999997,,
5cdd8ee4-d8bb-430f-8abc-8a37a5871ed6,1923-06-02,2016-04-09,999-28-4985,S99999549,X7398435X,Mrs.,Romana140,Pfeffer420,,D'Amore443,M,asian,nonhispanic,F,Haverhill  Massachusetts  US,379 Daugherty Skyway,Springfield,Massachusetts,Hampden County,1151,42.07451780025278,-72.54373474068892,1382197.03,25558.13,,
6a13e7fe-3531-4c66-835c-7422d7899162,1953-06-11,1955-03-10,999-59-5805,,,,Lisbeth69,Stoltenberg489,,,,black,nonhispanic,F,Worcester  Massachusetts  US,617 Sawayn Bay,Sudbury,Massachusetts,Middlesex County,,42.35489268787442,-71.40464167521144,38457.54,442.44,,
6fd0cedf-17af-42c8-9885-dd6a05100317,1987-09-06,,999-98-6541,S99929531,X51066684X,Mr.,Enoch803,Ankunding277,,,M,black,nonhispanic,M,Lawrence  Massachusetts  US,525 Schneider Light,New Bedford,Massachusetts,Bristol County,2743,41.64383094751303,-70.95438925706051,789294.88,3404.68,,
8eb052ef-b24f-4290-8d7a-4054824a3a00,1953-06-11,2020-02-29,999-73-7113,S99997764,X56416025X,Mrs.,Roxane435,Botsford977,,Ortiz186,M,black,nonhispanic,F,Worcester  Massachusetts  US,888 Altenwerth Loaf,Sudbury,Massachusetts,Middlesex County,,42.366189577457874,-71.43256670306847,1504516.74,19960.439999999995,,
86a0c051-d3d7-4e49-9a3a-3be6fe900826,1953-06-11,,999-35-8570,S99926676,X66240082X,Mrs.,Nereida276,DuBuque211,,Davis923,M,black,nonhispanic,F,Boston  Massachusetts  US,256 Dickens Dam,Sudbury,Massachusetts,Middlesex County,,42.33580190132488,-71.47045302615425,1751595.88,6788.81,,
d4c082de-2e09-40d8-aab6-034921de60f6,1953-06-19,,999-34-2512,S99920044,X61644035X,Mr.,Rodger755,Reynolds644,,,M,white,nonhispanic,M,Cambridge  Massachusetts  US,243 Wolff Park Unit 29,Concord,Massachusetts,Middlesex County,,42.44120747032623,-71.34927902848825,1339120.15,5132.799999999999,,
9cf9e1c8-bdaf-4087-8e26-724beaa312f3,1948-11-14,,999-14-1658,S99962245,X11016826X,Mrs.,Pandora807,Koepp521,,Kuphal363,M,white,nonhispanic,F,Boston  Massachusetts  US,236 Jakubowski Club,Wilbraham,Massachusetts,Hampden County,1095,42.15104371668629,-72.47449532338703,260914.26,112352.69000000005,,
5382a276-a8ca-473e-b2b4-8b6542391271,1992-10-22,,999-16-1442,S99982694,X4715980X,Mr.,Ken316,Hodkiewicz467,,,M,white,nonhispanic,M,Boston  Massachusetts  US,1093 Fadel Camp,Concord,Massachusetts,Middlesex County,,42.43955120769915,-71.36470952624751,669034.1,4118.0,,
a1c7f388-89bb-4536-8959-d50d75f42d4c,1923-06-02,,999-32-9125,S99931654,X2782371X,Mrs.,Jene106,Stark857,,Stoltenberg489,M,asian,nonhispanic,F,Holliston  Massachusetts  US,418 Cole Ville,Springfield,Massachusetts,Hampden County,1119,42.14675365155453,-72.60356363785682,1481990.05,135938.47999999998,,
7e2bf0bc-a06d-4fea-830d-e95ee354b91c,1945-01-20,1999-08-10,999-72-7476,S99915635,X83724360X,Ms.,Librada521,Rolfson709,,,S,white,nonhispanic,F,Boston  Massachusetts  US,398 McGlynn Route,Middleborough,Massachusetts,Plymouth County,,41.88887532257874,-70.91725585507524,159356.51999999996,15117.169999999996,,
d26c3af5-99a9-4c70-b4ff-18369dc3e1c0,1969-03-06,,999-59-3380,S99959791,X23756382X,Mrs.,Adelina682,Wilkinson796,,Gutkowski940,M,white,nonhispanic,F,Boston  Massachusetts  US,442 Beahan Dam Suite 37,Fall River,Massachusetts,Bristol County,2790,41.70140681262684,-71.13198501860971,1056506.31,15142.809999999998,,
5f6cf2d5-6ee2-4abe-b8e6-81d93a8b6472,1989-07-02,,999-67-2655,S99989831,X13011150X,Mr.,Cruz300,Will178,,,M,white,nonhispanic,M,Plymouth  Massachusetts  US,444 McClure Terrace Unit 86,Tyngsborough,Massachusetts,Middlesex County,,42.62950690545768,-71.4658103916643,747007.99,3726.32,,
354d2438-4bc4-4e20-8d8f-50d0a3679db6,1969-08-06,,999-50-3677,S99967492,X19721297X,Mr.,Ernest565,Robel940,,,M,white,nonhispanic,M,Danvers  Massachusetts  US,645 Bechtelar Knoll,Ludlow,Massachusetts,Hampden County,,42.148544710316855,-72.49793920558311,1224549.07,4433.76,,
f5f9ec44-2b07-467b-b777-386eac173017,1975-05-29,,999-22-9813,S99962396,X71513011X,Mr.,Carlton317,Rau926,,,M,white,nonhispanic,M,Winchester  Massachusetts  US,464 Bosco Run Suite 82,Northbridge,Massachusetts,Worcester County,,42.109175566941694,-71.67853861211456,976405.5,5655.3,,
5b57159e-12d5-46f9-85ac-ff3cac11555c,1968-09-16,,999-67-9408,S99998645,X17064110X,Ms.,Lisa683,Stehr398,,,S,white,nonhispanic,F,Blackstone  Massachusetts  US,485 Murazik Course,Sudbury,Massachusetts,Middlesex County,,42.35617616372737,-71.44516301130729,1134851.76,11874.429999999998,,
98a84316-8f0a-45ec-9e92-f7b2c5f5a96e,1961-03-30,,999-77-1694,S99983819,X60733746X,Mr.,Scot349,Roob72,,,M,white,nonhispanic,M,Wilbraham  Massachusetts  US,984 Carter Ville,Freetown,Massachusetts,Bristol County,,41.79856891335047,-71.02463315268689,1568579.28,4293.84,,
645466fc-65e3-4926-bf4b-11f5a63f4058,1956-07-26,,999-41-8266,S99996023,X39756388X,Mrs.,Noma845,Bartoletti50,,Connelly992,M,white,nonhispanic,F,Pittsfield  Massachusetts  US,506 Ritchie Divide,Chicopee,Massachusetts,Hampden County,1022,42.158733908205534,-72.56065627230113,1441527.03,21045.95,,
56dfe7f1-5595-48dd-a9dc-470b61c364c5,1962-01-02,,999-68-6495,S99939899,X82902199X,Mr.,Paul232,Sauer652,,,M,white,nonhispanic,M,Agawam  Massachusetts  US,837 Schaefer Fork,Westport,Massachusetts,Bristol County,,41.61350916674113,-71.09198411507484,1427813.4500000002,7967.599999999999,,
75c7c03f-4809-4b58-8a49-f17604903c63,2000-08-25,,999-77-3687,S99925588,,Ms.,Hedwig986,Balistreri607,,,,white,nonhispanic,F,Bellingham  Massachusetts  US,129 Vandervort Bypass Unit 37,Taunton,Massachusetts,Bristol County,,41.908849339886025,-71.0796003609015,524786.38,2846.48,,
e9382387-2af1-4e8c-bfbb-f366506848f6,1978-05-20,,999-45-2151,S99969995,X78934954X,Mr.,Christopher407,DuBuque211,,,M,white,nonhispanic,M,East Longmeadow  Massachusetts  US,829 Hagenes Route,Agawam,Massachusetts,Hampden County,1030,42.09003614804635,-72.65105919591583,33606.04,414.9599999999999,,
ed9be9c0-1669-48f3-b997-fdf1ede9bd3b,1975-11-05,,999-29-6318,S99937387,X15401012X,Mr.,Jerold208,Gorczany269,,,M,white,nonhispanic,M,Worcester  Massachusetts  US,729 Nikolaus Junction,Framingham,Massachusetts,Middlesex County,1702,42.33058387879463,-71.40821550576871,1129848.48,5408.679999999999,,
c8d94914-3705-40c0-8721-b97942563eb4,1997-11-22,,999-11-7987,S99916344,X89420423X,Mr.,Micah422,Russel238,,,,white,nonhispanic,M,Haverhill  Massachusetts  US,753 Hartmann Approach,Townsend,Massachusetts,Middlesex County,1469,42.70483726733013,-71.67740374738369,572183.88,3883.04,,
ea4cbc68-a2da-4f97-a245-81533db686ec,1974-01-03,1986-05-13,999-64-9788,,,,Michel472,Bergnaum523,,,,white,nonhispanic,F,Malden  Massachusetts  US,431 Brakus Quay,Taunton,Massachusetts,Bristol County,2767,41.81727761194048,-70.98741064226061,299701.62,1539.84,,
da1b7216-c9e6-493c-b370-75418338975c,1936-09-20,,999-72-9621,S99921831,X28353638X,Mrs.,Taryn906,Stroman228,,Bednar518,M,white,nonhispanic,F,Winthrop  Massachusetts  US,532 Heaney Terrace,Taunton,Massachusetts,Bristol County,2767,41.89961046276056,-71.06121117340882,1480226.6,14735.37,,
90daaf01-89c2-460a-9a48-25382bbc5a6d,2018-06-18,,999-91-1289,,,,Simona661,D'Amore443,,,,white,nonhispanic,F,Chelsea  Massachusetts  US,185 Lakin Gateway Suite 99,Milford,Massachusetts,Worcester County,,42.1266627660237,-71.52322406642244,47570.0,1221.6,,
519b1247-d3ee-4cd0-a4fe-fb06d5dbd942,1946-07-12,2016-07-31,999-99-3353,S99935315,X76881414X,Mrs.,Lani848,Fadel536,,Tillman293,M,white,nonhispanic,F,Lawrence  Massachusetts  US,339 Robel Frontage road Unit 1,Medway,Massachusetts,Norfolk County,,42.17063361491689,-71.42687026712915,59863.73,4056.3199999999993,,
0a79e642-df6b-406f-85da-88bbf41c2748,1983-09-07,,999-65-3425,S99949763,X60201032X,Mr.,Warner493,Marks830,,,M,white,hispanic,M,Beverly  Massachusetts  US,173 Rodriguez Highlands Apt 20,Springfield,Massachusetts,Hampden County,1105,42.12193057022744,-72.51291010353073,11810.97,0.0,,
7ff09e61-6331-463c-9c2d-77dedc236ea2,1974-01-03,,999-47-8409,S99964120,X62717651X,Ms.,Rona40,Medhurst46,,,S,white,nonhispanic,F,Sherborn  Massachusetts  US,895 Kohler Crossroad,Taunton,Massachusetts,Bristol County,2767,41.929864109980045,-71.0492927471998,975594.76,6669.289999999999,,
a98b82b6-4424-46b6-a66c-2c75535b94be,1961-04-26,1971-12-01,999-17-8915,,,,Sydney660,Schroeder447,,,,white,nonhispanic,M,Boston  Massachusetts  US,397 Kunze Highlands,Medway,Massachusetts,Norfolk County,,42.19680227281565,-71.43680767081743,3658.78,0.0,,
e841ad26-f1fa-44b5-81fa-8238b359332f,1946-07-12,,999-85-9966,S99915960,X68591987X,Mrs.,Anna632,Murphy561,,Dickinson688,M,white,nonhispanic,F,New Bedford  Massachusetts  US,758 Kassulke Bridge Suite 65,Medway,Massachusetts,Norfolk County,,42.18952308648592,-71.470623653555,56038.94,3941.36,,
d62489a0-72eb-48d9-b96e-7f771a07bb6e,1929-05-05,1983-11-27,999-65-1896,S99972794,X34570540X,Mr.,Omer483,Tillman293,,,M,white,nonhispanic,M,Lynn  Massachusetts  US,774 Bartoletti Haven,Bellingham,Massachusetts,Norfolk County,,42.06380924353629,-71.4917448336759,1125118.35,3539.5199999999995,,
886e0f6c-29b6-4bb7-9c98-e4a98896b431,1929-05-05,1982-11-30,999-57-2758,S99969842,X28167784X,Mr.,Carlo647,Ebert178,,,M,white,nonhispanic,M,Acushnet  Massachusetts  US,938 Klein Gate Suite 43,Bellingham,Massachusetts,Norfolk County,,42.125691910698286,-71.4714706464446,1423774.39,3188.88,,
34fc0a47-beab-4325-986b-4564058574e1,1978-10-04,,999-53-1751,S99915104,X47316242X,Mr.,August363,Morissette863,,,M,white,nonhispanic,M,Burlington  Massachusetts  US,318 McLaughlin Station,Bellingham,Massachusetts,Norfolk County,,42.07897646728826,-71.4681463182176,6814.36,0.0,,
bd8b5ecf-5aa2-4b12-9233-eb9ef41f68f0,1970-10-19,,999-97-1608,S99935571,X13262107X,Mr.,Benjamin360,Funk324,,,M,white,nonhispanic,M,Canton  Massachusetts  US,189 Pacocha Rest Apt 98,Norton,Massachusetts,Bristol County,,41.9156379832681,-71.16158331577549,1020249.68,3527.92,,
7e87dadb-d714-4ea7-8faa-7dbec1eb5c43,1969-05-12,,999-67-3771,S99997335,X66886311X,Mr.,Trenton748,O'Kon634,,,M,white,hispanic,M,Belmont  Massachusetts  US,508 Wisozk Lock Unit 99,East Longmeadow,Massachusetts,Hampden County,,42.02238881127617,-72.53327552815554,1050155.11,3589.6,,
9860b92e-1994-4763-89ab-fa6fbc1bf027,1976-11-24,,999-17-1461,S99944663,X43386493X,Mrs.,Kimberli643,Cummings51,,Larkin917,M,white,nonhispanic,F,North Attleborough  Massachusetts  US,564 Kuhic Park,Ashland,Massachusetts,Middlesex County,,42.24271522546432,-71.51760211048617,846024.65,15242.389999999998,,
45ab4e6b-37eb-4cce-a3b0-a3128dd3b5f0,1929-05-05,2020-03-28,999-77-6272,S99966998,X10284972X,Mr.,Kelvin159,Lemke654,,,M,white,nonhispanic,M,Boston  Massachusetts  US,408 Gislason Village,Bellingham,Massachusetts,Norfolk County,2019,42.03869905338148,-71.46497679616375,1571354.35,19754.57,,
038cbb50-f344-4724-9515-443d0ba611e2,1929-05-05,1951-08-12,999-80-1514,S99968646,X74923821X,Mr.,Samuel331,Harris789,,,,white,nonhispanic,M,Falmouth  Massachusetts  US,432 Simonis Track,Bellingham,Massachusetts,Norfolk County,2019,42.07204197172389,-71.49165885097764,596175.01,2298.96,,
7115c8e5-f9f8-4a02-b184-e3b8af0b3afc,1979-01-21,,999-12-8524,S99953550,X45875677X,Mrs.,Sharika71,Lebsack687,,Hodkiewicz467,M,white,nonhispanic,F,Worcester  Massachusetts  US,368 Rath Parade Apt 92,Milford,Massachusetts,Worcester County,1757,42.151202787066445,-71.47935051673178,130859.78,10934.49,,
e10f8eaf-8dc0-4e6c-a6b5-8f717ce63517,2011-04-03,,999-74-7945,,,,Cesar434,Rolfson709,,,,white,nonhispanic,M,New Bedford  Massachusetts  US,783 Krajcik Alley Apt 48,Sudbury,Massachusetts,Middlesex County,,42.34490640556017,-71.40539243980007,231666.25,3085.64,,
7212105f-c261-4c43-8314-119b1a8ac038,1929-05-05,2013-05-19,999-97-2763,S99968626,X7800778X,Mr.,Jude172,White193,,,M,white,nonhispanic,M,New Bedford  Massachusetts  US,188 Cassin Orchard,Bellingham,Massachusetts,Norfolk County,2019,42.09574380183462,-71.48873392723698,1803787.78,28263.21,,
996c0e8f-eeb5-4838-ac47-8017b05846f4,1929-05-05,1942-10-18,999-58-4452,,,,Jonathon205,Mosciski958,,,,white,nonhispanic,M,Stoughton  Massachusetts  US,260 Rogahn Vale Suite 37,Bellingham,Massachusetts,Norfolk County,,42.10787711023493,-71.52011664243258,277638.88,1327.32,,
44ce7b3d-da3f-4659-8838-f9ff9db5f2fe,1986-01-14,,999-49-9063,S99979188,X7392446X,Mr.,Everette494,Ebert178,,,M,black,nonhispanic,M,Rockland  Massachusetts  US,791 Grant Loaf Apt 73,Framingham,Massachusetts,Middlesex County,,42.29034598212793,-71.47510112702736,871245.4,4569.599999999999,,
953ef1a6-708b-49b3-b23f-d73522c5c418,1963-03-13,,999-81-8098,S99927739,X79479116X,Mr.,Kendrick479,Konopelski743,,,M,white,nonhispanic,M,Bourne  Massachusetts  US,527 Rutherford Route Unit 36,Sudbury,Massachusetts,Middlesex County,,42.38530564203515,-71.43898592137266,1189601.75,6429.28,,
eaa6b2e4-307a-46a8-bd48-95de7417feaa,1929-05-05,2020-03-25,999-50-4182,S99940554,X71571228X,Mr.,Johnnie679,Hudson301,,,S,white,nonhispanic,M,Milton  Massachusetts  US,1080 Satterfield Hollow,Bellingham,Massachusetts,Norfolk County,2019,42.09456585173377,-71.49549932203732,1806171.75,17455.07,,
4f654dc4-aeb1-4ef3-8154-a0d0122f861c,1976-01-17,,999-80-8850,S99960415,X74922904X,Mrs.,Izola651,MacGyver246,,Halvorson124,M,white,nonhispanic,F,Lexington  Massachusetts  US,937 Kuphal Walk,Westport,Massachusetts,Bristol County,,41.59935529414266,-71.08171625585574,1049425.65,10535.179999999998,,
1e0406e5-4935-419a-bc7f-2b8e8618fd84,1980-03-02,,999-38-9213,S99998263,X39018742X,Mr.,Buster609,Anderson154,,,M,white,nonhispanic,M,Nantucket  Massachusetts  US,873 Ziemann Mill Unit 77,Hopkinton,Massachusetts,Middlesex County,1748,42.19244325419454,-71.51282057348287,926064.34,7449.199999999999,,
8ec38358-ae15-4c16-b9dd-4060f9291e96,1929-05-05,2010-02-07,999-30-2933,S99961726,X46152203X,Mr.,Nathanial472,Schiller186,,,M,white,nonhispanic,M,Scituate  Massachusetts  US,852 Mertz Bypass,Bellingham,Massachusetts,Norfolk County,2019,42.08776556746344,-71.50595150666624,1621712.03,13718.85,,
9c777014-ebc6-48a0-bc17-93bc63ea252e,2000-05-30,,999-34-3693,S99933084,,Mr.,Cristobal567,McCullough561,,,,white,nonhispanic,M,Burlington  Massachusetts  US,487 Bechtelar Path,Agawam,Massachusetts,Hampden County,1001,42.02643956737472,-72.6389335381396,507111.63,3675.56,,
7f340ed6-8555-4ff4-a62c-6d1303cb6c6c,2002-03-15,2014-05-11,999-24-4416,,,,Hugh686,Schowalter414,,,,asian,nonhispanic,M,Beijing  Beijing Municipality  CN,1061 Schimmel Knoll,Sudbury,Massachusetts,Middlesex County,,42.43040198036427,-71.44163208825891,295198.45,2060.68,,
ea9c6830-bd3e-4f2c-8d30-f9561f9ee0fc,2002-03-15,,999-38-1876,S99914045,,Mr.,Daniel959,Hudson301,,,,asian,nonhispanic,M,Beijing  Beijing Municipality  CN,859 Kuvalis Burg,Sudbury,Massachusetts,Middlesex County,,42.40844326803742,-71.44230231675377,374100.48,2822.28,,
e17ce0b2-e365-4ba6-b1a4-eee50b072bd2,1929-05-05,2006-11-01,999-22-3958,S99928678,X25572617X,Mr.,Emilio417,Greenfelder433,,,M,white,nonhispanic,M,Boston  Massachusetts  US,146 Frami Manor Suite 51,Bellingham,Massachusetts,Norfolk County,2019,42.08968163403562,-71.4792704451445,1527997.19,6242.679999999999,,
c85b0bfc-bcfc-4e89-a35b-5cc7958be4c5,1929-05-05,2014-11-16,999-58-3924,S99945027,X27924508X,Mr.,Bobbie849,Nolan344,,,S,white,nonhispanic,M,Revere  Massachusetts  US,712 O'Conner Tunnel,Bellingham,Massachusetts,Norfolk County,2019,42.04839056372603,-71.50890898661623,1480521.39,26363.19,,
fe550145-cd4e-4a02-b966-eca7142b6ee9,1976-11-09,1991-08-06,999-22-8659,,,,Debbra216,Bosco882,,,,white,nonhispanic,F,Boston  Massachusetts  US,139 Gleichner Bypass,Millis,Massachusetts,Norfolk County,,42.17123865453082,-71.41310128327844,338389.16,1656.4799999999998,,
88bd5e37-df0e-4622-b530-b52665b0298b,1968-06-22,,999-98-5449,S99983937,X37026470X,Mr.,Oliver401,Hand679,,,M,white,nonhispanic,M,Chelsea  Massachusetts  US,629 Gibson Course,Northbridge,Massachusetts,Worcester County,,42.10919569104377,-71.62186268099045,1200320.51,6245.24,,
040a7214-ffcb-4ccb-80d0-8cec3f4552f2,1929-05-05,1996-09-08,999-47-3148,S99944774,X62589798X,Mr.,Buddy254,Dickens475,,,M,white,nonhispanic,M,Stoneham  Massachusetts  US,433 Heaney Rest,Bellingham,Massachusetts,Norfolk County,2019,42.11867891958129,-71.4389415142544,1660376.42,12179.459999999995,,
497dc3cc-e915-45c0-8ed1-a46fff717dc9,1948-01-25,,999-35-1593,S99965465,X56074123X,Mrs.,Mercy752,O'Hara248,,Schaden604,M,white,nonhispanic,F,Boston  Massachusetts  US,419 Purdy Burg,East Longmeadow,Massachusetts,Hampden County,,42.03893113557614,-72.4684254932818,254009.46,33563.28,,
d7e6ad2e-07fb-4f67-86b6-c9355b0354ea,1945-09-07,,999-87-9343,S99926241,X45446096X,Mr.,Quentin28,Wehner319,,,M,white,nonhispanic,M,Boston  Massachusetts  US,538 Harvey Dam,Westford,Massachusetts,Middlesex County,,42.54214654120597,-71.44878632972863,1368166.33,15776.82,,
6f73041a-a278-4653-b97e-da6788806eb4,1934-05-07,,999-63-4505,S99933618,X50023347X,Mr.,Edmundo94,Wolff180,,,S,white,nonhispanic,M,Brookline  Massachusetts  US,125 Stark Grove,Bellingham,Massachusetts,Norfolk County,,42.05454873515278,-71.47299042733192,1477485.61,9537.87,,
f82f3ac6-2ae4-4a16-ab15-af6caf960b7c,1930-04-10,1995-06-18,999-40-4082,S99966906,X17420309X,Mr.,Elbert916,Hauck852,,,M,white,hispanic,M,Worcester  Massachusetts  US,857 Schoen Green Apt 76,Springfield,Massachusetts,Hampden County,1104,42.16262240583964,-72.50693690445168,1414062.47,5555.669999999999,,
8beb22e0-9994-4c7a-a7d3-25bfa39bd06c,1966-07-13,,999-98-7897,S99918816,X48020319X,Ms.,Tambra47,Waters156,,,S,asian,nonhispanic,F,Hanoi  Hà Đông  VN,405 Upton Trailer Apt 35,Ashland,Massachusetts,Middlesex County,,42.26406705624449,-71.46401740778391,1265477.73,7603.659999999999,,
a0341c00-0060-4476-94e0-b804d3bb6b95,1930-04-10,1990-10-24,999-35-2951,S99996858,X30605405X,Mr.,Cruz300,McClure239,,,M,white,hispanic,M,Longmeadow  Massachusetts  US,1043 Jerde Dam Unit 50,Springfield,Massachusetts,Hampden County,1128,42.177736732461625,-72.56653372222046,1622633.08,5042.88,,
125a3808-6733-456c-b6b8-fa0e0b7d11b8,2010-09-07,,999-47-4836,,,,Sophia44,Terry864,,,,white,nonhispanic,F,Carver  Massachusetts  US,521 Ortiz Rue,Milford,Massachusetts,Worcester County,1757,42.14200013829222,-71.51556082899697,29825.31,2670.68,,
fdb082a0-d8e8-4b8e-b683-0baf3aa6b7c8,1913-01-31,1996-09-09,999-64-2862,S99987527,X8516299X,Mr.,Pete38,Torp761,,,M,white,nonhispanic,M,Medford  Massachusetts  US,864 Monahan View,Dartmouth,Massachusetts,Bristol County,,41.56389030342812,-70.933877808792,1793649.15,275498.7400000001,,
002dd6c0-26c5-4bd0-b0f2-3b6f600b132f,1955-02-22,,999-95-5013,S99996295,X41131310X,Mr.,Raul814,Kautzer186,,,M,white,nonhispanic,M,Taunton  Massachusetts  US,156 Doyle Byway,Springfield,Massachusetts,Hampden County,1107,42.07090932480757,-72.52110617924794,68126.95999999999,267.48,,
882db043-23bb-4d05-8725-bac775095072,2018-02-23,,999-43-8999,,,,Lois157,Blanda868,,,,black,nonhispanic,F,Boxford  Massachusetts  US,543 Schumm Vale Unit 39,Holliston,Massachusetts,Middlesex County,,42.2429360901631,-71.45114240407986,54242.08,1226.6,,
19b90af7-d89d-42fa-bb3e-158879ee22c5,1959-01-10,,999-14-1751,S99925925,X51912340X,Mrs.,Londa304,Abernathy524,,Bayer639,M,white,nonhispanic,F,Falmouth  Massachusetts  US,955 Reinger Forge Unit 18,Fall River,Massachusetts,Bristol County,2747,41.67504194132303,-71.1853866783638,1341409.41,9852.399999999998,,
9d2bb7d6-7dba-4e35-bba6-224cca1eb85e,1913-01-31,1993-10-09,999-32-3892,S99931599,X77409594X,Mr.,Edgardo196,Rath779,,,M,white,nonhispanic,M,Northampton  Massachusetts  US,394 Senger Manor,Dartmouth,Massachusetts,Bristol County,,41.56813849617933,-70.95527247258377,1775941.68,7214.4,,
93f70835-defd-4485-9a49-13a308c0a45c,1963-05-20,,999-68-8648,S99948556,X7717805X,Mr.,Matthew562,Marvin195,,,M,white,nonhispanic,M,Beverly  Massachusetts  US,918 Marquardt Spur Suite 44,Taunton,Massachusetts,Bristol County,2718,41.948686130325136,-71.1008170920523,1187267.27,8223.159999999998,,
a850fac8-63a4-4ffd-b9aa-54199b0225ee,1964-08-30,,999-30-2351,S99932260,X46740519X,Mr.,Ross213,Koch169,,,M,white,nonhispanic,M,Worcester  Massachusetts  US,471 Orn Landing Apt 54,Southborough,Massachusetts,Worcester County,,42.25828420071992,-71.47943445984203,1413695.94,6841.889999999999,,
5de3f711-7ad7-40fa-88d9-cdef4b781431,1913-01-31,1987-08-11,999-76-2186,S99994042,X73878990X,Mr.,Rayford811,Gleichner915,,,M,white,nonhispanic,M,Granby  Massachusetts  US,1033 Medhurst Drive Apt 14,Dartmouth,Massachusetts,Bristol County,,41.587288451264655,-71.00291038001,1539124.88,265914.4800000001,,
11b4b14b-c591-436c-844a-038d911001f7,1968-04-08,,999-28-9803,S99991490,X43427958X,Mrs.,Stacey209,Gulgowski816,,Schoen8,M,white,nonhispanic,F,Chelsea  Massachusetts  US,1096 Vandervort Throughway Apt 17,Tyngsborough,Massachusetts,Middlesex County,,42.62241034025676,-71.47473505272802,1077910.64,13699.009999999998,,
3ff6ada9-9f73-4bd2-b418-525f275ffc65,1913-01-31,1987-08-16,999-42-1159,S99989454,X25418569X,Mr.,Maria750,Jast432,,,M,white,nonhispanic,M,New Bedford  Massachusetts  US,492 Robel View,Dartmouth,Massachusetts,Bristol County,,41.516988544120125,-70.99319095847252,1445611.6,18994.4,,
a4486628-525b-4503-84bc-71fde25e562c,1913-01-31,2010-02-02,999-60-5567,S99974993,X73996065X,Mr.,Bruce167,Koepp521,,,M,white,nonhispanic,M,Abington  Massachusetts  US,193 Pfannerstill Fork,Dartmouth,Massachusetts,Bristol County,,41.54040403287684,-70.98269682754982,1434288.91,17160.48,,
1f05a868-3cd0-4491-baa4-b51a166d6199,1985-08-16,,999-93-8471,S99935640,X63298160X,Mrs.,Graciela518,Aparicio848,,Hinojosa147,M,white,hispanic,F,San Juan  Puerto Rico  PR,804 Aufderhar Gateway,Springfield,Massachusetts,Hampden County,1108,42.03718650807008,-72.56019438595875,840135.28,8089.36,,
4f6c5396-c75c-4b1e-828b-944cb544a577,1913-01-31,1982-04-12,999-95-5668,S99965745,X67329606X,Mr.,Leland44,Bergstrom287,,,M,white,nonhispanic,M,Boston  Massachusetts  US,244 Ratke Road Unit 25,Dartmouth,Massachusetts,Bristol County,,41.6005093873884,-70.92554531083003,1668229.42,413756.3900000017,,
f1c4a6c9-9429-432c-9960-be6e92cb2a7d,1982-04-14,,999-73-9602,S99961942,X88560168X,Mrs.,Huong243,Cummerata161,,McClure239,M,white,nonhispanic,F,Attleboro  Massachusetts  US,699 Cummings Stravenue Unit 46,Bellingham,Massachusetts,Norfolk County,2019,42.08949006409591,-71.48062638654014,754383.9,9077.339999999998,,
2947b1a9-3f6a-463d-93a6-9f2fd6b99a31,1951-06-02,,999-75-5453,S99973655,X25659606X,Mr.,Cecil300,Batz141,,,M,white,nonhispanic,M,Westford  Massachusetts  US,109 Altenwerth Grove Apt 70,Taunton,Massachusetts,Bristol County,2767,41.8783462875123,-71.05223206676787,1519382.08,8288.0,,
ed21e8da-a09c-4f4b-9c28-0be5c46d2ffe,1913-01-31,1987-06-19,999-98-3567,S99997312,X26983744X,Mr.,Marvin195,Vandervort697,,,S,white,nonhispanic,M,Pembroke  Massachusetts  US,224 Herman Walk Unit 80,Dartmouth,Massachusetts,Bristol County,,41.56948831342388,-70.99233139622645,1672463.92,13366.45,,
52b5b3eb-fb58-4a7f-8b70-b3b700be3009,1913-01-31,1974-11-22,999-51-2397,S99967087,X40759355X,Mr.,Kyle55,Mraz590,,,M,white,nonhispanic,M,Saugus  Massachusetts  US,297 Kunde Trace,Dartmouth,Massachusetts,Bristol County,,41.603911453334426,-71.00799665184918,1351346.64,22707.63,,
d8de4fbe-1a8e-4f15-b1e0-08aa497cf295,1964-05-19,,999-51-5915,S99918550,X55788909X,Mr.,Marlon619,Crooks415,,,S,white,nonhispanic,M,Marshfield  Massachusetts  US,893 Ondricka View Apt 85,Taunton,Massachusetts,Bristol County,2780,41.9473409430293,-71.01471003198765,32252.16,294.96,,
eee70268-da85-4b36-9dbc-8262fb430ddc,2004-05-09,,999-44-3371,S99994418,,,Lazaro919,White193,,,,white,nonhispanic,M,Rehoboth  Massachusetts  US,608 Barton Meadow Unit 91,Franklin,Massachusetts,Norfolk County,,42.09616608685673,-71.4342704622896,428433.68,2659.84,,
d9fa51b3-d318-44d9-bd6b-aea01b5b69d8,1913-01-31,1975-06-28,999-86-1485,S99992317,X51352110X,Mr.,Major265,Kirlin939,,,S,white,nonhispanic,M,Pepperell  Massachusetts  US,807 Leffler Vale,Dartmouth,Massachusetts,Bristol County,,41.61535905684507,-70.94968741746702,1429218.78,4910.28,,
dc1c7d10-d50e-403c-8982-a0e82aab4fa8,1972-12-09,,999-59-5031,S99978494,X62201529X,Mrs.,Jaime666,Reinger292,,Cassin499,M,white,nonhispanic,F,Shrewsbury  Massachusetts  US,752 Bednar Village,Taunton,Massachusetts,Bristol County,2767,41.84621509481616,-71.0285681883525,1030222.38,9163.36,,
b96b451e-ad14-445a-a119-36fb157ee105,1955-11-12,,999-29-7608,S99938222,X47696574X,Mr.,Art115,Brown30,,,S,white,nonhispanic,M,Medfield  Massachusetts  US,1007 Hills Drive Suite 52,Upton,Massachusetts,Worcester County,1568,42.21729949961718,-71.62621982752839,1528518.22,14409.319999999998,,
27e96244-45f8-4adb-849a-b1f2dc1b0ac0,2013-06-21,,999-39-8839,,,,Alejandro916,Téllez750,,,,white,hispanic,M,Ponce  Puerto Rico  PR,415 Runte Throughway,Taunton,Massachusetts,Bristol County,2718,41.84641714217098,-70.96373231645498,159883.98,2174.04,,
eb7d8a3a-ac8d-4d1f-956f-19aa2fdefa5b,1913-01-31,2003-08-12,999-78-2772,S99996577,X68111483X,Mr.,Marcel580,Erdman779,,,S,white,nonhispanic,M,Boston  Massachusetts  US,770 Crona Vista Unit 41,Dartmouth,Massachusetts,Bristol County,,41.61205431941836,-70.95917766813272,1822634.85,24908.5,,
49de9a00-41e3-49e5-ad22-9a0b22c9b4a0,1979-10-25,,999-11-8767,S99969181,X16721186X,Mrs.,Kaylene27,Shanahan202,,Kemmer137,M,black,nonhispanic,F,Auburn  Massachusetts  US,351 Blick Fort,Groton,Massachusetts,Middlesex County,1450,42.58970740418741,-71.56400528787842,986650.16,7970.859999999999,,
800a25b8-c263-4cc8-b810-ddb5daf4e0be,1977-12-15,,999-79-5133,S99977312,X43810427X,Mr.,Filiberto722,Wolff180,,,M,white,nonhispanic,M,Attleboro  Massachusetts  US,1055 Trantow Fort Suite 91,Medway,Massachusetts,Norfolk County,,42.16682419512101,-71.45429830669993,878878.66,4512.04,,
37e1e21f-1bee-4364-94bd-24bec405c0cb,1932-09-08,2020-03-19,999-68-8846,S99959481,X82959107X,Mr.,Milo271,Weissnat378,,,M,white,nonhispanic,M,Swampscott  Massachusetts  US,207 Schimmel Green Suite 55,Dartmouth,Massachusetts,Bristol County,,41.54283094793475,-70.93177631246085,1568944.76,22358.62,,
5fa1a7c8-8612-446e-9fc3-41d0800fb4ea,1962-11-01,,999-37-3438,S99912539,X62319263X,Mr.,William805,Bailey598,,,S,white,nonhispanic,M,Wareham  Massachusetts  US,765 Murray Parade,Fall River,Massachusetts,Bristol County,2721,41.66393946996499,-71.11482018854178,1390545.95,6232.759999999999,,
ca735c73-e69b-469f-96ff-3b0c5567eda9,1932-09-08,2006-03-24,999-16-6762,S99977135,X87351249X,Mr.,Wilson960,Swaniawski813,,,M,white,nonhispanic,M,Springfield  Massachusetts  US,973 Kunde Light Suite 62,Dartmouth,Massachusetts,Bristol County,,41.60962705126307,-70.95089874361935,1688102.11,11740.03,,
b7e0245a-3641-442d-a2a6-6a6f51b04a9c,1989-09-29,,999-32-9364,S99960357,X2036870X,Mr.,Rick943,Blanda868,,,M,white,nonhispanic,M,Fall River  Massachusetts  US,280 Wolff Avenue Suite 21,Agawam,Massachusetts,Hampden County,,42.07964056692063,-72.64215940971096,794120.76,5197.08,,
aefb9454-c2ef-404c-aa47-c17589e78bb2,1958-10-06,,999-14-8201,S99971479,X34963341X,Mrs.,Dawne25,Greenholt190,,Lueilwitz711,M,asian,nonhispanic,F,Macau  Macao Special Administrative Region of the People's Republic of China  CN,733 Schiller Bay,Milford,Massachusetts,Worcester County,,42.20299760984877,-71.49377155606577,1317892.36,10995.6,,
a611639a-bd83-4272-8535-f121741e436d,1946-10-01,2018-04-23,999-24-3531,S99991330,X23069994X,Mrs.,Stacey209,Heidenreich818,,Stracke611,M,asian,nonhispanic,F,Incheon  Incheon  KR,765 Corwin Forge,Ashland,Massachusetts,Middlesex County,,42.20989293212972,-71.44638710335953,1424326.71,23960.53,,
461717a7-483e-4fba-86ff-6a59fbb5fb68,1991-08-15,,999-32-7836,S99995955,X86835888X,Mr.,Gordon377,Corwin846,,,S,white,nonhispanic,M,Quincy  Massachusetts  US,837 Schroeder Manor,Milford,Massachusetts,Worcester County,1757,42.14823024446467,-71.48447949980559,91115.07,9275.44,,
9dce0c94-30c4-463d-b6e4-eb7aa75bd871,1932-09-08,,999-68-9992,S99931103,X45424320X,Mr.,Jae222,Frami345,,,M,white,nonhispanic,M,Springfield  Massachusetts  US,625 Johnson Heights Apt 93,Dartmouth,Massachusetts,Bristol County,,41.60629453700904,-70.98687848410295,1480822.39,9110.9,,
03c0ad8c-b060-499e-afe8-d10414a25101,1967-08-23,,999-80-8932,S99975619,X24159551X,Ms.,Sarah635,Towne435,,,S,white,nonhispanic,F,Falmouth  Massachusetts  US,867 Jakubowski Knoll Suite 38,New Bedford,Massachusetts,Bristol County,2740,41.657726256722576,-70.91642169791167,1140579.73,14205.69,,
fb3b9736-ebc7-4366-aae2-b459aacb1172,1946-10-01,,999-30-3165,S99915537,X24713201X,Mrs.,Mackenzie361,Ebert178,,Ernser583,M,asian,nonhispanic,F,Busan  Busan  KR,262 Kuphal Estate Suite 37,Ashland,Massachusetts,Middlesex County,,42.25339103769228,-71.48702179804604,1496288.9,14419.079999999998,,
34f4a8ec-9223-4ba0-b870-8524b6161098,2009-08-02,,999-37-2255,,,,Hope196,Gaylord332,,,,white,nonhispanic,F,Lakeville  Massachusetts  US,625 Grimes Green,Acton,Massachusetts,Middlesex County,,42.47422413249797,-71.43152364380599,287207.77,2454.04,,
c1851022-a236-4e18-a715-e98dcfac6815,1969-05-19,,999-53-7440,S99964507,X73876781X,Mrs.,Carole948,Botsford977,,Gutkowski940,M,white,nonhispanic,F,Medfield  Massachusetts  US,301 Nader Terrace,Fall River,Massachusetts,Bristol County,2747,41.68721703917661,-71.11520730451741,1148793.14,6837.639999999999,,
84ded77e-345b-4d84-9efd-761b820bed6d,1991-09-03,,999-77-8517,S99990979,X82901063X,Mr.,Willy639,Frami345,,,S,white,nonhispanic,M,Sterling  Massachusetts  US,793 Kuhlman Branch,Upton,Massachusetts,Worcester County,1568,42.14360605051948,-71.58066022945029,764486.52,2738.96,,
4909c289-d702-4d55-9d58-d9a6cfb59cc6,1963-02-03,,999-64-1147,S99992405,X34462860X,Mrs.,Melinda114,Von197,,Spencer878,M,white,nonhispanic,F,Methuen  Massachusetts  US,286 Kerluke Landing,Granby,Massachusetts,Hampshire County,,42.22405552785904,-72.4865922874784,1146304.7,13925.299999999996,,
69fb1cc3-ee7a-4487-a926-3aa7856c37b3,1954-04-26,,999-58-9648,S99915622,X39025276X,Ms.,Estella474,Waters156,,,S,asian,nonhispanic,F,Boston  Massachusetts  US,362 Borer Orchard,Grafton,Massachusetts,Worcester County,,42.196106252744734,-71.65284714885162,1443281.94,11710.91,,
44c3e22d-a39d-4ca1-9b25-74d54236d5db,2001-06-14,,999-86-3115,S99965352,,Mr.,Alfonso758,Larson43,,,,white,nonhispanic,M,Needham  Massachusetts  US,469 Ortiz Bypass Unit 97,Bolton,Massachusetts,Worcester County,,42.48607669395754,-71.61012955794085,32188.47,484.1199999999999,,
0fc46273-5056-4371-b6a7-9a6fb7ca344b,1983-05-19,,999-78-9187,S99967062,X64040017X,Mr.,Rupert654,Gottlieb798,,,M,white,nonhispanic,M,Norwood  Massachusetts  US,940 Simonis Camp,Westborough,Massachusetts,Worcester County,1581,42.22460007371207,-71.64240931850047,898807.05,4952.08,,
fd1f5cc4-3345-4948-befe-46125c9314e1,1967-08-04,,999-87-4836,S99963267,X66237464X,Mr.,Evan94,Stoltenberg489,,,M,white,nonhispanic,M,Pembroke  Massachusetts  US,482 Wolf Trailer,Fall River,Massachusetts,Bristol County,2790,41.62864011127955,-71.1003762794963,23351.04,0.0,,
b44081e0-067b-4aea-8f20-75738ae715c7,2017-09-15,,999-47-1416,,,,Bradly656,Gusikowski974,,,,white,nonhispanic,M,Easton  Massachusetts  US,1059 Nitzsche Arcade Suite 8,Springfield,Massachusetts,Hampden County,1199,42.15226096471509,-72.60126963286598,62857.09,1409.9199999999998,,
70293856-bacb-4c71-91cf-53a46c91c69b,1929-12-22,1986-01-14,999-33-2435,S99988615,X1295149X,Mr.,Rosendo998,Bayer639,,,M,black,nonhispanic,M,Arlington  Massachusetts  US,759 Baumbach Orchard,Newton,Massachusetts,Middlesex County,2465,42.3398713380097,-71.18373276873572,1431857.1800000002,6293.56,,
dbd6aadd-8102-405d-9f66-65e6a3593f0c,1957-06-26,,999-16-1481,S99933184,X58710087X,Mrs.,Marry53,Pacocha935,,Davis923,M,white,nonhispanic,F,Tewksbury  Massachusetts  US,102 Dicki Glen Suite 39,Lincoln,Massachusetts,Middlesex County,,42.42365067864776,-71.35545805651692,1517685.8,11389.429999999998,,
7a641c32-4992-46bc-8617-f7818feaa6ea,1921-07-02,2019-07-10,999-27-1539,S99913345,X15941965X,Mr.,Rosendo998,Barrows492,,,S,white,nonhispanic,M,Fitchburg  Massachusetts  US,154 Kilback Meadow,Shrewsbury,Massachusetts,Worcester County,,42.251978784089,-71.74057064550801,1516926.25,17997.41,,
9c7dc0a5-3ad9-4456-9b75-c38a186e13a7,1972-05-11,,999-51-3871,S99966295,X9149829X,Mr.,Tyson541,Corwin846,,,M,white,nonhispanic,M,Boston  Massachusetts  US,1020 Beier Bridge Apt 74,Northbridge,Massachusetts,Worcester County,,42.12721285624976,-71.67467812869415,984727.19,3036.32,,
90ad7484-da1e-4b10-99bc-24fed5614190,1949-02-16,,999-58-6114,S99933467,X83098786X,Mrs.,Quinn173,Wunsch504,,Pouros728,M,white,nonhispanic,F,Springfield  Massachusetts  US,695 Mohr Walk,Lakeville,Massachusetts,Plymouth County,,41.86853107340679,-70.96135449571081,1415456.63,11846.339999999998,,
b69dd131-c823-4d68-9ac5-80b1595cc367,1929-12-22,2020-03-24,999-31-2294,S99999125,X79946052X,Mr.,Hilario934,Dare640,,,M,black,nonhispanic,M,Grafton  Massachusetts  US,1047 Rosenbaum Row Unit 84,Newton,Massachusetts,Middlesex County,2468,42.32626735450537,-71.27808334829055,1495065.66,24494.82,,
ed15ea7d-d9e5-498e-803d-f983e79d886c,1965-08-25,2003-11-19,999-20-4753,S99916301,X60116335X,Mr.,Elden718,Kemmer137,,,M,black,nonhispanic,M,Westport  Massachusetts  US,343 Jerde Dam,Grafton,Massachusetts,Worcester County,,42.169732624900966,-71.6384059027827,82014.23999999999,3531.31,,
42cd3695-6085-42b9-a85a-e01a501bb9dc,1929-12-22,2007-12-25,999-80-2030,S99912849,X86681406X,Mr.,Josh874,Jacobs452,,,M,black,nonhispanic,M,South Hadley  Massachusetts  US,341 Casper Pathway,Newton,Massachusetts,Middlesex County,,42.3335178418491,-71.25219296271315,1461342.06,411300.6000000001,,
df07143a-3d09-4ecc-a7ee-09ba66ff59b3,1921-07-02,,999-54-4646,S99980125,X75970450X,Mr.,Bryce11,Witting912,,,M,white,nonhispanic,M,Reading  Massachusetts  US,620 Predovic Trace,Shrewsbury,Massachusetts,Worcester County,,42.25069127873388,-71.69510012503623,1913202.87,193634.06999999995,,
a52a3711-ccf1-40b0-9edc-ff59496b74b0,1956-03-28,,999-18-2374,S99923467,X1389555X,Mr.,Timmy68,Quigley282,,,S,white,nonhispanic,M,Norton  Massachusetts  US,174 Simonis Meadow,Taunton,Massachusetts,Bristol County,2718,41.91279628239015,-71.15888722388239,96608.49,4228.84,,
03ae6bca-0fc8-45dc-bc9a-8c18cd9e84ca,1973-10-15,1977-11-07,999-93-3003,,,,Johnie961,Keebler762,,,,white,nonhispanic,M,Walpole  Massachusetts  US,201 Herman Neck,Taunton,Massachusetts,Bristol County,,41.986464099388726,-71.04415014525392,13698.86,5607.49,,
ee18aaa2-7d37-4700-a08c-4232d35ef025,1973-10-15,,999-86-3438,S99948631,X14006695X,Mr.,Derek111,Anderson154,,,M,white,nonhispanic,M,Worthington  Massachusetts  US,374 Kiehn Junction Apt 33,Taunton,Massachusetts,Bristol County,2780,41.94244215395865,-71.07931629278849,146771.8,13562.93,,
19e7b8e2-a2c1-43bc-b746-127fb21515d6,1929-12-22,2008-07-12,999-48-5843,S99991944,X87340496X,Mr.,Weldon459,Bauch723,,,M,black,nonhispanic,M,Lexington  Massachusetts  US,309 Walter Wall Apt 51,Newton,Massachusetts,Middlesex County,2467,42.297473968771,-71.2030163933304,1695616.5,20715.52,,
3f60b059-cd06-451b-8397-71ec9b8298e9,1968-08-09,,999-42-1281,S99980221,X65225254X,Mrs.,Angeles319,O'Keefe54,,Haley279,M,white,nonhispanic,F,Lowell  Massachusetts  US,301 Kilback Well,Hopkinton,Massachusetts,Middlesex County,,42.205852132890605,-71.52918858706799,1114940.27,8689.21,,
8eea4b5b-c3bd-4ecd-a26d-b14590515751,1929-12-22,2008-10-23,999-77-4833,S99942904,X42713121X,Mr.,Jeffery551,Graham902,,,M,black,nonhispanic,M,Amherst  Massachusetts  US,886 Harris Stravenue,Newton,Massachusetts,Middlesex County,2465,42.35283653402134,-71.22066293099324,1616808.37,428287.6200000001,,
ac5dd50f-a266-4782-a838-b7b214425732,1952-02-17,,999-91-1886,S99962558,X88291080X,Mrs.,Norma469,Alcala54,,Cervántez278,M,white,hispanic,F,San Juan  Puerto Rico  PR,405 Rath Frontage road Unit 91,Chicopee,Massachusetts,Hampden County,1013,42.15191950026589,-72.59133491554758,1323079.29,15504.159999999998,,
f60a8bda-7e49-4161-831a-359a9a376364,1993-01-15,,999-12-4050,S99920648,X87221414X,Mr.,Ricky354,Rippin620,,,M,white,nonhispanic,M,Springfield  Massachusetts  US,704 Kreiger Ramp Unit 18,Maynard,Massachusetts,Middlesex County,1754,42.4492282223257,-71.41698550354447,16858.67,0.0,,
d1d79dc1-a6b3-4a11-974b-7bdabf2a3694,1961-01-23,,999-87-4114,S99927189,X22716247X,Mr.,Lazaro919,Wilderman619,,,S,white,nonhispanic,M,Boston  Massachusetts  US,740 Mann Vista,Chicopee,Massachusetts,Hampden County,1013,42.14075432544035,-72.550870445587,1479535.01,9179.8,,
65def89b-71d1-4589-a7d6-4711ed1e233a,1965-08-17,,999-98-2168,S99927418,X21845472X,Mr.,Marcus77,Lesch175,,,M,white,nonhispanic,M,Taunton  Massachusetts  US,888 Quigley Trailer Unit 77,Hampden,Massachusetts,Hampden County,,42.10758211801279,-72.45271728254731,1404021.45,6916.919999999999,,
b88eba58-4a6f-4edc-a137-eb710467d165,1951-06-03,,999-70-4040,S99991374,X73815276X,Mrs.,Marlin805,Gerhold939,,Johnson679,M,white,nonhispanic,F,Malden  Massachusetts  US,771 Crooks Pathway,Agawam,Massachusetts,Hampden County,1030,42.02775847549542,-72.58959177669641,1451673.42,28483.36,,
3a650fc1-9fc1-4a1b-b050-eb5c3c28040b,2001-10-22,,999-48-2173,S99974019,,Ms.,Ozell178,Von197,,,,asian,nonhispanic,F,Marion  Massachusetts  US,239 Harber Trail,Bellingham,Massachusetts,Norfolk County,2019,42.043032906507456,-71.4925474122102,375643.86,6852.559999999999,,
5f303c1e-07bc-4ebf-b28a-84d7c178b6ac,1996-09-14,,999-95-2361,S99921321,X5571899X,Ms.,Milagro117,Stracke611,,,,white,hispanic,F,Cambridge  Massachusetts  US,292 Williamson Annex Unit 21,Concord,Massachusetts,Middlesex County,,42.42190506420777,-71.35661037416467,517988.62,5112.039999999999,,
23445fe9-ebe7-431d-8ca0-37735c6bb3a7,1990-03-05,,999-14-1211,S99933560,X17204703X,Ms.,Wilma646,Littel644,,,S,white,nonhispanic,F,Cambridge  Massachusetts  US,798 Gottlieb Well,Uxbridge,Massachusetts,Worcester County,,42.08925444720075,-71.6698197876649,625166.75,8000.089999999998,,
ab7c8af7-dcf7-4920-8fba-3d9ad843c549,1947-06-09,,999-37-5505,S99989719,X50882344X,Mrs.,Kathrin605,Koss676,,Cassin499,M,black,nonhispanic,F,Cambridge  Massachusetts  US,655 DuBuque Ferry,Fall River,Massachusetts,Bristol County,2790,41.69705252721738,-71.210467041658,256305.41,15358.239999999998,,
3afae7d0-ab77-4a10-a409-74357fc35717,1938-02-24,2007-08-24,999-89-4583,S99940258,X85034911X,Mr.,Lenny728,Gerhold939,,,M,white,nonhispanic,M,Haverhill  Massachusetts  US,147 Beatty Trailer,Yarmouth,Massachusetts,Barnstable County,,41.67213004859688,-70.2072211788355,1449516.6200000006,191922.9800000004,,
cfa144a9-1dd9-4214-b7af-c5bf216ea697,1943-02-22,2000-11-27,999-58-8402,S99993486,X44383271X,Mr.,Ryan260,Swaniawski813,,,S,white,nonhispanic,M,Salvador  Bahia  BR,731 Hagenes Neck Suite 90,Bellingham,Massachusetts,Norfolk County,2019,42.087605400966986,-71.47985276242014,1474520.75,6016.92,,
2ece19da-0c1b-4b40-98c6-eaea07291495,1988-10-19,,999-32-3234,S99920776,X63503122X,Mr.,Roger751,Cole117,,,M,white,nonhispanic,M,Northbridge  Massachusetts  US,303 Sauer Rapid Suite 47,Springfield,Massachusetts,Hampden County,1119,42.15058308906439,-72.56772202527597,101393.02,8105.919999999999,,
99358c62-09bb-4966-aeba-0bc51267d194,1943-02-22,2015-09-14,999-56-4903,S99931450,X74381045X,Mr.,Erick204,Lebsack687,,,M,white,nonhispanic,M,Funchal  Madeira  PT,1088 Fisher Underpass Suite 5,Bellingham,Massachusetts,Norfolk County,2019,42.12325905855232,-71.47970009537147,1701281.58,23923.36,,
4367f017-7677-4cf1-baa6-7c2116bb930f,1969-04-20,,999-87-9989,S99946475,X62237737X,Mrs.,Jodee687,Kassulke119,,McGlynn426,M,white,nonhispanic,F,Revere  Massachusetts  US,736 Bashirian Trafficway Apt 91,Franklin,Massachusetts,Norfolk County,2038,42.06839692441256,-71.40431838097068,1104523.81,8195.919999999998,,
bc22f815-6f11-422b-a7a4-d8580a4e68ae,1952-12-11,2018-06-23,999-40-7959,S99947972,X30833596X,Mrs.,Kortney212,O'Kon634,,Conroy74,M,white,nonhispanic,F,Lowell  Massachusetts  US,411 Bednar Rapid Suite 70,Bellingham,Massachusetts,Norfolk County,,42.12546875761426,-71.47476246477521,1464673.73,8500.039999999999,,
d61561df-c0f3-4061-a330-9b88ebf361db,1943-02-22,,999-56-9538,S99915183,X32682082X,Mr.,Rodrick370,Flatley871,,,M,white,nonhispanic,M,Salvador  Bahia  BR,130 Kling Run Suite 4,Bellingham,Massachusetts,Norfolk County,2019,42.05499498049781,-71.49544494027738,1620068.57,11662.84,,
b26ce29c-3fbb-4112-b474-bf95d658869c,1993-10-26,,999-52-5504,S99931939,X54234314X,Mr.,Wendell199,Langosh790,,,,white,nonhispanic,M,Bridgewater  Massachusetts  US,767 Wisozk Tunnel,Blackstone,Massachusetts,Worcester County,,42.06652882561823,-71.55936355490056,544988.0,2538.92,,
478704f0-1e13-4a6e-99ec-e861c86156e2,1952-12-11,,999-65-6654,S99945905,X39195349X,Mrs.,Cheri871,Ryan260,,Bauch723,M,white,nonhispanic,F,East Bridgewater  Massachusetts  US,806 Kunde Terrace Unit 22,Bellingham,Massachusetts,Norfolk County,,42.07850094384757,-71.49964758669756,1652843.45,7220.24,,
06341669-fae2-4d06-954f-d77c18adc453,1914-08-10,1952-09-23,999-66-1409,S99967189,X17744834X,Mr.,Stan246,Friesen796,,,M,white,nonhispanic,M,Quincy  Massachusetts  US,388 Dach Crossing Suite 92,Framingham,Massachusetts,Middlesex County,,42.2371990221774,-71.4022952418777,930676.48,12831.999999999996,,
48dbb1f2-7596-4425-8201-f770af2a9e00,1986-10-15,,999-74-9843,S99963510,X70429029X,Mrs.,Angelena945,Upton904,,Feest103,M,white,nonhispanic,F,Boston  Massachusetts  US,682 Mosciski Quay,Boxborough,Massachusetts,Middlesex County,,42.480669143741046,-71.57073060782459,652330.38,13083.71,,
6307ec86-1e29-4cef-b8cd-2814f78f5370,2011-07-19,,999-19-1500,,,,Ronnie7,Christiansen251,,,,white,nonhispanic,F,Lawrence  Massachusetts  US,848 Block Trace Unit 32,Franklin,Massachusetts,Norfolk County,,42.04911550376117,-71.41460972758259,216835.38,2644.84,,
5568ce5e-9290-4281-9fc7-94c1569de318,1914-08-10,1995-02-21,999-61-2897,S99990765,X16184183X,Mr.,Stefan297,Bartoletti50,,,M,white,nonhispanic,M,Barnstable  Massachusetts  US,411 Murphy Gateway Suite 9,Framingham,Massachusetts,Middlesex County,1701,42.32011772218981,-71.40843064788447,1384230.48,10328.56,,
2627eefa-2364-4301-a0ee-009b686ca3b0,2002-03-30,,999-96-1423,S99980312,,Mr.,Coy949,Kreiger457,,,,white,nonhispanic,M,Dover  Massachusetts  US,621 Mueller Fork,Freetown,Massachusetts,Bristol County,,41.76939702090719,-70.98526683574124,416513.73,3416.4,,
9196805d-f87a-4cae-9c4d-468dd65f5eb3,1967-08-15,,999-11-1040,S99974488,X55721476X,Ms.,Ranee391,Larson43,,,S,white,nonhispanic,F,Lawrence  Massachusetts  US,375 Hartmann Heights,Taunton,Massachusetts,Bristol County,2780,41.93022188173686,-71.13723005213183,1208058.85,8863.409999999998,,
01294731-654b-4d91-bf4c-37eefaf502ae,1923-10-21,1981-07-26,999-26-6761,S99969330,X64144855X,Mr.,Ramiro608,Sotelo656,,,M,white,hispanic,M,Portsmouth  Saint John Parish  DM,621 Windler Highlands Unit 2,Agawam,Massachusetts,Hampden County,,42.04619047555089,-72.64226223337697,1432959.39,8854.08,,
82ff1a05-be08-4fdb-8d90-801473f4cf77,1983-06-19,,999-82-1529,S99973337,X53269834X,Mrs.,Darnell564,Tromp100,,Murazik203,M,white,nonhispanic,F,Peabody  Massachusetts  US,332 Leuschke Ramp,Medway,Massachusetts,Norfolk County,,42.11654568072106,-71.45434978967707,830095.84,11288.339999999998,,
29b81a19-86ba-40c3-bfb7-77037422e14a,2009-11-02,,999-88-6980,,,,Suzy993,Grant908,,,,white,nonhispanic,F,Boston  Massachusetts  US,595 Bins Stravenue,Medway,Massachusetts,Norfolk County,,42.11452705010048,-71.4723914490419,274862.84,3906.4,,
8919cbad-7447-436d-914f-c66c81bb014a,1914-08-10,2001-01-22,999-71-6415,S99959908,X81086108X,Mr.,Seth414,Crist667,,,M,white,nonhispanic,M,Brockton  Massachusetts  US,561 Braun Manor,Framingham,Massachusetts,Middlesex County,,42.24018496632267,-71.45900806300264,1711619.68,15909.169999999998,,
ff6f0e65-cc22-4b11-a84b-de1949617802,1980-05-15,,999-34-6157,S99954567,X4833172X,Mrs.,Susann104,Nicolas769,,Waters156,M,white,nonhispanic,F,Peabody  Massachusetts  US,806 Funk Dam,Acton,Massachusetts,Middlesex County,,42.49587994828213,-71.47526299053752,828691.29,10436.209999999995,,
f3eaeddc-658e-40e5-b204-bc4b7d2f273c,2013-03-16,,999-84-6965,,,,Graham902,O'Keefe54,,,,white,nonhispanic,M,Boston  Massachusetts  US,912 Homenick Junction Apt 10,Longmeadow,Massachusetts,Hampden County,1106,42.04292005260672,-72.56434318511722,165808.93,2244.04,,
31a1f3ba-ca4d-401a-8794-881a9d4cb114,2006-06-23,,999-17-3659,,,,Ramiro608,Koss676,,,,white,nonhispanic,M,Everett  Massachusetts  US,502 Schmitt Wall Apt 51,Ayer,Massachusetts,Middlesex County,1434,42.534416005659146,-71.63655440549816,301426.95,3383.12,,
e5a3f36b-a64c-4532-97a6-ce222b88517c,1923-10-21,2020-03-27,999-97-7969,S99990527,X4999954X,Mr.,Jesús825,Cerda549,,,M,white,hispanic,M,Havana  Havana  CU,652 Veum Way Apt 60,Agawam,Massachusetts,Hampden County,,42.06860597520439,-72.65159399591914,1855917.55,33187.83,,
0439c103-3524-48ed-83fd-dcc381b4d0db,1965-03-04,,999-14-5580,S99918798,X55348998X,Mrs.,Sacha430,Hoeger474,,Prosacco716,M,white,nonhispanic,F,Lawrence  Massachusetts  US,938 Lindgren Throughway Unit 37,Ashland,Massachusetts,Middlesex County,,42.232298363360655,-71.44045184029346,1180230.24,7354.239999999999,,
1a44345f-6b63-46af-893c-0109484f7afa,1923-10-21,1999-01-28,999-57-4169,S99914574,X37375829X,Mr.,Pedro316,Abeyta738,,,M,white,hispanic,M,Guatemala City  Guatemala  GT,782 Murazik Flat,Agawam,Massachusetts,Hampden County,1001,42.098284852465525,-72.59092190877082,1794390.11,33447.71999999999,,
e5cd09d6-3b1b-4803-89df-dea070c4329d,1946-10-05,,999-61-2622,S99939605,X1466850X,Mr.,Bryan958,Gislason620,,,M,asian,nonhispanic,M,Tokyo  Tokyo  JP,1015 Sawayn Tunnel Suite 87,Springfield,Massachusetts,Hampden County,1151,42.170790155929325,-72.53001767406454,1531098.9,10302.41,,
5af72106-0af6-4352-870b-dd3a4b08d6a1,1969-08-20,,999-29-6212,S99992419,X34205354X,Mrs.,Deena887,Keebler762,,Will178,M,white,nonhispanic,F,Chelsea  Massachusetts  US,332 Schoen Track,Milford,Massachusetts,Worcester County,1757,42.1751026142627,-71.49327626673585,1037619.13,6936.259999999999,,
55786035-203e-463f-87cf-3fc6cbf8b119,1914-08-10,,999-19-9432,S99971626,X79845545X,Mr.,Joaquin141,Gaylord332,,,M,white,nonhispanic,M,Stoneham  Massachusetts  US,756 Ryan Tunnel Apt 84,Framingham,Massachusetts,Middlesex County,1701,42.26040317731459,-71.41683915195328,1751703.75,890024.0800000016,,
1710ec47-5494-4104-9d6f-059e70df48f9,2008-01-27,,999-62-9499,,,,Marylynn944,Cole117,,,,white,nonhispanic,F,Leominster  Massachusetts  US,715 Tillman Gardens Unit 65,Grafton,Massachusetts,Worcester County,,42.22170738976576,-71.64265564115752,327475.58,2712.36,,
2e145526-5c40-434b-ac58-1e780a563599,1936-07-06,2013-07-31,999-65-5220,S99989101,X35283068X,Mr.,Darrel772,Waters156,,,S,white,nonhispanic,M,Springfield  Massachusetts  US,957 Langworth Parade,Springfield,Massachusetts,Hampden County,1105,42.09156943622312,-72.62026664262484,74517.95999999999,16096.03,,
7416ccc7-fa44-45ef-b4e6-0c739182ce30,2019-02-10,,999-16-3197,,,,Eve68,Fisher429,,,,white,nonhispanic,F,Adams  Massachusetts  US,954 Crona Course Unit 56,New Bedford,Massachusetts,Bristol County,,41.62565681583952,-70.94047074244169,33879.869999999995,1042.4399999999998,,
cbac0349-9a52-4b97-9e7f-bb9072bb10a4,1965-01-23,2020-03-10,999-33-6097,S99974362,X22308778X,Mr.,Abraham100,Mayert710,,,M,white,nonhispanic,M,Boston  Massachusetts  US,587 Wiza Trace Apt 47,Ludlow,Massachusetts,Hampden County,,42.13790627507648,-72.50463611491989,1480683.41,5442.08,,
d15d07d8-a074-4bf2-80a9-f6fa7ded7c6e,2017-02-03,,999-80-1476,,,,Mariam937,Armstrong51,,,,white,nonhispanic,F,Falmouth  Massachusetts  US,418 Jacobson Stravenue,Grafton,Massachusetts,Worcester County,,42.17120571895029,-71.64919682160321,68320.0,1617.4,,
ab7a6841-e83a-4e51-87b5-a779cbec7fc5,1936-07-06,1999-07-17,999-32-3290,S99944322,X8418975X,Mr.,Drew592,Pouros728,,,M,white,nonhispanic,M,Shrewsbury  Massachusetts  US,604 Collier Junction,Springfield,Massachusetts,Hampden County,1013,42.140906851794576,-72.57108612274428,26788.0,0.0,,
791f3d8b-15c9-4ee1-a72d-1e04487d9c3e,1953-07-10,,999-15-5117,S99981247,X49800340X,Mr.,Florentino8,Grant908,,,M,white,nonhispanic,M,Marlborough  Massachusetts  US,324 Crona Mall Apt 49,Milford,Massachusetts,Worcester County,,42.114444061023775,-71.52201316419308,1360914.57,6026.839999999999,,
e6e94d96-62f9-4fb5-b40b-78fb806e3731,1969-04-25,,999-54-8225,S99939387,X21007695X,Mrs.,Dinorah501,Kub800,,Rice937,M,white,nonhispanic,F,Agawam  Massachusetts  US,659 Wisozk Extension Apt 47,Maynard,Massachusetts,Middlesex County,1754,42.44237587484335,-71.43266241564785,1198025.15,8625.82,,
227527ab-cdc0-489e-9bef-1c505d3fd15c,1962-10-21,,999-12-6128,S99931306,X66310516X,Mrs.,Andera917,Wilderman619,PhD,Boyle917,M,white,nonhispanic,F,Scituate  Massachusetts  US,786 Roob Estate,Southborough,Massachusetts,Worcester County,,42.25024661966158,-71.54202430599607,1367642.19,6927.679999999999,,
36581720-b081-429f-8fc6-83c4340c68a8,1997-07-23,,999-79-5776,S99916468,X25460994X,Mr.,Danial835,Prohaska837,,,,white,nonhispanic,M,Leominster  Massachusetts  US,285 Bailey Orchard Suite 87,Upton,Massachusetts,Worcester County,,42.20374091968441,-71.56322548382543,552768.66,3988.0,,
6f8ab0ea-d2ed-4cfe-8f80-412299f1c144,1987-04-04,,999-80-8902,S99932632,X86980840X,Mrs.,Roseann182,Thiel172,,Balistreri607,M,white,nonhispanic,F,Mendon  Massachusetts  US,727 Ziemann Underpass,Framingham,Massachusetts,Middlesex County,1702,42.34370241292856,-71.4004646338528,748420.84,6165.709999999999,,
ac4144e5-73fe-432d-bc41-44d605147936,1963-03-08,,999-27-1803,S99919753,X48671113X,Mr.,Vern731,Marquardt819,,,S,white,nonhispanic,M,Wellesley  Massachusetts  US,290 Howell Overpass,Springfield,Massachusetts,Hampden County,1013,42.11449875468261,-72.52626797029583,1447060.07,5077.08,,
97c9bc58-24bb-4577-9156-08563aee37b1,1993-04-03,,999-80-2095,S99994212,X89927856X,Ms.,Abbey813,Marks830,,,S,white,nonhispanic,F,Great Barrington  Massachusetts  US,591 Harber Flat Suite 82,Wilbraham,Massachusetts,Hampden County,,42.12011845485795,-72.4399492612872,592921.61,5782.81,,
8e29f2c5-bd71-42aa-9624-dfcd33a402b4,2017-04-04,,999-41-5834,,,,Darell496,Ritchie586,,,,white,nonhispanic,M,Boston  Massachusetts  US,110 Weissnat Passage,Harvard,Massachusetts,Worcester County,,42.49639833356217,-71.5926774642284,81960.0,1489.92,,
256add56-c6cb-441f-a4d9-d8c26cb0895d,1991-08-30,,999-68-4263,S99972854,X88182130X,Mr.,Lavern240,Windler79,,,M,white,nonhispanic,M,Rockland  Massachusetts  US,544 Kautzer Pathway,Ayer,Massachusetts,Middlesex County,1432,42.5291601571743,-71.62456320323254,765084.0700000001,3513.92,,
5480fd80-dcc2-487e-a2b7-0e1493acfa32,1990-11-21,,999-75-6844,S99921608,X24448419X,Mr.,Jeffrey461,Jaskolski867,,,M,white,nonhispanic,M,New Bedford  Massachusetts  US,455 Bashirian Parade Apt 15,Stow,Massachusetts,Middlesex County,,42.389725453209465,-71.4675597195283,754463.8200000001,8922.56,,
7b502399-f5d5-41ac-94da-0c8db241402a,1936-07-06,2015-04-27,999-16-7381,S99911913,X39965360X,Mr.,Wayne846,Dooley940,,,M,white,nonhispanic,M,Boston  Massachusetts  US,494 Dickinson Annex Apt 3,Springfield,Massachusetts,Hampden County,1151,42.08956656869414,-72.51088137321443,52827.55,3076.06,,
15cca20e-687c-466d-b4b8-014899837898,1936-07-06,2016-01-18,999-17-9527,S99970045,X48914290X,Mr.,Kraig824,Rowe323,,,M,white,nonhispanic,M,Norwell  Massachusetts  US,624 Maggio Tunnel Unit 60,Springfield,Massachusetts,Hampden County,1199,42.13265999533248,-72.6024802627282,71230.81999999999,7768.09,,
3da0bf45-fc25-4005-8ce2-94a178523f2c,1926-06-17,,999-40-5032,S99917443,X29991813X,Mrs.,Leonida214,Runolfsdottir785,,Wehner319,M,white,nonhispanic,F,Brookline  Massachusetts  US,106 Cremin Byway Apt 54,Acton,Massachusetts,Middlesex County,,42.45740508365452,-71.43879687291461,1558012.7,39194.34,,
77d0c416-7080-4209-af99-23dc02ace6f9,1957-03-17,,999-65-5743,S99921612,X74514178X,Mr.,Thanh759,Kunze215,,,M,white,nonhispanic,M,Melrose  Massachusetts  US,1053 Gislason Ville,Barnstable,Massachusetts,Barnstable County,2647,41.69116289525625,-70.23274380475155,193412.53,5828.679999999999,,
2b665276-7531-4206-8779-0808274a1b9e,1963-04-09,,999-25-7253,S99933767,X28196146X,Mrs.,Moon129,D'Amore443,,Schaefer657,M,white,nonhispanic,F,Waltham  Massachusetts  US,122 Eichmann Crossroad,Fall River,Massachusetts,Bristol County,2790,41.70520176973182,-70.97002771070864,1200037.9,16343.6,,
52b21382-2f2c-411b-9df8-6532f8ceac68,1936-07-06,2019-05-27,999-95-2726,S99954285,X62645039X,Mr.,Irwin931,West559,,,S,white,nonhispanic,M,Gardner  Massachusetts  US,614 Jacobi Track Apt 24,Springfield,Massachusetts,Hampden County,1013,42.11858720339835,-72.60562539051065,69836.08,14761.3,,
5650e1f2-166a-4fd0-a611-8645c6756a60,1999-03-28,,999-45-6423,S99985966,X47217115X,Mr.,Lindsay928,Friesen796,,,,white,nonhispanic,M,Boston  Massachusetts  US,235 Lehner Vista,Taunton,Massachusetts,Bristol County,2780,41.89373016194538,-71.1138897874468,443384.17,3823.8,,
bac74db6-76fe-4324-9fd3-4d80daf9c5b5,2015-02-25,,999-85-5165,,,,Kasey569,Strosin214,,,,white,nonhispanic,M,Peabody  Massachusetts  US,911 Schneider Divide Unit 2,Natick,Massachusetts,Middlesex County,,42.32928262647744,-71.38502233603205,126195.0,2000.72,,
fce4e9cb-deb4-435b-9063-5dcc5a7728a7,1936-07-06,1995-02-27,999-15-5260,S99931024,X86676963X,Mr.,Malcom15,Kiehn525,,,M,white,nonhispanic,M,Palmer  Massachusetts  US,323 Williamson Byway Apt 10,Springfield,Massachusetts,Hampden County,1104,42.16653113244632,-72.56235566422532,25102.31,0.0,,
22e99c85-aaa0-47a3-b805-6cfb450123a2,2006-03-19,,999-97-6193,,,,Shaina440,Treutel973,,,,white,nonhispanic,F,Lexington  Massachusetts  US,567 Schimmel Grove,Longmeadow,Massachusetts,Hampden County,,42.0227105884622,-72.56414775083627,27290.11,1826.56,,
de4a5d96-723f-41b9-afa1-9479a51cc4a7,2012-01-26,,999-87-7416,,,,Irvin970,Reilly981,,,,white,nonhispanic,M,Lynn  Massachusetts  US,314 Schmidt Divide Unit 39,Millis,Massachusetts,Norfolk County,,42.15127563744536,-71.38673081525107,220651.16,2195.72,,
33aeb000-e5c7-4417-a3a3-3d45a4cbb0d7,1936-07-06,2019-01-31,999-62-6638,S99974760,X55728393X,Mr.,Stefan297,Cummerata161,,,M,white,nonhispanic,M,Waltham  Massachusetts  US,1045 Boehm Forge Suite 2,Springfield,Massachusetts,Hampden County,,42.18114619731863,-72.53109044289887,70544.03,5904.679999999999,,
4bf48b7c-e675-42cc-8ff6-f576a63d3297,1951-03-12,,999-58-1362,S99927720,X39714425X,Mr.,Heriberto162,Lemke654,,,M,white,hispanic,M,Franklin  Massachusetts  US,419 Cronin Bay,Springfield,Massachusetts,Hampden County,1103,42.04436818545831,-72.50034020209227,24260.8,613.13,,
1668aa4f-6952-4fc7-a26d-86d05b62a361,1991-10-11,,999-86-5126,S99958925,X38627944X,Ms.,Shanta449,Kautzer186,,,S,white,nonhispanic,F,Dartmouth  Massachusetts  US,745 Klocko Frontage road Apt 39,Taunton,Massachusetts,Bristol County,2780,41.94263920674162,-71.12076129298659,690784.0,4402.12,,
26de3d14-3214-41d4-9881-bfe36466bec3,1936-07-06,,999-76-6944,S99949769,X63880323X,Mr.,Alvin56,Barrows492,,,M,white,nonhispanic,M,Hull  Massachusetts  US,575 Parker Throughway Suite 30,Springfield,Massachusetts,Hampden County,1105,42.19357641627822,-72.55712458998008,69240.48,3948.08,,
9ce420ca-b49d-4837-b403-408676fa2480,1993-04-28,,999-20-3352,S99998437,X78556191X,Mr.,Winfred745,Collier206,,,M,white,hispanic,M,Chelmsford  Massachusetts  US,539 Rice Skyway Suite 74,Springfield,Massachusetts,Hampden County,1108,42.07772181438136,-72.52613477432972,84061.86,6060.25,,
403680a3-5cdd-4803-a500-0912e1ff0a7f,2006-03-03,,999-75-6354,,,,Tanner110,Grimes165,,,,asian,hispanic,M,Worcester  Massachusetts  US,138 MacGyver Skyway Suite 22,Upton,Massachusetts,Worcester County,1568,42.211366830797765,-71.56319953727436,20246.08,1637.4,,
155b61e9-2c76-4d27-8515-3c365f1f21a4,1973-08-07,,999-61-1006,S99935230,X16193636X,Mr.,Stan246,Jakubowski832,,,M,asian,hispanic,M,Boston  Massachusetts  US,965 Marquardt Pathway,Shirley,Massachusetts,Middlesex County,,42.52984111647103,-71.61928383041698,20028.1,0.0,,
0fdb35b3-3daa-45d5-8b55-82c1514413da,1962-04-29,,999-51-4585,S99988498,X19079511X,Mr.,Juan88,Jaskolski867,,,S,white,nonhispanic,M,Waltham  Massachusetts  US,874 Jenkins Burg,Fall River,Massachusetts,Bristol County,2723,41.72210221983491,-71.10646995674183,1190571.45,4272.04,,
f2e58276-f50e-47d0-8346-2aa051284755,1997-05-29,,999-35-7422,S99986877,X10643098X,Mr.,Hobert364,Smith67,,,,white,nonhispanic,M,Worcester  Massachusetts  US,303 Luettgen Parade Apt 1,Springfield,Massachusetts,Hampden County,1103,42.13250524723517,-72.56443850746106,558972.5,8158.4,,
dbdf823b-8ebc-4cce-ae88-bb782ed6fa4a,2000-12-03,,999-87-1556,S99961341,,Ms.,Jamee262,Bashirian201,,,,black,nonhispanic,F,Lexington  Massachusetts  US,1082 Waelchi Gateway Apt 97,Fall River,Massachusetts,Bristol County,2721,41.66458398933404,-71.14484956258184,29554.24,433.2799999999999,,
36f159eb-04ce-469a-9378-051e43372a87,2010-02-01,,999-32-6918,,,,Marivel862,O'Reilly797,,,,white,nonhispanic,F,Lexington  Massachusetts  US,389 Dietrich Rue,Fall River,Massachusetts,Bristol County,2723,41.71721032145673,-71.07502742170607,226008.29,3103.96,,
8d12674f-47c2-46a0-8874-e803300a017f,2015-01-13,,999-47-8164,,,,Magali989,Mante251,,,,white,nonhispanic,F,New Bedford  Massachusetts  US,855 Schoen Loaf Apt 30,Franklin,Massachusetts,Norfolk County,2038,42.12538186348466,-71.4152509259824,130140.98,1808.24,,
96f8e366-5a9d-4767-b241-e000887970b5,1949-11-07,2008-02-28,999-25-6945,S99992399,X30803426X,Mr.,Hershel911,Mraz590,,,S,white,nonhispanic,M,Dighton  Massachusetts  US,425 Kutch Trail Apt 10,Hopkinton,Massachusetts,Middlesex County,1748,42.23802488630908,-71.57537350715455,1738397.8,3337.2,,
4b4d7822-7847-4529-a5e9-ef454c9a59be,1954-02-22,2008-03-21,999-53-9723,S99981072,X34170426X,Mr.,Erasmo545,Jones311,,,M,white,nonhispanic,M,Athol  Massachusetts  US,557 Corkery Trailer,Granby,Massachusetts,Hampshire County,1033,42.20347368260639,-72.48419382167461,1744754.13,9369.039999999995,,
16f68fdc-d927-4aec-976c-f117d2fa904d,1959-01-20,,999-13-7264,S99959374,X74811335X,Mr.,Ward668,Weber641,,,M,asian,nonhispanic,M,Shanghai  Shanghai Municipality  CN,1002 Homenick Frontage road Suite 84,Framingham,Massachusetts,Middlesex County,,42.29431880090558,-71.40771509334775,1552089.17,5915.33,,
5b90cf41-13b2-4ac7-b52a-955452ebc528,1954-02-22,,999-31-9430,S99941332,X5341578X,Mr.,Irvin970,Pacocha935,,,M,white,nonhispanic,M,Barnstable  Massachusetts  US,411 Block Vista,Granby,Massachusetts,Hampshire County,,42.21852932980327,-72.53821818049936,1493670.64,6126.86,,
db092438-a4af-4039-8b2f-c6f759901fac,1949-11-07,2020-02-19,999-23-3579,S99992644,X9952175X,Mr.,Andy346,Schuster709,,,M,white,nonhispanic,M,Weston  Massachusetts  US,1039 O'Reilly Track Suite 36,Hopkinton,Massachusetts,Middlesex County,1748,42.18440698620197,-71.58525159492368,1749198.63,5536.24,,
7fb951f3-1287-4847-9f65-99f021c524f2,1915-08-10,1995-08-23,999-85-6454,S99980452,X60796600X,Mrs.,Clemencia569,Quigley282,,Welch179,M,white,nonhispanic,F,Boston  Massachusetts  US,503 Johnson Knoll Suite 37,Pepperell,Massachusetts,Middlesex County,1463,42.6967558603132,-71.57411116202643,1418182.24,16489.85,,
a1a1670e-10db-46c9-a187-254734ef099b,1949-11-07,1996-08-19,999-64-2057,S99946285,X16116592X,Mr.,Don899,Ward668,,,M,white,nonhispanic,M,North Andover  Massachusetts  US,947 Herzog Road,Hopkinton,Massachusetts,Middlesex County,,42.20181654377975,-71.500108886267,1248674.19,4078.8,,
e6370380-0a16-46da-8270-05ee380161f0,1915-08-10,1988-12-27,999-25-4756,S99966916,X55750956X,Mrs.,Karren465,Dach178,,Blick895,M,white,nonhispanic,F,Taunton  Massachusetts  US,751 Batz Meadow Apt 8,Pepperell,Massachusetts,Middlesex County,1463,42.650008555147416,-71.64680261668819,1404187.54,10937.159999999998,,
b7d9f417-8d8b-40af-840a-6b555bca8d21,1949-11-07,2019-12-16,999-73-2861,S99963558,X60457394X,Mr.,Marcus77,Berge125,,,M,white,nonhispanic,M,Kingston  Massachusetts  US,581 Weimann Parade Suite 56,Hopkinton,Massachusetts,Middlesex County,1748,42.1749882051766,-71.49582258496204,1372805.84,476932.68000000034,,
0b836d24-1998-443d-a1bc-19464fd4e797,1915-08-10,2002-05-28,999-60-6548,S99958208,X20220970X,Mrs.,Leandra549,Predovic534,,Ritchie586,M,white,nonhispanic,F,Fairhaven  Massachusetts  US,1088 Pouros Boulevard,Pepperell,Massachusetts,Middlesex County,1463,42.62810202517516,-71.62404086687864,1489057.62,89730.95000000001,,
6472248d-700d-451c-a377-744ee5286ba0,2014-02-22,,999-72-3179,,,,Marilu588,Arroyo916,,,,white,hispanic,F,Gaudalajara  Jalisco  MX,176 Glover Course,Mansfield,Massachusetts,Bristol County,,42.00640395457515,-71.16751530290307,135870.37,2533.16,,
03dad608-b329-42f7-91d1-89c94b8b280b,1949-11-07,,999-96-6477,S99979235,X16725757X,Mr.,Cecil300,Schiller186,,,M,white,nonhispanic,M,Mansfield  Massachusetts  US,754 Emmerich Plaza,Hopkinton,Massachusetts,Middlesex County,1748,42.19505096147053,-71.5117919100354,1663472.14,6986.08,,
cd4162ed-fa27-4f2d-87ad-552af4fd581b,1982-09-11,,999-90-7048,S99946579,X62593331X,Ms.,Julio255,Denesik803,,,S,white,nonhispanic,F,New Bedford  Massachusetts  US,174 Daniel Route Suite 84,Northbridge,Massachusetts,Worcester County,,42.14445317802593,-71.63748240869828,837119.03,6572.909999999999,,
e31e2fd9-a623-4f9b-9792-e6c0d96a22c1,1915-08-10,1977-03-04,999-55-4216,S99959020,X25054815X,Ms.,Gita759,Dickinson688,,,S,white,nonhispanic,F,Quincy  Massachusetts  US,725 Mraz Walk Apt 19,Pepperell,Massachusetts,Middlesex County,1463,42.63665201193064,-71.57905341209373,1533791.22,8333.24,,
0a8b13e6-7b2d-4888-a8a8-92b38a148908,1981-05-25,,999-85-3682,S99991779,X34542781X,Ms.,Micah422,Dickens475,,,S,white,nonhispanic,F,Swampscott  Massachusetts  US,608 West Trace Apt 38,Framingham,Massachusetts,Middlesex County,1702,42.27414314417738,-71.4396172490818,829992.1,10928.799999999996,,
0f2d3387-08d0-4a24-83b9-326aecc82eb9,1922-10-04,1990-08-12,999-72-3984,S99987172,X76991884X,Mr.,Raymond398,Grimes165,,,M,white,nonhispanic,M,Plymouth  Massachusetts  US,924 Nitzsche Gateway Unit 1,Needham,Massachusetts,Norfolk County,2494,42.30944505711978,-71.27258442548617,1689555.15,12995.06,,
721f2ead-aa64-4bcd-94a9-52f4160fe2f4,1922-10-04,1991-04-04,999-82-2232,S99996135,X30351912X,Mr.,Roscoe437,Kutch271,,,M,white,nonhispanic,M,Marshfield  Massachusetts  US,289 Wisoky Hollow,Needham,Massachusetts,Norfolk County,,42.235318340009705,-71.22837288941979,1657333.25,45151.21,,
a8bcb817-bdea-47ae-a6c9-19c5c9935efa,1915-08-10,1998-10-01,999-21-4759,S99947665,X57101443X,Mrs.,Janella261,Gusikowski974,,Klein929,M,white,nonhispanic,F,Weymouth  Massachusetts  US,468 Ernser Club,Pepperell,Massachusetts,Middlesex County,,42.628958158233054,-71.57470312882673,1469041.59,16502.409999999996,,
87413c53-d9bf-431a-b04f-532e2d2fa4ab,1972-06-01,,999-66-7857,S99955937,X60959949X,Mrs.,Aretha897,Dach178,,Ziemann98,M,white,nonhispanic,F,Quincy  Massachusetts  US,1024 Schoen Burg,Swansea,Massachusetts,Bristol County,,41.78784481997045,-71.20258342059486,1003899.26,6871.719999999999,,
4406ecae-5961-4762-af09-3448ca22d989,1951-04-29,,999-50-6426,S99996477,X41722265X,Mrs.,Leeanna836,Bartell116,,Hackett68,M,white,nonhispanic,F,Belchertown  Massachusetts  US,518 Davis Ramp Suite 82,Ashland,Massachusetts,Middlesex County,,42.214315904343614,-71.45253840712257,1432069.52,11570.589999999998,,
b2403768-802c-4bf3-b225-ced14784c33e,1922-10-04,1988-03-11,999-88-9204,S99926740,X40959294X,Mr.,Haywood675,Grady603,,,M,white,nonhispanic,M,Manchester-by-the-Sea  Massachusetts  US,490 Schamberger Brook,Needham,Massachusetts,Norfolk County,2494,42.27684145262246,-71.26901903003424,1568212.9,6184.36,,
75df45c9-12b1-431c-976a-92646c81b542,1915-08-10,,999-97-7112,S99945374,X9114930X,Mrs.,Letisha598,Haag279,,Hodkiewicz467,M,white,nonhispanic,F,Framingham  Massachusetts  US,434 Jacobs Neck Apt 92,Pepperell,Massachusetts,Middlesex County,,42.70048198752083,-71.57345269148865,1420790.68,38106.66,,
413c2004-7393-4445-80a9-c34f618feae3,1970-01-09,,999-61-8935,S99972202,X18911668X,Mr.,Hosea56,Parker433,,,M,white,nonhispanic,M,Lynn  Massachusetts  US,827 Mayert Center Apt 63,Fall River,Massachusetts,Bristol County,2720,41.67862575336666,-71.16896232385255,1275040.85,5330.36,,
9847abba-1aca-40f1-9f34-8669e83fab5d,1986-10-09,,999-57-8344,S99971186,X27300418X,Mrs.,Serafina151,Aufderhar910,,McClure239,M,white,nonhispanic,F,Taunton  Massachusetts  US,1090 Kilback Burg Apt 45,Groton,Massachusetts,Middlesex County,,42.63295677519321,-71.55365259497127,787309.47,4171.08,,
985b527e-920e-4fe6-afff-1f32b29ecb78,1991-02-14,,999-86-9758,S99937551,X10764056X,Mr.,Patricio639,Sierra982,,,S,white,hispanic,M,Gaudalajara  Jalisco  MX,174 Cormier Bypass,Fall River,Massachusetts,Bristol County,2721,41.69149119982385,-71.11281773212977,636331.04,2928.88,,
8028cab9-49b1-459c-9b3f-f416ffd6c16e,1922-10-04,1990-02-15,999-58-1996,S99977420,X71047939X,Mr.,Kendall673,Robel940,,,M,white,nonhispanic,M,Marlborough  Massachusetts  US,232 Schimmel Gateway,Needham,Massachusetts,Norfolk County,2492,42.31496171500008,-71.213760869288,1807960.06,197827.1000000001,,
7c863693-2909-4fbf-9cee-613333767c30,1940-06-14,2005-12-30,999-65-7104,S99975895,X85818975X,Mrs.,Monnie762,Wisoky380,,Cassin499,M,white,nonhispanic,F,Everett  Massachusetts  US,1008 Murazik Gateway,Acton,Massachusetts,Middlesex County,,42.49014269774983,-71.42321308938722,1449079.08,11331.249999999998,,
c72657c9-89d5-472f-b587-d0b29d0f632b,1940-06-14,2013-12-28,999-13-7536,S99970306,X51857656X,Mrs.,Marlin805,Littel644,,Bayer639,M,white,nonhispanic,F,Chicopee  Massachusetts  US,1094 Armstrong Station Unit 29,Acton,Massachusetts,Middlesex County,,42.44271284660224,-71.3965053918124,1596542.88,17240.92,,
f59bb525-7cd5-4d99-8b2a-88db5ba6a525,1922-10-04,2020-03-07,999-76-9267,S99957038,X72170887X,Mr.,Deandre599,Frami345,,,M,white,nonhispanic,M,Manchester-by-the-Sea  Massachusetts  US,242 McClure Path Apt 5,Needham,Massachusetts,Norfolk County,,42.31798656122375,-71.25653175746896,1880270.6,17493.78,,
09813765-1dee-43bc-87ea-128aa44f1984,1922-10-04,1999-10-15,999-61-3618,S99935936,X28834710X,Mr.,Demetrius568,Von197,,,M,white,nonhispanic,M,Stoneham  Massachusetts  US,610 Skiles Path,Needham,Massachusetts,Norfolk County,,42.2573149049446,-71.22164075022278,1550590.36,15823.17,,
af6679a4-670b-4437-b252-b75c9c4170c1,1971-08-24,,999-64-3709,S99945860,X19944991X,Ms.,Rosalia943,Greenfelder433,,,S,white,nonhispanic,F,Saugus  Massachusetts  US,1009 Rolfson Alley Apt 60,Norton,Massachusetts,Bristol County,,41.91941829048983,-71.1695927422107,1087940.14,8360.249999999998,,
97757a50-25b8-406f-a6ef-9d369f4c9ac6,1998-12-09,,999-80-2116,S99928730,X59639637X,Ms.,Juana825,Chavarría957,,,,white,hispanic,F,Havana  Havana  CU,284 Ratke Ville Suite 76,Ludlow,Massachusetts,Hampden County,,42.18721021228242,-72.48241268517269,447991.33,6675.079999999998,,
ab78d641-23e0-40dd-b2e6-a1bfc2bf6705,1998-08-15,,999-37-7532,S99979166,X5026403X,Mr.,Cordell41,Johnston597,,,,white,nonhispanic,M,Lawrence  Massachusetts  US,428 Hartmann Avenue,Millville,Massachusetts,Worcester County,,42.00105498603737,-71.61080998136593,11197.36,0.0,,
aec84156-d6b4-4c5e-8d60-67a07138e35d,1954-06-24,,999-80-5015,S99970050,X72523019X,Mr.,Abe604,Cummings51,,,M,white,hispanic,M,Weymouth  Massachusetts  US,110 Hoeger Quay,Blackstone,Massachusetts,Worcester County,,42.0727861339758,-71.52741108643806,1422399.81,151189.54000000004,,
7ca6013c-2f88-47ee-9be0-4a2937a3558c,1951-07-30,,999-11-5524,S99933550,X58041085X,Mrs.,Cari853,Bosco882,,McDermott739,M,white,nonhispanic,F,Revere  Massachusetts  US,814 Zboncak Harbor,New Bedford,Massachusetts,Bristol County,2740,41.6636317405765,-71.04206657918351,1614067.22,10718.749999999998,,
654e7ab6-9f81-4ab4-8d21-db4c3fd73d24,1967-10-09,,999-81-9082,S99936667,X45373732X,Mrs.,María Teresa440,Curiel392,,Haro814,M,black,hispanic,F,Gaudalajara  Jalisco  MX,414 Greenfelder Rue,Springfield,Massachusetts,Hampden County,1105,42.087963837304585,-72.59040952650558,40822.97,1786.1899999999998,,
496e3e0b-aa53-4916-83e2-9838308f0fcf,1990-09-18,,999-19-4871,S99973395,X22649377X,Mrs.,Meredith572,Becker968,,Strosin214,M,white,nonhispanic,F,Brewster  Massachusetts  US,937 Hermiston Trafficway,Franklin,Massachusetts,Norfolk County,2038,42.068841273185626,-71.45360725230006,734901.6,4499.139999999999,,
38a4fd9c-ec63-4ab1-9da3-cbafc52bbc4d,1996-02-05,,999-59-5537,S99980427,X26917625X,Mr.,Harold594,Langworth352,,,,white,nonhispanic,M,Boston  Massachusetts  US,900 Padberg Esplanade,Littleton,Massachusetts,Middlesex County,,42.56191548195808,-71.5151010971728,501091.43,2944.72,,
2e14e4db-a672-4017-a915-10372627cd39,2005-01-05,,999-86-6455,,,,Darrell400,Berge125,,,,other,hispanic,M,Cambridge  Massachusetts  US,626 Schroeder Annex,Framingham,Massachusetts,Middlesex County,1702,42.25908909758219,-71.44293161361617,319881.0,2914.8,,
5bda3c7d-2b40-460e-8170-54d101ef3956,1972-10-19,,999-17-1541,S99931215,X52758159X,Mr.,Ryan260,Ward668,,,M,white,nonhispanic,M,Ludlow  Massachusetts  US,964 Hermann Fork Unit 89,Westborough,Massachusetts,Worcester County,1581,42.24821827233885,-71.59978586580853,146716.65,5058.139999999999,,
a0e5dffd-2c92-46d8-949a-0b62db2138d1,1993-07-29,,999-97-4723,S99988890,X41848769X,Ms.,Milagro117,Hauck852,,,,white,nonhispanic,F,Boston  Massachusetts  US,661 Funk Passage,Ludlow,Massachusetts,Hampden County,,42.22225734745585,-72.45514056233714,93668.52,24050.99,,
4206a0ae-10b7-42a9-8072-7e9be69214f0,1967-10-19,,999-89-4767,S99963610,X13323841X,Ms.,Carletta836,Zulauf375,,,S,white,nonhispanic,F,Waltham  Massachusetts  US,1032 Bernier Landing,New Bedford,Massachusetts,Bristol County,2745,41.61505774911966,-70.92183446221802,1208910.77,11524.86,,
efe0ad86-cdae-4998-837c-c157f739302f,1979-01-20,,999-13-8934,S99925414,X29518132X,Mrs.,Geri861,Pouros728,,Altenwerth646,M,white,hispanic,F,Boston  Massachusetts  US,601 Daugherty Bay,Westford,Massachusetts,Middlesex County,,42.55801628823109,-71.46497872378913,797469.3,7854.3499999999985,,
026043ff-34a2-4677-b37f-b96be651f52a,2008-12-20,,999-84-3639,,,,Luanna919,Beier427,,,,white,nonhispanic,F,Boston  Massachusetts  US,549 Daugherty Trace Suite 89,Fall River,Massachusetts,Bristol County,2790,41.64800980651257,-71.16277567548723,37084.58,9066.1,,
e65a7301-4e79-4a97-ba4a-eda2f2fcd66d,1928-02-02,2011-06-09,999-32-4246,S99936122,X72251985X,Mrs.,Bernita55,Boyle917,,Schamberger479,M,white,nonhispanic,F,Norfolk  Massachusetts  US,841 Hahn Arcade,Fall River,Massachusetts,Bristol County,2723,41.694023617491055,-71.21712280116863,166612.53,46657.26,,
fe02f2b8-3c34-4f73-9e4a-667812348395,2002-07-28,,999-93-7521,S99935691,,,Edison640,Cruickshank494,,,,white,nonhispanic,M,Dracut  Massachusetts  US,443 Little Burg,Groton,Massachusetts,Middlesex County,1450,42.58621858012995,-71.57487699959069,457006.91,8369.28,,
be2c17ad-2c89-4406-a7c1-2503310744a0,1928-02-02,1997-01-19,999-79-1514,S99981555,X36405198X,Mrs.,Fonda178,Parker433,,Bosco882,M,white,nonhispanic,F,Ashland  Massachusetts  US,502 Sanford Divide,Fall River,Massachusetts,Bristol County,2723,41.65648631458883,-71.15847426365376,84694.14,21915.04,,
f839618b-2330-47a6-9878-0199b16d668a,2004-08-19,,999-26-9660,,,,Margret280,Flatley871,,,,white,hispanic,F,Barnstable  Massachusetts  US,521 Jaskolski Rest Suite 53,Taunton,Massachusetts,Bristol County,2767,41.97303778470372,-71.07750769083901,324538.2,3031.44,,
f4135ae3-1791-4c76-b375-257f0526416d,1961-02-26,,999-74-3143,S99956050,X56840603X,Mr.,Doyle959,Morissette863,,,M,white,nonhispanic,M,Berkley  Massachusetts  US,1019 Zemlak Junction,Natick,Massachusetts,Middlesex County,,42.301163131786005,-71.3441613284158,1292379.81,18070.71,,
c2ee0dbb-931c-460c-b4b7-ebeeadcf805e,1969-05-21,,999-98-3539,S99950863,X79959282X,Mrs.,Cindie288,Terry864,,MacGyver246,M,white,nonhispanic,F,Agawam  Massachusetts  US,135 Kuphal Mews Apt 79,Dartmouth,Massachusetts,Bristol County,,41.57064028808797,-70.97300075073989,1235953.09,9244.92,,
6cd7e418-128f-43bf-8b83-9166319e84eb,1946-09-20,1997-12-14,999-72-2856,S99953593,X63532731X,Mr.,Sol312,Von197,,,M,white,nonhispanic,M,Blackstone  Massachusetts  US,445 Romaguera Hollow,Bridgewater,Massachusetts,Plymouth County,2324,41.944031735837456,-71.01039021321787,1282054.04,7827.519999999999,,
ac685e8e-c746-46e4-8958-236ed4c0c7d1,1928-02-02,,999-61-2781,S99917140,X3601741X,Mrs.,Dedra50,Bernier607,,Veum823,M,white,nonhispanic,F,East Longmeadow  Massachusetts  US,892 Wilkinson Overpass,Fall River,Massachusetts,Bristol County,2747,41.6684849903032,-70.98541623442216,140285.13,42311.65,,
98adf8df-67c6-4858-aa6b-087ee2370249,1989-04-30,,999-96-3165,S99939542,X10440338X,Mr.,Ross213,Ferry570,,,S,white,nonhispanic,M,Weymouth  Massachusetts  US,996 Effertz Ramp Suite 55,Norton,Massachusetts,Bristol County,,41.9321575121956,-71.17595649359548,716732.42,7171.729999999999,,
db6bd800-046b-42c2-b006-f152adda11f9,1966-07-16,1994-06-18,999-82-5550,S99982278,X78521399X,Mrs.,Petra678,Jerde200,,Lynch190,M,white,nonhispanic,F,Saugus  Massachusetts  US,868 Hodkiewicz View,Fall River,Massachusetts,Bristol County,2747,41.69314122236126,-71.13517020988195,26129.09,1851.36,,
2c6fa163-4e17-4fca-b1dc-bbddc7b3bafd,1966-07-16,,999-39-8885,S99921533,X3215792X,Mrs.,Tu721,Hauck852,,Oberbrunner298,M,white,nonhispanic,F,Framingham  Massachusetts  US,396 Botsford Brook Suite 4,Fall River,Massachusetts,Bristol County,,41.71079454687826,-71.14362737734498,39884.25,2685.2699999999995,,
233f9b42-a78e-433e-88ea-c97bbd30a26f,2014-06-25,,999-87-6052,,,,Josue598,Sauer652,,,,asian,hispanic,M,Wakefield  Massachusetts  US,730 Doyle Union Suite 24,Framingham,Massachusetts,Middlesex County,1702,42.26932702807376,-71.41708292524228,128116.44,2024.88,,
024e95aa-3b03-4875-b882-11f2ae987eff,2011-03-02,,999-43-5050,,,,Rosetta750,Luettgen772,,,,black,nonhispanic,F,Randolph  Massachusetts  US,594 Nader Village Suite 68,Dartmouth,Massachusetts,Bristol County,,41.61427046775,-70.97174467028407,191140.57,3455.5599999999995,,
6affac1f-c0a9-4528-a60a-5438cc3f2614,1957-11-28,1970-10-29,999-48-8732,,,,Eddy900,Ryan260,,,,white,nonhispanic,M,Taunton  Massachusetts  US,249 Denesik Wall,Upton,Massachusetts,Worcester County,,42.213644172348666,-71.55994488893688,296921.01,1478.9999999999998,,
cc750307-117b-4b8f-a9cc-1616f6a5c90d,1957-11-28,,999-43-9334,S99928726,X64346968X,Mr.,Antonio44,Orn563,,,S,white,nonhispanic,M,Lawrence  Massachusetts  US,940 Balistreri Walk Unit 17,Upton,Massachusetts,Worcester County,1568,42.16703085219619,-71.5879026815375,1285444.05,5464.4,,
d8605a8c-c626-4003-808e-ec609e3823c7,1986-01-20,,999-69-5230,S99938476,X84636680X,Mr.,Wilford267,Bode78,,,S,black,nonhispanic,M,Lawrence  Massachusetts  US,323 Mraz Course,Acton,Massachusetts,Middlesex County,,42.49336813554402,-71.45623160837647,755897.74,11945.399999999998,,
84058463-fe27-4289-a5f4-264447b2f7ac,2017-03-22,,999-81-3947,,,,Juli424,Wunsch504,,,,white,nonhispanic,F,Abington  Massachusetts  US,896 Luettgen Fort Unit 27,Pepperell,Massachusetts,Middlesex County,1463,42.62141205930745,-71.57678994868796,78390.0,1805.72,,
878e63c7-3701-448e-9403-9cf2333542b1,1964-09-24,,999-36-7958,S99994215,X58437758X,Mrs.,Yung349,Johnson679,,Ferry570,M,white,nonhispanic,F,Royalston  Massachusetts  US,929 Bechtelar Loaf Suite 72,Springfield,Massachusetts,Hampden County,1109,42.14581512309338,-72.53478315170507,1266608.57,12554.149999999998,,
3cafd65b-f243-473e-9ed9-6dde794e6220,1953-01-06,1991-07-02,999-49-6910,S99925529,X15685396X,Mr.,Marcelino726,Graham902,,,M,white,nonhispanic,M,Ashfield  Massachusetts  US,205 Klocko Viaduct,Milford,Massachusetts,Worcester County,1757,42.20219702670138,-71.56624760057726,119650.62,4397.4,,
086b568d-843c-4af7-bca2-34c8febc16f1,1964-06-09,,999-52-7503,S99955656,X65157174X,Mr.,Ricky354,Barrows492,,,M,white,nonhispanic,M,Newton  Massachusetts  US,859 Schroeder Rapid,Holliston,Massachusetts,Middlesex County,,42.188300615364646,-71.46059198400403,1320155.89,12760.329999999998,,
2b879880-4b37-42ee-ab5f-5d4bb9e2899a,1953-01-06,,999-43-3740,S99938186,X71696318X,Mr.,Anton902,Jerde200,,,M,white,nonhispanic,M,Easton  Massachusetts  US,101 Fritsch Flat Unit 43,Milford,Massachusetts,Worcester County,,42.10988979445699,-71.56403829063161,214155.23,6807.759999999999,,
36bbd67f-b3ca-49a1-8bb4-0846f5dadfce,1983-05-02,,999-16-2818,S99975971,X19155569X,Mr.,Leon728,West559,,,M,white,nonhispanic,M,Barre  Massachusetts  US,131 Frami Tunnel Suite 91,Framingham,Massachusetts,Middlesex County,1701,42.339114588310565,-71.42134572321619,767755.36,4266.24,,
16679130-ab0a-42cb-aa68-ceed1aebf415,2010-05-04,,999-14-5073,,,,Clair921,Schinner682,,,,white,nonhispanic,F,Lynn  Massachusetts  US,1060 Cummerata Lodge,Northbridge,Massachusetts,Worcester County,,42.08939346094451,-71.6274861613734,21311.42,645.8,,
41412771-bb79-4d0f-a076-ed9f302a320a,1954-01-27,2008-02-25,999-18-2552,S99920451,X74531107X,Mr.,Ernesto186,Urías338,,,M,white,hispanic,M,Bayamon  Puerto Rico  PR,477 Davis Walk,Fall River,Massachusetts,Bristol County,2747,41.63552535366877,-71.16270233228134,1314314.11,5647.759999999999,,
52d99065-42f3-4b10-bbc0-d0b83fc009ab,1998-06-01,,999-64-6119,S99980872,X17986590X,Ms.,Piedad413,Pfeffer420,,,,white,nonhispanic,F,Ipswich  Massachusetts  US,975 Wiegand Key Suite 91,Stow,Massachusetts,Middlesex County,,42.46520520246707,-71.55311054762855,598642.84,2736.48,,
e9e8b4d3-6d1f-4c70-947f-0f7819cbfe18,1987-12-29,,999-84-1560,S99943784,X64421974X,Ms.,Twanda979,Ernser583,,,S,white,nonhispanic,F,Rehoboth  Massachusetts  US,194 Gusikowski Parade Unit 28,Natick,Massachusetts,Middlesex County,,42.315793997098616,-71.36280497605661,725454.03,7924.999999999998,,
3443fbc0-0e16-46f4-87d6-6d6374ec1bdf,1954-01-27,,999-64-4594,S99947192,X38404432X,Mr.,Gilberto712,Menchaca276,,,M,white,hispanic,M,Santiago  Santiago Province  CL,918 Windler Tunnel,Fall River,Massachusetts,Bristol County,2724,41.67790208259065,-71.13204745085261,1418518.05,16524.79,,
72d8b734-a8fd-4a4a-bb2d-01c9f31968a2,1947-09-17,,999-22-2098,S99970308,X67443297X,Mrs.,Shantelle354,Cartwright189,,Volkman526,M,white,nonhispanic,F,Revere  Massachusetts  US,763 Turner Bypass Apt 65,New Bedford,Massachusetts,Bristol County,2747,41.552479936287874,-70.93271592820696,1342103.64,15623.269999999997,,
203e0282-3064-4646-b911-1dc0859a9f1d,1997-12-12,,999-29-7917,S99930899,X72815229X,Ms.,Sara501,Bonilla161,,,,white,hispanic,F,Portsmouth  Saint John Parish  DM,1090 Koch Walk Suite 44,Springfield,Massachusetts,Hampden County,1104,42.13835601690755,-72.55567827704822,542184.74,3282.24,,
da94ebbf-d640-4aac-bbba-24c5071c125d,2004-03-22,,999-37-4728,S99916979,,,Isabela97,Godínez202,,,,white,hispanic,F,Lima  Lima Province  PE,1048 Hills Mall,New Bedford,Massachusetts,Bristol County,2744,41.61660910989105,-70.94057005467343,4570.61,0.0,,
f9b2921f-fb35-4964-a30e-dfbdc35564e9,1997-02-23,,999-20-9039,S99989562,X55934020X,Mr.,Jordon466,Kemmer137,,,,white,nonhispanic,M,Medford  Massachusetts  US,1016 Swift Ville,Littleton,Massachusetts,Middlesex County,,42.52638795575754,-71.52486367988561,507160.43,4897.469999999999,,
1959d8d8-b15f-4425-91ae-99a2525d4305,1941-07-08,,999-70-3310,S99926220,X64161458X,Ms.,Brittny484,D'Amore443,,,S,white,nonhispanic,F,Hamburg  Hamburg  DE,1088 Hegmann Stravenue,Middleborough,Massachusetts,Plymouth County,,41.8686009557826,-70.91711912796575,1668007.9200000002,21383.59,,
4e3e45a2-929c-47ca-b05b-cc9851214908,1973-06-11,,999-36-4654,S99923435,X10382909X,Mrs.,Rebeca548,Sanabria449,,Cedillo160,M,white,hispanic,F,Salisbury  Saint Joseph Parish  DM,1054 Jacobi Way,Grafton,Massachusetts,Worcester County,,42.19798965606142,-71.64827732404994,944968.61,7978.319999999999,,
716806bd-0513-4c88-8c9a-d02a294b01d5,1942-11-13,,999-90-3856,S99928276,X89169281X,Mrs.,Ali918,Turner526,,Pouros728,M,white,nonhispanic,F,Lawrence  Massachusetts  US,202 Kessler Trace,Taunton,Massachusetts,Bristol County,2780,41.95706738543081,-71.05516678427583,1493451.14,25035.02,,
5f2b7ee8-bb23-45c2-a026-917246efffdc,1946-03-25,,999-14-3753,S99960768,X73344629X,Mr.,Dirk334,Breitenberg711,,,M,white,nonhispanic,M,Tyngsborough  Massachusetts  US,982 Conroy Terrace Unit 88,Mendon,Massachusetts,Worcester County,,42.07791798119216,-71.5209146986462,1674611.8,9263.32,,
284f5ade-9959-4605-900b-e402404ba1f3,1921-10-18,1996-10-17,999-29-1663,S99924210,X52114531X,Mr.,Kelvin159,Pacocha935,,,M,white,nonhispanic,M,Lowell  Massachusetts  US,765 Marks Bay Unit 4,Cambridge,Massachusetts,Middlesex County,2140,42.351086714999376,-71.22372958139377,1543952.7100000002,19129.5,,
8bc5cc4c-c364-480d-bdba-8b6930fc4e09,2007-03-19,,999-81-8863,,,,Laverne101,Hickle134,,,,asian,nonhispanic,M,Incheon  Incheon  KR,1092 Brakus Union Suite 25,Natick,Massachusetts,Middlesex County,,42.258834169544485,-71.38832251635934,304737.7,3433.12,,
85fb89ff-4afb-4546-b513-5bfa92f15c16,1977-12-15,,999-85-2529,S99971544,X44704666X,Mrs.,Shaniqua618,Reynolds644,,Hermiston71,M,white,nonhispanic,F,Pembroke  Massachusetts  US,816 Leannon Walk,Longmeadow,Massachusetts,Hampden County,,42.083432067098485,-72.53120866913459,865205.53,6211.799999999999,,
0b18716e-1b9a-49af-9b8b-8feea211937a,1964-09-08,,999-84-8802,S99971325,X34824756X,Mr.,Maxwell782,Ruecker817,,,M,white,nonhispanic,M,Boston  Massachusetts  US,562 Frami Drive Apt 8,Springfield,Massachusetts,Hampden County,1129,42.06780286795879,-72.54735466563424,1379722.02,7839.28,,
83116016-64ee-4117-a686-fba99d119dfd,1962-01-26,,999-63-4877,S99990590,X64222269X,Mrs.,Francesca650,Hodkiewicz467,,Murray856,M,white,nonhispanic,F,Salem  Massachusetts  US,771 Goldner Forge,Fall River,Massachusetts,Bristol County,2747,41.75840948997886,-71.04498623651783,1251090.38,15510.2,,
a08d4c96-529b-4918-840a-a7bd6a9e3a55,1950-04-04,2003-03-11,999-51-9454,S99913696,X19518338X,Mrs.,Tennille443,Wintheiser220,,Hegmann834,M,white,nonhispanic,F,Boston  Massachusetts  US,513 Prosacco Parade,Pepperell,Massachusetts,Middlesex County,,42.689539208715786,-71.56420906482239,1404128.54,5344.69,,
79b936dd-a7f1-499c-9d56-1bf766a2d370,1950-04-04,2016-05-24,999-23-3198,S99948932,X1534033X,Ms.,Stacee229,Schaefer657,,,S,white,nonhispanic,F,Westminster  Massachusetts  US,174 Sanford Estate Apt 60,Pepperell,Massachusetts,Middlesex County,,42.66181578653848,-71.56798909187421,1401108.94,17509.059999999998,,
0de51b51-7931-4a17-b323-bc8620eda95c,1987-12-01,,999-81-5953,S99972656,X362828X,Ms.,Jammie261,Fahey393,,,S,black,hispanic,F,Chicopee  Massachusetts  US,178 Klein Underpass,Dighton,Massachusetts,Bristol County,,41.78333838372265,-71.15212641812717,709649.34,7667.5999999999985,,
d6411220-0c3b-4338-91ec-d527ba6a00cc,1975-01-27,,999-85-8440,S99979292,X22171541X,Ms.,Marcene673,Rice937,,,S,white,nonhispanic,F,Dedham  Massachusetts  US,656 D'Amore Throughway Unit 27,Northborough,Massachusetts,Worcester County,,42.34569158627343,-71.60203588024083,909955.86,5461.919999999999,,
e391dbb9-8ee2-4cfb-ae22-85ec1acbfc1b,1950-04-04,,999-24-3564,S99993179,X47186515X,Mrs.,Williemae619,Zulauf375,,Bogan287,M,white,nonhispanic,F,Tyngsborough  Massachusetts  US,664 Hoppe Annex Apt 94,Pepperell,Massachusetts,Middlesex County,,42.69914256744742,-71.64538116116613,1597992.49,14235.669999999998,,
87f09e87-b5a9-43f6-a31d-11da351ea2d6,2010-06-12,,999-90-2300,,,,Alaina222,Moen819,,,,white,nonhispanic,F,Westborough  Massachusetts  US,309 Wintheiser Terrace Unit 20,Wrentham,Massachusetts,Norfolk County,,42.0907865521801,-71.38922751503962,240472.03,2581.52,,
12a7171b-c294-4940-aeca-759e313def33,1970-05-13,,999-92-5838,S99916242,X42211194X,Mrs.,Lisa683,Dicki44,,McClure239,M,black,nonhispanic,F,Springfield  Massachusetts  US,1075 Goldner Crossroad Unit 96,Milford,Massachusetts,Worcester County,,42.16557534120683,-71.51910157708852,1177205.39,7550.04,,
c4c6d39e-47cf-42da-820a-28425a8f7295,2006-11-05,,999-35-9646,,,,Daryl568,Bashirian201,,,,white,nonhispanic,M,Upton  Massachusetts  US,751 Wisozk Approach Unit 55,East Longmeadow,Massachusetts,Hampden County,,42.07018028944111,-72.45038433337943,310750.0,3728.92,,
910c704f-7ff9-43ed-b9ed-ec6b82c5ec8a,1965-03-16,,999-95-4797,S99978480,X33023831X,Mrs.,Neta452,Schowalter414,,Glover433,M,white,nonhispanic,F,Boston  Massachusetts  US,483 Nicolas Dale Apt 85,Milford,Massachusetts,Worcester County,,42.15488023686492,-71.5372044680878,1196344.84,13981.72,,
424aa3d4-0f94-4e0e-b446-9dd0c256f3b5,1947-06-22,,999-21-3070,S99986877,X7831798X,Mrs.,Delphia725,Langosh790,,Durgan499,M,white,nonhispanic,F,New Bedford  Massachusetts  US,675 Boehm Ramp,Shirley,Massachusetts,Middlesex County,1464,42.54526785787406,-71.59645373631132,1527843.32,8919.16,,
626c9fa8-9c98-407a-bb75-47dc2f9fa0d5,1995-07-27,,999-47-8491,S99990465,X18685542X,Mr.,Tod265,Oberbrunner298,,,,white,nonhispanic,M,Newton  Massachusetts  US,1079 Collier Quay Unit 78,Dighton,Massachusetts,Bristol County,,41.824096605756,-71.18467462670948,76399.28,3435.56,,
b53e36d4-b68c-4574-98a3-e7b51590842e,1950-09-09,,999-24-5710,S99951371,X9854150X,Mrs.,Daniell603,Reinger292,,Haag279,M,white,nonhispanic,F,Sturbridge  Massachusetts  US,710 Hoppe Viaduct Suite 79,Agawam,Massachusetts,Hampden County,1001,42.06364582373976,-72.63103433844188,1466295.05,11467.159999999998,,
2590383d-e182-4518-8ab3-4897d8eada20,1964-12-24,,999-51-7632,S99962561,X48526964X,Mrs.,Joleen561,Abernathy524,,Grady603,M,white,nonhispanic,F,Manchester-by-the-Sea  Massachusetts  US,914 Marks Gateway,Freetown,Massachusetts,Bristol County,,41.74842485812536,-70.98973440928361,1172907.24,9574.579999999998,,
46914c4e-0f9b-4294-bdd1-9bf395ea9cc0,1974-04-13,2020-03-08,999-19-7359,S99922248,X21587735X,Mr.,Mikel238,Lueilwitz711,,,M,white,nonhispanic,M,Boston  Massachusetts  US,773 Green Street,Northbridge,Massachusetts,Worcester County,,42.14453071198445,-71.65702951934496,1053899.21,3899.6,,
ea6aac37-715a-455e-a21a-b2cb308a4cbc,1977-06-27,,999-87-4217,S99994777,X58736684X,Mr.,Zack583,Huels583,,,M,asian,hispanic,M,Pembroke  Massachusetts  US,855 Wolff Trail Unit 75,Acton,Massachusetts,Middlesex County,,42.47462270667429,-71.4135621240346,1087275.44,4449.599999999999,,
af9a4d25-f497-48e1-917b-de1ebc12188f,1974-04-13,,999-33-9799,S99934985,X59618282X,Mr.,Isaiah615,King743,,,S,white,nonhispanic,M,Revere  Massachusetts  US,361 Tremblay Byway,Northbridge,Massachusetts,Worcester County,,42.16091633976488,-71.63378166011591,1171086.98,8659.199999999999,,
52374399-caca-4255-b927-bdb44932ffb1,2000-03-15,,999-94-5443,S99992112,X63998698X,Mr.,Errol226,Jones311,,,,white,nonhispanic,M,Brockton  Massachusetts  US,156 Spinka Bridge Unit 26,Springfield,Massachusetts,Hampden County,1108,42.13852995045987,-72.51313558130204,468884.13,7143.479999999999,,
eb7516f5-0216-49f0-a64a-6a38d6ca1821,1989-11-07,,999-55-7441,S99924001,X38284424X,Mr.,Rosendo998,Fisher429,,,M,white,nonhispanic,M,Cambridge  Massachusetts  US,103 West Bay Unit 98,Medway,Massachusetts,Norfolk County,,42.169303543451086,-71.4156248487556,709737.9600000001,8020.039999999998,,
bb733b49-221b-4d4f-b0b0-ce27a1b85fc3,1965-03-02,,999-80-5996,S99987011,X52366972X,Mrs.,Loralee922,Witting912,,Boyle917,M,asian,nonhispanic,F,Quincy  Massachusetts  US,480 Shanahan Rue,Framingham,Massachusetts,Middlesex County,1702,42.3360584580899,-71.43658280877573,1242193.09,9529.54,,
218db001-50a6-4449-81bc-efe5a97cbfe7,1960-04-21,,999-37-4709,S99927306,X30680325X,Mrs.,Anthony633,Langosh790,,Zemlak964,M,white,nonhispanic,F,Sterling  Massachusetts  US,919 Boyer Well Apt 84,Somerset,Massachusetts,Bristol County,2725,41.745670116041175,-71.16987120541175,1287587.1,12714.86,,
97cf5059-1511-4573-94dd-7c44962683ca,1953-05-28,,999-35-6074,S99989987,X31688117X,Ms.,Clora637,Watsica258,,,S,white,nonhispanic,F,Wilmington  Massachusetts  US,656 Purdy Mission,Fall River,Massachusetts,Bristol County,2720,41.76896263274183,-71.13608370605223,1748434.4200000002,7368.94,,
682a3e3a-8b74-4a72-93b2-4c88a40cb0b1,1973-12-03,1989-09-19,999-94-1423,,,,Willy639,Kunze215,,,,white,hispanic,M,Winchendon  Massachusetts  US,672 Hickle Ville,Framingham,Massachusetts,Middlesex County,1702,42.2742888900532,-71.41907683080254,326788.1,1622.28,,
82183ad3-b60e-4ed0-beab-c303c31fb0e8,1973-12-03,,999-71-7701,S99980857,X32440411X,Mr.,Lynn917,Hodkiewicz467,,,M,white,hispanic,M,Chelmsford  Massachusetts  US,159 Walter Boulevard,Framingham,Massachusetts,Middlesex County,1702,42.31352251545258,-71.46994723396075,1122142.87,4047.12,,
17133cfe-120e-4613-a271-5104365d50cd,2003-09-18,,999-32-4318,S99920892,,,Erich201,Pouros728,,,,white,nonhispanic,M,Boston  Massachusetts  US,928 Walter Run,Millis,Massachusetts,Norfolk County,,42.172254937720645,-71.35983962656145,444319.8,2734.0,,
e12f4352-52ff-49b3-895d-df96f5a66628,2001-06-17,,999-42-7239,S99962632,,Ms.,Zonia753,Bartell116,,,,black,nonhispanic,F,Attleboro  Massachusetts  US,1023 Wolf Mission Unit 45,Framingham,Massachusetts,Middlesex County,1701,42.35133224660511,-71.40614967215373,482721.34,2845.64,,
1a5b468a-fb77-4873-a819-ad043bca6b40,1969-10-29,,999-31-2321,S99970449,X41556350X,Mr.,Lemuel304,Muller251,,,M,white,nonhispanic,M,Townsend  Massachusetts  US,341 Paucek Lodge,Uxbridge,Massachusetts,Worcester County,,42.1056033144309,-71.67448875293674,155750.35,5610.469999999999,,
c90084eb-1064-40e2-a0aa-4c04e6c5deb1,1988-04-29,,999-57-7005,S99989505,X61115422X,Mr.,Pasquale620,Lakin515,,,M,white,nonhispanic,M,Woburn  Massachusetts  US,546 Harber Fort Unit 30,Natick,Massachusetts,Middlesex County,,42.24791339506925,-71.3642387571538,695908.5,2833.04,,
d34e5b14-0b36-4ffc-80c5-0d6d774ab3c2,1966-05-23,,999-51-4091,S99961896,X69633079X,Mr.,Nathan164,Sauer652,,,M,white,nonhispanic,M,Shrewsbury  Massachusetts  US,880 Vandervort Mall Unit 93,Franklin,Massachusetts,Norfolk County,2038,42.042253024824994,-71.42332317053061,1109783.17,3817.08,,
44c0007d-fa49-46db-bb21-f20baf837ce2,1967-07-05,,999-45-6854,S99976123,X25725208X,Mr.,Freeman822,Wisozk929,,,S,white,nonhispanic,M,Holbrook  Massachusetts  US,979 Abbott Well Unit 93,Westford,Massachusetts,Middlesex County,,42.54425386347374,-71.47027001749125,22096.21,0.0,,
c54055d4-b0eb-466d-8631-3866c753dc3f,2004-03-19,,999-35-6146,S99921661,,,Jeff859,Monahan736,,,,white,nonhispanic,M,Boston  Massachusetts  US,874 Berge Promenade Apt 30,Medway,Massachusetts,Norfolk County,,42.13493630184063,-71.3909210071829,430375.34,2789.0,,
c83c2a0f-b8ee-413f-b8de-16396dca16a8,1983-11-15,,999-30-9989,S99979901,X68837800X,Mrs.,Carlos172,Waelchi213,,Friesen796,M,white,nonhispanic,F,Natick  Massachusetts  US,316 Toy Trail,Pepperell,Massachusetts,Middlesex County,1463,42.664127497169,-71.64980406241435,820405.76,10051.059999999998,,
d5844e1c-abdd-4e73-b51d-8793743559d2,1965-12-28,,999-13-4529,S99991567,X32582372X,Mr.,Issac619,McDermott739,,,M,asian,nonhispanic,M,Groveland  Massachusetts  US,720 Daniel Parade,Ashland,Massachusetts,Middlesex County,,42.25042967151546,-71.4990100446596,1454392.26,5367.92,,
3b5e4fcf-94a4-47f1-bc23-fe401139129e,1921-04-12,1985-05-02,999-66-8593,S99990673,X89566385X,Mr.,Delmar187,Heaney114,,,M,white,nonhispanic,M,St Petersburg  St Petersburg  RU,732 Beier Bypass Unit 16,Yarmouth,Massachusetts,Barnstable County,,41.6997790613141,-70.27120653492354,1641427.03,14385.279999999995,,
97397fca-2aba-42d3-93af-ff9e4ccebec1,2019-05-03,,999-23-4915,,,,Theodore876,Bauch723,,,,white,nonhispanic,M,Barnstable  Massachusetts  US,692 Johnson Gate Apt 21,Somerset,Massachusetts,Bristol County,,41.75406352987447,-71.17415248865835,27512.66,844.1199999999999,,
36d9e5cb-6701-42d0-b9b7-36c78e28febf,1980-12-26,,999-39-4638,S99995357,X21076011X,Mrs.,Charleen536,Veum823,,Shanahan202,M,white,nonhispanic,F,Springfield  Massachusetts  US,598 Konopelski View,Groton,Massachusetts,Middlesex County,1450,42.57674873706711,-71.57755102852732,852560.5700000001,5320.98,,
197aa794-0faa-4f5b-935a-54f97b09f43d,1921-04-12,1987-12-05,999-87-4898,S99986491,X58352017X,Mr.,Lucas404,Kozey370,,,M,white,nonhispanic,M,Yekaterinburg  Sverdlovsk Oblast  RU,641 Olson Union Unit 70,Yarmouth,Massachusetts,Barnstable County,,41.63079809497233,-70.2386379244841,1340121.49,4535.24,,
3ceae212-3aad-49cc-8810-619de7dc89ce,1921-04-12,1985-10-30,999-75-6317,S99921540,X50464103X,Mr.,Enrique929,Walter473,,,M,white,nonhispanic,M,St Petersburg  St Petersburg  RU,719 Carroll Forge Unit 71,Yarmouth,Massachusetts,Barnstable County,,41.70847563435849,-70.17694116587373,1329691.37,4719.36,,
082a0bbb-91cf-4260-95bb-c1803f2268c7,1989-01-04,,999-82-6310,S99956988,X39336548X,Mrs.,Nicole384,Lind531,,Torp761,M,white,nonhispanic,F,Worcester  Massachusetts  US,1023 Cole Bay,Upton,Massachusetts,Worcester County,1568,42.14576243552147,-71.57367364128125,724541.14,4453.719999999999,,
4ad560ce-a640-4885-8581-21ebf430fdf3,1972-06-02,,999-53-1304,S99997182,X32758609X,Mrs.,Josefina523,Barrera709,,Segovia340,M,white,hispanic,F,Caracas  Capital District  VE,397 O'Kon Estate Suite 19,Northbridge,Massachusetts,Worcester County,,42.096076001764345,-71.62103658736547,152555.88,16101.909999999998,,
79d8868d-6f8c-4b73-ad4b-3b792d355f0c,1987-05-05,,999-91-8737,S99965174,X86883669X,Ms.,Ronnie7,Lehner980,,,S,white,nonhispanic,F,Framingham  Massachusetts  US,275 Anderson Gardens,Somerset,Massachusetts,Bristol County,2726,41.792801203141096,-71.18361307101709,720308.15,11416.58,,
98cba19e-6540-4328-818a-a5511b9ee54a,1936-04-25,2004-11-09,999-75-8982,S99976447,X15616756X,Mrs.,Shelly431,Graham902,,Grimes165,M,white,nonhispanic,F,Taunton  Massachusetts  US,724 Kling Village,Mendon,Massachusetts,Worcester County,,42.114593070304494,-71.59024000535085,1311183.5,9316.69,,
f6006404-d2ad-4e3f-8ae7-fe66953fa98a,1951-08-18,,999-28-2045,S99928458,X88661833X,Ms.,Ali918,Kreiger457,,,S,black,nonhispanic,F,Gardner  Massachusetts  US,893 Dicki Gate Unit 79,Medway,Massachusetts,Norfolk County,,42.15671325948625,-71.41674372700565,1467674.0,15423.159999999998,,
7529e40c-eb10-4ab3-8b30-c67b68f336b0,1936-04-25,2014-05-31,999-39-2166,S99917036,X78961328X,Ms.,Mina319,Ratke343,,,S,white,nonhispanic,F,Waltham  Massachusetts  US,1088 Medhurst Alley,Mendon,Massachusetts,Worcester County,,42.09816984691793,-71.57178544600016,1359478.42,14863.409999999998,,
35b22090-7a5e-4d6d-85d8-0aa857f1ed30,1972-09-10,,999-75-7371,S99973725,X10127728X,Ms.,Hae300,Mertz280,,,S,asian,nonhispanic,F,Hanover  Massachusetts  US,449 Orn Trafficway,Hopkinton,Massachusetts,Middlesex County,,42.2113066230968,-71.50529710221966,1251147.59,4471.32,,
bc3ab785-4f8f-4e76-833d-74ec3ac9f373,2004-07-26,,999-31-4283,,,,Jason347,Kertzmann286,,,,white,hispanic,M,Newburyport  Massachusetts  US,250 Wyman Route Unit 84,Shirley,Massachusetts,Middlesex County,1464,42.54797352210212,-71.67088007450528,402183.79,3094.8,,
0205ce61-a20b-4bed-a150-68710591994e,1936-04-25,1998-05-10,999-68-4993,S99960312,X60767886X,Mrs.,Valda518,Treutel973,,McGlynn426,M,white,nonhispanic,F,Milton  Massachusetts  US,489 Connelly Park,Mendon,Massachusetts,Worcester County,,42.060233733974485,-71.52549728701796,1217340.7,14691.489999999998,,
fe48ec9a-29ce-4f8a-8619-f22e82708187,1973-05-03,,999-47-6408,S99922433,X77977676X,Mrs.,Eric487,Waelchi213,,Ruecker817,M,white,nonhispanic,F,Boston  Massachusetts  US,290 Adams View,Franklin,Massachusetts,Norfolk County,2038,42.126190276760695,-71.42940802797587,1014732.75,7230.589999999999,,
bcbcf6c5-ccaf-46b5-ae1c-0203118a4c3d,1936-04-25,,999-45-2302,S99951972,X34457463X,Mrs.,Kizzie166,Mueller846,,Heaney114,M,white,nonhispanic,F,Newton  Massachusetts  US,342 Kemmer Harbor,Mendon,Massachusetts,Worcester County,,42.10044366885603,-71.56942104454204,1490245.44,10851.48,,
1391af26-6349-4988-bcdb-9d612d2d161a,1949-01-07,,999-16-6025,S99985468,X33000820X,Ms.,Danyell947,Sanford861,,,S,black,nonhispanic,F,Holbrook  Massachusetts  US,451 Stroman Key,New Bedford,Massachusetts,Bristol County,2743,41.71100623818305,-71.054584078415,1574313.08,10375.94,,
a94aecd4-ee8a-45fa-b1d1-2f2ff0fa0a8c,1989-05-05,,999-15-1385,S99961359,X45652238X,Mrs.,Xochitl483,Monahan736,,Heaney114,M,white,nonhispanic,F,Worcester  Massachusetts  US,136 Kulas Skyway,Taunton,Massachusetts,Bristol County,2718,41.98965408685324,-71.0729593345976,747230.13,6113.81,,
a1148570-8198-46e1-8721-7fe2d8c7c465,1999-02-09,,999-60-8075,S99964312,X16134345X,Mr.,Juan88,Fahey393,,,,black,nonhispanic,M,Amherst  Massachusetts  US,402 Dach Port,Chicopee,Massachusetts,Hampden County,1020,42.220294132043584,-72.52901770727587,543892.0,3666.4,,
a90d59ab-9830-4c0d-b08b-3ba8c8e26502,1960-01-19,,999-55-7730,S99918120,X45761856X,Mr.,Daren950,Prosacco716,,,M,black,nonhispanic,M,Randolph  Massachusetts  US,381 Waters Key Apt 43,Brookline,Massachusetts,Norfolk County,2467,42.307622866522806,-71.19678659634758,186432.49,7534.16,,
255ed667-1076-4e22-8d58-09352a0f029b,1976-05-30,,999-63-3197,S99937447,X52478767X,Mr.,Franklin857,Wehner319,,,M,white,nonhispanic,M,Newton  Massachusetts  US,389 Terry Extension Unit 93,Grafton,Massachusetts,Worcester County,,42.21571745204338,-71.6535305078169,54444.57,0.0,,
8d49f59b-51d7-46e5-b3d1-16977cfb6dee,1953-02-27,,999-88-7260,S99939007,X3573952X,Mr.,Spencer878,Tremblay80,,,M,black,nonhispanic,M,Newburyport  Massachusetts  US,185 Hyatt Bypass,Fall River,Massachusetts,Bristol County,2721,41.65215870325489,-71.18675491231156,1340784.32,6032.87,,
7c7abd41-c23a-48fe-9bea-d42f385e426f,2017-12-27,,999-85-9880,,,,Jerald662,Altenwerth646,,,,white,nonhispanic,M,North Attleborough  Massachusetts  US,1074 Wunsch Estate Unit 36,Upton,Massachusetts,Worcester County,1568,42.2230791606394,-71.5802844221198,61096.92,1231.6,,
2bb7d720-a764-4347-bbc3-612198a246d2,2018-06-13,,999-72-8923,,,,Zachary28,Mertz280,,,,white,nonhispanic,M,Boston  Massachusetts  US,316 Friesen Wall,Hopkinton,Massachusetts,Middlesex County,,42.23785592763537,-71.49874576429285,48065.0,1226.6,,
12a22861-e632-43b2-a358-fb4f88ccb256,1964-03-01,,999-77-7625,S99967622,X56870482X,Mr.,Israel728,Weber641,,,M,white,nonhispanic,M,Natick  Massachusetts  US,222 Runte Harbor Unit 6,Wayland,Massachusetts,Middlesex County,,42.36890586087138,-71.35270454342864,1231360.69,26294.75,,
8a7b73e6-0e99-4229-afdf-720fce8edc51,1965-01-02,,999-46-3711,S99980830,X47191056X,Mr.,Harvey63,Gleichner915,,,M,black,nonhispanic,M,West Boylston  Massachusetts  US,191 McKenzie Park Unit 92,Blackstone,Massachusetts,Worcester County,,42.01602008778264,-71.52335948404385,9979.88,0.0,,
eae185a3-8b54-45eb-890d-0204c833cae4,1974-09-10,,999-65-9610,S99951192,X30610084X,Mr.,Jermaine675,Kerluke267,,,M,white,nonhispanic,M,Medford  Massachusetts  US,953 Zieme Pathway Unit 20,Worcester,Massachusetts,Worcester County,1603,42.2884658249206,-71.76434586083195,1081031.44,4470.44,,
4d63f327-5f0c-4780-9ef7-574435e95970,1928-08-25,,999-64-9402,S99937798,X78858617X,Mrs.,Teena223,Gusikowski974,,Kovacek682,M,white,nonhispanic,F,Everett  Massachusetts  US,800 Parisian Row,Taunton,Massachusetts,Bristol County,2780,41.97541955601289,-71.08857372436127,1478521.76,37515.60999999999,,
e8ea6aa5-5fb8-41e5-a8b6-a2803cc94d65,2016-06-04,,999-23-8217,,,,Reginald96,D'Amore443,,,,white,nonhispanic,M,Ludlow  Massachusetts  US,965 Mante Orchard Suite 40,Westborough,Massachusetts,Worcester County,,42.23611127672781,-71.58200055862571,106001.94,1679.08,,
a6b82677-a9e9-49aa-97f9-9760c07aaf53,1986-07-20,,999-92-3372,S99982031,X35676009X,Mrs.,Rayna237,Daugherty69,,Greenholt190,M,white,hispanic,F,Chesterfield  Massachusetts  US,689 Langworth Tunnel,Westport,Massachusetts,Bristol County,,41.59302753250941,-71.08347898983881,702101.97,10551.819999999998,,
ade78a7a-c2cd-4a64-9a63-5d08d8cf3eec,1999-01-07,,999-16-7581,S99952999,X1442451X,Ms.,Stephen891,Lemke654,,,,asian,nonhispanic,F,Ho Chi Minh City  Gia Định  VN,602 Dooley Arcade,Pepperell,Massachusetts,Middlesex County,,42.63826729213695,-71.58660385980686,548692.87,7419.36,,
d5d3ba35-015e-4930-92c1-b21cbe0714d6,1967-04-02,,999-88-3444,S99937857,X69578797X,Mrs.,Mayra756,Boyer713,,Watsica258,M,white,nonhispanic,F,Dracut  Massachusetts  US,438 Wiegand Byway,Lakeville,Massachusetts,Plymouth County,,41.79644553368122,-70.98180329925579,1352357.04,11121.479999999998,,
865fa458-3738-4a3c-842f-7424341b41b7,1943-11-19,,999-35-5144,S99918637,X57194X,Ms.,Jazmin969,Orn563,,,S,white,nonhispanic,F,Salem  Massachusetts  US,765 Schaden Walk Suite 72,Acton,Massachusetts,Middlesex County,,42.468782754743714,-71.41816875057975,1613053.67,11161.69,,
acb22974-58ba-42fd-80d1-aac479d5a051,1962-02-12,,999-29-5308,S99923366,X44132274X,Mr.,Harris789,Bogan287,,,M,white,nonhispanic,M,Norfolk  Massachusetts  US,185 Lebsack Boulevard Unit 6,Groton,Massachusetts,Middlesex County,1450,42.63033945334821,-71.60147700113072,1337136.66,5225.33,,
c2e1e551-4e75-4ab1-80ba-87c075e89760,2012-09-04,,999-44-1380,,,,Kermit56,Adams676,,,,white,nonhispanic,M,Chelsea  Massachusetts  US,907 Satterfield Meadow Unit 34,Townsend,Massachusetts,Middlesex County,1469,42.615710744529984,-71.69271102078856,170282.09,2770.64,,
d7f6c2c5-8488-41e8-b148-b52bfcecb0d1,1983-01-11,,999-11-3812,S99939725,X18226771X,Mrs.,Julee121,Schiller186,,Carroll471,M,asian,nonhispanic,F,Aquinnah  Massachusetts  US,679 Frami Junction,Fall River,Massachusetts,Bristol County,2721,41.731936848056094,-71.07742160269427,855233.88,5207.799999999999,,
dbd13a93-3f4c-4aad-8585-5e8af7fe436c,1952-12-20,2020-03-29,999-77-6836,S99958675,X58415922X,Mr.,Cory323,Stamm704,,,S,white,nonhispanic,M,Cambridge  Massachusetts  US,485 Leuschke Bridge,New Bedford,Massachusetts,Bristol County,,41.69433376670156,-70.96950517482611,1605869.9800000002,10271.9,,
908b426a-cc1a-4e53-a34c-1b348e878ec7,2008-10-30,,999-37-5652,,,,Jean712,Blick895,,,,white,nonhispanic,M,East Bridgewater  Massachusetts  US,796 Adams Station Suite 73,Southborough,Massachusetts,Worcester County,,42.27125688504459,-71.51172242727291,293106.53,3966.4,,
aafa7f54-c07f-4941-8b59-759393e2975b,1957-06-13,,999-22-2729,S99968037,X23042655X,Mr.,Chauncey770,Strosin214,,,M,white,hispanic,M,Boston  Massachusetts  US,513 Schoen Passage Suite 5,East Longmeadow,Massachusetts,Hampden County,,42.03198601067947,-72.49905539544861,201544.91,23954.31,,
f65d1b85-a9b0-4b7a-85b8-6829e1b1b631,1951-07-06,,999-17-4349,S99955260,X86260323X,Ms.,Roselyn270,Macejkovic424,,,S,black,hispanic,F,Dracut  Massachusetts  US,739 Macejkovic Trace,Springfield,Massachusetts,Hampden County,1129,42.09037197074886,-72.55007033951755,241118.51,44102.2,,
51a96269-de51-4f6a-b611-0b585bbb0d31,1969-06-15,,999-17-9965,S99978886,X22579519X,Mr.,Normand813,O'Reilly797,,,M,white,nonhispanic,M,Brookline  Massachusetts  US,267 Dare Plaza,Littleton,Massachusetts,Middlesex County,,42.50769599736593,-71.44305039160879,1351442.8,3351.4,,
2f19f93f-2f61-4c89-aa6a-1f1aaa73ec44,2003-08-30,,999-51-2669,S99913859,,,Elise948,Langosh790,,,,white,nonhispanic,F,Dracut  Massachusetts  US,614 Raynor Branch Suite 73,Uxbridge,Massachusetts,Worcester County,,42.10355851132926,-71.60791899540072,444238.09,2734.0,,
fb4b37e8-0639-44ef-a48b-eb6f888f0902,1997-06-21,,999-96-4187,S99951439,X70184194X,Mr.,Trinidad33,Kunze215,,,,white,nonhispanic,M,Springfield  Massachusetts  US,951 Romaguera Wynd Apt 63,Mendon,Massachusetts,Worcester County,,42.06797355956312,-71.54941618869096,581579.44,3486.4,,
939e8447-a499-4d39-b79a-d5b11346fa46,1941-12-04,2019-10-14,999-52-4471,S99962143,X33199872X,Mr.,Cody889,Wilkinson796,,,M,asian,nonhispanic,M,Incheon  Incheon  KR,702 Schaefer Course Suite 49,Newton,Massachusetts,Middlesex County,2459,42.356256061879805,-71.20737529494674,1395910.4400000002,18765.52999999999,,
9914f25e-a4c4-4ab2-b80f-d7da3efbd1d1,2008-09-22,,999-43-8329,,,,Ozzie259,Hayes766,,,,white,nonhispanic,M,North Attleborough  Massachusetts  US,668 Boyer Terrace Suite 57,Hopkinton,Massachusetts,Middlesex County,1748,42.2124507009194,-71.54153415138445,36153.84,3274.8,,
86161574-3c77-48a0-8995-2a5080fb4f53,2004-01-09,,999-14-6147,S99973788,,,Palmer257,Price929,,,,white,nonhispanic,M,Williamstown  Massachusetts  US,206 Greenfelder Course,Taunton,Massachusetts,Bristol County,,41.92999871321429,-71.11822454590506,443496.11,2734.0,,
64083b26-f66c-48a7-84d4-721ebe1d1dd2,1941-12-04,2005-12-24,999-49-1577,S99942483,X73981079X,Mr.,Cristobal567,Huel628,,,M,asian,nonhispanic,M,Busan  Busan  KR,694 Hudson Trail Suite 56,Newton,Massachusetts,Middlesex County,2465,42.29630732860453,-71.23284743180443,1483774.08,6980.879999999999,,
9c2754b5-90e1-4556-b6f9-7c28a13d833c,1918-06-12,1991-04-10,999-40-2958,S99989969,X22036610X,Mr.,Mary779,Braun514,,,M,white,nonhispanic,M,Waltham  Massachusetts  US,1068 Kohler Station,Boston,Massachusetts,Suffolk County,2135,42.31000996580841,-71.15549071229029,1367387.18,11522.41,,
3f5c86f9-ae12-4a36-b06d-da9ff746e904,1990-05-02,,999-63-7377,S99999474,X10381148X,Mrs.,Sherilyn598,Labadie908,,Grady603,M,white,nonhispanic,F,Hampden  Massachusetts  US,936 White Passage,Springfield,Massachusetts,Hampden County,1103,42.059822217922296,-72.60913453478541,94749.59,5745.32,,
c5c41aa1-d872-44da-8d89-9e9ae382864c,1941-12-04,1983-01-06,999-18-4310,S99983298,X89572931X,Mr.,Gustavo235,Beer512,,,M,asian,nonhispanic,M,Incheon  Incheon  KR,131 Watsica Road Unit 21,Newton,Massachusetts,Middlesex County,2459,42.30298875274146,-71.26828855221619,993997.16,3669.61,,
a3f6fba8-1760-4359-8892-7a2ec47faebd,1963-12-06,,999-83-6318,S99970588,X71099125X,Ms.,Sherrell611,Lueilwitz711,,,S,white,nonhispanic,F,Dudley  Massachusetts  US,519 Yost Orchard Suite 76,Hopkinton,Massachusetts,Middlesex County,,42.1802492622081,-71.5758119939902,1430154.23,6962.719999999999,,
113a8af8-4c4e-4268-9190-e970fc47b543,2018-06-08,,999-43-7466,,,,Roselyn270,Zieme486,,,,white,nonhispanic,F,Norwood  Massachusetts  US,160 Kunze Rue Unit 39,Hopkinton,Massachusetts,Middlesex County,,42.17767127625096,-71.52122511360972,50734.36,1369.9199999999998,,
a7db48ff-9316-4f37-8fe0-e770b5f8d315,1912-02-28,1995-08-23,999-61-8632,S99966274,X53915293X,Mrs.,Lavern240,Hauck852,,Terry864,M,white,nonhispanic,F,Quincy  Massachusetts  US,167 Deckow Boulevard Suite 55,Blackstone,Massachusetts,Worcester County,,42.03983545121324,-71.56617741057856,1476862.23,25067.05,,
7b1ce7b9-3d99-4f57-adc3-d53d26ea22ff,2013-04-01,,999-98-1098,,,,Carol737,Gleason633,,,,white,nonhispanic,F,Shrewsbury  Massachusetts  US,117 Mayer Fork Apt 86,Uxbridge,Massachusetts,Worcester County,,42.079263006545474,-71.65386210152154,183318.05,2550.68,,
d238a7b8-8f6b-4392-a485-fb0544cd19ef,1996-01-31,,999-61-4691,S99953248,X58820399X,Ms.,Tu721,Haag279,,,,white,nonhispanic,F,Sandwich  Massachusetts  US,592 Shields Lane,Longmeadow,Massachusetts,Hampden County,,42.03531811076119,-72.52136855940694,497910.23,4532.25,,
b8d81388-2f57-4801-a17c-f1a1bdf6c939,1971-05-01,,999-86-6709,S99977835,X16607782X,Mr.,Enoch803,Haag279,,,M,white,hispanic,M,Harvard  Massachusetts  US,509 Schinner Track Unit 56,Boston,Massachusetts,Suffolk County,2120,42.297083634461806,-71.18028859744945,1182365.61,4496.24,,
bcaefc44-81cb-4e5e-8fed-1a6b68d7ac55,1912-02-28,,999-13-2690,S99990457,X81587613X,Ms.,Samira471,Hoeger474,,,S,white,nonhispanic,F,Boston  Massachusetts  US,370 Towne Grove,Blackstone,Massachusetts,Worcester County,,42.06155786305421,-71.5536435307766,1507493.9,33674.759999999995,,
c8d27259-1153-4b62-97cb-86993fdec020,1967-07-03,2017-06-23,999-78-4378,S99913664,X5940691X,Mrs.,Emmaline88,Conroy74,,Cummings51,M,white,nonhispanic,F,Weymouth  Massachusetts  US,374 Rohan Passage Suite 61,Bolton,Massachusetts,Worcester County,,42.46481913041551,-71.59222952300004,1152764.7,10785.44,,
92a014a6-93dd-4655-80da-49e1e49a0a42,1931-02-08,,999-48-9828,S99949429,X19829971X,Mrs.,Francis500,Jenkins714,,Ledner144,M,asian,nonhispanic,F,Norwood  Massachusetts  US,260 Dietrich Neck Unit 28,Natick,Massachusetts,Middlesex County,,42.2820621276427,-71.3593193121256,359947.49,16788.739999999998,,
47adb5a1-6939-4b57-9cbf-5e613987e941,1999-05-02,,999-89-2613,S99969202,X33391262X,Ms.,Kaci716,Jacobs452,,,,white,nonhispanic,F,Lakeville  Massachusetts  US,840 Emmerich Street Suite 9,Raynham,Massachusetts,Bristol County,,41.89595286444431,-71.00284366790751,433410.48,3055.56,,
2e2eebe4-c49f-4e31-87f4-b956d82ddb2f,1992-02-21,,999-75-6008,S99968634,X56550560X,Mrs.,Diedra595,Gleichner915,,Kuhlman484,M,white,nonhispanic,F,Belmont  Massachusetts  US,305 Pouros Way Suite 49,East Longmeadow,Massachusetts,Hampden County,,42.03631947807136,-72.51152202961981,625842.4,5609.65,,
50e8c578-34d2-470f-be93-b4c18efd6ff7,1957-05-04,,999-22-6868,S99970938,X3721024X,Mr.,Leonard963,Mills423,,,M,asian,nonhispanic,M,Andover  Massachusetts  US,184 Bruen Drive Apt 24,Medway,Massachusetts,Norfolk County,,42.14871618671868,-71.38818661913548,1369078.14,6551.339999999999,,
453ff6b9-f588-4b21-a4f6-231023f3ea9e,1971-04-21,2018-08-15,999-51-8787,S99993047,X13792831X,Mrs.,Chia293,Nienow652,,Legros616,M,white,nonhispanic,F,Taunton  Massachusetts  US,169 Carroll Wynd Apt 9,Somerset,Massachusetts,Bristol County,2725,41.75344026650181,-71.13206343104169,579768.5800000001,6143.129999999999,,
802e3238-fd58-4d43-a516-55d5ff58f3e8,1952-10-13,,999-31-9418,S99968393,X48566352X,Mrs.,Olivia294,Garica503,,Becerra708,M,white,hispanic,F,San Salvador  El Salvador  SV,358 Reichert Bay Apt 33,Springfield,Massachusetts,Hampden County,1108,42.07063184596124,-72.53192309183791,1505810.09,11558.089999999998,,
961228ea-2a8b-4bbd-ae35-8a2510b69100,1953-05-04,,999-32-8279,S99913932,X20462717X,Mrs.,Lavenia98,D'Amore443,,Thiel172,M,white,nonhispanic,F,Quincy  Massachusetts  US,204 Zboncak Tunnel Unit 92,New Bedford,Massachusetts,Bristol County,2740,41.66950641845383,-70.91541567274766,460932.86,6919.669999999999,,
90ac9462-7fbd-448a-b079-73290c52e43d,1971-04-21,,999-35-6199,S99929906,X39511338X,Mrs.,Winnie378,Ferry570,,Stoltenberg489,M,white,nonhispanic,F,Woburn  Massachusetts  US,860 Ledner Meadow Unit 60,Somerset,Massachusetts,Bristol County,,41.696924752150856,-71.155059468568,465440.1,4668.2,,
b7600176-de5a-4939-8c0d-9655d5acec2e,1941-06-03,1992-08-27,999-35-7358,S99993137,X26372989X,Mr.,Keven605,Hessel84,,,M,white,nonhispanic,M,Watertown  Massachusetts  US,552 Hammes Crossroad Apt 10,New Bedford,Massachusetts,Bristol County,2746,41.58548379484724,-70.97398839193211,1447129.7800000005,5899.199999999999,,
9f25bd40-e289-4d34-9c9c-b0982274b41e,1997-02-11,,999-72-5976,S99926662,X45023537X,Mr.,Ulysses632,MacGyver246,,,,white,nonhispanic,M,Marion  Massachusetts  US,895 Beier Haven,Springfield,Massachusetts,Hampden County,1104,42.1135419796893,-72.49192860063319,13466.91,0.0,,
35f74020-9e61-443d-9b7b-19514dd6b461,1958-02-17,,999-28-6410,S99990980,X41925268X,Mr.,Francis500,Willms744,,,M,white,nonhispanic,M,Fitchburg  Massachusetts  US,528 Sipes Trail,Hopkinton,Massachusetts,Middlesex County,,42.17893090593783,-71.56699166735383,1518781.6,6876.879999999999,,
ef27750c-38e0-4b4a-b2a5-f80716975144,1961-02-15,,999-74-6325,S99943174,X22589745X,Mrs.,Jessi630,Mraz590,,Frami345,M,white,nonhispanic,F,Boston  Massachusetts  US,263 Rath Park Unit 42,Northbridge,Massachusetts,Worcester County,,42.15578823913459,-71.62539718529655,1390465.34,8071.619999999999,,
c6cbb38d-e0a1-4b98-80dc-dbb73c6677fb,1949-01-10,,999-97-9526,S99913900,X88403156X,Mr.,Marco Antonio298,Juárez383,,,M,white,hispanic,M,Marigot  Saint Andrew Parish  DM,855 O'Hara Divide Unit 92,Chicopee,Massachusetts,Hampden County,1022,42.18121121290034,-72.55479774135287,1745006.29,6509.02,,
32fc5720-ed79-4c40-97e3-9c9c79e2c768,1966-01-13,,999-77-5090,S99926382,X15348224X,Mr.,Lupe126,Keeling57,MD,,M,black,nonhispanic,M,Pembroke  Massachusetts  US,1029 Herzog Lane,West Bridgewater,Massachusetts,Plymouth County,,41.976700052791685,-71.05468416322688,1116005.89,4634.48,,
7e6a0ec1-a0ac-4885-a843-adfd82ef9fc0,1970-11-25,,999-49-7015,S99924737,X61673839X,Mr.,Roscoe437,Haley279,,,M,white,nonhispanic,M,Lunenburg  Massachusetts  US,371 Kuhn Ferry,Nantucket,Massachusetts,Nantucket County,,41.30617593217813,-70.10035727622262,1192800.55,4752.879999999999,,
42f83688-4e32-49ec-b2f6-dbda932955cf,1990-09-07,,999-51-6648,S99978603,X72227313X,Mr.,Lanny564,Feest103,,,M,white,nonhispanic,M,Lawrence  Massachusetts  US,552 Considine Landing,Springfield,Massachusetts,Hampden County,1107,42.1113312020751,-72.50476868235053,92739.69,7630.98,,
2d00ccf8-5278-4e06-8c53-2c458f58e9b8,1959-09-20,,999-81-7871,S99927465,X13076771X,Mr.,Jake169,Kuphal363,,,M,white,nonhispanic,M,Weymouth  Massachusetts  US,1070 Spencer Path Suite 26,Chicopee,Massachusetts,Hampden County,1013,42.186188241755566,-72.51971686984592,10634.81,0.0,,
b8c483d9-0864-4682-bd5a-c1b2e9af17f1,2018-10-25,,999-69-4580,,,,Eura647,Nienow652,,,,white,nonhispanic,F,Wilmington  Massachusetts  US,167 Tromp Passage Suite 38,Natick,Massachusetts,Middlesex County,,42.2882000551199,-71.37690256412742,34275.0,1087.44,,
2f775c4c-83be-4ce1-87a7-8f34a419ec8d,1960-04-19,,999-47-6168,S99960282,X86326838X,Mr.,Steven797,Cummerata161,,,M,white,nonhispanic,M,Rehoboth  Massachusetts  US,760 Corkery Rest,Fall River,Massachusetts,Bristol County,2747,41.69814896482876,-71.16237667529786,1528732.55,7082.719999999999,,
3fcad32c-12c4-43ae-8628-e9ad590e30d1,1957-06-29,,999-87-4524,S99913611,X77437292X,Mrs.,Anita473,Sandoval902,,Partida347,M,white,hispanic,F,Havana  Havana  CU,1086 Hickle Junction,Littleton,Massachusetts,Middlesex County,,42.56261761837027,-71.45719108660039,1350547.03,10847.78,,
1800939e-b45a-418b-909c-3fef262cdc2a,1940-10-10,,999-32-8103,S99965562,X30356919X,Mr.,Owen89,Schmeler639,,,M,black,nonhispanic,M,Wilmington  Massachusetts  US,770 Mills Passage Apt 63,Taunton,Massachusetts,Bristol County,,41.897323845285136,-71.06582477527932,1553105.39,17500.17,,
585990c9-81f4-4134-82cd-15e5159a5b75,1987-09-04,,999-71-3749,S99930367,X30149790X,Mr.,Werner409,Senger904,,,S,white,nonhispanic,M,Hatfield  Massachusetts  US,745 Muller Wynd,Holliston,Massachusetts,Middlesex County,,42.21508646520373,-71.45951448201737,793549.8,4438.8,,
77a43e7b-2e07-49a4-a7eb-e64f4213379a,1934-08-10,,999-27-6399,S99945754,X10927006X,Mr.,Garret233,Cummings51,,,M,white,nonhispanic,M,Plainville  Massachusetts  US,956 Ferry Branch,West Boylston,Massachusetts,Worcester County,,42.41573703204779,-71.78168414559306,1442410.02,105304.47,,
203073fd-191c-4a1b-bc20-4473450929a7,2019-04-07,,999-87-8534,,,,Victor265,Eichmann909,,,,white,nonhispanic,M,Somerset  Massachusetts  US,184 Huels Haven,Mendon,Massachusetts,Worcester County,,42.1268435489162,-71.55646945438392,25275.0,829.1199999999999,,
e35772c4-fcda-4a23-8ec3-92aa7bec0ecc,1983-04-07,,999-77-1949,S99971985,X19397040X,Mrs.,Tiny880,O'Keefe54,,Mitchell808,M,white,nonhispanic,F,Boston  Massachusetts  US,307 Heaney Course,Framingham,Massachusetts,Middlesex County,1702,42.29664371834586,-71.45157567129452,31868.84,294.96,,
e6277dfb-a0e9-4b45-a3fc-f088ece136ab,2020-03-14,,999-10-5503,,,,Magaly973,White193,,,,white,nonhispanic,F,Boxborough  Massachusetts  US,973 Wiza Lane,Uxbridge,Massachusetts,Worcester County,,42.0947812657171,-71.68616407636115,6360.0,327.48,,
3cf27608-9b66-4b71-bf49-3dcb2ac69452,1980-02-06,,999-56-4570,S99946823,X85635171X,Ms.,Nannie905,Thompson596,,,S,white,nonhispanic,F,Easton  Massachusetts  US,189 Hoeger Ramp Unit 26,Somerset,Massachusetts,Bristol County,2725,41.74466602388588,-71.14812431586458,871607.1799999999,4387.0,,
dfefa976-d0ff-4a84-888f-f64452cdb33f,1988-05-07,,999-89-3405,S99938918,X41133221X,Mr.,Gabriel934,Dibbert990,,,M,white,nonhispanic,M,Wellesley  Massachusetts  US,468 Friesen Dale,Fall River,Massachusetts,Bristol County,2790,41.5513926361702,-71.05184664823676,51020.94,379.1199999999999,,
b13baf69-9b81-4601-817a-9c895c8056a8,1974-06-08,,999-58-2631,S99951370,X76428741X,Mrs.,Linnea167,Anderson154,,Miller503,M,white,nonhispanic,F,Billerica  Massachusetts  US,259 Schimmel Divide,Sudbury,Massachusetts,Middlesex County,,42.38264569951054,-71.37499535902444,1094615.14,4960.32,,
e798c799-6f8e-488e-a329-5418a3372d14,1913-09-18,1986-04-30,999-47-7452,S99980571,X65887437X,Mr.,Markus389,Wehner319,,,M,white,nonhispanic,M,Dartmouth  Massachusetts  US,885 Lueilwitz Passage Suite 12,New Bedford,Massachusetts,Bristol County,2743,41.740319454281575,-70.99418430704847,1473930.12,533846.4300000002,,
4d74bc69-6a6f-4dd6-80dd-78d99b05e2ec,1913-09-18,1976-11-10,999-77-6603,S99910988,X75599227X,Mr.,Cristopher265,Klein929,,,M,white,nonhispanic,M,Taunton  Massachusetts  US,585 Collier Brook Unit 95,New Bedford,Massachusetts,Bristol County,2743,41.5037965218078,-70.95483801420538,1914306.87,5809.44,,
7405088b-ae85-420a-a819-44df3b1d5d5e,1913-09-18,1941-12-25,999-47-5808,S99965672,X23440298X,Mr.,Sean831,Ortiz186,,,M,white,nonhispanic,M,Lowell  Massachusetts  US,660 Witting Wynd Apt 43,New Bedford,Massachusetts,Bristol County,,41.50313817666255,-70.96233177370951,721878.08,3388.84,,
103d8bd1-bae5-4e46-b914-7b1c864ae1bd,1999-11-03,,999-85-1649,S99942704,X54392303X,Ms.,Shizue554,Ferry570,,,,white,nonhispanic,F,Northampton  Massachusetts  US,858 Schmitt Well Unit 73,Framingham,Massachusetts,Middlesex County,1701,42.31111572235309,-71.41507575313584,436453.76,3887.16,,
fc85c771-069d-49ba-bd82-f97bf4fa4225,1988-01-29,,999-21-2351,S99981469,X62175519X,Mrs.,Caroyln232,Kunze215,,Collins926,M,asian,nonhispanic,F,Malden  Massachusetts  US,291 Hermiston Haven Suite 97,Natick,Massachusetts,Middlesex County,,42.30235548309945,-71.36117004065827,656488.28,6277.679999999999,,
57db2bbc-5e1a-4730-a964-db256213bf64,2015-06-13,,999-24-6036,,,,Abraham100,Grady603,,,,white,nonhispanic,M,Taunton  Massachusetts  US,287 Huel Forge,Somerset,Massachusetts,Bristol County,,41.73209927538768,-71.20169094105906,126198.55,1877.4,,
9148e023-ea66-4815-8ca8-9045479e45fc,1966-10-14,,999-95-8583,S99938468,X73721235X,Mrs.,Elizebeth108,Trantow673,,Kemmer137,M,white,hispanic,F,Boston  Massachusetts  US,593 Kreiger Key Apt 73,Springfield,Massachusetts,Hampden County,1107,42.03249175906339,-72.53527922312435,178310.76,28063.7,,
ee53d667-f60d-43bb-ba8d-929d35906a97,1945-12-24,2018-07-16,999-14-7242,S99944700,X45058012X,Mrs.,Julene165,Greenfelder433,,Purdy2,M,white,nonhispanic,F,Methuen  Massachusetts  US,373 D'Amore Estate Apt 88,Upton,Massachusetts,Worcester County,,42.22293545484672,-71.60586448528073,1524162.65,18721.44,,
abf841ea-cc0a-4ae6-a217-109511e859cf,1913-09-18,1993-04-03,999-30-7495,S99972192,X29628607X,Mr.,Kirk871,Tillman293,,,M,white,nonhispanic,M,Easton  Massachusetts  US,470 Hills Hollow,New Bedford,Massachusetts,Bristol County,2743,41.6874539245204,-70.91439974663426,1395991.3,10671.13,,
1303396f-6ea8-4d8b-b68b-7dd2e086888f,1945-12-24,,999-55-6053,S99927496,X87507509X,Mrs.,Shannan727,Welch179,,Watsica258,M,white,nonhispanic,F,Bridgewater  Massachusetts  US,866 Wiegand Rue Unit 91,Upton,Massachusetts,Worcester County,,42.2185459342928,-71.62873600976204,1373755.22,17340.859999999997,,
742386f6-bbf5-4e42-b0d2-93476fc8a883,1937-11-08,2020-03-26,999-28-8686,S99960045,X71637702X,Mr.,Houston994,Veum823,,,M,black,nonhispanic,M,Worcester  Massachusetts  US,870 Corkery Stravenue Apt 50,Northbridge,Massachusetts,Worcester County,,42.1611595974803,-71.70158126980962,1802419.53,16846.78,,
76a6199e-1ef5-4378-9084-bfa3a3082e9b,2008-10-12,,999-21-3867,,,,Fritz267,Frami345,,,,white,nonhispanic,M,Boston  Massachusetts  US,880 Schmeler Orchard Suite 94,Sudbury,Massachusetts,Middlesex County,,42.41509341456764,-71.44669126870329,308788.67,2583.2,,
8a61920b-9f3e-46a2-8745-ff55a3e4361a,1913-09-18,,999-15-8314,S99947038,X11746020X,Mr.,Felix524,Ratke343,,,S,white,nonhispanic,M,Middleborough  Massachusetts  US,675 Orn Parade,New Bedford,Massachusetts,Bristol County,2745,41.71377928562797,-71.02642470794372,1789111.58,24415.56,,
01ee960d-3edd-489d-94b7-7689be906797,1988-07-08,,999-36-7446,S99956949,X88161181X,Mrs.,Carlee848,Schaden604,,Pfannerstill264,M,white,nonhispanic,F,Brookline  Massachusetts  US,744 Runolfsson Boulevard,Medfield,Massachusetts,Norfolk County,2052,42.21805372552997,-71.35255602480785,624304.21,10119.45,,
1c31cab1-9206-4ea4-be1c-c7d79bf12a46,1937-11-08,2013-05-30,999-86-3242,S99940824,X67976032X,Mr.,Brendan864,Connelly992,,,M,black,nonhispanic,M,Boston  Massachusetts  US,817 Braun Trail Apt 28,Northbridge,Massachusetts,Worcester County,,42.17820364723537,-71.69666474725962,1612109.79,189989.23000000004,,
bdf6e957-ce6a-4497-a4c2-11be31eb313a,1990-02-10,,999-77-2117,S99931061,X2193221X,Mr.,Danilo179,Schamberger479,,,M,white,nonhispanic,M,Westford  Massachusetts  US,1020 Roob Route,Framingham,Massachusetts,Middlesex County,1702,42.26971723714456,-71.46708295205983,657898.12,2799.72,,
38af92d1-db64-403f-8f61-1b356b86930c,1985-11-19,,999-83-9391,S99949361,X20929371X,Mr.,Roberto515,Stanton715,,,M,white,nonhispanic,M,Boxford  Massachusetts  US,976 Osinski Road Unit 7,Springfield,Massachusetts,Hampden County,1118,42.06219789298262,-72.5378858200043,874234.31,3412.2,,
6a570810-1fd6-4a12-a7c7-38e637ddcfc8,1937-11-08,,999-91-2877,S99916635,X89645647X,Mr.,Major265,Spencer878,,,M,black,nonhispanic,M,Agawam  Massachusetts  US,114 Fahey Trailer Suite 54,Northbridge,Massachusetts,Worcester County,,42.1194756230616,-71.67471832886947,1779109.84,7101.12,,
cc90865d-eee3-4b90-b667-f51c2cfcb64d,1951-12-10,2016-05-30,999-70-7855,S99939762,X58097604X,Mr.,Stuart913,Hettinger594,,,M,white,nonhispanic,M,South Hadley  Massachusetts  US,498 Carter Route,Agawam,Massachusetts,Hampden County,1001,42.04562878818985,-72.64906421454494,13341.39,0.0,,
6aa9eef7-79d4-42b2-8a8e-9165fafcf3d2,1947-05-07,2011-11-29,999-91-6111,S99960640,X26492022X,Mr.,Gino587,Schmeler639,,,M,white,nonhispanic,M,Weymouth  Massachusetts  US,791 Erdman Vista Suite 69,Northborough,Massachusetts,Worcester County,,42.33794978848073,-71.66909703807849,1636756.96,6446.08,,
c7cff8f9-f7bd-48c9-9a7f-2d69fbf1360d,1912-10-28,1998-02-23,999-14-5707,S99979581,X24846053X,Mrs.,Lynell252,Larson43,,Pouros728,M,black,hispanic,F,Attleboro  Massachusetts  US,920 Cummings Track Unit 3,Springfield,Massachusetts,Hampden County,1151,42.16698376445579,-72.52102350426006,1419599.6,27476.48,,
e8a86ccd-9fcc-4b44-8b00-06f44b5d554b,1979-10-04,,999-79-8100,S99992370,X74605271X,Mrs.,Savannah232,Raynor401,MD,Doyle959,M,white,nonhispanic,F,Grafton  Massachusetts  US,125 Goyette Dale,Westford,Massachusetts,Middlesex County,,42.54574733545193,-71.44590302427606,935660.66,3899.6,,
2972a73c-355e-4b28-8bbd-bcc7c47fd8c5,2000-12-28,,999-92-7068,S99930177,,Mr.,Marquis364,Roob72,,,,white,nonhispanic,M,Ipswich  Massachusetts  US,395 Fisher Track Apt 28,Millville,Massachusetts,Worcester County,,42.0394650844317,-71.61498641411319,422578.15,4082.959999999999,,
3d462a8e-329e-4f93-88bc-50c7722b1bbb,1951-12-10,2002-06-24,999-36-9035,S99978651,X16840054X,Mr.,Kirby843,Corkery305,,,M,white,nonhispanic,M,Wendell  Massachusetts  US,999 Windler Divide,Agawam,Massachusetts,Hampden County,1001,42.02116948710254,-72.61923436701542,20594.59,0.0,,
dc0be248-c434-4c2c-bc73-508cf6432077,1951-12-10,,999-97-5103,S99959956,X3956198X,Mr.,Mikel238,Dickens475,,,M,white,nonhispanic,M,Newton  Massachusetts  US,191 Pouros Crossing,Agawam,Massachusetts,Hampden County,1030,42.06008222623449,-72.62642897379831,40730.31,1101.94,,
373d4fed-7acb-4476-9fcf-bf5e1d403719,1964-04-27,,999-77-5578,S99928278,X57628472X,Mr.,Clemente531,Jaskolski867,,,M,white,nonhispanic,M,Foxborough  Massachusetts  US,518 Connelly Underpass,Mansfield,Massachusetts,Bristol County,,41.99244966031557,-71.17869626204606,1220141.38,6573.749999999999,,
edc665ca-8db1-4d11-92ee-3110218766ea,1912-10-28,2019-05-05,999-99-2372,S99990883,X17638071X,Mrs.,Halley419,Conroy74,,Wisoky380,M,black,hispanic,F,Peabody  Massachusetts  US,330 Larson Overpass,Springfield,Massachusetts,Hampden County,1119,42.061810482081874,-72.55670154750734,1639588.67,253632.75,,
c7ed5972-218a-4097-9fa3-5486ee6db451,2006-08-14,,999-59-4154,,,,Damon455,Okuneva707,,,,white,nonhispanic,M,Andover  Massachusetts  US,900 Kulas Fort,Somerset,Massachusetts,Bristol County,2726,41.74463852900799,-71.23338963622939,334700.16,3226.48,,
960c7e4a-5809-4f10-b83b-199535dbd9c1,1980-07-25,,999-69-9679,S99918672,X82674124X,Mrs.,Erna640,Huels583,,Herzog843,M,white,nonhispanic,F,Braintree  Massachusetts  US,1093 Gleichner Dale,Maynard,Massachusetts,Middlesex County,,42.383031639858174,-71.41500051224604,865766.82,7760.649999999999,,
85352374-c781-4321-a16f-fed46e95423c,1912-10-28,1981-02-16,999-97-8382,S99930343,X41867199X,Mrs.,Audra143,Prohaska837,,Ankunding277,M,black,hispanic,F,Westminster  Massachusetts  US,378 Gutmann Viaduct,Springfield,Massachusetts,Hampden County,1199,42.071023513442434,-72.55483491995074,1513859.12,29120.7,,
cca5524e-aeea-4927-adc7-0d436dea5ed8,2014-09-27,,999-66-9323,,,,Roberto515,Gastélum330,,,,white,hispanic,M,Bayamon  Puerto Rico  PR,915 Wiegand Run Unit 29,Harvard,Massachusetts,Worcester County,,42.5229308788755,-71.55495925307517,122770.71,1987.51,,
7f28ff9c-6737-4ca3-81c8-8fff1ccb01af,1988-08-15,,999-97-3391,S99942127,X81482926X,Mrs.,Claretta294,Schuppe920,,Altenwerth646,M,black,nonhispanic,F,Boston  Massachusetts  US,430 Skiles Arcade Apt 15,Raynham,Massachusetts,Bristol County,,41.92317157929428,-70.99890648990835,747113.99,4705.4,,
8f6a3ed2-3276-41c6-aa6e-d0a3eadbb2cb,1912-10-28,1969-05-17,999-71-3770,S99954956,X32921382X,Mrs.,Romaine793,Schmitt836,,Bergnaum523,M,black,hispanic,F,Dracut  Massachusetts  US,677 Bartoletti Glen,Springfield,Massachusetts,Hampden County,1108,42.17426615183234,-72.57608696253021,1169119.02,15341.809999999998,,
899fce00-dd32-4c64-9c17-c9b6a0f90b1f,2005-08-04,,999-93-6973,,,,Libbie63,Cruickshank494,,,,white,nonhispanic,F,Westfield  Massachusetts  US,846 Rempel View Apt 76,Dartmouth,Massachusetts,Bristol County,,41.57126448427461,-70.98522004357181,12976.91,0.0,,
9a629ca8-c5e8-4dcb-b80f-fabef10d1802,1917-12-18,1996-03-28,999-84-9695,S99983319,X39216889X,Mr.,Galen747,O'Keefe54,,,S,black,nonhispanic,M,Hull  Massachusetts  US,113 Smitham Boulevard,Boston,Massachusetts,Suffolk County,2125,42.28449638987187,-71.1214571729353,1779876.67,350995.91000000015,,
c5b05234-c44d-4d4a-b732-f2b6d51afc76,1960-09-14,,999-53-5589,S99999931,X78946663X,Mr.,Clair921,Kiehn525,,,M,white,nonhispanic,M,Lyon  Auvergne-Rhone-Alpes  FR,807 Howell Meadow,Maynard,Massachusetts,Middlesex County,1754,42.462978006176655,-71.4380689499296,184614.1,7846.45,,
181ae28b-49fe-49f3-9d36-9ca55fbc66cb,1924-06-03,1990-11-13,999-69-7304,S99979647,X66940335X,Mrs.,Lashon823,Parisian75,,Walker122,M,white,nonhispanic,F,Barnstable  Massachusetts  US,912 Tillman Highlands Apt 71,Acushnet,Massachusetts,Bristol County,,41.73514048121751,-70.91941948633364,1454288.92,15884.979999999998,,
ffea1d41-7562-499d-af1b-284ac72a7c3c,1975-04-02,,999-34-2766,S99938502,X76530084X,Mr.,Delbert384,Fadel536,,,M,white,nonhispanic,M,Swansea  Massachusetts  US,751 Rogahn Fork,Bridgewater,Massachusetts,Plymouth County,2324,41.96576474401248,-71.00317813048159,926719.21,3626.24,,
d7a9a2a1-2c63-4032-9bd3-ee63dbb15b6f,1974-06-13,,999-44-9965,S99920188,X84113695X,Ms.,Shantae970,Stehr398,,,S,white,nonhispanic,F,Boston  Massachusetts  US,139 Abbott Flat Unit 98,Mendon,Massachusetts,Worcester County,,42.09143191019511,-71.53152885495885,1116978.36,13082.499999999998,,
c10ee469-6182-4228-ac26-21bcf2412337,1912-10-28,2016-11-01,999-78-1275,S99992635,X20729365X,Ms.,Signe792,Bergnaum523,,,S,black,hispanic,F,Georgetown  Massachusetts  US,977 Ritchie Mission Apt 48,Springfield,Massachusetts,Hampden County,1020,42.03615759995044,-72.55178126914787,1339667.0,48029.23,,
9aed804a-b512-4354-b574-8d3ca3575664,1917-12-18,1968-01-15,999-36-3862,S99953053,X38729795X,Mr.,Mathew182,VonRueden376,,,M,black,nonhispanic,M,Medway  Massachusetts  US,1044 Ward Promenade Suite 97,Boston,Massachusetts,Suffolk County,2128,42.22005441450112,-71.1035414510954,1542397.8300000003,6501.039999999999,,
a1ec6897-fb16-49bd-80f1-f959bcd1019b,1974-08-29,,999-52-4768,S99946625,X72446928X,Mr.,Louie190,Bernhard322,,,M,asian,nonhispanic,M,Hanoi  Hà Đông  VN,833 Hayes Haven Suite 73,Medway,Massachusetts,Norfolk County,,42.1587264365972,-71.41041783402085,1156684.13,4190.45,,
303c4e2c-d958-4925-bc7a-816dfc0ae6cb,2018-09-19,,999-32-4185,,,,Genna99,Effertz744,,,,asian,nonhispanic,F,Macau  Macao Special Administrative Region of the People's Republic of China  CN,853 Monahan Gateway,Hopkinton,Massachusetts,Middlesex County,,42.1857489199603,-71.53636016359866,38175.0,1304.08,,
f39e4170-c84b-4edc-aa5d-b50551eb7d4a,1953-02-15,,999-85-7617,S99917750,X10509346X,Mrs.,Eryn994,Buckridge80,,Homenick806,M,white,nonhispanic,F,Kingston  Massachusetts  US,1037 Batz Loaf,Raynham,Massachusetts,Bristol County,,41.960962973214464,-71.01328430449354,1505252.12,12409.219999999998,,
c432852e-979e-494c-af63-636cd2d6ae49,1912-10-28,1970-08-15,999-44-7252,S99937712,X29776901X,Mrs.,Virgie92,Deckow585,,Casper496,M,black,hispanic,F,Haverhill  Massachusetts  US,612 Bauch Knoll,Springfield,Massachusetts,Hampden County,1118,42.116465497024265,-72.50511655016378,1248023.83,30996.61999999999,,
82b53f4c-eb53-43dc-84e1-0611472675b0,1958-05-27,,999-12-7490,S99933661,X53346717X,Mrs.,Lashawn862,Kassulke119,,Paucek755,M,white,nonhispanic,F,Northborough  Massachusetts  US,1084 Gerhold Rapid,Fall River,Massachusetts,Bristol County,2723,41.76924063035564,-71.0825713905104,191272.03,8114.679999999999,,
ef85fd10-4d57-4911-9bf5-77724560c9d3,1912-10-28,2000-10-31,999-64-5333,S99955513,X27852299X,Mrs.,Joni720,Huel628,,Leannon79,M,black,hispanic,F,Rowley  Massachusetts  US,284 Windler Light Apt 99,Springfield,Massachusetts,Hampden County,1104,42.03555694710553,-72.55858132836354,1595866.95,14077.839999999998,,
5b5bbfcd-2c07-40a5-ac1b-59a722226596,1924-06-03,,999-44-7457,S99934370,X27538956X,Mrs.,Kimberley248,Haley279,,Thiel172,M,white,nonhispanic,F,Milford  Massachusetts  US,730 Rolfson Tunnel Unit 44,Acushnet,Massachusetts,Bristol County,,41.754341774992135,-70.92042045188443,1401083.31,26307.529999999995,,
3c5a1a4d-58b4-43bc-8e97-0bcdd8303876,1987-04-15,,999-26-9173,S99991262,X76007458X,Mrs.,Tiana543,Ruecker817,,Blick895,M,white,nonhispanic,F,Dennis  Massachusetts  US,714 Ebert Light,Fall River,Massachusetts,Bristol County,2747,41.76149900950739,-71.12519215214967,107073.67,12227.66,,
9a1c75ef-491b-4be5-8c55-eff568d5fe6d,2008-09-23,,999-87-8501,,,,Darren774,Schulist381,,,,white,nonhispanic,M,Malden  Massachusetts  US,1015 Halvorson Junction Unit 68,Wellesley,Massachusetts,Norfolk County,2492,42.33115028345048,-71.33698712633716,256482.52,3159.19,,
afb52993-2583-4e6f-82cc-28b49fc62051,1912-10-28,,999-62-6056,S99947725,X74310027X,Ms.,Zola306,Hintz995,,,S,black,hispanic,F,Salem  Massachusetts  US,928 Beatty Avenue,Springfield,Massachusetts,Hampden County,1105,42.163841180410905,-72.58989037878162,1551473.53,26823.44,,
e66865ab-9a6f-4475-9bad-0a0447daf29a,1914-01-30,1987-01-29,999-95-5548,S99946549,X86260831X,Mrs.,Louise871,Hilpert278,JD,Dach178,M,white,nonhispanic,F,Revere  Massachusetts  US,525 Hamill Row Suite 2,West Springfield,Massachusetts,Hampden County,1089,42.077305926408826,-72.64129646578748,1424642.36,10663.69,,
38bf1b8c-3d81-4e73-9741-a9511d64a8ad,1940-01-09,,999-52-9093,S99932160,X55987523X,Mr.,Carson894,Koss676,,,S,white,hispanic,M,Framingham  Massachusetts  US,1086 Stehr Vale,Fall River,Massachusetts,Bristol County,2721,41.72664532940048,-71.09795167270418,1459087.9,7574.24,,
ad33fd5f-cb2d-4753-9820-a8c2ef57e74f,1936-01-25,,999-62-7664,S99993284,X69766594X,Ms.,Ginger664,Sipes176,,,S,white,nonhispanic,F,Haverhill  Massachusetts  US,500 Stroman Trail,Douglas,Massachusetts,Worcester County,,42.004678886855295,-71.72687126641966,1607393.77,129138.19000000008,,
82e5f3ce-8f2a-4d85-bcc2-0516af9ebc1c,1989-07-20,,999-48-5283,S99939929,X48374003X,Mr.,Delmer311,Schinner682,,,M,white,nonhispanic,M,Watertown  Massachusetts  US,896 Nicolas Plaza Unit 66,Sudbury,Massachusetts,Middlesex County,,42.34700805707646,-71.41122241491935,672345.56,8950.5,,
13195066-ac1d-447b-bc6b-5bb0806aa937,1962-11-07,,999-69-9846,S99976373,X13029286X,Mr.,Allen322,Connelly992,,,M,white,nonhispanic,M,Halifax  Massachusetts  US,356 Franecki Way,Yarmouth,Massachusetts,Barnstable County,,41.71877771124009,-70.24328588852859,1250821.69,8176.059999999999,,
001890f9-3149-4347-ad12-739ad6db59cd,2004-11-05,,999-68-4647,,,,Orlando897,Daugherty69,,,,white,nonhispanic,M,Lowell  Massachusetts  US,978 Hilpert Underpass Apt 47,Hopkinton,Massachusetts,Middlesex County,,42.23013424034634,-71.5369373988377,334222.59,6110.199999999999,,
f11568b3-26b6-43d3-83e2-b973b96cb40c,1963-06-22,,999-81-3798,S99987827,X74868643X,Mrs.,Martin117,Denesik803,,Maggio310,M,white,nonhispanic,F,Methuen  Massachusetts  US,978 Ebert Neck,Littleton,Massachusetts,Middlesex County,,42.57993269321421,-71.45395361575328,1259089.69,28937.92,,
33853eb5-ebe5-4d67-ab00-734fe22ab5ea,2002-08-14,,999-33-9358,S99972840,,,Gwyn381,Huel628,,,,white,nonhispanic,F,Barnstable  Massachusetts  US,610 Koepp Arcade,Raynham,Massachusetts,Bristol County,,41.959046741307496,-71.07124547210064,32770.96,444.9599999999999,,
aa00821e-6d5f-483b-a9b2-9ae724e00013,1960-03-16,,999-89-1875,S99988247,X6452283X,Mrs.,Adriana394,Casárez469,,Soliz209,M,white,hispanic,F,Santo Domingo  National District  DO,130 Will Ferry,Upton,Massachusetts,Worcester County,,42.14912440889282,-71.55870066337305,1355266.85,10329.839999999998,,
cb9aebe1-645b-47ad-80a8-b73e4a906809,2003-11-14,,999-24-1204,S99940820,,,Logan497,Beer512,,,,white,nonhispanic,M,Northbridge  Massachusetts  US,895 Bashirian Bay Unit 75,Taunton,Massachusetts,Bristol County,,41.93060191062351,-71.00708555091026,419064.03,3173.12,,
a7e558e3-d76d-44b3-a22f-fbb1e9cc74ab,1933-08-26,1996-04-06,999-44-4554,S99923534,X85151870X,Mr.,Rick943,Lowe577,,,M,white,nonhispanic,M,Milton  Massachusetts  US,931 Hayes Course,Bridgewater,Massachusetts,Plymouth County,,41.937566061416256,-71.02246376109142,1703529.23,5191.2,,
349ef5ea-c357-4790-bf4c-75c7f3d7ce70,1978-06-25,,999-36-3627,S99997654,X74420553X,Mrs.,Hiroko446,Schumm995,,Hahn503,M,white,nonhispanic,F,Agawam  Massachusetts  US,763 Cassin Fort,Framingham,Massachusetts,Middlesex County,,42.330700741108096,-71.46295664273916,825513.46,7022.249999999999,,
b12ccf3c-0bbf-411c-939a-69c1b9218655,1914-01-30,,999-18-3469,S99983427,X18561314X,Mrs.,Juliette736,Hickle134,MD,Strosin214,M,white,nonhispanic,F,New Bedford  Massachusetts  US,1052 Huel Annex Unit 19,West Springfield,Massachusetts,Hampden County,,42.13905693290666,-72.60172073461959,1533139.26,33170.5,,
36cde8a4-4a6c-4f81-81ec-92ce4e90ac10,1968-08-20,,999-33-5245,S99953311,X65857221X,Mr.,Palmer257,Reichert620,,,M,white,nonhispanic,M,Boston  Massachusetts  US,1074 Zemlak Row Unit 4,Concord,Massachusetts,Middlesex County,,42.4716637253142,-71.40786124827083,1124741.95,4560.29,,
60d15986-f2fb-4617-b905-e7ece77b9633,1995-04-12,,999-74-5717,S99975951,X66552559X,Ms.,Yvette315,Zulauf375,,,,white,nonhispanic,F,Revere  Massachusetts  US,1045 Walker Trailer Unit 6,Dartmouth,Massachusetts,Bristol County,,41.614080454177405,-70.9117206992748,667883.74,2700.64,,
ab943c73-b36d-4dcf-a577-d32189d74540,1946-01-25,,999-69-3736,S99949281,X53592973X,Ms.,Melita22,Erdman779,,,S,white,nonhispanic,F,Westport  Massachusetts  US,857 Rowe Terrace,Raynham,Massachusetts,Bristol County,,41.94540464741778,-71.06463394590116,1484329.14,14201.579999999998,,
2e89c5fa-9150-4636-9466-c5a5417cb274,1964-04-21,1982-03-02,999-83-4285,S99916563,,,Bernita55,White193,,,,white,nonhispanic,F,West Springfield  Massachusetts  US,209 Upton Estate,Taunton,Massachusetts,Bristol County,,41.84621055239847,-71.04278076500384,389824.35,4770.99,,
6f85a340-2623-4828-9b0e-80788d666891,2006-05-13,,999-28-9833,,,,Jessie665,Donnelly343,,,,white,nonhispanic,M,Belchertown  Massachusetts  US,1042 Beier Lock,Springfield,Massachusetts,Hampden County,1107,42.1282180001162,-72.56922032448927,355377.42,3187.32,,
62c3a8a1-7edb-4fa7-8bf8-86931989dc21,1964-04-21,,999-18-7598,S99965962,X4185479X,Ms.,Gwyn381,Cartwright189,,,S,white,nonhispanic,F,Boston  Massachusetts  US,459 Feil Village,Taunton,Massachusetts,Bristol County,2780,41.8617691287664,-71.05032650380292,1221443.31,14344.44,,
59f65652-c020-4204-a9b6-44499e212b8b,1986-10-20,,999-24-2629,S99957882,X37478304X,Ms.,Golda777,Hermann103,,,S,asian,nonhispanic,F,Lynn  Massachusetts  US,956 Borer Quay Suite 14,Taunton,Massachusetts,Bristol County,2718,41.89303092105273,-71.02288066068304,114710.65,31459.95,,
d695cbaa-2055-46e8-8fe9-c44a56429538,1962-04-12,,999-79-9378,S99931217,X13655864X,Mr.,Tommie457,Koelpin146,,,M,white,nonhispanic,M,Springfield  Massachusetts  US,690 Upton Parade Unit 86,Framingham,Massachusetts,Middlesex County,1702,42.25092025132411,-71.38874895328972,1204586.49,5741.04,,
03e085fd-5d32-41d5-81ef-205665c3b240,2000-11-30,,999-48-8662,S99998268,,Ms.,Hilde556,Sanford861,,,,asian,hispanic,F,Haverhill  Massachusetts  US,432 Beatty Flat,Springfield,Massachusetts,Hampden County,,42.12996523541975,-72.44485953871762,470168.68,3283.92,,
dff1410c-e0fc-4500-b814-2be7e0f86c57,1960-10-14,2020-03-14,999-40-1820,S99941097,X33167680X,Mrs.,Carma664,Lebsack687,,Corkery305,M,white,nonhispanic,F,Ashland  Massachusetts  US,904 Schroeder Rue,Blackstone,Massachusetts,Worcester County,,42.07594077865873,-71.56282244262292,32836.73,2628.0799999999995,,
f67fe918-1271-4254-8a6f-1333cb822d9c,1960-10-14,,999-22-9548,S99990099,X89111989X,Mrs.,Lucretia377,Langworth352,,Mayer370,M,white,nonhispanic,F,Boston  Massachusetts  US,428 Schowalter Frontage road,Blackstone,Massachusetts,Worcester County,,42.066127878654,-71.49978603731056,43327.98,3457.999999999999,,
5c239317-1da0-47c5-9acd-95176577ec33,2006-09-28,,999-44-3482,,,,Gaylord332,Lemke654,,,,white,nonhispanic,M,Milton  Massachusetts  US,713 Runte Wall,Millville,Massachusetts,Worcester County,,42.07536168380391,-71.53614256586899,362228.34,2841.52,,
b3046289-94e9-4c53-9608-87a172cbe527,1994-04-07,,999-91-4838,S99973021,X85754217X,Ms.,Catrina144,Pacocha935,,,,white,hispanic,F,Westford  Massachusetts  US,943 Predovic Pathway,Groton,Massachusetts,Middlesex County,,42.56219367783941,-71.5280685459809,548211.44,3356.32,,
cc1373ad-bedd-434c-83bc-a42377aaa7cf,1993-03-13,,999-53-8401,S99953140,X58481506X,Ms.,Asha251,Casper496,,,S,black,nonhispanic,F,Lawrence  Massachusetts  US,1013 Mayer Gateway,Berkley,Massachusetts,Bristol County,,41.8638780287836,-71.12055946822382,690686.82,4556.49,,
89a722cc-f9b7-48b4-9ff2-63b94cb1cf2f,2019-06-06,,999-25-9250,,,,Kim439,Ward668,,,,white,nonhispanic,M,Salem  Massachusetts  US,628 Heaney Drive Suite 8,Springfield,Massachusetts,Hampden County,,42.13491181537899,-72.48349301567194,23005.39,834.1199999999999,,
3713de73-5647-4eea-a0e1-6d442d9ebc23,1939-01-11,,999-86-2352,S99963208,X18629344X,Mrs.,Azalee124,Kuhn96,,Sanford861,M,white,nonhispanic,F,Medfield  Massachusetts  US,334 Dickens Estate,West Springfield,Massachusetts,Hampden County,,42.119816589281626,-72.62980080907158,1529387.58,10624.839999999998,,
31668010-6738-463a-be23-d65843a78bbe,2017-07-07,,999-89-9243,,,,Tommie457,Stroman228,,,,white,nonhispanic,F,Springfield  Massachusetts  US,363 Armstrong Lodge,Sudbury,Massachusetts,Middlesex County,,42.37914384206411,-71.45013516237401,78302.57,1291.6,,
d9a7d98e-30e1-40bf-bf2f-004fa29bfbcc,1969-03-29,,999-69-8457,S99962972,X16615680X,Mr.,Rafael239,Hayes766,,,M,white,hispanic,M,Belmont  Massachusetts  US,220 Ebert Orchard Unit 80,Springfield,Massachusetts,Hampden County,1199,42.0889529956805,-72.61356035098049,1334972.3,13565.44,,
c8228059-a0d9-421d-a018-da6a98a2a854,1996-12-27,,999-75-3800,S99931935,X9005424X,Mr.,Tod265,Hegmann834,,,,white,nonhispanic,M,Adams  Massachusetts  US,141 Block Passage Unit 77,Holliston,Massachusetts,Middlesex County,,42.201133941580856,-71.44584237791076,72256.58,3832.2,,
41b98adf-cb37-4980-8e63-efa96e8aceb4,2010-02-17,,999-81-5191,,,,Val761,Willms744,,,,white,nonhispanic,M,Belmont  Massachusetts  US,529 O'Reilly Landing,Northbridge,Massachusetts,Worcester County,,42.16343964914687,-71.63076472589691,23836.76,704.9599999999999,,
bcccee4d-d886-47c3-9519-0a93294acfe0,1987-08-12,,999-11-9540,S99920083,X15896126X,Mr.,Christian753,Wiza601,,,S,white,nonhispanic,M,Chicopee  Massachusetts  US,1007 Glover Ferry Unit 11,Townsend,Massachusetts,Middlesex County,1469,42.62915652533167,-71.65639232045947,751568.24,3012.2,,
cb937ef4-53e8-4b0d-9827-61529de6424e,2006-03-12,,999-80-3723,,,,Verónica383,Mendoza384,,,,white,hispanic,F,Caguas  Puerto Rico  PR,595 Schaden Fort,Chicopee,Massachusetts,Hampden County,1020,42.16527321930451,-72.52786190666309,378195.72,2970.68,,
446e601a-afc4-4e65-9984-a7998555fba8,1986-10-25,,999-32-7155,S99954409,X55304745X,Ms.,Christen366,Kuphal363,,,S,white,nonhispanic,F,Canton  Massachusetts  US,663 Wisozk Pathway,Hopkinton,Massachusetts,Middlesex County,1748,42.21163814158272,-71.53869589366242,42613.14,1291.7299999999998,,
4c35ac37-e1b5-4aac-8800-64b1ea03ca43,2001-02-12,,999-37-8372,S99979542,,Mr.,Cyrus914,Veum823,,,,white,nonhispanic,M,Woburn  Massachusetts  US,210 Runolfsson Road,Fall River,Massachusetts,Bristol County,2723,41.70584864533565,-71.18441456657621,400141.38,3363.04,,
f1f235f6-6ac6-411d-8f48-2f8314680e72,2018-09-14,,999-78-4621,,,,Alfredo17,Glover433,,,,asian,nonhispanic,M,Sudbury  Massachusetts  US,954 Walter Center,Hopkinton,Massachusetts,Middlesex County,,42.233053558902064,-71.49490621829312,38057.490000000005,1195.7599999999998,,
acfb9e76-5282-46a8-82f5-5a7a790b94e9,2018-08-11,,999-98-2539,,,,Lynsey2,Schaden604,,,,white,nonhispanic,F,Clinton  Massachusetts  US,865 Veum Lane,Millville,Massachusetts,Worcester County,,42.05021312580934,-71.53740309972864,46460.3,1171.6,,
e299c990-f71f-49a5-946c-fe94ad50e4ea,1948-12-06,2020-04-03,999-93-8423,S99914201,X33445482X,Mr.,Jame231,Bosco882,,,M,white,nonhispanic,M,Lanesborough  Massachusetts  US,888 Trantow Key Suite 3,Barnstable,Massachusetts,Barnstable County,2648,41.69059610475425,-70.2969434218648,1759161.15,9221.15,,
3bdec649-2824-4e56-a38f-30c4514a760f,1945-08-23,,999-99-7419,S99914956,X20706989X,Mrs.,Toni630,Schiller186,,Buckridge80,M,white,nonhispanic,F,Wayland  Massachusetts  US,771 Schumm Hollow Unit 42,Easton,Massachusetts,Bristol County,,42.00962272250748,-71.14509216718444,1702493.86,11549.59,,
ad8418a2-67dc-4264-855b-63c51d746752,1976-12-30,,999-76-4142,S99936923,X10485890X,Mrs.,Assunta351,Quigley282,,Breitenberg711,M,white,nonhispanic,F,Malden  Massachusetts  US,515 Roob Run Unit 23,Lakeville,Massachusetts,Plymouth County,,41.85932258510114,-70.95616784365026,903479.12,8495.68,,
c6624e05-8e4f-405b-bf9e-63675dd92391,2000-12-23,,999-36-1651,S99976429,,Mr.,Parker433,Jaskolski867,,,,white,nonhispanic,M,Needham  Massachusetts  US,338 McCullough Green Suite 36,Ludlow,Massachusetts,Hampden County,,42.13483693347391,-72.46574955739362,399759.28,2693.12,,
c4727695-08fb-4db0-a5b1-9f884294f835,1963-11-27,,999-36-5742,S99917191,X37466330X,Mr.,Duane703,Wehner319,,,S,black,nonhispanic,M,Springfield  Massachusetts  US,903 Stroman Gardens Apt 44,Boston,Massachusetts,Suffolk County,2126,42.269285389293344,-71.12793148311465,1229814.24,13735.3,,
d74225a5-cb0d-42dd-b08f-e7542abcf34e,1963-05-02,2003-10-30,999-43-8571,S99931630,X10114735X,Mrs.,Rolande819,Windler79,,Fay398,M,white,nonhispanic,F,North Brookfield  Massachusetts  US,250 Klein Neck,Springfield,Massachusetts,Hampden County,1199,42.00956763348927,-72.57918684865831,184770.63,22046.77,,
55550770-d870-4c04-966b-10db3c6ec351,1970-07-02,,999-96-1357,S99999724,X1016270X,Mrs.,In373,Willms744,,Gutmann970,M,white,nonhispanic,F,Cambridge  Massachusetts  US,239 Bayer Spur Suite 9,Taunton,Massachusetts,Bristol County,,41.903038278247415,-71.09031261364873,1038533.74,10999.579999999998,,
42115ab7-11f0-4907-93a9-647a046cd24d,1963-05-02,,999-95-4579,S99935799,X31432229X,Mrs.,Yolanda648,Mueller846,,Gulgowski816,M,white,nonhispanic,F,Ipswich  Massachusetts  US,242 McLaughlin Rest Apt 64,Springfield,Massachusetts,Hampden County,1151,42.14268694911521,-72.53712046683857,449113.46,21028.63,,
ab9cdce6-2545-43a3-886e-315b24eacb54,2006-08-06,,999-29-6747,,,,Dorinda15,Greenholt190,,,,white,nonhispanic,F,Medford  Massachusetts  US,652 Lakin Mission,East Longmeadow,Massachusetts,Hampden County,,42.01812159953992,-72.50946707138252,371469.88,2841.52,,
2b7c007c-2554-4c97-922d-a328f6920349,1985-11-20,,999-96-9131,S99980418,X11170722X,Mrs.,Cecille691,Jast432,,Larkin917,M,white,nonhispanic,F,Pepperell  Massachusetts  US,903 Durgan Ville,Holliston,Massachusetts,Middlesex County,,42.20860181142022,-71.4215121603766,808584.01,5824.129999999999,,
c29ceba2-95e0-4d45-82b6-cb743684adbb,1955-05-17,,999-62-6659,S99961298,X58924625X,Mrs.,Ladawn167,Hermann103,,Leuschke194,M,white,nonhispanic,F,Walpole  Massachusetts  US,132 Harvey Flat Unit 76,Framingham,Massachusetts,Middlesex County,1702,42.285626983702215,-71.4818045290394,1373065.86,10195.88,,
fae21b05-b0a0-4802-8216-90d19cc142f0,1924-09-10,,999-72-9921,S99993268,X79194199X,Mrs.,Zulema784,Heidenreich818,,Barton704,M,white,nonhispanic,F,Easthampton  Massachusetts  US,681 Hartmann Esplanade,Medway,Massachusetts,Norfolk County,,42.10707764696225,-71.38913783063869,1488968.25,31009.31,,
a06fa9be-c5ba-42f4-afbe-67cc2413e465,1946-04-10,,999-60-5489,S99956075,X69854579X,Mrs.,Gaynell126,O'Hara248,,Botsford977,M,white,nonhispanic,F,Danvers  Massachusetts  US,386 Conroy Meadow Suite 95,Somerset,Massachusetts,Bristol County,2726,41.74159688598691,-71.20931511111651,1517534.62,9691.6,,
06299c24-82fc-426b-8617-99ec8d024e61,1948-11-08,,999-99-5245,S99942001,X63106570X,Mr.,Micah422,Kuhn96,,,M,white,nonhispanic,M,Springfield  Massachusetts  US,806 Carter Course Unit 26,New Bedford,Massachusetts,Bristol County,2748,41.71379074871132,-70.99056608858517,1602006.9300000002,9688.88,,
47d5b606-81f9-4f9f-8d13-adc66451cbc1,1987-03-05,,999-69-9975,S99929972,X81083094X,Mrs.,Pennie519,Schimmel440,,Bergstrom287,M,asian,nonhispanic,F,Shanghai  Shanghai Municipality  CN,696 Nicolas Viaduct,East Longmeadow,Massachusetts,Hampden County,,42.05412261797555,-72.51280701039778,38453.29,1304.8799999999997,,
d40c337f-785f-4164-ab84-55006f0c0f95,1957-02-11,,999-69-9651,S99942850,X68991086X,Mr.,Noah480,Ankunding277,,,S,white,nonhispanic,M,Manchester-by-the-Sea  Massachusetts  US,875 Bergnaum Trafficway Apt 83,Blackstone,Massachusetts,Worcester County,,42.00942475274706,-71.55077745869092,1527170.5,6684.4,,
24b7cdb8-ea83-4eb3-9cb5-afe0f8602841,1993-09-02,,999-37-9619,S99953454,X73710821X,Ms.,Karie712,Legros616,,,,asian,nonhispanic,F,Danvers  Massachusetts  US,381 Greenholt Gateway,Shirley,Massachusetts,Middlesex County,,42.61172417127385,-71.65204140799683,549721.67,2883.04,,
02fc7fe6-42de-4caf-b68f-6a1e77711c4d,2006-12-15,,999-50-4369,,,,Albertha209,Murphy561,,,,white,nonhispanic,F,Grafton  Massachusetts  US,693 Walter Passage,Easton,Massachusetts,Bristol County,,42.018952076061936,-71.15492952113175,308573.08,3137.32,,
9e115ab1-7a3f-4bc3-8362-12f06e2c0637,1934-07-29,2007-12-07,999-94-9871,S99913836,X53300283X,Mr.,Elliott563,Wiegand701,,,S,black,nonhispanic,M,Holyoke  Massachusetts  US,254 Kub Knoll,Worcester,Massachusetts,Worcester County,1583,42.253885169124935,-71.76123672280303,1605679.17,426969.62000000017,,
0d8f3bb4-d9a3-45eb-a30e-73780afdee85,1975-02-08,,999-81-2569,S99915806,X77351051X,Mrs.,Karole140,Romaguera67,,Kris249,M,white,nonhispanic,F,Milton  Massachusetts  US,818 Gottlieb Quay Unit 55,Littleton,Massachusetts,Middlesex County,,42.57264151731211,-71.52022919272865,1050396.79,3377.9999999999995,,
5984aede-1643-4c48-a44c-ffc706b4e971,1946-08-03,,999-88-5007,S99982415,X28120814X,Mrs.,Hiroko446,Bernier607,,Kerluke267,M,white,nonhispanic,F,Attleboro  Massachusetts  US,504 Becker Path Suite 80,Springfield,Massachusetts,Hampden County,1013,42.12913274510242,-72.55487858082563,1545462.91,20331.3,,
a59637fb-82be-4113-aa4e-83f8300cec97,1991-11-28,,999-67-5762,S99977703,X62922561X,Mr.,Ellis535,Sawayn19,,,M,white,nonhispanic,M,Woburn  Massachusetts  US,999 Bauch Arcade,Middleborough,Massachusetts,Plymouth County,,41.92682326759286,-70.90461373351486,618403.99,3166.36,,
70fd795e-4a70-4edf-9fe2-88fef7cf5dca,1968-01-28,2008-12-25,999-77-7004,S99977529,X24456116X,Mr.,Marco578,Considine820,,,M,black,hispanic,M,Milford  Massachusetts  US,431 Bradtke Mall,West Springfield,Massachusetts,Hampden County,,42.07938516793553,-72.61926107662879,35359.27,0.0,,
9113da95-db03-4ed4-8754-98de15cba0a5,1980-11-22,,999-56-8338,S99927597,X17748531X,Mrs.,Tosha401,Labadie908,,Rau926,M,white,nonhispanic,F,Worcester  Massachusetts  US,680 Hagenes Road,Framingham,Massachusetts,Middlesex County,,42.301181043504506,-71.4647169982968,128938.63,5154.57,,
7794784f-0803-4327-9c17-35563e2dc5dd,1959-12-20,,999-56-5703,S99913349,X1168982X,Mr.,Johnny786,Kemmer137,,,S,white,nonhispanic,M,Georgetown  Massachusetts  US,920 O'Kon Green,East Longmeadow,Massachusetts,Hampden County,,42.0331757069537,-72.49610267217518,1458501.84,5400.36,,
1f1805b2-5791-455d-8582-ba4d22958b70,1920-09-18,2009-03-30,999-67-6288,S99962592,X25226380X,Mrs.,Georgann131,Rogahn59,,Blanda868,M,white,nonhispanic,F,Peabody  Massachusetts  US,324 Nitzsche Bypass,Dartmouth,Massachusetts,Bristol County,,41.52290343855214,-70.91012266010951,1414713.88,22206.99,,
26591cc8-f8a1-4805-bda6-dc8ec00b2d3b,1951-08-23,,999-41-8823,S99937142,X29418235X,Mrs.,Asley870,Paucek755,,Wisozk929,M,white,nonhispanic,F,Stockbridge  Massachusetts  US,606 Cassin Dale,Fall River,Massachusetts,Bristol County,2790,41.73320646707917,-71.08357978556617,231160.2,23712.64,,
ceb82349-1416-4f91-808d-465f8268f215,1991-08-06,,999-50-2472,S99981962,X70374669X,Mr.,Sid118,Macejkovic424,,,M,white,nonhispanic,M,Fall River  Massachusetts  US,132 Koepp Skyway Unit 17,Shirley,Massachusetts,Middlesex County,,42.59654709161233,-71.61357821900229,593413.94,2803.04,,
7c162d02-db89-454f-878f-aea364f4bc1c,1977-08-20,,999-26-7439,S99950696,X46967406X,Mrs.,Clarine378,Turcotte120,,Dibbert990,M,white,nonhispanic,F,Chelmsford  Massachusetts  US,801 Leffler Rest Apt 90,Sherborn,Massachusetts,Middlesex County,,42.23261132670589,-71.35448840579996,1092718.8,3843.84,,
8bf57f36-e6b1-4502-a082-7b3787747124,1950-09-07,,999-10-7701,S99964916,X42836209X,Mrs.,Layla49,Thompson596,,Kihn564,M,white,nonhispanic,F,Ware  Massachusetts  US,648 Buckridge Highlands,Bridgewater,Massachusetts,Plymouth County,2324,41.94657179356727,-70.95957441153088,1361574.02,12420.36,,
c3033352-e84e-4a63-8b25-c269233fe23a,1920-09-18,1994-04-03,999-13-1779,S99989026,X41063639X,Mrs.,Alia555,Witting912,,Brekke496,M,white,nonhispanic,F,Wrentham  Massachusetts  US,284 Weissnat Grove Apt 15,Dartmouth,Massachusetts,Bristol County,,41.58969854008369,-70.91342204778131,1454325.6700000002,20017.5,,
1fc640f6-a2d5-4552-8d8f-e6ca41631320,1964-09-27,,999-93-9594,S99972313,X48991662X,Mr.,Emmitt44,Bergstrom287,,,M,white,nonhispanic,M,Boston  Massachusetts  US,1021 Jaskolski Passage Suite 5,Easton,Massachusetts,Bristol County,,42.01052920713772,-71.11214037149463,1364255.21,5610.28,,
61774c5a-86c3-43b5-a37c-d1d8730cde45,1967-06-08,,999-64-1643,S99967860,X36134169X,Mrs.,Annabel185,Gleichner915,,Lehner980,M,white,nonhispanic,F,Manchester-by-the-Sea  Massachusetts  US,655 Hammes Rest,Framingham,Massachusetts,Middlesex County,,42.31545511456709,-71.4369291823489,1068050.66,8857.439999999999,,
4469f8ef-8c19-4f53-9ecd-c353ad1261aa,1920-09-18,,999-74-4632,S99971881,X23239446X,Mrs.,Willa615,Abbott774,,Rempel203,M,white,nonhispanic,F,Worcester  Massachusetts  US,1083 Bechtelar Promenade Unit 30,Dartmouth,Massachusetts,Bristol County,,41.56006251754343,-71.00267492374223,1358657.47,25346.47,,
8cf55fd5-bea9-4a5f-b31c-1273dafd7a70,1998-02-14,,999-63-7724,S99950789,X40262636X,Ms.,Lorie307,Torp761,,,,white,nonhispanic,F,Marblehead  Massachusetts  US,696 Mosciski Route Unit 9,Weston,Massachusetts,Middlesex County,,42.38604828012935,-71.33870004484709,568514.98,4583.799999999999,,
1acc4fdc-0c8d-4f3d-9b60-06ba58696232,1996-10-21,,999-66-4692,S99954133,X11375863X,Ms.,Madelaine318,Blick895,,,,white,nonhispanic,F,Milton  Massachusetts  US,120 Lueilwitz Port,Springfield,Massachusetts,Hampden County,1103,42.14945924311432,-72.54890102879293,74486.07,4947.919999999999,,
1eec0668-2cf3-4cba-b824-1227812d7d54,1986-08-14,,999-55-8730,S99983887,X26679168X,Ms.,Isabela97,Archuleta517,,,S,black,hispanic,F,Mexico City  Mexico City  MX,323 Hane Wynd Unit 10,Millis,Massachusetts,Norfolk County,,42.21413839544539,-71.38289560152201,699655.87,8581.42,,
f90a937e-b29c-48e1-8692-e802e1d1b0c3,2007-01-12,,999-77-5053,,,,Kristel938,Schinner682,,,,white,hispanic,F,Canton  Massachusetts  US,337 Bechtelar Wall,Chicopee,Massachusetts,Hampden County,1022,42.1521582900226,-72.53455040996083,4228.82,0.0,,
cb96a499-19d5-49ab-b5cd-5c1482dbc7b9,1960-01-01,,999-41-8995,S99981616,X54572189X,Ms.,Keila316,Friesen796,,,S,white,nonhispanic,F,Marblehead  Massachusetts  US,559 Harvey Village Unit 53,Longmeadow,Massachusetts,Hampden County,,42.09041085225359,-72.56890099707783,1261788.66,8779.55,,
1775c90a-415e-4d3e-96e3-fa9a69e70612,1946-02-18,,999-70-5015,S99950942,X16707987X,Mrs.,Dorine689,Blick895,,Huel628,M,white,nonhispanic,F,Billerica  Massachusetts  US,615 Kovacek Knoll,Medway,Massachusetts,Norfolk County,,42.20079952275081,-71.4594247959398,1419504.47,15010.199999999995,,
a09bc3d4-0431-4c08-b709-4a57f2bcfebc,2004-10-18,,999-68-8102,,,,Marcelo725,McLaughlin530,,,,white,nonhispanic,M,Fall River  Massachusetts  US,909 Gutkowski Crossing Suite 87,Milford,Massachusetts,Worcester County,1757,42.11223345612115,-71.51335045656243,322883.29,3258.92,,
14fd55e6-bdc7-4b9a-8ef7-a0ea346cea44,1998-12-15,,999-79-9452,S99973923,X53149939X,Ms.,Marianela210,Ortiz186,,,,white,nonhispanic,F,Southborough  Massachusetts  US,208 Abshire Branch,Fall River,Massachusetts,Bristol County,2790,41.77131305033542,-71.12197691870789,467231.65,3989.67,,
1c55d09d-752f-4a20-8f8c-da3f5be55418,1998-01-14,,999-20-7011,S99974541,X18846301X,Mr.,Odis959,Rath779,,,,white,nonhispanic,M,Marblehead  Massachusetts  US,590 Glover Hollow Apt 4,Framingham,Massachusetts,Middlesex County,1702,42.28459950630219,-71.41292176853032,466331.69,6558.439999999999,,
61505757-6ea4-4505-8992-c962b88a63f5,1949-11-23,,999-23-7989,S99954850,X12961347X,Mr.,Florencio463,Ebert178,,,M,white,nonhispanic,M,Barnstable  Massachusetts  US,370 Rolfson Mission,New Bedford,Massachusetts,Bristol County,,41.59548142359928,-70.99703148314492,1583910.97,6977.719999999999,,
21caba78-873e-44f5-bf23-7ee83ca66077,1952-07-31,,999-58-5741,S99927076,X36806687X,Ms.,Luanne915,Leannon79,,,S,white,nonhispanic,F,Boston  Massachusetts  US,187 Abbott Glen,Milford,Massachusetts,Worcester County,,42.12462825109255,-71.55145283627462,229055.06,27558.07,,
f1f72eca-e3ff-4e43-a700-91fd92180ea7,2007-04-11,,999-77-9539,,,,Desmond566,Wisozk929,,,,white,nonhispanic,M,Stoneham  Massachusetts  US,1072 Carter Parade,Bellingham,Massachusetts,Norfolk County,2019,42.069778075147546,-71.45334070191765,284708.74,3058.16,,
5ac206b3-05a5-41d2-b86b-693b83a8d3c8,2013-02-06,,999-60-8302,,,,Jerald662,Mertz280,,,,white,nonhispanic,M,Gloucester  Massachusetts  US,1032 Pouros Parade,Fall River,Massachusetts,Bristol County,2720,41.68902368929778,-71.16935838988232,22672.31,2839.5,,
c84fa273-d7e8-4392-ad47-1bad8937a287,1989-06-23,,999-48-4391,S99940571,X13906146X,Mrs.,Ericka421,Grant908,,Wiza601,M,white,nonhispanic,F,Chicopee  Massachusetts  US,1013 Hartmann Drive Unit 20,Concord,Massachusetts,Middlesex County,,42.41347160310601,-71.34425221610293,671744.38,5351.119999999999,,
a6a8c152-9a09-4c15-9c86-ff372cac6e1c,1954-11-05,,999-13-6006,S99965080,X29025794X,Mr.,Clifton91,Orn563,,,M,white,nonhispanic,M,Boston  Massachusetts  US,773 Hayes Row Unit 70,Springfield,Massachusetts,Hampden County,1151,42.13521273643381,-72.52915039863136,911489.3,4727.1900000000005,,
903aa94c-ac55-4261-bca8-ad51341fff19,1948-04-18,2020-03-17,999-55-5311,S99980876,X39627417X,Mr.,Josef103,Lemke654,,,M,white,nonhispanic,M,Blandford  Massachusetts  US,320 Waelchi Dam,Middleborough,Massachusetts,Plymouth County,,41.92341985274894,-70.90970944795427,1673353.42,8025.16,,
be9ba7d4-5ed5-41a4-824b-398d340bf683,1974-06-18,,999-27-7758,S99950359,X87323203X,Mrs.,Dion244,Wilderman619,,McKenzie376,M,white,nonhispanic,F,Bourne  Massachusetts  US,663 Krajcik Mall Suite 82,Concord,Massachusetts,Middlesex County,,42.41909963577517,-71.37759519512926,1082378.82,11101.94,,
e7f7b4a0-3feb-454d-a3d4-c0dc99ea4640,1997-08-25,,999-73-8009,S99958837,X89106548X,Ms.,Leida589,Schiller186,,,,black,nonhispanic,F,Pittsfield  Massachusetts  US,228 Hintz Route,Springfield,Massachusetts,Hampden County,,42.05214408376182,-72.53852210755349,71539.08,4800.44,,
8e567fe5-8e92-4547-a8f1-033ed40887e5,2012-07-18,,999-56-2416,,,,Loretta235,Gulgowski816,,,,white,nonhispanic,F,Scituate  Massachusetts  US,405 Hermann Station,Pepperell,Massachusetts,Middlesex County,1463,42.70452426546185,-71.59129472618214,171881.87,2662.32,,
987670be-448b-49f8-bdce-5ea205277233,1985-06-01,,999-63-6625,S99974881,X6093930X,Mrs.,Sherita708,Erdman779,,Muller251,M,white,nonhispanic,F,Boston  Massachusetts  US,1017 Hagenes Skyway,Bellingham,Massachusetts,Norfolk County,,42.11512582326512,-71.52121078127182,794959.69,5217.839999999999,,
0406ea60-4ce4-46ba-89b1-46bac801756a,1966-10-22,,999-39-1890,S99921891,X80067450X,Mrs.,Adela471,Schowalter414,,Ziemann98,M,white,nonhispanic,F,Lenox  Massachusetts  US,878 Ziemann Fork Apt 31,Chicopee,Massachusetts,Hampden County,1020,42.19303144707776,-72.51339530373174,17623.03,2005.64,,
762523e0-197b-4fc4-b50f-dacf36d961ed,1974-12-08,,999-15-4413,S99955746,X29430978X,Ms.,Shela13,Bosco882,,,S,white,nonhispanic,F,Holbrook  Massachusetts  US,253 Lemke Throughway,Harvard,Massachusetts,Worcester County,,42.47411289550124,-71.54063164678668,914921.5,10195.27,,
78b60fa1-c8c8-42d5-ae33-44fd234388c9,1998-02-21,,999-42-6991,S99942339,X14790536X,Ms.,Christina143,Kozey370,,,,white,nonhispanic,F,Boston  Massachusetts  US,398 Ryan Station,Concord,Massachusetts,Middlesex County,,42.42752344685264,-71.38670407744607,493855.25,17252.21,,
c02b53ba-a1f4-40d6-b582-d547c8b0377f,1983-03-02,,999-61-9859,S99951568,X14753063X,Mrs.,Allie437,McKenzie376,,Deckow585,M,black,nonhispanic,F,Lawrence  Massachusetts  US,348 Roberts Trafficway Apt 18,Shirley,Massachusetts,Middlesex County,1464,42.621803709855776,-71.65854905058144,788256.3400000001,9683.0,,
13a22773-2e85-4c9f-9b4e-8c007ef45bf1,1948-06-13,,999-91-8515,S99953986,X8070196X,Mrs.,Idell650,Goyette777,,Graham902,M,white,nonhispanic,F,Boxford  Massachusetts  US,169 Schroeder Crossroad Suite 71,Taunton,Massachusetts,Bristol County,2767,41.94458401104392,-71.11254795938014,246795.16,12636.289999999995,,
afb4761e-60e1-40de-999b-d6651d955e53,1991-06-02,,999-51-9003,S99925979,X10030896X,Mr.,Huey641,Labadie908,,,M,white,hispanic,M,Cambridge  Massachusetts  US,667 Reynolds Walk,Taunton,Massachusetts,Bristol County,2780,41.96808942677194,-71.03536655215682,640663.2,19714.25,,
c58c356a-e2e0-4691-8a97-74e44c1c267f,1972-09-05,,999-79-9774,S99970556,X30218315X,Mrs.,Elizbeth263,Mohr916,,Howe413,M,white,nonhispanic,F,Brookline  Massachusetts  US,1037 Auer Passage Suite 8,New Bedford,Massachusetts,Bristol County,2743,41.68460036913319,-71.02108710101608,101823.89,4286.589999999999,,
7da1de13-4e74-4615-ba1c-8460afc40892,1985-07-08,,999-49-3871,S99914441,X49226930X,Mr.,Gordon377,Braun514,,,M,white,nonhispanic,M,Lowell  Massachusetts  US,625 Kassulke Station Unit 74,Worcester,Massachusetts,Worcester County,1605,42.34658705512577,-71.7514828435092,927636.03,2722.28,,
f0c098cb-430f-4302-90b2-fdefdbc5a6e4,1953-07-07,,999-17-8650,S99934887,X40103440X,Mr.,Rubén780,Bustos920,,,S,white,hispanic,M,Havana  Havana  CU,348 Kohler Route,Boston,Massachusetts,Suffolk County,2151,42.34333696155776,-71.19550925289704,1697004.19,10862.9,,
26f4b236-7dcd-4d22-8c2e-578ff54547de,1962-10-04,,999-77-9462,S99979065,X77807773X,Ms.,Nam74,Rau926,,,S,white,nonhispanic,F,Barnstable  Massachusetts  US,498 Jerde Hollow Suite 17,Acushnet,Massachusetts,Bristol County,,41.74409082124608,-70.91680370816783,1174372.02,14298.059999999998,,
2c333f97-9474-45f1-a0df-861e24c7b33f,1986-06-04,,999-43-1688,S99925593,X10631499X,Mrs.,Nu535,Hyatt152,,Grant908,M,white,nonhispanic,F,Springfield  Massachusetts  US,844 Gerlach Gardens,Hopkinton,Massachusetts,Middlesex County,,42.25901598084828,-71.50097068861113,693790.41,4606.41,,
4bcd5f60-1988-4e6f-85cf-42f07ef410f2,1968-11-13,,999-95-1254,S99928291,X64563307X,Mr.,Ray930,Towne435,,,M,black,nonhispanic,M,Agawam  Massachusetts  US,373 Runolfsdottir Hollow,Chicopee,Massachusetts,Hampden County,,42.19184036957914,-72.53184589118524,1118871.73,4540.0,,
e2b60e66-561d-482f-a1bb-4593867c0f4d,1954-01-06,,999-91-7684,S99989452,X7306781X,Mr.,Les282,Bosco882,,,S,white,nonhispanic,M,Fall River  Massachusetts  US,354 Morissette Arcade Apt 8,Springfield,Massachusetts,Hampden County,1118,42.08359961433165,-72.61310033174883,1426786.04,22168.03,,
a3638f09-84fc-4d47-9157-82546f1f7a33,1967-12-11,,999-39-8042,S99996628,X24305266X,Mr.,Rosendo998,Kulas532,,,M,white,hispanic,M,Framingham  Massachusetts  US,847 Sawayn Union Apt 77,Springfield,Massachusetts,Hampden County,1118,42.09856778125991,-72.55729390145733,1094084.37,8592.319999999998,,
b4d250d0-09f9-42dd-83ed-81fda8680ef5,1937-03-10,2017-05-02,999-84-9917,S99946516,X62933350X,Mrs.,Torri758,Beier427,,Halvorson124,M,white,nonhispanic,F,Nahant  Massachusetts  US,531 Von Trafficway,Raynham,Massachusetts,Bristol County,,41.89246391011786,-71.07870580802147,1371105.29,16792.37,,
828b1c46-0bed-4814-977d-9e9fcf1dbd7b,1951-11-23,,999-20-8284,S99983483,X28001588X,Mr.,Morris740,Tillman293,,,M,asian,nonhispanic,M,Clinton  Massachusetts  US,1046 Greenholt Parade,Maynard,Massachusetts,Middlesex County,,42.38088680141296,-71.42620198109348,1425021.12,9425.639999999998,,
44d866ad-4eeb-4dc5-be4f-a6aaefd8a624,1937-03-10,,999-11-7466,S99950215,X60251114X,Ms.,Devona405,Rowe323,,,S,white,nonhispanic,F,Revere  Massachusetts  US,208 Schultz Forge,Raynham,Massachusetts,Bristol County,,41.96113035624984,-71.0488379291746,1480592.51,20557.83,,
5807cc34-5d81-41a8-b44e-e2c7307937d9,1993-11-13,,999-69-2320,S99997675,X44385728X,Ms.,Tameika522,Beatty507,,,,white,hispanic,F,Ashland  Massachusetts  US,866 Torphy Rapid Unit 80,Northbridge,Massachusetts,Worcester County,,42.14555800816475,-71.63439978584353,599163.89,5071.199999999999,,
47e2355d-1fc2-4322-a67b-bccad49ac20e,1956-05-11,,999-28-3930,S99982383,X89953684X,Mrs.,Billi682,Mayer370,,Johnson679,M,white,nonhispanic,F,Chelsea  Massachusetts  US,473 Marks Corner Apt 12,Fall River,Massachusetts,Bristol County,2747,41.724378120056,-71.18129512787074,1360230.06,21046.15,,
4608629f-5f16-4e2c-b1f4-bfc16c7b15c0,1927-10-16,2013-09-22,999-30-4774,S99961312,X14586475X,Mr.,Daniel959,Agosto501,,,S,white,hispanic,M,Gaudalajara  Jalisco  MX,825 Skiles Row Apt 55,Fall River,Massachusetts,Bristol County,2724,41.7551374441882,-71.08324201721864,331510.59,8628.57,,
ba448a34-28a0-49d0-98ac-ec86de20fc1e,1964-10-11,,999-57-3343,S99924974,X69362007X,Mr.,Zachariah133,Sawayn19,,,S,white,nonhispanic,M,North Attleborough  Massachusetts  US,148 Von Lock Unit 86,Millville,Massachusetts,Worcester County,,42.04132395140122,-71.53809657782527,1450859.96,9761.64,,
33903074-b388-4ada-bb5b-54beeedde0b4,1984-07-21,,999-73-6814,S99965773,X66267312X,Mrs.,Kellie778,Monahan736,,Kertzmann286,M,black,nonhispanic,F,Ipswich  Massachusetts  US,467 Gutmann View Unit 22,Holliston,Massachusetts,Middlesex County,,42.19790873744344,-71.46635183096888,848785.73,10424.839999999998,,
21ebc47f-5bdb-4f3b-a533-bd05c99e26a7,1927-10-16,1994-03-23,999-57-8832,S99921433,X53457779X,Mr.,Enrique929,Cortés936,,,M,white,hispanic,M,Buenos Aires  Ciudad de Buenos Aires  AR,863 Beer Row Apt 23,Fall River,Massachusetts,Bristol County,2790,41.7032410804262,-71.18013554309705,210582.01,27146.63,,
43e6c279-fb9c-43fd-851c-4f7562110ca5,1994-08-10,,999-83-5317,S99953528,X69220297X,Mr.,Linwood526,Smith67,,,,white,nonhispanic,M,Montague  Massachusetts  US,767 Hessel Crossing Suite 23,Ashland,Massachusetts,Middlesex County,,42.220571955511545,-71.50934002939832,561144.71,4969.11,,
b73dd2ae-e087-4927-9846-0ca88cca744a,1987-09-11,,999-71-6855,S99953757,X85327051X,Mrs.,Mitzi535,Rice937,,Smith67,M,asian,nonhispanic,F,Chelmsford  Massachusetts  US,459 Rolfson Parade,Natick,Massachusetts,Middlesex County,,42.307650796187176,-71.39551332001822,781022.2000000001,7239.909999999999,,
fab256f7-2f6d-42e5-92dd-6f751e9ce3bc,1983-11-04,,999-34-4280,S99971945,X72570947X,Mrs.,Justin359,Ziemann98,,Fisher429,M,white,nonhispanic,F,Dedham  Massachusetts  US,494 Gutmann Green,Norton,Massachusetts,Bristol County,,41.963529060636816,-71.15535061681557,862524.63,9060.169999999998,,
ad24ad2d-d6fa-4c39-8358-01e591a2ddd9,1978-08-03,,999-79-9590,S99928407,X34399825X,Mr.,Jerrold404,Padberg411,,,M,white,nonhispanic,M,Boston  Massachusetts  US,657 Eichmann Rapid,Natick,Massachusetts,Middlesex County,,42.28086111885474,-71.34750597014096,883958.4500000001,5347.759999999999,,
c5c1a950-3faa-4f46-849d-75b36c55be90,1993-05-12,,999-82-6901,S99992239,X46530501X,Ms.,Charlsie105,Rogahn59,,,S,white,nonhispanic,F,Quincy  Massachusetts  US,851 Hintz Wynd Apt 79,Natick,Massachusetts,Middlesex County,,42.29743695205416,-71.38174195720076,65701.92,2503.31,,
e3dec008-b36d-4626-b7c5-23f2cd0c2d0e,1927-10-16,2020-03-21,999-32-8982,S99968076,X24970657X,Mr.,Lorenzo669,Adame662,,,M,white,hispanic,M,San Jose  San Jose  CR,674 Romaguera Brook Suite 42,Fall River,Massachusetts,Bristol County,2790,41.69208923836044,-71.07645196316025,369368.47,9744.84,,
7771367c-385b-43af-bcf2-061b8dd06df1,1971-09-04,,999-12-5955,S99958803,X49976671X,Mr.,Osvaldo336,Gerlach374,,,M,white,nonhispanic,M,Boston  Massachusetts  US,978 Block View Apt 26,Northbridge,Massachusetts,Worcester County,,42.11810171521805,-71.69918524249735,73265.76,354.9599999999999,,
9e215dee-895f-43b4-8f6c-9c05fd14122f,2000-03-09,,999-12-6661,S99935207,X81088989X,Mr.,Percy315,Cruickshank494,,,,black,nonhispanic,M,Nahant  Massachusetts  US,242 Miller Frontage road Apt 77,Framingham,Massachusetts,Middlesex County,1702,42.294553560555606,-71.47568789235382,463689.69,3228.08,,
b9887bd2-c2d8-4ab6-91b4-c2a671a61320,1956-11-11,2013-05-31,999-23-1120,S99945753,X18553907X,Mrs.,Fallon874,Stroman228,,Rau926,M,white,nonhispanic,F,Boston  Massachusetts  US,469 Feest Junction Suite 58,New Bedford,Massachusetts,Bristol County,2748,41.67585936842752,-71.04579807839347,1297176.51,13043.909999999998,,
ae5e5d8b-9312-47eb-b66d-39118e7984d0,2006-08-25,,999-45-1979,,,,Harry448,Windler79,,,,white,nonhispanic,M,Boston  Massachusetts  US,1072 Conn Bay,Longmeadow,Massachusetts,Hampden County,,42.07168774118772,-72.55411943999715,281519.12,3136.48,,
019ad204-db16-4d35-b2ae-b50f8fb1a4b5,1968-12-27,,999-41-4173,S99930717,X13206158X,Mr.,Asa127,Cassin499,,,S,white,nonhispanic,M,Ashland  Massachusetts  US,1073 Osinski Orchard,Fall River,Massachusetts,Bristol County,2720,41.64348798505819,-71.17971533457592,1378020.06,5145.44,,
9cbfced7-d53d-427a-989b-190eba8667ae,1927-10-16,2000-04-02,999-16-7061,S99944295,X53459231X,Mr.,Ramón841,Toro760,,,M,white,hispanic,M,Tegucigalpa  Francisco Morazán  HN,983 Pfannerstill Trafficway Apt 11,Fall River,Massachusetts,Bristol County,,41.631003735583896,-71.18259219622162,248353.4,9148.03,,
7846bc04-1e50-4621-807e-13e413e9c6d7,1974-07-19,,999-23-9736,S99913586,X48232511X,Mrs.,Lakeshia836,Rohan584,,Yost751,M,black,nonhispanic,F,Boston  Massachusetts  US,568 Cruickshank Light,Chicopee,Massachusetts,Hampden County,1022,42.16522140242264,-72.52908167476022,147972.98,16225.36,,
b427cbd6-c40b-4ed7-a468-64ead299454a,1956-11-11,,999-36-1438,S99946964,X26961219X,Mrs.,Ermelinda113,Gerlach374,,Auer97,M,white,nonhispanic,F,Springfield  Massachusetts  US,1027 Dooley Road,New Bedford,Massachusetts,Bristol County,2748,41.61605627680749,-70.96341542699616,1604116.85,6463.429999999999,,
71dea8bf-1c6a-48d9-8db2-e71894fa1147,1996-05-08,,999-24-1245,S99970643,X88816654X,Ms.,Carey440,Lindgren255,,,,white,nonhispanic,F,Fitchburg  Massachusetts  US,754 Gusikowski Ferry Unit 27,Natick,Massachusetts,Middlesex County,,42.32514679927294,-71.38985911836707,583242.96,3797.2,,
96cde50f-563d-4ff7-8ab4-912aa0c5d806,1987-03-07,,999-36-3077,S99923899,X15558647X,Mr.,Jimmy858,Parker433,,,M,white,nonhispanic,M,Mattapoisett  Massachusetts  US,776 Stroman Trail Unit 28,Fall River,Massachusetts,Bristol County,2724,41.77025166093407,-71.13548792484583,765201.25,4174.639999999999,,
5d4d7ff7-2e09-44ac-b0dd-36e8d045082d,1990-02-23,1999-06-25,999-13-5140,,,,Cletus494,Mante251,,,,white,nonhispanic,M,Swampscott  Massachusetts  US,512 Hirthe Rue Unit 44,Lancaster,Massachusetts,Worcester County,,42.49728556679408,-71.64115116836602,215411.0,1301.5199999999998,,
277dceb0-f0d4-488a-9b41-b5ac5e15f817,1990-02-23,,999-85-8984,S99969297,X16467924X,Mr.,Korey682,Macejkovic424,,,M,white,nonhispanic,M,Boston  Massachusetts  US,787 Ratke Pathway Apt 78,Lancaster,Massachusetts,Worcester County,,42.525115653098894,-71.65418664260598,656827.49,3287.16,,
f6fce8af-2b55-4aa3-b6db-6d03cc6def12,1927-10-16,,999-48-8066,S99930944,X45016341X,Mr.,Rodrigo242,Carrillo204,,,M,white,hispanic,M,Lima  Lima Province  PE,317 Mann Gate,Fall River,Massachusetts,Bristol County,2747,41.75135149989424,-71.15507650591839,370187.14,15574.919999999998,,
f386698d-cd57-45c7-9702-fd8596d3c20a,1948-11-24,2011-12-21,999-71-4164,S99911560,X15722958X,Mrs.,Shemika942,Koelpin146,,Powlowski563,M,black,nonhispanic,F,Andover  Massachusetts  US,206 Leannon Rue,Springfield,Massachusetts,Hampden County,1109,42.10468066379441,-72.52846267563727,1307512.09,15646.46,,
86611812-4b1a-472d-8635-aaf3c0ecdf1b,1994-08-06,,999-81-1473,S99912510,X2806085X,Mr.,Hugh686,Reichel38,,,,white,nonhispanic,M,Stow  Massachusetts  US,456 Schamberger Stravenue Unit 80,Bridgewater,Massachusetts,Plymouth County,,41.93948119036897,-71.00208551547892,591509.1,3184.72,,
adb8dce4-6a16-4ef4-9cf8-9df5a9fcfd8f,2002-02-20,,999-41-3243,S99998267,,Mr.,Josh874,Goyette777,,,,white,nonhispanic,M,Chicopee  Massachusetts  US,536 Friesen Center,Fall River,Massachusetts,Bristol County,2721,41.64058011526881,-71.13390128810396,58706.92,13450.63,,
db297901-f86a-4a18-858b-543f5e435e9b,2004-05-09,,999-78-8733,S99958290,,,Catrina144,Rodriguez71,,,,white,nonhispanic,F,Hopkinton  Massachusetts  US,750 McKenzie Highlands Apt 12,Wilbraham,Massachusetts,Hampden County,,42.10919561048884,-72.44561149863699,353403.39,6345.199999999999,,
9483c22e-0a50-49ea-a755-4cd2a6c4f53c,1948-11-24,,999-74-2223,S99947431,X48918037X,Mrs.,Colby655,Haley279,,Wilkinson796,M,black,nonhispanic,F,Sterling  Massachusetts  US,400 Stracke Loaf,Springfield,Massachusetts,Hampden County,1109,42.08058102202619,-72.62052163552855,1631552.84,11748.999999999998,,
02d33b53-1387-4980-8217-2bf6cf05e520,1937-05-22,2020-03-23,999-90-5828,S99983697,X68108906X,Mr.,Tod265,Purdy2,,,M,black,nonhispanic,M,Holyoke  Massachusetts  US,120 Blick Path Suite 87,Hampden,Massachusetts,Hampden County,,42.05637326085873,-72.45572762531705,1483720.05,36930.07,,
fcc09c46-5b4f-4424-930c-c5ff1061285c,1976-06-14,,999-25-4795,S99919240,X80101880X,Mrs.,Laurence43,Gleason633,,Daugherty69,M,white,nonhispanic,F,Yarmouth  Massachusetts  US,1069 Goyette Ville Unit 98,Hopedale,Massachusetts,Worcester County,1747,42.10290021505599,-71.53410057444077,137180.68,6374.11,,
d02f89b2-59a3-4a87-8493-5e35959e3b40,1991-07-21,,999-39-3737,S99932091,X6482936X,Mrs.,Theo630,Kutch271,,Douglas31,M,white,nonhispanic,F,Woburn  Massachusetts  US,947 Howe Path Apt 21,Chicopee,Massachusetts,Hampden County,,42.129232540859554,-72.56176090309117,617857.3200000001,20777.48,,
a43ebc7c-7040-4df7-9807-239ec600b2d4,2015-10-29,,999-97-1086,,,,Sheron583,Thiel172,,,,white,nonhispanic,F,Boston  Massachusetts  US,902 Konopelski Mews Unit 44,Holliston,Massachusetts,Middlesex County,,42.17633827061629,-71.43494993020315,110657.59,2064.04,,
319cb915-4dc5-4687-b82c-22bf2a6666f0,1964-02-11,1977-12-20,999-21-4524,,,,Douglass930,Dare640,,,,white,nonhispanic,M,Hadley  Massachusetts  US,454 Streich Drive,Mendon,Massachusetts,Worcester County,,42.06225919336637,-71.58527513524818,303402.37,3216.11,,
04552123-f155-4888-a851-a7a69a4834ef,1964-02-11,,999-47-7774,S99974450,X85312358X,Mr.,Emmitt44,Rogahn59,,,M,white,nonhispanic,M,Boston  Massachusetts  US,753 Heathcote Passage,Mendon,Massachusetts,Worcester County,,42.09116799918451,-71.57736194505033,1221413.04,4781.4,,
107e54fa-d549-4659-b240-36db48b5fe2a,1946-01-05,,999-20-9912,S99968031,X13853625X,Ms.,Grisel924,Kuhlman484,,,S,white,nonhispanic,F,Brockton  Massachusetts  US,598 Kreiger Underpass Suite 41,Framingham,Massachusetts,Middlesex County,1702,42.36001198567851,-71.41061803529935,1525600.17,20620.67,,
2d1c3ade-02cf-4075-ab3f-dced399ab39e,1966-07-27,,999-30-9829,S99992598,X84377643X,Mrs.,Chantal971,Upton904,,Osinski784,M,black,hispanic,F,Gloucester  Massachusetts  US,500 Hamill Skyway Unit 85,Springfield,Massachusetts,Hampden County,1119,42.076512711889976,-72.58643882986114,1190976.11,17765.17,,
e7208726-aecf-4e30-bf03-5e2aa9543706,1970-11-27,,999-24-2960,S99924778,X72272655X,Mr.,Alan320,Skiles927,,,M,white,nonhispanic,M,Medfield  Massachusetts  US,948 Russel Underpass Apt 45,Wellesley,Massachusetts,Norfolk County,,42.27780718880091,-71.28794510190951,1251291.64,4509.599999999999,,
5ee49bbb-5314-4133-9189-a4704b157540,1990-11-24,,999-76-5116,S99949645,X56454301X,Mrs.,Kayce253,Roob72,,Stiedemann542,M,white,nonhispanic,F,Lawrence  Massachusetts  US,291 Kiehn Viaduct,Bridgewater,Massachusetts,Plymouth County,,41.94308040372341,-70.98093463844192,99601.12,40492.31999999999,,
0f328414-f46d-4e42-ac4b-54a178897b07,1955-08-21,,999-60-6974,S99915572,X67119916X,Mrs.,Paris331,Beatty507,,Hammes673,M,white,hispanic,F,Easton  Massachusetts  US,997 Howell Mill,Chicopee,Massachusetts,Hampden County,,42.12809116274959,-72.58015472195237,1434419.13,14660.319999999998,,
26e746e7-5dc3-4a76-8bb2-874a4ea35973,1953-07-17,,999-57-2521,S99920749,X24010633X,Mr.,Kermit56,Carter549,,,M,white,nonhispanic,M,Webster  Massachusetts  US,119 Cartwright Lane,New Bedford,Massachusetts,Bristol County,2748,41.64671401742724,-70.91868140019477,217638.36,27138.44,,
7c97172c-8659-4f43-8b0a-a00e6ae6006e,1977-01-27,,999-54-6098,S99915736,X62416173X,Mr.,Saul605,Hand679,,,S,white,nonhispanic,M,Middleborough  Massachusetts  US,803 Mayer View Apt 77,Medway,Massachusetts,Norfolk County,,42.16567871822993,-71.41108356084877,888449.81,3202.12,,
15b3ee94-1147-49ce-b187-38c5eaabee71,1997-01-02,,999-53-9436,S99911064,X81203902X,Ms.,Sonia106,Moen819,,,,white,nonhispanic,F,Boston  Massachusetts  US,345 O'Connell Fort Suite 27,Chicopee,Massachusetts,Hampden County,1022,42.18613337181005,-72.56516632306823,75899.7,15155.819999999998,,
8f93c7f6-d19d-40a1-b5da-cbf931005473,2016-04-03,,999-88-7845,,,,Tran115,Champlin946,,,,white,nonhispanic,F,Pembroke  Massachusetts  US,830 Harvey Meadow,Holliston,Massachusetts,Middlesex County,,42.19787675836645,-71.41365329794962,85160.0,1777.4,,
f8afe2b5-49fd-42c6-81dc-553bc6d9cfeb,1989-02-10,,999-74-6618,S99935321,X65981548X,Mrs.,Gregory545,Lehner980,,Anderson154,M,white,nonhispanic,F,Watertown  Massachusetts  US,756 Zboncak Loaf,Mansfield,Massachusetts,Bristol County,,42.03186618376305,-71.1678779578876,671078.7,6085.239999999999,,
21130462-1018-456a-938b-af5254251d34,1997-10-30,,999-84-1232,S99958751,X67467031X,Ms.,Rosa195,Mondragón635,,,,white,hispanic,F,Santo Domingo  National District  DO,263 Moore Crossing Apt 65,Agawam,Massachusetts,Hampden County,1001,42.05990200693936,-72.58443825495416,456087.8,4966.199999999999,,
d1a44876-4de4-458f-8dbe-6e6af6cfec81,1955-05-30,,999-63-7655,S99977279,X43891122X,Mrs.,Zulema784,Effertz744,,Homenick806,M,white,nonhispanic,F,Holbrook  Massachusetts  US,743 Shanahan Well,Millis,Massachusetts,Norfolk County,,42.19217743671405,-71.35338951885156,1342864.44,10488.14,,
f49d89e3-39c1-4436-bb4f-9d4a0ed829ea,1949-08-20,2015-04-25,999-85-6441,S99993276,X38549333X,Mr.,Horacio317,Jáquez824,,,M,white,hispanic,M,Mexico City  Mexico City  MX,783 Koelpin Union Apt 43,Boxborough,Massachusetts,Middlesex County,,42.48335360844318,-71.50677256527477,1353313.6,6240.73,,
e735cf41-27b5-44a4-b0d6-96bc3ffc8b8c,1964-04-05,,999-59-6398,S99969469,X20012118X,Mrs.,Constance642,O'Reilly797,,Veum823,M,white,nonhispanic,F,Lynnfield  Massachusetts  US,636 Prohaska Annex Unit 16,Wayland,Massachusetts,Middlesex County,,42.36864196923284,-71.38296762437172,39257.78,5008.199999999999,,
1d873028-9658-498a-8d89-c3f54ec0f33c,1949-08-20,,999-10-5714,S99944576,X69990979X,Mr.,Luis923,Vera718,,,S,white,hispanic,M,Panama City  Panama  PA,934 Bosco Trail Suite 5,Boxborough,Massachusetts,Middlesex County,,42.50995918913394,-71.49078764789947,1673088.86,11778.12,,
d6d71871-e9b6-4b9b-a553-b2656faf06c9,2003-05-27,,999-15-7882,S99992380,,,Joel444,Kovacek682,,,,white,nonhispanic,M,New Bedford  Massachusetts  US,815 Paucek Divide Unit 47,Upton,Massachusetts,Worcester County,,42.20012067550321,-71.59682542533808,348888.55,2920.6,,
1aefeeb0-791c-4f7c-833f-b19dee5b1423,2001-02-22,2005-12-29,999-40-4809,,,,Pierre431,Parker433,,,,white,nonhispanic,M,Haverhill  Massachusetts  US,590 Beer Frontage road,Millis,Massachusetts,Norfolk County,,42.17720574736544,-71.36216931556345,105758.03,884.88,,
5f16cbde-0ecb-452e-8636-c734bd0cafea,2001-02-22,,999-74-5450,S99943765,,Mr.,Chuck784,Douglas31,,,,white,nonhispanic,M,Plymouth  Massachusetts  US,413 DuBuque Glen,Millis,Massachusetts,Norfolk County,,42.21306573869755,-71.35168852879183,397920.71,4788.679999999999,,
58af101b-bd6d-40fe-b39a-fe75ab3e5350,1950-04-04,,999-55-6977,S99982194,X18626953X,Mrs.,Marta91,Crist667,,Crooks415,M,white,nonhispanic,F,Haverhill  Massachusetts  US,798 Altenwerth Course Suite 34,Taunton,Massachusetts,Bristol County,2767,41.95029268801538,-71.00282794479578,1389549.63,18488.13,,
0c649a31-2aa7-4b47-babc-250aff290aa2,1961-10-31,,999-21-1640,S99995235,X14185334X,Mrs.,Lois157,Wehner319,,Purdy2,M,white,nonhispanic,F,Peabody  Massachusetts  US,133 Gleason Approach Apt 54,Natick,Massachusetts,Middlesex County,,42.26198261000499,-71.34684042792983,1258568.61,9526.85,,
00431bef-4be7-4a41-bd42-7eca1803b797,1997-05-11,,999-70-2765,S99987407,X83538521X,Mr.,Vance413,Ullrich385,,,,white,hispanic,M,Somerset  Massachusetts  US,799 Yundt Heights Apt 51,Shirley,Massachusetts,Middlesex County,1464,42.55216874234916,-71.63021004628123,585305.06,3278.92,,
522b8452-7c79-494d-bd7a-71258d73c2e7,1991-03-06,,999-52-3056,S99928542,X1993340X,Ms.,Madalyn472,Grady603,,,S,white,nonhispanic,F,Salem  Massachusetts  US,947 Rice Track Unit 28,Natick,Massachusetts,Middlesex County,,42.30062309985549,-71.36538464264632,641071.56,16522.629999999997,,
a974dbe2-5c8c-4ca3-a049-5e3c52515630,1980-10-02,,999-57-1262,S99947838,X10673506X,Mrs.,Margot418,Dare640,,Terry864,M,white,nonhispanic,F,Lynn  Massachusetts  US,888 MacGyver Fork,New Bedford,Massachusetts,Bristol County,2748,41.64438223319797,-70.94580618143381,919678.05,6773.77,,
ebe387ed-c7cc-4840-a9b8-37690ed91016,1983-12-27,,999-34-2174,S99977582,X42769325X,Mr.,Quincy153,O'Kon634,,,M,black,nonhispanic,M,Waltham  Massachusetts  US,756 Heidenreich Camp,Milford,Massachusetts,Worcester County,1757,42.12104539282298,-71.48181370548933,748141.54,2710.52,,
1c452644-6767-43e5-a0ce-242b0e47ccd6,1942-08-11,2015-02-26,999-66-8103,S99955930,X25639435X,Mr.,Sammy219,Fisher429,,,M,white,nonhispanic,M,Fitchburg  Massachusetts  US,192 Berge Highlands Apt 70,Norton,Massachusetts,Bristol County,,41.943144900584855,-71.1450240416359,1440934.43,21959.23,,
dbda1273-bb91-469a-8451-8b918bf658b6,1994-12-12,,999-14-8318,S99932690,X85333329X,Ms.,Rufina863,Mertz280,,,,white,nonhispanic,F,Springfield  Massachusetts  US,847 Marquardt Overpass Suite 99,Medway,Massachusetts,Norfolk County,,42.12420247927925,-71.47024157122969,578022.64,8270.66,,
274495a5-d041-42fd-90c4-6f6dcf1c3231,1970-10-10,,999-43-9117,S99929802,X39850314X,Mr.,Willy639,Beatty507,,,M,white,nonhispanic,M,Milton  Massachusetts  US,277 Cartwright Orchard,Dighton,Massachusetts,Bristol County,,41.815562318637085,-71.14413850703747,1018602.24,3331.28,,
337fe980-1c7c-4dc5-8db3-7b502c6eaa0e,1954-02-17,,999-98-9379,S99961741,X81101821X,Mr.,Kareem959,McLaughlin530,,,M,white,nonhispanic,M,Fall River  Massachusetts  US,175 Langosh Bridge,Framingham,Massachusetts,Middlesex County,1702,42.32426071701203,-71.43751618713874,1494260.64,6463.56,,
cfc01429-3b59-4fa4-854b-e59055543f39,1953-04-19,,999-29-1886,S99982526,X33633377X,Ms.,Billi682,Weimann465,,,S,white,nonhispanic,F,Chelsea  Massachusetts  US,883 Cruickshank Divide,Natick,Massachusetts,Middlesex County,,42.28762446927978,-71.38611562114615,1594071.61,8815.039999999999,,
4c84e9fe-d413-4f13-bf92-caa8e1790783,1968-10-15,2017-01-17,999-35-5740,S99916589,X55156133X,Mr.,Harris789,Larkin917,,,M,white,nonhispanic,M,Marshfield  Massachusetts  US,990 Jerde Stravenue Apt 51,Framingham,Massachusetts,Middlesex County,1701,42.23483917784778,-71.39552200792744,1290218.26,4313.0,,
a1de8e0e-3fc4-4d20-852f-e6e269e6cc17,1996-03-25,,999-41-8435,S99999361,X12765930X,Ms.,Pam996,Howell947,,,,white,nonhispanic,F,Medford  Massachusetts  US,834 McClure Alley Suite 61,Blackstone,Massachusetts,Worcester County,,42.08041126290622,-71.57793565800291,564207.66,7960.879999999998,,
329ea490-5dad-4cd2-af03-cc4e7d642a25,1968-10-15,,999-80-2270,S99920563,X44823029X,Mr.,Williams176,Rempel203,,,M,white,nonhispanic,M,Malden  Massachusetts  US,752 Kautzer Heights Unit 66,Framingham,Massachusetts,Middlesex County,,42.287468338438366,-71.47571793541387,1188342.5,8901.559999999998,,
2ebe7298-4b2d-4a72-8aa6-9ac6960ca343,1951-09-06,2017-03-30,999-80-5479,S99933473,X83602993X,Mr.,Kyle55,Mitchell808,,,M,white,nonhispanic,M,Groton  Massachusetts  US,870 Ferry Forge Suite 65,Springfield,Massachusetts,Hampden County,1106,42.07751916822164,-72.63115728153608,1336906.69,5562.719999999999,,
d89b1adf-6093-4677-bba3-b24b6b258f2a,1966-07-31,,999-32-7633,S99928204,X22230722X,Mr.,Lance203,Kovacek682,,,M,white,hispanic,M,Salisbury  Massachusetts  US,441 Ratke Branch,Berkley,Massachusetts,Bristol County,,41.81000324041312,-71.12453598461677,1171205.96,13776.33,,
5806abee-4a2a-4ccc-b155-f6a7068a5778,1967-11-09,,999-73-8138,S99976928,X18062025X,Mr.,Antione404,Jaskolski867,,,M,asian,nonhispanic,M,Macau  Macao Special Administrative Region of the People's Republic of China  CN,163 Champlin Branch,Concord,Massachusetts,Middlesex County,,42.46149036126808,-71.37734619182837,1140195.66,4120.4,,
c5e76a31-0661-4144-a4a3-eb8a8730c669,1951-09-06,2015-07-02,999-84-5352,S99962599,X88604371X,Mr.,Ivory697,Gibson10,,,S,white,nonhispanic,M,North Andover  Massachusetts  US,131 Wolff Row,Springfield,Massachusetts,Hampden County,1151,42.15018582271536,-72.54611224445267,1638234.79,9046.68,,
2915ffcd-c94b-4476-8b9e-71722977337f,1985-07-11,,999-65-8233,S99919173,X31144069X,Mrs.,Caitlyn56,Keebler762,,Greenfelder433,M,white,nonhispanic,F,Foxborough  Massachusetts  US,922 Walter Byway,Berkley,Massachusetts,Bristol County,,41.856414754356734,-71.12291254324342,848686.97,5953.179999999999,,
7fd56c9d-aa72-4b09-bf6e-0c8f92c4e5b1,1935-07-01,,999-21-7716,S99916789,X14069099X,Mr.,Jorge Luis88,León820,,,M,white,hispanic,M,Tegucigalpa  Francisco Morazán  HN,858 Greenfelder Flat,Shrewsbury,Massachusetts,Worcester County,,42.24445549262581,-71.7448605423017,1575904.9500000002,22123.12,,
18402e0a-68cd-4416-99d5-9afe8bfc41ed,1955-04-08,2020-03-09,999-65-8761,S99999607,X86977669X,Mr.,Del587,Cormier289,,,M,white,nonhispanic,M,Somerville  Massachusetts  US,384 Gislason Port,Clinton,Massachusetts,Worcester County,1510,42.37797640917852,-71.71458951061958,1786880.86,5145.44,,
bc123b69-a5bf-4db0-9a6f-f2f6db65fc7e,1951-09-06,,999-64-1725,S99930597,X52108051X,Mr.,Christopher407,Koch169,,,M,white,nonhispanic,M,Revere  Massachusetts  US,505 Ziemann Trace Suite 39,Springfield,Massachusetts,Hampden County,,42.08301505867732,-72.51156770256439,1344742.62,5271.12,,
ac79cbc1-3a29-4def-b4e6-465bf4ace768,1998-01-03,,999-83-9883,S99916817,X82992916X,Mr.,Mariano761,Hickle134,,,,white,nonhispanic,M,Malden  Massachusetts  US,448 Tillman Junction,Dedham,Massachusetts,Norfolk County,2026,42.25165789904373,-71.21607754930017,486525.96,3303.88,,
19b89b56-f9de-41eb-8ea3-954802673a15,2013-02-09,,999-68-3487,,,,Truman805,Hirthe744,,,,white,nonhispanic,M,Ware  Massachusetts  US,1099 Lindgren Fork,Taunton,Massachusetts,Bristol County,2780,41.8674530870497,-71.00664081399152,158678.95,2229.04,,
b7333bf0-5087-4e55-8e97-94f7103b4ea1,1959-12-15,,999-17-9607,S99964878,X11671081X,Ms.,Zada604,Orn563,,,S,white,nonhispanic,F,Springfield  Massachusetts  US,638 Gottlieb Way,Bellingham,Massachusetts,Norfolk County,,42.041930335651465,-71.50836197071125,1258601.99,7086.759999999999,,
a5d4a8a4-3a15-45c1-ac36-ea8d72de732c,1990-10-25,,999-55-2932,S99939793,X29232705X,Mrs.,Claudie965,Rice937,,Waters156,M,white,nonhispanic,F,Danvers  Massachusetts  US,1045 Gibson Ferry,Framingham,Massachusetts,Middlesex County,1701,42.3197076135419,-71.4592611056805,678224.64,4399.599999999999,,
723723c7-7645-4e1d-a6f9-69ca70baf8ab,1945-05-04,,999-57-5490,S99950803,X84222530X,Mr.,Dewayne363,Hilpert278,,,M,white,nonhispanic,M,Ludlow  Massachusetts  US,708 Stoltenberg Bypass Unit 3,Northbridge,Massachusetts,Worcester County,,42.15292162220906,-71.63688676142371,1679281.67,11548.93,,
e2369a55-0ede-4a0e-b365-c61ec2654fd4,1966-12-01,,999-58-2807,S99938799,X9411434X,Ms.,Lauri399,Abbott774,,,S,white,nonhispanic,F,Uxbridge  Massachusetts  US,988 Jacobs Avenue,Springfield,Massachusetts,Hampden County,1013,42.09303400732098,-72.45210204295216,1293917.09,10496.97,,
b0302013-1417-43e2-84b0-2d86d96a8ba9,1986-12-24,,999-55-6438,S99916857,X88088513X,Mr.,Colby655,Flatley871,,,M,white,nonhispanic,M,Wareham  Massachusetts  US,208 Runte Corner,Milford,Massachusetts,Worcester County,,42.19877055519427,-71.5260354814308,772335.17,4599.599999999999,,
4f364003-1ff4-4cf6-883b-7c183e36fd87,1992-08-20,,999-14-6413,S99988079,X34533527X,Mrs.,Myra819,Rempel203,,Rippin620,M,white,nonhispanic,F,Warren  Massachusetts  US,890 Boyle Wynd Unit 98,Fall River,Massachusetts,Bristol County,2723,41.67980053960078,-71.13880265185094,614145.68,4904.56,,
8dfbfbdc-69dd-4046-868e-c33be64be5ad,1955-08-26,,999-60-7237,S99958227,X75124616X,Ms.,Charita800,DuBuque211,,,S,white,nonhispanic,F,Bellingham  Massachusetts  US,704 Harris Divide Apt 89,Weston,Massachusetts,Middlesex County,,42.34422010890457,-71.35071404777317,52890.44,3319.6799999999994,,
924feebb-0c56-4527-8885-3cd08a6d8ae3,1956-05-24,,999-29-8825,S99974362,X24074786X,Mr.,Kendrick479,Moore224,,,M,white,nonhispanic,M,Newton  Massachusetts  US,1043 Wyman Vale,Raynham,Massachusetts,Bristol County,,41.91643257784111,-71.04908804015675,200788.85,11458.63,,
6efe1b74-d657-432f-8f8b-cd38b30130e6,1960-08-09,,999-55-2059,S99989155,X22246412X,Mr.,Tobias236,Shanahan202,,,M,white,nonhispanic,M,Wenham  Massachusetts  US,956 Emmerich Park,Swansea,Massachusetts,Bristol County,,41.714369584668674,-71.16713952846308,1446356.46,6105.28,,
78d00a9b-cdd3-4bd1-a143-7f52419a0661,1943-04-22,2020-03-20,999-15-9737,S99992309,X12100113X,Ms.,Ola364,Skiles927,,,S,white,nonhispanic,F,Leominster  Massachusetts  US,931 Koelpin Arcade,Upton,Massachusetts,Worcester County,1568,42.14941101713203,-71.64529961067119,1327686.89,22901.16,,
7b99af17-c014-4ace-af11-c543de159ebb,1943-04-22,,999-28-2523,S99936514,X1596386X,Mrs.,Jammie261,Hartmann983,,Langworth352,M,white,nonhispanic,F,Woburn  Massachusetts  US,1082 McLaughlin Skyway Apt 31,Upton,Massachusetts,Worcester County,,42.20725173866498,-71.6011259927486,1514669.9,11304.759999999998,,
56a22b46-011b-41fc-bf94-13fa9021ef5a,1990-09-17,,999-32-7592,S99923833,X42489756X,Mr.,Brice635,Gorczany269,,,M,white,nonhispanic,M,Wakefield  Massachusetts  US,328 Davis Branch,Littleton,Massachusetts,Middlesex County,,42.51261176481577,-71.47249208628811,698199.64,8197.519999999999,,
592b2049-d5a4-4418-bcce-28372639f054,1940-02-25,2010-04-15,999-89-5666,S99983026,X27529716X,Mr.,Pierre431,Wiza601,,,S,black,nonhispanic,M,Gardner  Massachusetts  US,528 Kunde Course,Bellingham,Massachusetts,Norfolk County,2019,42.03337063966427,-71.47461494047288,1589606.06,12189.759999999998,,
3df32649-693d-46ba-aa8c-a6ecaa77338c,1980-09-13,,999-25-3236,S99914453,X31973748X,Mr.,Eldridge510,Hills818,,,S,white,nonhispanic,M,Essex  Massachusetts  US,598 Douglas Brook Unit 84,Bellingham,Massachusetts,Norfolk County,2019,42.07057039529318,-71.48712096082293,820571.25,4167.92,,
88130d05-8285-419a-b85e-b2dcb25c4e7c,1940-02-25,1994-05-08,999-15-2601,S99989665,X3828938X,Mr.,Thad495,Leannon79,,,M,black,nonhispanic,M,Franklin  Massachusetts  US,634 Shields Promenade Suite 47,Bellingham,Massachusetts,Norfolk County,2019,42.05754019766181,-71.47201604196096,1115364.49,3293.72,,
c8a01737-6064-42c9-88e6-5e87321bce47,1940-02-25,2019-09-11,999-82-4507,S99976905,X52839150X,Mr.,Kyle55,Langosh790,,,S,black,nonhispanic,M,Boston  Massachusetts  US,157 Greenholt Divide Suite 14,Bellingham,Massachusetts,Norfolk County,,42.029457837770174,-71.49786416198384,1769870.29,9210.54,,
5e0a49f5-fb18-4b3c-a4f1-d1af436e9503,1953-07-07,2011-01-31,999-69-8750,S99995070,X20109043X,Ms.,Violeta106,Spencer878,,,S,white,nonhispanic,F,Lynn  Massachusetts  US,610 Franecki Ramp Suite 69,Shirley,Massachusetts,Middlesex County,,42.57917385633888,-71.63394881636532,179721.44,8115.079999999999,,
20a3767b-d7f9-4681-b4d2-b8fca1633afb,1961-08-03,,999-85-2819,S99932190,X61704806X,Mrs.,Micaela928,Rubio813,,Cepeda588,M,white,hispanic,F,Port-au-Prince  Haiti  HT,591 Ratke Pathway,Natick,Massachusetts,Middlesex County,,42.24687853994566,-71.36007115331,1271911.44,24146.79,,
23673251-1473-4f35-83f0-b83421fadf67,1940-02-25,,999-18-7939,S99942399,X87976086X,Mr.,Ollie731,Bernier607,,,M,black,nonhispanic,M,Palmer  Massachusetts  US,183 Sauer Frontage road,Bellingham,Massachusetts,Norfolk County,,42.10376740051635,-71.52424638620458,1407967.7100000002,20791.93,,
357c5614-c207-4bb9-921a-d9c657e995e7,1953-07-07,2015-12-28,999-99-1961,S99981522,X5138231X,Mrs.,Willia886,Tromp100,,Nikolaus26,M,white,nonhispanic,F,Shutesbury  Massachusetts  US,210 Heathcote Common,Shirley,Massachusetts,Middlesex County,,42.5877283320816,-71.59904056953249,200124.0,21373.81,,
321eada5-1508-40cb-be05-b068297ee61a,1984-06-22,,999-70-2190,S99945263,X49784900X,Mrs.,Stephani232,Schulist381,,Crooks415,M,white,nonhispanic,F,Maynard  Massachusetts  US,425 Adams Skyway,Framingham,Massachusetts,Middlesex County,1702,42.25824286364232,-71.43033715156038,115538.84,11758.63,,
20910626-4f19-4823-abd1-83a8eb1664b6,1965-08-20,,999-33-3407,S99916793,X80775213X,Mrs.,Maggie320,Balistreri607,,Schuppe920,M,white,nonhispanic,F,Melrose  Massachusetts  US,285 Mertz Lock,Taunton,Massachusetts,Bristol County,,41.91097663502418,-70.99394097129297,863419.96,25499.509999999995,,
9d449723-5d4f-4206-8567-1060aa628965,1997-11-29,,999-68-4003,S99915737,X13313222X,Ms.,Naomi520,Bruen238,,,,white,nonhispanic,F,Millbury  Massachusetts  US,105 Jerde Heights,East Longmeadow,Massachusetts,Hampden County,,42.0375425665093,-72.54664040126006,464951.83,3725.48,,
30e58407-d5b9-4701-a4c9-42b2586731f1,1953-07-07,,999-69-9110,S99954624,X86759541X,Mrs.,Arianna984,Mayer370,,Spinka232,M,white,nonhispanic,F,Boston  Massachusetts  US,794 Nikolaus Branch,Shirley,Massachusetts,Middlesex County,1464,42.57269449893749,-71.59581090955633,216703.2,12626.36,,
cc81dc0a-0dd0-47ae-8e98-3d92bd06eb5a,1963-12-24,,999-89-2626,S99962502,X689865X,Mr.,Andre610,Runte676,,,M,white,nonhispanic,M,Barnstable  Massachusetts  US,925 Christiansen Gateway Suite 1,Ludlow,Massachusetts,Hampden County,,42.21303680063144,-72.46082280703581,1217391.86,6183.48,,
1001f5dd-dff3-4b3c-88a5-a213181c4471,1984-05-27,,999-28-1365,S99958688,X39507919X,Mrs.,Louella862,Hilpert278,,Keebler762,M,black,nonhispanic,F,Malden  Massachusetts  US,139 Bins Arcade,Pepperell,Massachusetts,Middlesex County,,42.63317229474606,-71.5791990543683,709395.86,8678.119999999997,,
3af1f1db-089c-47b2-8a4d-e588b760b964,1950-04-04,,999-55-1357,S99910006,X45831143X,Mrs.,Maryellen651,Roberts511,,Rosenbaum794,M,white,nonhispanic,F,Northampton  Massachusetts  US,660 Murray Club Unit 7,New Bedford,Massachusetts,Bristol County,2748,41.6320968265795,-71.0253848782936,1423088.98,11782.879999999996,,
b7c11dbb-d339-4bf6-b33d-e68ca663b3dd,2016-08-19,,999-22-2739,,,,Robbie31,Jacobson885,,,,white,nonhispanic,F,Truro  Massachusetts  US,878 Wunsch Burg,Framingham,Massachusetts,Middlesex County,,42.366426527912246,-71.44206089246339,96660.0,1619.08,,
a4a1a124-492f-45e9-99de-59445d5846a1,2016-06-28,,999-22-7465,,,,Lashon823,Herzog843,,,,white,nonhispanic,F,Lynn  Massachusetts  US,999 Tremblay Heights Apt 12,Stow,Massachusetts,Middlesex County,,42.46955977524996,-71.54612283522654,86864.12,1828.71,,
1c122578-707a-4f72-b526-73a181a25532,2003-09-12,,999-15-5860,S99953826,,,Dwain139,Herman763,,,,white,nonhispanic,M,Attleboro  Massachusetts  US,823 Mraz Esplanade,Swansea,Massachusetts,Bristol County,,41.71196874440034,-71.16732012042013,343322.02,3049.76,,
5c9edf76-37db-4700-8ecf-018a74719af6,1941-07-13,2020-03-13,999-51-2479,S99997699,X23638443X,Mrs.,Sheba703,Lockman863,,Crist667,M,white,nonhispanic,F,Wellesley  Massachusetts  US,872 Mraz Skyway,Acton,Massachusetts,Middlesex County,,42.46091969637276,-71.39382801202727,1624201.9300000002,17526.17,,
dd6dbb36-291e-4793-85ff-5cb2a820df30,1966-12-08,,999-62-1275,S99950472,X22916514X,Mr.,Rickey821,Lindgren255,,,M,white,nonhispanic,M,Natick  Massachusetts  US,792 Heathcote Mission,Ludlow,Massachusetts,Hampden County,,42.15483982528315,-72.50533643700436,1225493.78,4897.009999999999,,
19e2c80c-ea6a-4365-9eae-533e840d1a6f,1982-01-01,,999-28-6815,S99989693,X51290596X,Mr.,Jimmie93,Kreiger457,,,M,white,nonhispanic,M,Boston  Massachusetts  US,144 Shanahan Light,Fall River,Massachusetts,Bristol County,,41.71533360381231,-71.12940294988628,6381.81,0.0,,
a47c6bb1-1198-4fcc-8e37-1ca4306181dc,1977-07-03,,999-14-8381,S99976872,X86113460X,Mr.,Everett935,Kihn564,,,M,asian,nonhispanic,M,Reading  Massachusetts  US,279 Gorczany Dale,Agawam,Massachusetts,Hampden County,1001,42.10417549377394,-72.61182091668593,1035043.59,3468.84,,
3cf508be-ea4a-48aa-8e9f-d449d0586ba7,2010-03-21,,999-86-5457,,,,Rhona164,Berge125,,,,black,nonhispanic,F,Taunton  Massachusetts  US,315 Schroeder Well Suite 82,Uxbridge,Massachusetts,Worcester County,,42.108509751822,-71.68752667091164,223986.48,2995.64,,
0cfda443-54da-4cc1-8e9b-bd1d9355bf62,1941-07-13,,999-97-7836,S99988631,X29473011X,Mrs.,Lakesha141,Jakubowski832,,Lehner980,M,white,nonhispanic,F,Fall River  Massachusetts  US,992 Kunde Light,Acton,Massachusetts,Middlesex County,,42.477573215736285,-71.45364690805641,1629835.74,13829.45,,
150462a2-d53e-4f69-a96d-541a5f9997d6,1953-07-04,2017-07-20,999-85-3422,S99991617,X19151622X,Mrs.,Shamika26,Vandervort697,,Purdy2,M,white,nonhispanic,F,Lancaster  Massachusetts  US,888 Davis Flat,Franklin,Massachusetts,Norfolk County,,42.04422551494279,-71.44328619552036,1643973.08,9319.88,,
56dd1349-0708-46fb-8d34-3a1edb4f2ae9,1953-07-04,,999-49-7805,S99972840,X75687682X,Mrs.,Adrian111,Schumm995,,Murray856,M,white,nonhispanic,F,New Braintree  Massachusetts  US,1070 Hackett Wynd Suite 72,Franklin,Massachusetts,Norfolk County,2038,42.10551828302344,-71.41532274566177,1450576.42,13438.719999999998,,
3484a121-762b-4d9a-bc37-376a610997ef,1959-12-28,,999-27-5933,S99935627,X4872987X,Mr.,Roberto515,Schmidt332,,,M,white,nonhispanic,M,Boston  Massachusetts  US,498 Lueilwitz Junction,Bridgewater,Massachusetts,Plymouth County,,41.95837169859131,-71.01133417244714,1317413.62,15675.12,,
75e8a274-97ae-4d8a-a679-148ebc6293d1,1938-12-07,,999-78-4863,S99977027,X20191141X,Mr.,Donn979,Gorczany269,,,M,white,hispanic,M,Granby  Massachusetts  US,127 Beier Avenue Apt 96,Natick,Massachusetts,Middlesex County,,42.25107283458337,-71.38633061776363,1697321.63,15668.95,,
b7555c91-362b-4ac0-ac2c-a8ec357ca8f0,1984-07-24,,999-26-9470,S99915072,X12748900X,Mrs.,Randa356,Daniel959,,Jenkins714,M,white,nonhispanic,F,Gardner  Massachusetts  US,449 Runolfsdottir Crossing,Acton,Massachusetts,Middlesex County,,42.4942141452656,-71.47325414664441,789005.59,12109.089999999998,,
0d59f625-f2a9-4f63-b74c-4ce84800553b,1968-08-05,,999-65-7975,S99939752,X23968050X,Ms.,Dawna21,Christiansen251,,,S,white,nonhispanic,F,Lawrence  Massachusetts  US,728 Baumbach Key Unit 20,Fall River,Massachusetts,Bristol County,2790,41.617811246718674,-71.05867506846461,1106164.38,8268.599999999999,,
3cb71453-b83c-4534-b1dd-9381c6d78e9c,1934-11-05,1982-01-09,999-43-2815,S99962353,X17253402X,Mrs.,Hillary281,Schmitt836,,Parisian75,M,white,nonhispanic,F,Dracut  Massachusetts  US,939 Johnston Port Apt 73,Southborough,Massachusetts,Worcester County,,42.33822596904017,-71.48385596333843,1129146.78,9148.499999999998,,
f9076a87-2fc4-4d3d-a033-497346f40ee1,1964-06-01,,999-80-1803,S99918350,X19818042X,Ms.,Rema399,Champlin946,,,S,white,nonhispanic,F,New Bedford  Massachusetts  US,329 Schaefer Wall Apt 79,Springfield,Massachusetts,Hampden County,1106,42.065462972331936,-72.5319479077128,75121.72,4051.33,,
01045e40-2fa5-4eb6-88f9-6943c88e5f7b,1996-03-22,,999-22-3700,S99915512,X80034068X,Ms.,Kassie598,Hamill307,,,,asian,nonhispanic,F,Dennis  Massachusetts  US,897 Eichmann Crossroad,Framingham,Massachusetts,Middlesex County,,42.30907024760975,-71.47106939052105,616900.39,4090.52,,
c0649361-21a4-4676-a845-1808b83ed180,2004-01-19,,999-40-4245,S99952951,,,Jeffrey461,Bosco882,,,,white,nonhispanic,F,Fall River  Massachusetts  US,651 Olson Bypass Apt 69,Natick,Massachusetts,Middlesex County,,42.311124999450406,-71.34073663751848,397273.48,3158.12,,
6e4583cd-c2bb-4111-a959-d65ea7e9a84a,1934-11-05,2019-12-28,999-27-4188,S99957522,X76984392X,Ms.,Dung738,Blick895,,,S,white,nonhispanic,F,Framingham  Massachusetts  US,984 Rutherford Center Unit 6,Southborough,Massachusetts,Worcester County,,42.26940204750046,-71.50625598882263,1470235.59,35591.509999999995,,
97fd853b-2eee-4238-95ea-b6746c395a8a,1960-06-12,,999-27-5812,S99947515,X13711572X,Mr.,Darell496,Mraz590,,,S,white,nonhispanic,M,Tyngsborough  Massachusetts  US,895 Schmidt Viaduct Unit 88,Dunstable,Massachusetts,Middlesex County,,42.71275153031412,-71.54431550336365,1300682.14,4948.81,,
0c7da216-6c32-4bb8-a1de-cd95e4ebb645,1978-01-22,,999-23-8411,S99976633,X29810495X,Mrs.,Robbie31,Schuster709,,Johns824,M,asian,nonhispanic,F,Macau  Macao Special Administrative Region of the People's Republic of China  CN,151 Lowe Spur Suite 90,Grafton,Massachusetts,Worcester County,,42.16097153503284,-71.65513419969984,923902.54,9450.009999999998,,
eccc0aa9-a160-4e27-a795-a843d84a775f,1996-05-07,,999-15-5355,S99972610,X17706350X,Ms.,Jenelle653,Cartwright189,,,,white,nonhispanic,F,Webster  Massachusetts  US,650 Kulas Trace Suite 9,Granby,Massachusetts,Hampshire County,1033,42.230622502063646,-72.45861612442847,496209.59,3745.48,,
4e84ec66-f7b0-4d2e-9eb6-dc49480529c8,1981-12-26,,999-11-9858,S99922726,X75113090X,Mrs.,Lavern240,Parisian75,,Lakin515,M,asian,nonhispanic,F,Chongqing  Chongqing Municipality  CN,532 VonRueden Estate Apt 14,Blackstone,Massachusetts,Worcester County,,42.05544145640902,-71.52896539666446,744820.56,11400.249999999998,,
58d6a817-5749-404f-8ba3-2a587d4b20ab,1962-03-06,2018-02-22,999-30-8810,S99981648,X5679636X,Mrs.,Renata373,Corkery305,,Rodriguez71,M,white,nonhispanic,F,Boston  Massachusetts  US,738 Davis Mill,Springfield,Massachusetts,Hampden County,1129,42.16357649467511,-72.50953698334955,149582.25,65860.20000000001,,
f8af9869-952d-4e92-a686-b15ee6188964,2006-07-18,,999-20-1853,,,,Hertha832,Bashirian201,,,,white,nonhispanic,F,New Bedford  Massachusetts  US,814 Mayert Drive,Fall River,Massachusetts,Bristol County,,41.70968376763935,-71.12144143905643,302875.34,3166.48,,
e16ae0c4-0e27-4c1b-9f4b-78bf83d344fa,1980-07-12,2016-03-12,999-75-2391,S99912289,X68084583X,Mr.,Taylor21,Ziemann98,,,M,white,nonhispanic,M,Westford  Massachusetts  US,684 Stokes Union Apt 78,Sudbury,Massachusetts,Middlesex County,,42.402628349635066,-71.4221060560898,737346.79,3503.8,,
a7af07a7-387b-4d19-bce1-3a91fb6a8938,1916-06-18,2002-02-10,999-50-8868,S99952467,X74309188X,Mr.,Lauren941,Bartell116,,,S,black,nonhispanic,M,Hingham  Massachusetts  US,673 Ferry Meadow Apt 40,Dedham,Massachusetts,Norfolk County,,42.29579173482095,-71.21534963983784,1887028.81,396114.8899999996,,
578619cb-7f49-45ab-9837-40557100e9e5,2010-01-09,,999-88-3972,,,,Izetta651,Boehm581,,,,white,nonhispanic,F,Boston  Massachusetts  US,254 Greenholt Spur Unit 54,Holliston,Massachusetts,Middlesex County,,42.24371426332991,-71.4281319902821,250761.68,3031.48,,
4b3123ec-f10d-43d2-9412-b2b2548eedbc,1966-04-01,,999-15-7664,S99992263,X59795968X,Mrs.,Marlin805,Sawayn19,,Hane680,M,white,nonhispanic,F,New Bedford  Massachusetts  US,530 Moen Neck,Grafton,Massachusetts,Worcester County,,42.21789325370708,-71.64913180219679,1205680.79,8527.019999999999,,
3ad90ecb-85d9-4887-b6da-26ee55b171da,1947-03-11,,999-55-7941,S99926660,X89023425X,Mr.,Martín25,Terrazas956,,,S,white,hispanic,M,Guatemala City  Guatemala  GT,427 Hahn Trail,Taunton,Massachusetts,Bristol County,2780,41.88493804674862,-71.03219114997455,1756084.77,5546.24,,
6205050c-660b-4aa2-a992-4b39d449b97e,1942-03-14,2020-03-16,999-62-2704,S99974690,X83053801X,Mr.,Herbert830,Brekke496,,,M,white,nonhispanic,M,Pepperell  Massachusetts  US,118 Rowe Estate Apt 86,Pepperell,Massachusetts,Middlesex County,1463,42.63983512419577,-71.64459282457088,1614323.6900000002,69409.45999999999,,
686b37bb-e740-4b7e-8e7a-8b78ebef2751,1939-12-12,,999-94-4609,S99941541,X88044915X,Mr.,Courtney281,Quigley282,,,M,white,nonhispanic,M,Lynnfield  Massachusetts  US,930 Reynolds Ramp,Holliston,Massachusetts,Middlesex County,,42.15216543994603,-71.46821175642694,1700857.89,14602.23,,
241a231c-756a-46b4-8087-d52a89463cb6,1916-06-18,1984-08-25,999-42-9157,S99946247,X44299345X,Mr.,Cesar434,Bartell116,,,M,black,nonhispanic,M,Marlborough  Massachusetts  US,526 Gutkowski Neck,Dedham,Massachusetts,Norfolk County,,42.21441946286034,-71.17133440482526,1504936.21,261488.76000000004,,
76e50f4a-7a1d-42e4-88a4-77f0a283ca4d,1976-01-05,,999-52-4973,S99945667,X82124154X,Mrs.,Keena534,Lesch175,,Treutel973,M,white,nonhispanic,F,Billerica  Massachusetts  US,556 Casper Bridge Suite 76,Fall River,Massachusetts,Bristol County,2790,41.68002304544972,-71.07273939515511,141770.96,10287.009999999998,,
00f0a868-a8a6-4cf5-9ef0-504edca1befb,1985-04-06,,999-72-2329,S99976308,X28778539X,Mr.,Wade235,Harvey63,,,M,white,nonhispanic,M,Boston  Massachusetts  US,489 Becker Tunnel,New Bedford,Massachusetts,Bristol County,,41.61507399783833,-70.9985347778929,115142.19,28337.86,,
dbceccbe-b91b-4c46-a457-8b5fc8b3593c,1942-03-14,,999-27-2380,S99934342,X25122971X,Mr.,Bobbie849,Bins636,,,M,white,nonhispanic,M,Taunton  Massachusetts  US,148 Smitham Mission,Pepperell,Massachusetts,Middlesex County,1463,42.65131291311023,-71.60359740242389,1686606.16,50466.23,,
9823ad72-fdfc-4409-9152-144d0b6d1e30,1953-03-30,,999-66-5695,S99918640,X76700391X,Mr.,Neville893,Durgan499,,,M,white,nonhispanic,M,Sharon  Massachusetts  US,740 Gorczany Center,Springfield,Massachusetts,Hampden County,1151,42.080654774255336,-72.56013102896166,1517271.17,9823.45,,
7b41338d-5b8f-4caf-9a8a-518341382673,1916-06-18,1991-08-28,999-70-9102,S99956061,X13120177X,Mr.,Jefferson174,Lubowitz58,,,M,black,nonhispanic,M,Somerville  Massachusetts  US,922 Mosciski Mall,Dedham,Massachusetts,Norfolk County,2090,42.244011101290326,-71.18992492021646,1847373.62,334226.8000000001,,
5129f329-6efb-4f02-9519-ad0c278327fb,2005-07-16,,999-55-4934,,,,Hung902,Kozey370,,,,white,nonhispanic,M,Belchertown  Massachusetts  US,350 Gutkowski Heights,Freetown,Massachusetts,Bristol County,,41.72967435076542,-71.02973314407164,305188.57,2927.32,,
2d650230-d9e7-4874-ac1c-73e77ca6e5cc,1972-04-11,,999-46-4942,S99970186,X24079597X,Ms.,Jeanice469,Shields502,,,S,black,nonhispanic,F,Worcester  Massachusetts  US,840 Pacocha Highlands Apt 62,Franklin,Massachusetts,Norfolk County,,42.10436063029599,-71.38197174169137,1064940.52,11731.919999999998,,
3158d198-ff85-4dd8-b8b0-681e6928f3a2,1970-08-29,,999-84-5780,S99947465,X1921137X,Mr.,Shayne60,Zemlak964,,,S,white,nonhispanic,M,Freetown  Massachusetts  US,1066 Kirlin Neck,Dartmouth,Massachusetts,Bristol County,,41.615569304966186,-70.93323826989217,1257667.55,5132.04,,
c85550b0-c84b-4285-b12a-40ba4fbc2981,1982-10-23,,999-40-7192,S99944778,X40599767X,Mr.,Scottie437,Miller503,,,M,white,nonhispanic,M,Canton  Massachusetts  US,342 Hahn Camp,Hampden,Massachusetts,Hampden County,,42.11616764314867,-72.43591393870655,953421.69,3827.16,,
c067e179-f897-4fd5-beca-8f8b8ce76a5e,1985-04-13,,999-34-3249,S99975436,X81191296X,Mr.,Junior695,Schiller186,,,M,white,nonhispanic,M,Boylston  Massachusetts  US,170 Jones Ferry,Groton,Massachusetts,Middlesex County,,42.59628882261632,-71.53874974695569,871861.86,9699.92,,
8674f023-5836-425f-af2c-9d030f71264c,1961-03-26,,999-95-6865,S99918552,X84010051X,Mrs.,Gerry91,Dach178,,Senger904,M,white,nonhispanic,F,Rome  Lazio  IT,661 Cummings Dam Apt 69,Ayer,Massachusetts,Middlesex County,,42.55307671434336,-71.54165245223592,1212587.86,6863.609999999999,,
72520034-e98e-4178-b88e-8763ac78c179,1965-12-25,,999-64-2876,S99929999,X59263099X,Mrs.,Jacqulyn231,Jacobs452,,Kuphal363,M,white,nonhispanic,F,Springfield  Massachusetts  US,487 Lesch Annex,New Bedford,Massachusetts,Bristol County,2746,41.724729347132325,-70.95212352437493,181327.25,45112.85,,
211cf3e7-c4a3-4e59-aa67-0a20e906fbff,2019-07-12,,999-99-6952,,,,Karl184,Stark857,,,,white,nonhispanic,F,Barnstable  Massachusetts  US,799 Schroeder Lock Unit 68,Framingham,Massachusetts,Middlesex County,1701,42.299576639307226,-71.40653761126481,19278.32,654.9599999999999,,
61ef5e8b-5c21-4403-bb99-516d9fe3da7b,1993-01-31,,999-27-7906,S99989050,X60078644X,Mr.,Gerard367,Dietrich576,,,M,white,nonhispanic,M,Marlborough  Massachusetts  US,1092 Lueilwitz Skyway,Milford,Massachusetts,Worcester County,1757,42.11467209423115,-71.53159575243073,598240.07,6795.079999999998,,
df48d3b3-4ae9-46e9-bac3-cef2c8952d74,1994-10-16,,999-20-2079,S99925152,X75450439X,Ms.,Wai719,Zemlak964,,,,white,nonhispanic,F,Peabody  Massachusetts  US,545 Reichel Well Unit 84,New Bedford,Massachusetts,Bristol County,,41.70044484471353,-70.97429728523156,80805.03,6440.16,,
91d7a7ad-4f86-4fed-9919-0b92e9859d7a,1948-07-23,,999-13-7481,S99941373,X56442398X,Mr.,Miles206,Keeling57,,,S,white,nonhispanic,M,Oakham  Massachusetts  US,318 Harvey Drive,Framingham,Massachusetts,Middlesex County,1702,42.32032083832022,-71.42971450394433,1671308.27,14290.97,,
30dac151-db97-4150-9915-cde1c469f717,1970-07-01,,999-59-5648,S99927511,X40961651X,Mr.,Alden634,Considine820,,,M,asian,nonhispanic,M,Hong Kong  Hong Kong Special Administrative Region  CN,612 Nolan Hollow Apt 95,Natick,Massachusetts,Middlesex County,,42.2955681963916,-71.38344529285968,1272773.11,6787.759999999999,,
1a3f95ea-feb5-4302-8ce4-249c592c2064,2009-02-26,,999-47-4332,,,,Jim478,MacGyver246,,,,white,nonhispanic,M,Boston  Massachusetts  US,768 Dicki Crossing Suite 82,Franklin,Massachusetts,Norfolk County,2038,42.11634522714758,-71.3885730719891,297926.37,2583.2,,
e6fbfc4f-18b1-4297-a68e-91dcede27d8f,1969-02-20,,999-32-4605,S99913068,X46738500X,Mr.,Rocco842,Mitchell808,,,M,white,nonhispanic,M,Foxborough  Massachusetts  US,665 Von Terrace,Fall River,Massachusetts,Bristol County,2721,41.65359429396589,-71.02800546956345,157884.9,5358.84,,
e3cae8ee-0df0-4c6a-92da-26db537031e3,1938-02-22,,999-42-7044,S99994194,X52881967X,Mr.,Santos184,Boyle917,,,M,white,hispanic,M,Salem  Massachusetts  US,465 Runolfsdottir Rue Unit 98,Springfield,Massachusetts,Hampden County,1104,42.05116921935694,-72.5672184530451,311917.97,19215.75,,
e4270b7b-d4c9-490e-aea4-c437c77d118d,1993-11-26,,999-22-9023,S99971220,X65474271X,Ms.,Priscilla527,Rath779,,,,white,nonhispanic,F,Hinsdale  Massachusetts  US,258 Reilly Orchard,New Bedford,Massachusetts,Bristol County,2746,41.60175980489154,-70.92012448309876,548515.17,3030.52,,
c87a7544-438d-4d04-a787-f55be79f6c68,2011-04-08,,999-57-5547,,,,Markus389,Schamberger479,,,,white,nonhispanic,M,Fairhaven  Massachusetts  US,655 Pollich Stravenue Unit 12,Norton,Massachusetts,Bristol County,,41.9798535607013,-71.13356790276629,198495.33,2713.04,,
0b2bc906-fe02-45b7-a154-a33f687b53c6,1962-01-12,,999-94-7831,S99971147,X45688283X,Mr.,Danial835,Casper496,,,M,white,hispanic,M,Duxbury  Massachusetts  US,727 King Mall Unit 87,Blackstone,Massachusetts,Worcester County,,42.04658792761548,-71.55112488757084,1336713.74,5454.48,,
dfd07692-6332-4943-825a-6bd26d0db4fa,2008-12-03,,999-32-3295,,,,Cary869,Harber290,,,,asian,nonhispanic,M,Boston  Massachusetts  US,1074 Hartmann Alley,Pepperell,Massachusetts,Middlesex County,1463,42.69986555466403,-71.63003519338031,34625.31,2721.52,,
471d7632-fd39-451f-843d-9bbea0b1137c,1967-03-02,,999-36-2747,S99923465,X52393452X,Mr.,Landon622,Daugherty69,,,M,white,nonhispanic,M,Malden  Massachusetts  US,621 Donnelly Trailer Apt 26,Worcester,Massachusetts,Worcester County,1603,42.26429149914115,-71.7627351899498,1413156.97,3683.88,,
37d65708-c16f-411a-a706-e03447ed3205,1955-01-11,,999-21-1878,S99976406,X52559126X,Mr.,Alexander630,Schultz619,,,M,white,nonhispanic,M,Boston  Massachusetts  US,166 Beatty Passage,Franklin,Massachusetts,Norfolk County,2038,42.13388271026523,-71.4063443705003,1494879.57,9717.36,,
50ad7c9d-76f5-439a-953b-e7e2937b5486,2018-04-12,,999-91-4047,,,,Edwardo860,Johns824,,,,white,nonhispanic,M,Ware  Massachusetts  US,289 Sauer Gardens Unit 65,Grafton,Massachusetts,Worcester County,,42.198791684163744,-71.64294982929701,18201.38,645.8,,
0051bcde-de63-4bbc-9d32-a20dae549c22,1910-05-28,1951-10-06,999-99-6697,S99999805,X80212315X,Mr.,Lanny564,Pacocha935,,,M,white,nonhispanic,M,Lowell  Massachusetts  US,415 Herzog Corner,Dennis,Massachusetts,Barnstable County,2638,41.72385153381569,-70.24610084806159,1062301.82,4287.92,,
b5bae17a-ac72-4810-bce2-b4bd0f6b2822,1968-08-28,,999-45-6288,S99961450,X59760828X,Mr.,Bennie663,Langosh790,,,S,white,nonhispanic,M,Lawrence  Massachusetts  US,471 Wiegand Walk Apt 65,Dighton,Massachusetts,Bristol County,,41.84990750061427,-71.191078678897,162716.94,15961.69,,
f0625478-9000-45ed-be9b-bf329e8ba6d1,2006-11-04,,999-90-6866,,,,Annett908,Boyer713,,,,black,nonhispanic,F,Shrewsbury  Massachusetts  US,380 Mante Branch Unit 70,Natick,Massachusetts,Middlesex County,,42.27445431998402,-71.39612665255717,327669.84,4317.2,,
a81b0fba-b9e9-4886-8c73-1a4731ed2a45,1910-05-28,1986-05-27,999-49-7001,S99921320,X89846473X,Mr.,Otha286,Emard19,,,M,white,nonhispanic,M,Hancock  Massachusetts  US,176 Weissnat Parade Suite 71,Dennis,Massachusetts,Barnstable County,,41.66321420738601,-70.13997316180496,1385566.82,74503.85000000002,,
c3251142-56f9-4557-9c34-16e2012755ac,1987-04-12,,999-70-3622,S99922683,X16506620X,Mrs.,Marisa391,Goodwin327,,Barton704,M,asian,nonhispanic,F,Sudbury  Massachusetts  US,476 Hilpert Course,Pepperell,Massachusetts,Middlesex County,,42.68345175086744,-71.63951117784462,740605.38,7493.339999999998,,
76ebcea4-1a0a-453d-a704-686706c7b8da,1999-03-25,2018-05-14,999-27-2851,S99920165,,Mr.,Moises22,Stokes453,,,,white,nonhispanic,M,Townsend  Massachusetts  US,965 Hansen Bypass Apt 94,Framingham,Massachusetts,Middlesex County,1702,42.349239247333216,-71.3941872086265,507743.84,2662.32,,
7c428a2b-1709-4a30-902e-14431e742b6f,1999-03-25,,999-48-2373,S99911652,X77546367X,Mr.,Miguel815,Spinka232,,,,white,nonhispanic,M,Billerica  Massachusetts  US,225 Dach Trafficway,Framingham,Massachusetts,Middlesex County,,42.26827071939904,-71.38759032469504,465869.58,7853.319999999999,,
801c39c2-1180-4914-b2e5-0d079a60610f,1982-01-20,,999-20-7152,S99962769,X64869660X,Mrs.,Ima629,Monahan736,,Price929,M,white,nonhispanic,F,Framingham  Massachusetts  US,662 Nicolas Ramp Unit 26,New Bedford,Massachusetts,Bristol County,2745,41.57702544743864,-70.97453300426788,122043.52,4154.24,,
dea8dbe9-31f4-4341-9658-4e6baa5eb9f3,1957-01-14,,999-84-4937,S99935955,X47964515X,Mr.,Dario75,Deckow585,,,M,white,nonhispanic,M,Quincy  Massachusetts  US,418 Kohler Fort,Framingham,Massachusetts,Middlesex County,1702,42.28151558951739,-71.44431095374034,200640.97,15572.41,,
de9c85ee-ce7f-48b1-8d9c-a59d9e4c1a61,2001-11-15,,999-58-8285,S99923987,,Mr.,Lonny638,D'Amore443,,,,black,nonhispanic,M,Harvard  Massachusetts  US,779 Raynor Mall,Littleton,Massachusetts,Middlesex County,,42.54491626121086,-71.46627904905198,381028.72,2889.76,,
3b773401-f5ed-4f01-a12e-51a8f43dad5e,2007-01-15,,999-38-1186,,,,Karima879,Swift555,,,,white,nonhispanic,F,Methuen  Massachusetts  US,748 Dietrich Fork,Northbridge,Massachusetts,Worcester County,,42.124356563166295,-71.61919594334948,13511.0,0.0,,
8cee1349-a06f-44e9-b588-07757cb43768,1910-05-28,1991-12-16,999-46-5580,S99974788,X60032080X,Mr.,Leonardo412,Daugherty69,,,M,white,nonhispanic,M,Boston  Massachusetts  US,661 Quitzon Loaf Suite 96,Dennis,Massachusetts,Barnstable County,2638,41.75257569463414,-70.18448618910837,1460836.38,6437.639999999999,,
906086a9-a104-492e-bfee-d3c635572522,1988-01-07,,999-75-7266,S99971660,X66498734X,Mr.,Rosendo998,Beatty507,,,S,white,nonhispanic,M,Grafton  Massachusetts  US,443 Zieme Byway,Ashland,Massachusetts,Middlesex County,,42.23445566730178,-71.45397392472661,708603.46,6786.719999999998,,
0b9bc7e2-4c04-42b1-a2e1-de35b1980ac1,1938-09-03,2014-05-17,999-19-4525,S99959756,X78776996X,Mr.,Loren192,Wolff180,,,M,black,nonhispanic,M,Templeton  Massachusetts  US,699 Littel Vale Suite 87,Stow,Massachusetts,Middlesex County,,42.47866291657042,-71.52249459284899,1482537.76,150167.14999999997,,
cd85ebd4-54af-468d-84fb-78b6c135c94d,1973-03-23,,999-71-7351,S99913843,X66497043X,Mrs.,Matha641,Watsica258,,Armstrong51,M,white,nonhispanic,F,Barnstable  Massachusetts  US,826 Orn Club Apt 35,Milford,Massachusetts,Worcester County,1757,42.12273969062221,-71.50959133441185,1011552.39,13873.13,,
a0ab35dc-a81a-48b0-bebf-fab1c6965e6b,1958-07-12,,999-12-1171,S99967813,X39429532X,Mr.,Efren426,Zulauf375,,,M,white,nonhispanic,M,Boston  Massachusetts  US,261 Zieme Trail Suite 81,Grafton,Massachusetts,Worcester County,,42.164393043932535,-71.6893604596367,1491542.19,6131.099999999999,,
37f694b4-9f77-4a5e-8a88-2442594f03d5,1986-04-02,,999-51-7954,S99978736,X53074760X,Mr.,Milan77,Turner526,,,M,white,nonhispanic,M,Fall River  Massachusetts  US,182 Blanda Mall,New Bedford,Massachusetts,Bristol County,2740,41.62424026674597,-70.95225343055164,111199.31,29248.71,,
fa1f0db7-c032-4aa3-8f97-4b6c803b69bc,1944-09-04,,999-68-9974,S99999457,X74117893X,Mr.,Terrence276,Witting912,,,M,white,nonhispanic,M,Boston  Massachusetts  US,551 Stracke Glen,Ayer,Massachusetts,Middlesex County,1432,42.539313571006,-71.62135526641353,1619621.08,14566.13,,
c2c0f5f7-a448-4423-a707-743e0ef2fd81,1973-02-12,,999-16-4958,S99985303,X11707554X,Mrs.,Deidra675,O'Conner199,,Cruickshank494,M,white,nonhispanic,F,Lawrence  Massachusetts  US,667 Bechtelar Road,Groton,Massachusetts,Middlesex County,1450,42.65012543991852,-71.60371530075308,1117633.88,9772.8,,
48577496-6c80-497d-9fea-273e23f05ce7,2019-12-07,,999-87-2685,,,,Genie948,Crona259,,,,white,nonhispanic,F,Arlington  Massachusetts  US,312 Dach Well,Fall River,Massachusetts,Bristol County,2720,41.64307583825757,-71.1827538594212,1560.0,585.8,,
5113e51b-8403-4613-95f9-5ab2c10c14eb,1910-05-28,1990-12-16,999-13-5317,S99942869,X65051918X,Mr.,Millard193,Deckow585,,,M,white,nonhispanic,M,Springfield  Massachusetts  US,275 Howe Stravenue,Dennis,Massachusetts,Barnstable County,2638,41.72622567164442,-70.1435630134453,1611908.7300000002,108310.27999999996,,
2fb839ce-f7cc-4e0a-9b77-b4a6cc809bca,2008-04-13,,999-34-6926,,,,Ann985,Schiller186,,,,white,nonhispanic,F,Newton  Massachusetts  US,826 Wiegand Ville Unit 95,Hopkinton,Massachusetts,Middlesex County,1748,42.22348020119947,-71.56772535863044,248698.53,3007.32,,
c32e8467-16f6-4fe6-baf3-e7e5e995678a,1958-10-13,,999-92-3606,S99998468,X80424087X,Mrs.,Daniell603,Harber290,,McCullough561,M,asian,nonhispanic,F,Hanoi  Hà Đông  VN,765 Dicki Manor Unit 94,Dighton,Massachusetts,Bristol County,,41.863295017406976,-71.19684958550015,1361941.39,12304.07,,
ac88b1ec-7b6a-4598-bbe4-36ca3696bfe6,1991-05-19,,999-11-9585,S99916401,X72688780X,Ms.,Susannah249,Schoen8,,,S,white,nonhispanic,F,Marlborough  Massachusetts  US,302 Kessler Ramp,Springfield,Massachusetts,Hampden County,1108,42.19700943730155,-72.5226291417407,617980.27,15335.92,,
1391560d-6fe7-4bbf-95e9-c01312340fad,1992-09-07,2009-03-25,999-47-6566,S99976595,,,Shayla126,Treutel973,,,,white,nonhispanic,F,Andover  Massachusetts  US,684 Steuber Parade Unit 63,New Bedford,Massachusetts,Bristol County,2744,41.615329438907175,-70.96858869610219,388201.11,2706.37,,
39974897-bd4d-4705-a3ce-3ad655edbc8e,1992-09-07,,999-56-7732,S99978179,X79244170X,Mrs.,Libby988,Oberbrunner298,,Strosin214,M,white,nonhispanic,F,Quincy  Massachusetts  US,880 Effertz Fort,New Bedford,Massachusetts,Bristol County,2748,41.62843647305076,-70.92306453474836,482959.37,3095.45,,
e7b8b015-6fa3-4eda-ac67-0cdb041d98ff,1979-12-27,,999-57-8446,S99952963,X8390212X,Mrs.,Carlota980,Jacobson885,,Collins926,M,white,nonhispanic,F,Fall River  Massachusetts  US,842 Lynch Esplanade,Taunton,Massachusetts,Bristol County,2780,41.90297035886522,-71.08901582435288,840309.38,12383.17,,
1b525c8d-e3e7-48c0-bf12-209adf8389c2,1968-07-10,,999-88-2548,S99939863,X39653214X,Mrs.,Marquitta546,Rice937,,McClure239,M,white,nonhispanic,F,Worcester  Massachusetts  US,788 Towne Pathway,Fall River,Massachusetts,Bristol County,,41.77134767940582,-71.06108461242395,169351.07,23919.0,,
dc050ddd-dc4e-4d55-ac62-0e34388142eb,1987-10-22,,999-44-2066,S99920057,X57197495X,Mrs.,Liberty95,Murazik203,,Hodkiewicz467,M,white,nonhispanic,F,Westport  Massachusetts  US,139 Dickens Overpass,Ashland,Massachusetts,Middlesex County,,42.25434683741527,-71.49398833954315,777138.52,6201.919999999999,,
9e56f8d9-d24e-4140-9263-3be7a623c0bb,1964-04-26,1987-06-05,999-60-4520,S99979212,X12736308X,Mr.,Norris589,Weissnat378,,,,white,nonhispanic,M,Taunton  Massachusetts  US,129 Bauch Station Apt 10,New Bedford,Massachusetts,Bristol County,2748,41.635518398717785,-70.94482919542789,616836.0,2298.96,,
3415a1a0-fe02-4557-b3aa-6497e921853d,1910-05-28,,999-34-1909,S99930234,X9350565X,Mr.,Jeromy156,Shields502,,,S,white,nonhispanic,M,Belchertown  Massachusetts  US,430 Ledner Haven,Dennis,Massachusetts,Barnstable County,,41.761788141961496,-70.21927819841379,1863577.52,16833.48,,
c3716b30-708e-40fc-ad75-1fccf3306fd9,2020-02-25,,999-63-7982,,,,Kaye394,Conn188,,,,white,nonhispanic,F,Brockton  Massachusetts  US,1044 Romaguera Well,Bolton,Massachusetts,Worcester County,,42.47593082566922,-71.59432923622299,8640.0,534.9599999999999,,
4d370fb3-59b5-4f65-8eb1-f3af6cf5d2c3,1964-04-26,,999-84-5483,S99964117,X24548791X,Mr.,Dale454,Haley279,,,M,white,nonhispanic,M,Revere  Massachusetts  US,295 MacGyver Heights,New Bedford,Massachusetts,Bristol County,2746,41.673582256717616,-70.91720408048505,1364411.87,6620.24,,
4e02d449-5aa1-42e1-ad89-7e0f56a5d81e,2016-10-04,,999-26-7606,,,,Huey641,Gislason620,,,,asian,nonhispanic,M,Hong Kong  Hong Kong Special Administrative Region  CN,136 Reynolds Extension,Chicopee,Massachusetts,Hampden County,1022,42.17130145957511,-72.55745782182203,83912.9,1668.2399999999998,,
e9e471a6-d585-49bb-9c1a-5103dfa9e105,1997-08-27,,999-91-8847,S99939326,X64361399X,Mr.,Dominic463,Hauck852,,,,white,nonhispanic,M,Westford  Massachusetts  US,143 Lowe Boulevard Unit 35,Fall River,Massachusetts,Bristol County,2720,41.60528060881,-71.0548833580177,520694.29,3206.4,,
43b5008d-17bc-4db6-ab62-571e68abb598,1915-08-22,1993-09-03,999-45-9882,S99968392,X59898666X,Mr.,Rickey821,Hodkiewicz467,,,M,white,nonhispanic,M,Dracut  Massachusetts  US,673 Nitzsche Lodge Apt 20,Springfield,Massachusetts,Hampden County,1020,42.12959143610778,-72.5468548369834,1686793.29,8205.92,,
88f34af2-242b-4931-aaa0-13e18b74cdf4,1915-08-22,1980-09-06,999-79-6375,S99983218,X31459037X,Mr.,Leo278,Buckridge80,,,S,white,nonhispanic,M,Chelmsford  Massachusetts  US,424 Hermann Promenade Suite 28,Springfield,Massachusetts,Hampden County,1108,42.00605330999033,-72.60172482295802,1571307.79,6697.639999999999,,
ab1f30b9-b857-4fbe-acce-f2881cfb3b4c,1977-10-04,,999-85-3749,S99923142,X55989504X,Ms.,Alverta45,Lemke654,,,S,white,nonhispanic,F,Falmouth  Massachusetts  US,310 McLaughlin Divide,Fall River,Massachusetts,Bristol County,,41.679728606114544,-71.16005970535602,821647.51,7196.469999999999,,
faca49c0-3b79-4493-9611-7c42deba3428,1964-03-09,,999-82-1199,S99917814,X76806165X,Ms.,Clorinda310,Stehr398,,,S,black,nonhispanic,F,Malden  Massachusetts  US,239 Wilkinson Annex,Norfolk,Massachusetts,Norfolk County,,42.10903020003385,-71.35594721350758,1165578.63,12069.04,,
1c7c1ed2-80e9-43ce-99d9-3f12f05c56c8,1915-08-22,1992-03-12,999-12-7654,S99976539,X44235047X,Mr.,Alvaro283,Sporer811,,,M,white,nonhispanic,M,Palmer  Massachusetts  US,621 Rutherford Alley,Springfield,Massachusetts,Hampden County,1129,42.14410021209298,-72.55165422775046,1448039.21,7201.09,,
bd091485-c7e6-4c41-af93-c48216a0eadf,1915-08-22,1984-03-27,999-33-5015,S99986935,X86303809X,Mr.,Trent525,Weimann465,,,M,white,nonhispanic,M,Duxbury  Massachusetts  US,926 Johns Neck Unit 21,Springfield,Massachusetts,Hampden County,1129,42.076787835085455,-72.57342345924754,1426965.43,177229.23000000004,,
83b1d370-0cec-4a01-b549-f58de6d79961,2016-10-15,,999-75-2112,,,,Wilda367,Donnelly343,,,,white,hispanic,F,Milton  Massachusetts  US,1024 Thompson Lock,Framingham,Massachusetts,Middlesex County,1702,42.29751068110582,-71.47661487076229,75199.79000000001,1697.4,,
fd01668f-ab76-499d-82cb-9194b625ac10,1979-11-08,,999-86-8091,S99976272,X78081508X,Mr.,Josef103,Skiles927,,,M,asian,nonhispanic,M,Methuen  Massachusetts  US,926 Botsford Annex,Fall River,Massachusetts,Bristol County,2720,41.70426122383723,-71.10732789290593,879847.65,2974.68,,
c40002a5-a26f-461d-af13-3966132db059,1983-08-26,,999-20-4616,S99998676,X66808103X,Mrs.,Kendal125,Veum823,,Daniel959,M,white,hispanic,F,Abington  Massachusetts  US,724 Bode Green Apt 36,Shirley,Massachusetts,Middlesex County,,42.59375200067905,-71.61125370915646,915381.82,4880.4,,
00bfa3d4-7781-422f-9c9f-ad766a78f003,1994-10-01,,999-30-5241,S99930184,X84385405X,Mr.,Mikel238,McClure239,,,,white,nonhispanic,M,Saugus  Massachusetts  US,545 Monahan Highlands Unit 66,Sudbury,Massachusetts,Middlesex County,,42.3575828505925,-71.45460970935214,618365.67,3280.56,,
7a5e1077-11b7-407e-b143-bba0dde5544a,1915-08-22,2011-09-25,999-86-2572,S99947277,X12385371X,Mr.,Luther918,Schowalter414,,,M,white,nonhispanic,M,Tewksbury  Massachusetts  US,453 Gaylord Pathway,Springfield,Massachusetts,Hampden County,1129,42.130810218316284,-72.56885870921387,1509994.66,17877.35,,
8bd84a95-4b6c-4a40-81bb-1284e87ca76e,1996-02-07,,999-65-7239,S99971632,X76582179X,Ms.,India495,Strosin214,,,,white,nonhispanic,F,Townsend  Massachusetts  US,294 Goodwin Route,Somerset,Massachusetts,Bristol County,,41.69819564970134,-71.1659281785291,20373.85,1535.72,,
71d89801-c532-430f-b7dc-497baad2a99b,1948-06-01,,999-58-4572,S99997984,X28799664X,Mr.,Jessie665,Kemmer137,,,M,white,nonhispanic,M,Lawrence  Massachusetts  US,336 Harvey Gateway Apt 67,Natick,Massachusetts,Middlesex County,,42.31276410980749,-71.37947024741992,1663785.61,6709.44,,
479d203a-d809-4398-9324-c41ef50c707b,1915-08-22,2017-08-29,999-45-4773,S99980539,X48271695X,Mr.,Donte636,Smitham825,,,M,white,nonhispanic,M,Douglas  Massachusetts  US,974 Prohaska Lodge Apt 80,Springfield,Massachusetts,Hampden County,1105,42.08838631867659,-72.56014545768775,1528954.78,17450.13,,
5a63e899-e02a-4092-b421-627d25cd45f8,1972-08-16,,999-22-8499,S99999027,X10650796X,Mr.,Chad48,Hegmann834,,,M,white,nonhispanic,M,Newburyport  Massachusetts  US,818 Doyle Trailer,Bridgewater,Massachusetts,Plymouth County,,41.93502365074171,-70.95171321805618,1246792.45,8784.24,,
876c8017-c643-47f6-bf43-37da4afe3de0,1915-08-22,1995-03-12,999-45-7438,S99995247,X37206994X,Mr.,Tom274,Purdy2,,,M,white,nonhispanic,M,Clinton  Massachusetts  US,483 Collins Spur,Springfield,Massachusetts,Hampden County,1119,42.00703835854014,-72.52626189067576,1627920.52,12201.85,,
cc73437c-4a8b-496c-9b65-449b659f651c,1964-07-16,,999-69-8479,S99961211,X26761605X,Ms.,Verónica383,Vázquez552,,,S,black,hispanic,F,San Jose  San Jose  CR,459 Goldner Passage Apt 86,New Bedford,Massachusetts,Bristol County,2745,41.70575092293066,-70.99520039868244,190108.94,61843.49999999999,,
650f3f20-02fa-405a-b671-87a06eb54458,1987-04-25,,999-27-7284,S99990256,X89110535X,Mrs.,Dianne921,Anderson154,,Metz686,M,white,nonhispanic,F,Weston  Massachusetts  US,724 Sauer Divide,Townsend,Massachusetts,Middlesex County,1469,42.64021819745478,-71.69345502548813,767537.34,8784.079999999998,,
3e9d28b6-db93-4aac-a005-1bd226b4dcd5,1974-03-29,,999-87-9427,S99969169,X1386955X,Mrs.,Samantha681,Brekke496,,Conn188,M,white,nonhispanic,F,Auburn  Massachusetts  US,682 Brekke Gateway,Sudbury,Massachusetts,Middlesex County,,42.388833021775305,-71.38596843498112,45467.63,0.0,,
f0fd0efd-027e-45f3-9a1f-cc94a75b437b,1951-02-16,,999-92-7713,S99976435,X79656985X,Mrs.,Karol905,Koelpin146,,Hirthe744,M,asian,nonhispanic,F,Boston  Massachusetts  US,1061 Wunsch Promenade Unit 92,Littleton,Massachusetts,Middlesex County,,42.54743180542969,-71.46087321821538,1388706.14,10706.27,,
78739bc5-c167-4ef7-aa66-3055ad00a025,2017-11-16,,999-22-6342,,,,Pablo44,Herzog843,,,,white,nonhispanic,M,Reading  Massachusetts  US,508 Christiansen Hollow,Milford,Massachusetts,Worcester County,1757,42.14214200634724,-71.52904776679416,55950.0,1399.9199999999998,,
ad0f848d-74fb-4fb6-b6df-0b3b86eda093,1969-03-16,,999-45-9357,S99976488,X13751884X,Mr.,Allen322,Bergnaum523,,,S,white,nonhispanic,M,Revere  Massachusetts  US,986 Beer Loaf,Springfield,Massachusetts,Hampden County,1119,42.19438346486221,-72.496748146726,1303835.22,5957.84,,
3cfdd237-440e-4007-9a57-74465656edeb,1994-10-14,,999-78-2985,S99966927,X37490948X,Ms.,Desiree125,Gulgowski816,,,,white,nonhispanic,F,Boston  Massachusetts  US,241 O'Reilly Street,Taunton,Massachusetts,Bristol County,2780,41.8996669206304,-71.07598219005047,86483.68,41224.41,,
bb427585-ab91-4570-b5bd-ea478adac37c,1978-07-28,,999-50-2359,S99975302,X35474739X,Mrs.,Fabiola106,Lowe577,,Hermann103,M,white,nonhispanic,F,Framingham  Massachusetts  US,334 Olson Trail,Lakeville,Massachusetts,Plymouth County,,41.81204161972423,-71.00029044528556,996287.33,9763.24,,
a1d3f5b8-8097-40bc-96d6-13046b324ba0,1997-05-13,,999-29-2982,S99985739,X40200208X,Mr.,Octavio643,Wiza601,,,,white,nonhispanic,M,Lawrence  Massachusetts  US,1077 Schneider Fork,Acton,Massachusetts,Middlesex County,,42.4775114215226,-71.47653195086934,547962.6,8374.999999999998,,
4c7d13ac-20ff-48f6-afbe-df804ddd80c4,1977-03-01,,999-25-9312,S99967055,X27641578X,Mrs.,Arianne988,Steuber698,,Hettinger594,M,white,nonhispanic,F,Marshfield  Massachusetts  US,1076 Mante Frontage road,Taunton,Massachusetts,Bristol County,2780,41.929140532317945,-71.08595906540371,932400.42,8342.609999999999,,
1d5f034b-9a1a-422b-affc-306e2aee9964,1912-06-25,1988-11-22,999-60-7905,S99948978,X50735198X,Mrs.,Hilaria948,Bosco882,,Fisher429,M,white,nonhispanic,F,Worcester  Massachusetts  US,186 Graham Forge,Franklin,Massachusetts,Norfolk County,,42.08253149536096,-71.41124153436508,1479920.45,10640.23,,
8672cb06-f554-45db-8cab-e077634fc7b3,2019-06-04,,999-51-3209,,,,Laura391,Windler79,,,,white,nonhispanic,F,Arlington  Massachusetts  US,266 Luettgen Gate Suite 78,Pepperell,Massachusetts,Middlesex County,,42.70471527995048,-71.60578167532684,27360.0,844.1199999999999,,
8925d653-8540-4b04-9287-33a81d35f448,1959-07-30,,999-92-9578,S99919007,X49940059X,Mrs.,Stephania967,Skiles927,,Kulas532,M,black,nonhispanic,F,Hingham  Massachusetts  US,1090 Huel Village,Framingham,Massachusetts,Middlesex County,1702,42.249426545187546,-71.41934194198835,59095.5,6305.339999999999,,
81775b58-3c03-457e-a9bb-efd4cceed9a8,1944-06-20,,999-14-1665,S99961822,X76769729X,Mr.,Logan497,Heller342,,,S,white,nonhispanic,M,Danvers  Massachusetts  US,592 Vandervort Row Apt 37,Concord,Massachusetts,Middlesex County,,42.46373858149434,-71.39745404313986,1446095.62,7539.24,,
e608305a-6ce6-4e1d-84a3-b5eecae0eec7,1912-06-25,,999-25-6002,S99936219,X34339288X,Mrs.,Dania217,Feil794,,Lebsack687,M,white,nonhispanic,F,Revere  Massachusetts  US,635 Greenholt Ville,Franklin,Massachusetts,Norfolk County,2038,42.09958210457124,-71.40465325103634,1512953.21,20944.99,,
d48de979-1676-4940-a59c-0f46f809ac27,1964-08-25,,999-33-5315,S99926537,X80283020X,Mr.,Raul814,Mosciski958,,,M,white,nonhispanic,M,Dudley  Massachusetts  US,953 Crist Mews,Springfield,Massachusetts,Hampden County,1119,42.15736481427758,-72.51233438807026,1147615.64,4044.56,,
c1c69d72-5d84-493c-b9fd-32b364511708,1976-02-06,,999-59-4513,S99992365,X57479252X,Ms.,Laurie826,Bosco882,,,S,white,nonhispanic,F,Danvers  Massachusetts  US,1044 Murazik Junction,Hopkinton,Massachusetts,Middlesex County,,42.24310457927772,-71.52005597945855,918396.2,7028.969999999999,,
a647dabc-935d-4c9b-b46a-f3c07fafa3ab,2008-02-29,,999-84-7476,,,,Raymon366,Terry864,,,,white,nonhispanic,M,Quincy  Massachusetts  US,1085 Hartmann Walk Unit 38,Northbridge,Massachusetts,Worcester County,,42.09559492883587,-71.65177969953139,265533.14,3362.28,,
f9190377-e141-4f1c-8de8-e28ddbefaf5b,1981-11-24,,999-10-8935,S99981732,X87353766X,Mr.,Virgil85,Stroman228,,,M,white,nonhispanic,M,Worcester  Massachusetts  US,454 Muller Burg Unit 93,Springfield,Massachusetts,Hampden County,1013,42.07948369840384,-72.50254601616855,123647.23,14363.589999999998,,
5f4b8b74-1282-413b-a11d-6aa06dc2dbc0,1965-02-17,2016-02-08,999-56-8054,S99947594,X10447108X,Mr.,Ramiro608,Wintheiser220,,,M,black,nonhispanic,M,Brockton  Massachusetts  US,1056 Pollich Common Apt 72,Springfield,Massachusetts,Hampden County,1013,42.070850372104125,-72.50072865478066,46895.53,0.0,,
55fde32c-8a77-446e-9831-98b2609e7214,1941-02-28,2018-04-07,999-23-2258,S99935244,X19518440X,Mr.,Tyron580,Halvorson124,,,M,black,hispanic,M,Groveland  Massachusetts  US,768 Prohaska Lane Unit 80,Springfield,Massachusetts,Hampden County,1129,42.10127081149904,-72.54818016104431,65536.35,434261.9500000002,,
b9c47808-992d-4297-8068-00c52b1f4fd4,2015-11-07,,999-41-4109,,,,Kathe603,Lueilwitz711,,,,white,nonhispanic,F,Fall River  Massachusetts  US,946 Padberg Mission Unit 12,Taunton,Massachusetts,Bristol County,2780,41.97130954592349,-71.01809127324549,99514.24,2004.04,,
d371b734-9dad-40e2-afc2-b089311be374,1941-02-28,1979-09-14,999-25-8900,S99992549,X57816521X,Mr.,Edwardo860,Weissnat378,,,S,black,hispanic,M,Plymouth  Massachusetts  US,117 Runolfsson Path,Springfield,Massachusetts,Hampden County,1105,42.16612372748273,-72.5717306828817,7080.599999999999,0.0,,
c2185f9f-3b5e-4c8a-a636-104041a8b208,1951-07-23,,999-72-4584,S99981548,X69401151X,Mrs.,Caridad510,Centeno914,,Ballesteros368,M,white,hispanic,F,Bogota  Bogota  CO,324 Daugherty Bypass,Shirley,Massachusetts,Middlesex County,1464,42.56892940772055,-71.62925213943018,1267256.11,71898.75999999998,,
2d5ff94c-20d7-438f-ab78-7a7eac10633d,1941-02-28,,999-60-1125,S99931766,X32863048X,Mr.,Avery919,Spinka232,,,S,black,hispanic,M,Winchester  Massachusetts  US,799 Gottlieb Mission,Springfield,Massachusetts,Hampden County,,42.11247208367979,-72.63608840665071,91639.89,8683.94,,
c5bce339-3f79-4c5f-a03b-eb66edf1396a,1975-03-02,,999-89-8490,S99949223,X39104960X,Mrs.,Mitzie610,Rowe323,,Jerde200,M,white,nonhispanic,F,Brockton  Massachusetts  US,1088 Purdy Fork Unit 97,Westport,Massachusetts,Bristol County,,41.57592054912859,-71.08158585390821,1109491.32,7182.049999999999,,
72c06ebb-ccc8-430c-865d-55f890ddcdd0,2005-03-22,,999-50-7668,,,,Oralia106,Torp761,,,,white,nonhispanic,F,Westwood  Massachusetts  US,1033 Zboncak Dale,Wilbraham,Massachusetts,Hampden County,,42.08730093427425,-72.4428221399875,49814.27,6741.960000000001,,
1e28c722-0546-40b6-8fbb-f3fc0318c2ba,1970-02-09,,999-25-3888,S99935424,X29278420X,Mrs.,Edyth30,Powlowski563,,Prosacco716,M,white,nonhispanic,F,Shrewsbury  Massachusetts  US,163 Walker Rest,Shrewsbury,Massachusetts,Worcester County,,42.29057311224561,-71.74043635562266,1167790.29,17477.089999999997,,
706b28e3-6a1f-4646-933f-939e2375aa55,1984-10-27,,999-74-4948,S99945458,X11256441X,Mrs.,Terry864,Langosh790,,Dickens475,M,white,nonhispanic,F,Gardner  Massachusetts  US,752 Maggio Camp Suite 16,Longmeadow,Massachusetts,Hampden County,1106,42.06848351577049,-72.5235546653893,806809.85,8855.759999999998,,
5fe28070-1ca5-446a-aa1b-c1c455fabb8a,1974-09-29,,999-53-1475,S99924826,X44459707X,Mr.,Olen518,Thompson596,,,M,white,nonhispanic,M,Boston  Massachusetts  US,1036 Erdman Street Unit 77,Wayland,Massachusetts,Middlesex County,,42.37128807139519,-71.39667216735072,1218332.46,3018.92,,
ebd71e60-cfe9-458c-bebc-f39a4d4ec334,1979-09-11,,999-27-5423,S99969150,X59497729X,Mrs.,Leonore418,Schaden604,,Walter473,M,white,nonhispanic,F,Lakeville  Massachusetts  US,419 Leuschke Route,Framingham,Massachusetts,Middlesex County,1702,42.29671367814142,-71.46636226590265,906042.99,8025.039999999998,,
43020343-3218-4fda-bc34-47c0a19c9d44,1980-08-11,,999-49-8769,S99940537,X63731078X,Ms.,Loria303,Dach178,,,S,white,nonhispanic,F,Northbridge  Massachusetts  US,785 Veum Landing,Easton,Massachusetts,Bristol County,,42.00797366479704,-71.12821225581772,840396.3,9219.6,,
17926b2c-3c4a-48de-be2c-aa86edd15ca4,1995-10-15,,999-46-6624,S99950841,X39542584X,Ms.,Senaida415,Crona259,,,,white,hispanic,F,Lynnfield  Massachusetts  US,907 Borer Junction,Chicopee,Massachusetts,Hampden County,,42.191070953669055,-72.50007323016084,531312.0,8128.909999999998,,
dbe2604b-2e57-418c-9128-e4e5c74c1ba2,1948-11-23,,999-81-8065,S99924898,X10145562X,Mrs.,Voncile324,Ruecker817,,O'Conner199,M,white,nonhispanic,F,Stoneham  Massachusetts  US,639 Kohler Course Unit 94,Franklin,Massachusetts,Norfolk County,,42.06963229556449,-71.38827652634444,1484712.51,11256.44,,
57304f34-58d1-40ca-b128-399ddc9b2b39,1989-05-19,,999-75-6120,S99960267,X88983551X,Ms.,Dayle885,Rippin620,,,S,white,nonhispanic,F,Weymouth  Massachusetts  US,582 Turcotte Arcade,Swansea,Massachusetts,Bristol County,,41.76639138447596,-71.17346379076419,735887.8,9190.759999999998,,
cc0114da-a29c-4547-8a73-e728c83f123d,1946-08-13,2020-03-07,999-44-9583,S99939036,X5074642X,Mr.,Roosevelt595,Murray856,,,M,white,nonhispanic,M,Worcester  Massachusetts  US,452 Corkery Path Apt 1,Westford,Massachusetts,Middlesex County,,42.60201594329721,-71.46352772656834,1756910.69,7072.42,,
f38a97bd-9fb5-4542-a25d-eb8f48c1f396,1973-09-29,,999-11-3257,S99935048,X81174658X,Mr.,Tyree261,Reichel38,,,S,white,nonhispanic,M,Marblehead  Massachusetts  US,340 Reichel Rest Unit 53,Framingham,Massachusetts,Middlesex County,1701,42.24035013939035,-71.46845502576248,1012610.45,4270.999999999999,,
f6254b8b-a7fd-4344-9701-8946af76a9f9,1967-10-30,,999-45-6505,S99911266,X43168973X,Mr.,Brad867,Oberbrunner298,,,M,white,nonhispanic,M,Lynn  Massachusetts  US,994 Sipes Promenade,Taunton,Massachusetts,Bristol County,2767,41.92710990931669,-71.03411781099517,1080917.16,3933.72,,
faecfaf2-b756-4d09-9331-b470e7c9491e,2000-10-08,,999-87-5303,S99998206,,Mr.,Emile522,Koelpin146,,,,white,nonhispanic,M,Billerica  Massachusetts  US,1073 Feil Trafficway,Taunton,Massachusetts,Bristol County,2718,41.90512016615944,-71.10193380097252,60939.9,4153.91,,
32cf9227-db49-45a9-a6d4-7c47cb6fc7dc,2012-12-31,,999-85-2453,,,,Zachary28,Murphy561,,,,white,hispanic,M,Hingham  Massachusetts  US,836 Funk Manor,Natick,Massachusetts,Middlesex County,,42.329608469400966,-71.34708803743446,153322.29,2164.88,,
4f41bb56-ae85-4be1-a891-a779b48d9c25,2008-11-05,,999-62-7596,,,,Boris111,Daugherty69,,,,asian,nonhispanic,M,Rockport  Massachusetts  US,427 Jenkins Village Apt 10,Wayland,Massachusetts,Middlesex County,,42.3211531898581,-71.36083623220605,307014.43,2583.2,,
87f8ff24-ab3d-4258-8b66-e1dfccde73fa,1989-08-11,,999-32-3756,S99911774,X73319808X,Mrs.,Fred155,Von197,,Kassulke119,M,asian,nonhispanic,F,Brockton  Massachusetts  US,1075 Wiza Haven Unit 23,Groton,Massachusetts,Middlesex County,,42.583438549766704,-71.61004096466127,48955.58,8584.57,,
70ec234d-cdc2-4b87-950b-90284d2fa335,1942-06-16,1993-06-06,999-37-1303,S99991150,X11716169X,Mr.,Jerome176,Herman763,,,M,white,nonhispanic,M,Springfield  Massachusetts  US,226 Volkman Track Unit 61,Hopkinton,Massachusetts,Middlesex County,1748,42.22862367323966,-71.53691367944114,1047471.87,3195.4,,
158b8973-796b-4bf9-81dd-462173445a25,2001-03-09,,999-20-3819,S99976909,,Ms.,Jestine4,Kuhic920,,,,white,nonhispanic,F,Springfield  Massachusetts  US,949 Ryan Vale,Fall River,Massachusetts,Bristol County,,41.66585001309159,-71.11761588309382,61121.43,14792.02,,
8ccbbf3a-dcfb-49ef-b39a-2a7e8d15818b,1975-01-02,,999-24-8777,S99990624,X88119120X,Mr.,Herman763,Marvin195,,,M,asian,nonhispanic,M,Westford  Massachusetts  US,417 Smitham Ramp,Norfolk,Massachusetts,Norfolk County,,42.08055153901853,-71.37474756109279,951788.94,5839.36,,
b9bf7473-7b41-4886-8a54-71acec51d215,1990-03-16,,999-92-5309,S99945769,X46912285X,Ms.,Hiroko446,Mueller846,,,S,black,nonhispanic,F,New Bedford  Massachusetts  US,894 Reynolds Village,Framingham,Massachusetts,Middlesex County,,42.26007066750812,-71.47403244375964,97893.79,9964.729999999998,,
d54c7c58-c318-4830-892f-f81d4065bc91,1942-06-16,,999-10-2080,S99956077,X821879X,Mr.,Charlie254,Koch169,,,M,white,nonhispanic,M,Franklin  Massachusetts  US,702 Satterfield Parade,Hopkinton,Massachusetts,Middlesex County,,42.22484801214387,-71.51791883891639,1451893.42,13502.85,,
5dff6304-2aa0-4991-a18e-c34485a40241,1923-01-03,1980-07-17,999-63-9956,S99963546,X31566907X,Mrs.,Beatriz277,Stehr398,,Williamson769,M,white,hispanic,F,Bridgewater  Massachusetts  US,774 Thompson Ramp Apt 6,Framingham,Massachusetts,Middlesex County,,42.28562206087767,-71.39821437011534,1258024.63,5740.16,,
18879bce-2fad-4e5f-82b1-17574d5b488b,1923-01-03,1954-07-29,999-29-3901,S99986211,X84080803X,Ms.,Tori754,Mitchell808,,,S,white,hispanic,F,Rutland  Massachusetts  US,558 Fahey Viaduct Unit 36,Framingham,Massachusetts,Middlesex County,1702,42.29895835409829,-71.4023979695529,678351.28,8872.64,,
51cc6850-3dac-4518-ba3b-d8596e9e3c75,1923-01-03,2000-07-15,999-27-7309,S99962007,X28137698X,Mrs.,Johnnie679,Reilly981,,Kshlerin58,M,white,hispanic,F,Westwood  Massachusetts  US,291 Von Wynd Unit 17,Framingham,Massachusetts,Middlesex County,1701,42.29216604650734,-71.47783036082126,1372915.25,17388.34,,
35956340-6195-489d-83f7-06950fecea15,1949-05-08,1959-03-17,999-74-4791,,,,Phillip440,Howell947,,,,black,nonhispanic,M,Danvers  Massachusetts  US,834 Armstrong Esplanade,Ashland,Massachusetts,Middlesex County,,42.27656288176984,-71.42828011534182,227726.86,1360.6799999999998,,
969a4cc6-48ba-4483-812e-5c7164cbb473,1947-12-14,,999-79-8426,S99924943,X20706239X,Mr.,Efrain317,Predovic534,,,S,white,nonhispanic,M,Worcester  Massachusetts  US,602 Effertz Port,Springfield,Massachusetts,Hampden County,1119,42.11250044065581,-72.50725087328061,116306.32,8028.58,,
7eace1e5-d1c3-4267-be98-0981b0df0764,1923-01-03,1995-11-15,999-63-3152,S99910260,X22452097X,Mrs.,Angelena945,Windler79,,Toy286,M,white,hispanic,F,Somerville  Massachusetts  US,1096 Daniel Wynd Apt 95,Framingham,Massachusetts,Middlesex County,1701,42.28889318400961,-71.43924160181399,1697530.34,12571.85,,
4ad05738-e6b6-44a0-ba5f-953d211c391d,1923-01-03,1995-07-27,999-43-1283,S99971929,X61717064X,Mrs.,Anna632,Ferry570,,Conn188,M,white,hispanic,F,Leominster  Massachusetts  US,476 Luettgen Underpass Unit 24,Framingham,Massachusetts,Middlesex County,,42.27619518388983,-71.4454666546632,1533178.75,17311.359999999997,,
4ea8446f-7fec-4da6-b96a-c514913aa741,1949-05-08,,999-39-6413,S99951183,X78849712X,Mr.,Giuseppe872,Corkery305,,,M,black,nonhispanic,M,Winthrop  Massachusetts  US,551 Quigley Walk Apt 52,Ashland,Massachusetts,Middlesex County,,42.26651294754121,-71.4760317256563,1367410.53,7877.04,,
9cd2bcb8-671e-46ca-b88b-10bcd1463845,1996-09-07,,999-32-6494,S99963959,X59129862X,Mr.,Tanner110,Botsford977,,,,white,nonhispanic,M,Boston  Massachusetts  US,172 Schneider Spur,Raynham,Massachusetts,Bristol County,,41.97070581907644,-71.07511381878878,543808.47,3195.56,,
ebf7a826-1e34-4ac4-9bdb-ccca68b8a284,1957-12-28,2018-02-22,999-76-3892,S99948902,X77455620X,Mr.,Luis Miguel102,Maya972,,,M,white,hispanic,M,Havana  Havana  CU,909 Satterfield Row,Shrewsbury,Massachusetts,Worcester County,,42.33225835935725,-71.74269698014265,2042573.0,5702.88,,
871c1808-d164-4451-b8b7-36e6e5cae33f,1969-01-05,,999-88-2318,S99965632,X25943949X,Mr.,Jaime666,Báez684,,,M,white,hispanic,M,Ponce  Puerto Rico  PR,382 Hickle Village Suite 55,Springfield,Massachusetts,Hampden County,1020,42.13629373487504,-72.52581873233797,43073.88,324.9599999999999,,
9f0c1950-ffa6-485f-b238-03143c55298e,2015-01-25,,999-52-6460,,,,Lionel365,Dickinson688,,,,white,nonhispanic,M,Leominster  Massachusetts  US,1074 Kulas Promenade Unit 28,Shirley,Massachusetts,Middlesex County,1464,42.60861738221842,-71.62818225228148,134740.72,2015.72,,
8c624c99-38b4-4610-b1fd-f860974849c0,1923-01-03,2011-07-23,999-12-3068,S99918968,X37604587X,Mrs.,Roxana439,Sawayn19,,Spencer878,M,white,hispanic,F,Cambridge  Massachusetts  US,541 O'Reilly Landing Suite 47,Framingham,Massachusetts,Middlesex County,1701,42.32378461654605,-71.45786204113915,1446232.85,24528.81,,
8f560c1e-0197-48ae-82c9-7759b3b05627,1923-01-03,2014-07-17,999-53-5933,S99940179,X56942935X,Ms.,Ressie457,DuBuque211,,,S,white,hispanic,F,Woburn  Massachusetts  US,136 Baumbach Port Unit 11,Framingham,Massachusetts,Middlesex County,,42.30362973269448,-71.39852307300377,1513680.41,18286.89,,
77643578-e6ec-4719-a62b-265b35e8031d,1947-09-09,,999-60-9428,S99952376,X34381981X,Mr.,Waylon572,Padberg411,,,M,white,nonhispanic,M,Pelham  Massachusetts  US,246 Price Flat,Dartmouth,Massachusetts,Bristol County,,41.571835883592726,-70.93118491525486,253067.76,12385.87,,
9f5560ab-09ab-49b7-b1ea-0b2bf62fdaf9,1957-05-25,,999-49-5934,S99923788,X29273109X,Mr.,Bernie827,Gerhold939,,,S,white,nonhispanic,M,Shrewsbury  Massachusetts  US,613 Heathcote Tunnel Suite 6,Taunton,Massachusetts,Bristol County,2780,41.93957876477096,-71.08978394412765,1671090.48,4571.32,,
1df4dfd8-37b9-4534-8536-25f2fbe66baf,2016-06-03,,999-88-5177,,,,Daisy746,Bogisich202,,,,white,nonhispanic,F,Mansfield  Massachusetts  US,140 McClure Union,Holliston,Massachusetts,Middlesex County,,42.19267907378828,-71.4340644078109,96260.0,1935.72,,
942d36b2-0263-4756-93f0-bc6616c7312c,1955-10-06,,999-78-1295,S99943948,X27404197X,Ms.,Gabrielle769,Gutmann970,,,S,white,nonhispanic,F,Fairhaven  Massachusetts  US,586 Friesen Rest Suite 32,Ashland,Massachusetts,Middlesex County,,42.21781941326076,-71.45733157678171,1361249.63,10306.48,,
2cb14bb7-22de-492c-b992-5032c82b4ab2,1988-06-03,,999-44-7142,S99956815,X80168765X,Mrs.,Lorean637,Kautzer186,,Emmerich580,M,asian,nonhispanic,F,Malden  Massachusetts  US,889 Corwin Route,Springfield,Massachusetts,Hampden County,,42.10720041697139,-72.53338451982654,176871.27,22201.15,,
be2ec986-9abb-447f-a730-46df800bdbf5,1923-01-03,2010-12-01,999-57-4209,S99977091,X61317075X,Mrs.,Astrid395,Zulauf375,,Haley279,M,white,hispanic,F,Weston  Massachusetts  US,380 Hahn Burg,Framingham,Massachusetts,Middlesex County,1701,42.268660436353386,-71.47650131836056,1543465.59,92719.41,,
d6517534-272e-4f24-8cc3-591cd2487768,1966-07-03,,999-82-9310,S99972339,X41650499X,Ms.,Jewell855,Lindgren255,,,S,white,nonhispanic,F,Framingham  Massachusetts  US,644 Bechtelar Knoll,Bellingham,Massachusetts,Norfolk County,2019,42.09668949026558,-71.46363781883039,1220937.79,8245.839999999998,,
beb0c2ad-87f1-4c0a-9dd9-bacda550f209,1923-01-03,2004-01-20,999-79-1113,S99988469,X41422628X,Mrs.,Estelle478,Morissette863,,Corwin846,M,white,hispanic,F,Brockton  Massachusetts  US,774 Runte Hollow Suite 14,Framingham,Massachusetts,Middlesex County,1701,42.33506313154122,-71.47542246263856,1374880.03,13010.11,,
7e1d8218-ed05-48ae-b3b7-0cbddf4e6541,1975-11-07,,999-63-1232,S99974674,X9318516X,Mr.,Young120,Pouros728,,,M,white,nonhispanic,M,Needham  Massachusetts  US,125 Reynolds Orchard Suite 6,Framingham,Massachusetts,Middlesex County,1702,42.30988154281958,-71.4373096259615,967550.51,3942.14,,
0a416008-0358-4607-9205-a1f5a8b6b46d,1988-06-27,2008-07-28,999-17-7372,S99962780,X76197806X,Ms.,Brande998,Kihn564,,,,white,nonhispanic,F,Ipswich  Massachusetts  US,438 Schimmel Corner Unit 82,Hopkinton,Massachusetts,Middlesex County,1748,42.24564756601289,-71.49971199470619,440676.44,3981.48,,
b31b0a05-d451-4bfe-a86d-d57555742ada,1988-06-27,,999-73-7533,S99976648,X66284549X,Mrs.,Laila673,Nienow652,,Price929,M,white,nonhispanic,F,Fall River  Massachusetts  US,104 Boyer Fort,Hopkinton,Massachusetts,Middlesex County,1748,42.20863778124927,-71.52059684658555,814277.0,3558.85,,
2234bec5-a914-4b3e-8172-f1b7832d1fb1,1923-01-03,2020-03-23,999-69-6822,S99953489,X24287645X,Mrs.,Phoebe31,Shanahan202,,Wintheiser220,M,white,hispanic,F,New Bedford  Massachusetts  US,297 Bogisich Ramp,Framingham,Massachusetts,Middlesex County,,42.24290607994742,-71.48054970196188,1544313.19,31368.31,,
2fac1e87-bb8b-42d1-8eb7-0386f0dffb58,1972-06-07,,999-63-3581,S99985677,X30800883X,Mrs.,Lorine399,Beahan375,,Kutch271,M,white,nonhispanic,F,Medford  Massachusetts  US,707 Ankunding Rue,Framingham,Massachusetts,Middlesex County,1702,42.269106860434015,-71.3866672512785,165692.05,77493.96999999999,,
fd315a2e-b88a-4cc9-b478-e82c89267470,1956-07-30,,999-22-2905,S99994995,X69632315X,Mr.,Colton403,Jerde200,,,M,white,nonhispanic,M,Hull  Massachusetts  US,986 Fahey Bridge Suite 79,Nantucket,Massachusetts,Nantucket County,,41.314781052012286,-70.1000449191598,1716525.96,6035.36,,
7cbdf1d2-571d-4fcb-b059-31111224b18d,1923-01-03,2006-04-26,999-89-4704,S99935914,X33712606X,Ms.,Catheryn300,Ziemann98,,,S,white,hispanic,F,Lancaster  Massachusetts  US,849 Wilkinson Gardens,Framingham,Massachusetts,Middlesex County,,42.32443558634346,-71.4619766333592,1466200.93,30380.48,,
b4e867a7-54e5-42c9-a874-760d973fbb93,1999-12-01,,999-53-6065,S99911269,X34618022X,Ms.,Pauletta164,Brakus656,,,,white,nonhispanic,F,Lynn  Massachusetts  US,496 Feil Knoll,Taunton,Massachusetts,Bristol County,2767,41.87032416546882,-71.12634065155864,494413.53,3411.4,,
fbe3917c-c575-419d-9f61-7cd583714535,1941-07-10,2020-03-06,999-76-6964,S99982853,X34908713X,Mrs.,Fay398,Quitzon246,,Davis923,M,white,nonhispanic,F,Wayland  Massachusetts  US,1098 Rowe Boulevard,Bellingham,Massachusetts,Norfolk County,,42.05627851443982,-71.44625221976851,1608318.96,24253.61,,
b2d8c980-2fb0-456b-bdd9-d4d618756cf5,1934-12-21,2020-03-25,999-76-1500,S99936146,X58618399X,Mrs.,Reyna401,Balistreri607,,Carroll471,M,white,hispanic,F,Springfield  Massachusetts  US,366 Cummings Viaduct Unit 50,Framingham,Massachusetts,Middlesex County,,42.35161954154196,-71.45958644968131,1423163.37,76250.45000000003,,
757abec3-48df-4774-a63d-65c58b923542,1941-07-10,,999-13-8504,S99941688,X1412288X,Mrs.,Consuelo468,Bailey598,,McGlynn426,M,white,nonhispanic,F,Agawam  Massachusetts  US,554 Durgan Lock,Bellingham,Massachusetts,Norfolk County,,42.125284349960125,-71.43598878684021,1459929.61,17236.89,,
8af15cc1-0572-4db5-a1be-7b3289a875ee,1960-10-06,,999-94-8813,S99949169,X39913371X,Ms.,Lisandra920,Lesch175,,,S,white,nonhispanic,F,South Hadley  Massachusetts  US,886 Hagenes Manor Unit 97,Somerset,Massachusetts,Bristol County,2725,41.67571555812937,-71.19215238319538,42986.23,3027.0799999999995,,
ead12056-01a7-48ce-b2e4-8a3100fd7f0f,1967-05-11,2018-11-01,999-67-4158,S99943539,X37242121X,Ms.,Jeannie478,Champlin946,,,S,white,nonhispanic,F,New Bedford  Massachusetts  US,849 Adams Underpass Suite 68,Milford,Massachusetts,Worcester County,,42.11309687633391,-71.5248329347137,1090958.48,7801.649999999999,,
a6b55027-9dbe-4ebf-9de2-a0d44421ef3c,1934-12-21,,999-75-8463,S99968394,X72287093X,Mrs.,Carl856,Pagac496,,Kris249,M,white,hispanic,F,Attleboro  Massachusetts  US,628 Batz Trafficway,Framingham,Massachusetts,Middlesex County,,42.299258908519406,-71.43907081455252,1416741.24,29181.95,,
8b137ec6-4b4c-4f69-ad94-922f458856d6,2017-11-04,,999-40-5637,,,,Florentino8,DuBuque211,,,,white,nonhispanic,M,Foxborough  Massachusetts  US,965 Vandervort Plaza Apt 79,Upton,Massachusetts,Worcester County,,42.17420824972233,-71.64961810033051,62134.99,1419.9199999999998,,
2b90de2f-7352-42e7-970b-9e427d6ca973,1967-05-11,,999-83-3739,S99963041,X22481021X,Mrs.,Hortense60,O'Hara248,,Spinka232,M,white,nonhispanic,F,Northborough  Massachusetts  US,1040 Turner Knoll,Milford,Massachusetts,Worcester County,,42.13519473444233,-71.50138606111278,1137082.44,9598.159999999998,,
b8272ca5-58da-477b-9a87-c7989542f430,1970-08-15,,999-92-4816,S99916499,X11339386X,Ms.,Isabella615,Spencer878,,,S,white,nonhispanic,F,Lowell  Massachusetts  US,747 Bergnaum Annex,Ludlow,Massachusetts,Hampden County,,42.14463120966455,-72.48901494211096,1074675.09,7449.379999999999,,
6d378121-790b-4b8b-a807-33813224d4fb,1956-05-17,,999-19-7878,S99951990,X87026717X,Mrs.,Marcie463,Kris249,,Dibbert990,M,white,nonhispanic,F,Hingham  Massachusetts  US,593 Effertz Underpass Suite 81,Hopkinton,Massachusetts,Middlesex County,,42.20684866126046,-71.53800456018928,1528195.99,12683.04,,
f235d9bc-5538-4228-96c9-4983b84f77e7,1973-08-05,,999-44-3692,S99992540,X40580469X,Mrs.,Moira454,Crist667,,Stokes453,M,white,nonhispanic,F,Amherst  Massachusetts  US,427 Gislason Plaza Apt 95,Milford,Massachusetts,Worcester County,,42.19503824476706,-71.49859158560425,1069180.72,7274.319999999999,,
a5bc2512-a9ed-4977-a6b6-bc5b593ea586,1989-09-19,,999-68-6359,S99999729,X75741236X,Mr.,Jarrett354,Pouros728,,,M,white,nonhispanic,M,Lynn  Massachusetts  US,609 Haley Mall Unit 89,Ashland,Massachusetts,Middlesex County,,42.22876416111972,-71.50499115671799,779812.33,3333.88,,
139d2c6f-fa7d-4b31-a9a7-deb91d8376da,1998-05-06,,999-14-3931,S99936535,X51120761X,Ms.,Stefany238,Abbott774,,,,asian,nonhispanic,F,Boston  Massachusetts  US,211 Robel Loaf,Framingham,Massachusetts,Middlesex County,,42.33077095666472,-71.43982118436574,479233.0,3066.4,,
c37c4ccc-38da-4d4d-b0fe-2a35f49d0c23,1945-09-17,2020-03-22,999-86-1689,S99916790,X33767379X,Mrs.,Vanetta255,Harber290,,Hermiston71,M,white,nonhispanic,F,Maynard  Massachusetts  US,748 Runte Street Unit 8,Fall River,Massachusetts,Bristol County,2720,41.66637397645526,-71.14664381167988,76765.29,7364.54,,
42df3bc0-2ee2-4b4c-b140-0c3383d87aec,1966-01-29,,999-13-2770,S99928260,X1495457X,Mr.,Russ979,Schimmel440,,,S,asian,nonhispanic,M,Malden  Massachusetts  US,878 Jast Mews,Maynard,Massachusetts,Middlesex County,1754,42.37596221836668,-71.46153932933974,1180961.11,10917.56,,
b2c2f1ea-c76b-4e29-bcf5-503d1f4bbcbe,1945-09-17,,999-99-2471,S99999203,X81017907X,Ms.,Maryland870,O'Conner199,,,S,white,nonhispanic,F,Middleborough  Massachusetts  US,118 Legros Wynd Apt 7,Fall River,Massachusetts,Bristol County,2724,41.56382820910232,-71.05532966777518,92130.27,8157.409999999999,,
ab419c91-028b-4f55-a2c3-b90e0e1b0aff,2008-02-04,,999-14-2488,,,,Hank686,Tremblay80,,,,white,nonhispanic,M,Watertown  Massachusetts  US,453 Dickinson Harbor Suite 6,Springfield,Massachusetts,Hampden County,1129,42.07556092521536,-72.53284496705719,299028.79,3418.12,,
8b19d3eb-7e1d-4d81-aef0-dc912935732c,1955-02-02,,999-27-5992,S99989767,X3260175X,Mrs.,Ericka421,Langworth352,,Frami345,M,white,nonhispanic,F,Lancaster  Massachusetts  US,982 Cronin Overpass,Wilbraham,Massachusetts,Hampden County,1095,42.14885018499525,-72.42822095615023,1552502.28,8010.919999999999,,
0a8fc43d-6a34-4844-b220-12bc7b467584,1937-06-05,1963-12-23,999-89-2241,S99922229,X12288219X,Ms.,Rhiannon677,Miller503,,,,black,nonhispanic,F,Toulouse  Occitanie  FR,784 Hartmann Rapid,Dartmouth,Massachusetts,Bristol County,,41.58120718278947,-70.99818361545651,568001.93,3242.1199999999994,,
59669d2a-3af9-442d-9efc-bbe42bfd4edf,1937-06-05,,999-25-9889,S99930759,X61217444X,Mrs.,Florence828,Brekke496,,Bauch723,M,black,nonhispanic,F,Lyon  Auvergne-Rhone-Alpes  FR,367 Thiel Street,Dartmouth,Massachusetts,Bristol County,,41.54066779056648,-70.92248163834533,1354721.99,20282.37,,
e1d33ca8-4b44-4718-b1d6-1fde5e06b6c4,2009-09-17,,999-90-6555,,,,Taren286,Denesik803,,,,white,nonhispanic,F,Rehoboth  Massachusetts  US,539 Bernhard Plaza,Freetown,Massachusetts,Bristol County,,41.73792421070885,-71.0211501329032,233012.63,2995.64,,
dae73539-8925-4922-b2cd-10565185102a,1925-04-29,1992-10-10,999-91-2745,S99948998,X59434965X,Mr.,Lyman173,Jerde200,,,M,white,nonhispanic,M,Randolph  Massachusetts  US,364 Herzog Divide,Sharon,Massachusetts,Norfolk County,2067,42.15515044811701,-71.21915431546147,1625483.2300000002,207401.2700000001,,
1ff92ffc-50e0-48f1-acbe-025826f66c02,1945-07-06,2000-11-01,999-20-3212,S99997124,X85463590X,Mrs.,Luna60,Schamberger479,,Kris249,M,white,nonhispanic,F,Beverly  Massachusetts  US,459 Quigley Union Apt 24,Millis,Massachusetts,Norfolk County,,42.20670777439187,-71.36257269055473,1117207.75,8106.559999999999,,
2b3aeb16-b4c3-4a91-88b6-9f1ecfbb8e32,1925-04-29,2000-11-13,999-69-7090,S99964910,X76160241X,Mr.,Darrell400,Torp761,,,M,white,nonhispanic,M,West Springfield  Massachusetts  US,247 Effertz Village,Sharon,Massachusetts,Norfolk County,2067,42.13732939721312,-71.20466047050704,1521546.65,8390.369999999999,,
ea244227-685d-4e8c-8310-57d6d2d4243c,1993-06-20,,999-60-3112,S99945797,X14313361X,Ms.,Genie948,Fisher429,,,,asian,nonhispanic,F,Adams  Massachusetts  US,106 Hegmann Rest,Fall River,Massachusetts,Bristol County,2721,41.58452689250047,-71.11837784010405,690308.61,3375.56,,
6f76e94a-025d-4d9d-941f-2c4a60177182,1967-03-04,,999-12-9554,S99926032,X83534711X,Mr.,Tobias236,Windler79,,,S,white,nonhispanic,M,Worcester  Massachusetts  US,544 Pacocha Branch Suite 50,Needham,Massachusetts,Norfolk County,,42.32212590655308,-71.23295311910667,1418198.36,3683.88,,
4f3108d8-3870-4f56-a8d6-226b944c0466,1961-01-30,,999-95-8362,S99941974,X61819895X,Mrs.,Sheena120,Effertz744,,Bartoletti50,M,white,nonhispanic,F,Boston  Massachusetts  US,916 Wiza Viaduct,Raynham,Massachusetts,Bristol County,,41.92334077027157,-71.06214250334801,1439136.44,13653.45,,
8df064ef-2057-4515-853b-3ca0e6b52dd1,1998-12-25,,999-86-5979,S99919049,X83439769X,Mr.,Rodrick370,Runolfsson901,,,,white,nonhispanic,M,Wareham  Massachusetts  US,735 Jaskolski Wall Apt 21,Townsend,Massachusetts,Middlesex County,1469,42.66781757024606,-71.69143608131228,469600.45,7248.109999999999,,
c58d1237-9e4c-4200-8952-1f23072c29fd,1925-04-29,2007-11-17,999-44-1528,S99912573,X88494420X,Mr.,Orval846,Dickens475,,,S,white,nonhispanic,M,Fitchburg  Massachusetts  US,257 Konopelski Terrace Suite 52,Sharon,Massachusetts,Norfolk County,,42.13166345706097,-71.20797172546266,1470378.86,22564.32,,
099ff6f7-541c-4f24-a875-5b0e0f738858,1993-12-03,,999-58-1405,S99931148,X67672117X,Ms.,Phyllis779,Jones311,,,,white,nonhispanic,F,Medford  Massachusetts  US,717 Hahn Promenade Unit 59,Milford,Massachusetts,Worcester County,1757,42.17458132946042,-71.55342081746161,652124.0,5297.879999999999,,
25f91be1-e557-472e-b106-8c31e2a33072,1991-07-22,,999-11-9754,S99931899,X65231957X,Mrs.,Lorean637,Bruen238,,Stiedemann542,M,white,nonhispanic,F,Fitchburg  Massachusetts  US,675 Spencer Run Apt 78,Ludlow,Massachusetts,Hampden County,,42.20599887033595,-72.47071817956417,35734.07,1338.85,,
8ea6e0dc-7db9-44cd-b444-90e448ea7579,1925-08-19,,999-19-5347,S99939008,X66007564X,Mr.,Lucas404,Santana368,,,M,white,hispanic,M,Kingston  Kingston  JM,581 Dietrich Flat,Bridgewater,Massachusetts,Plymouth County,,41.95870839998269,-71.00073184286636,1607215.55,38138.15,,
9a2f3ecb-041f-404b-8048-3a5cf65ca506,1976-06-15,,999-25-3368,S99975827,X12536454X,Mrs.,Tami145,Rice937,,Padberg411,M,white,nonhispanic,F,Newburyport  Massachusetts  US,344 Kohler Green Apt 60,Upton,Massachusetts,Worcester County,,42.139434952879526,-71.57324532814157,1082500.61,6997.679999999999,,
59aa9257-9148-4e6d-9305-fd140f7e85d2,1993-09-09,,999-41-6841,S99920905,X88566615X,Mr.,Irvin970,Stehr398,,,,white,nonhispanic,M,Worcester  Massachusetts  US,131 Mayert Arcade Unit 77,Agawam,Massachusetts,Hampden County,,42.09239321303305,-72.63995204171539,680262.16,4228.84,,
f8c19c4a-a4cd-489a-ab77-6abd3f656b2f,1953-02-12,,999-32-1901,S99932981,X39480205X,Mr.,Burl285,Langosh790,,,M,black,nonhispanic,M,Amherst  Massachusetts  US,1066 Weimann Lane,Dartmouth,Massachusetts,Bristol County,,41.54857765292952,-70.99884248554004,1361179.2000000002,6434.38,,
d4703873-bfe6-4234-8ce7-25b5934c2aad,2012-05-13,,999-13-2116,,,,Chasity985,Cremin516,,,,asian,nonhispanic,F,Ahmedabad  Gujarat  IN,938 Stamm Wall Apt 25,Concord,Massachusetts,Middlesex County,,42.42185659966759,-71.3669604965031,176316.97,3460.65,,
7f2ddba7-7bef-4d2a-be0c-03247c9cf414,1967-07-02,,999-55-7247,S99919327,X11110509X,Mr.,Elwood28,Prosacco716,,,M,white,nonhispanic,M,Sharon  Massachusetts  US,871 O'Keefe Key Unit 24,Taunton,Massachusetts,Bristol County,2780,41.94164291006148,-71.13113116537015,1404397.63,3554.72,,
dd3e34eb-2344-4b42-9ee4-f2a55005a7e9,1961-07-22,,999-69-8463,S99920358,X1568301X,Mrs.,See995,Wolf938,,McLaughlin530,M,white,nonhispanic,F,Hadley  Massachusetts  US,719 Hettinger Route Unit 30,Somerset,Massachusetts,Bristol County,,41.72716388045704,-71.20921772995149,1326570.15,9799.85,,
9c0ef4c9-e0c6-415e-8ec2-f97e24dbf0be,1948-12-15,1981-04-29,999-29-9098,S99932678,X51519189X,Mrs.,Sage164,Gutkowski940,,Swift555,M,white,nonhispanic,F,Somerville  Massachusetts  US,417 Kerluke Skyway Unit 17,Blackstone,Massachusetts,Worcester County,,42.004802209559934,-71.53358600320183,705012.64,15112.91,,
04a5c3b7-3417-4db1-94cd-e4d47a49a4ac,1948-12-15,2020-03-16,999-64-5804,S99977811,X7231621X,Ms.,Bernardina456,Frami345,,,S,white,nonhispanic,F,Boston  Massachusetts  US,237 Stiedemann Crossroad Apt 78,Blackstone,Massachusetts,Worcester County,,42.08609398082251,-71.53948857137372,1690551.86,11120.15,,
72b8cd09-0787-40e7-b152-ea4be6e961e2,1964-11-28,2005-11-22,999-42-7938,S99988564,X33898917X,Mrs.,Stephen891,Veum823,,Emard19,M,white,nonhispanic,F,Franklin  Massachusetts  US,750 Dare Ranch,Milford,Massachusetts,Worcester County,,42.14939328603766,-71.50621128008008,893311.39,4129.44,,
ced9aabe-0ae8-473c-b557-ccdcc011b630,1964-11-28,,999-16-6989,S99993736,X43221934X,Mrs.,Sherill945,Greenholt190,,Stiedemann542,M,white,nonhispanic,F,Winchester  Massachusetts  US,134 Glover Terrace,Milford,Massachusetts,Worcester County,1757,42.195471777833525,-71.56291060273124,1221119.99,14114.049999999996,,
88499c86-11b1-4934-9c82-a140524a88b8,1948-12-15,2020-03-25,999-35-1423,S99934669,X35739050X,Mrs.,Cassi819,Rempel203,,Gutkowski940,M,white,nonhispanic,F,Boston  Massachusetts  US,588 McKenzie Alley Apt 41,Blackstone,Massachusetts,Worcester County,,42.08453066660691,-71.50608572832455,1478795.88,19006.37,,
5e7d16ed-ee91-4e63-af47-994d4a4ff252,1965-07-16,,999-85-8004,S99963222,X63316984X,Mrs.,Tisha655,Cormier289,,O'Keefe54,M,white,nonhispanic,F,Wakefield  Massachusetts  US,286 Pfeffer Avenue Apt 13,New Bedford,Massachusetts,Bristol County,2740,41.69547202082576,-71.02387276117636,653625.05,3483.8,,
48d485c5-1c2b-4d98-9629-4999769f81dd,1985-07-17,,999-24-7251,S99977027,X27208717X,Ms.,Stephani232,Johns824,,,S,white,nonhispanic,F,Haverhill  Massachusetts  US,981 Lakin Alley,Framingham,Massachusetts,Middlesex County,1701,42.31529719917969,-71.3937329650051,743696.74,24774.28,,
39ed6ce5-5f97-423a-8951-1eea9d46477e,2004-05-10,,999-91-1049,S99936616,,,Del587,Lebsack687,,,,white,nonhispanic,M,Tisbury  Massachusetts  US,708 Volkman Dale Unit 2,Milford,Massachusetts,Worcester County,1757,42.16104615455549,-71.51367290872088,31249.41,414.9599999999999,,
032bdb0d-c239-4ded-8aff-ef4a0580e233,1986-12-31,,999-76-4937,S99910580,X46500936X,Mrs.,Marsha122,Ratke343,,Stiedemann542,M,white,hispanic,F,Fall River  Massachusetts  US,1025 Champlin Quay,Chicopee,Massachusetts,Hampden County,1020,42.13174507304616,-72.5534427827182,641121.3,7627.479999999999,,
37962cbc-310b-486b-85b1-febe07eda766,1948-12-15,,999-55-3915,S99933164,X3725839X,Mrs.,Lori426,Harvey63,,Towne435,M,white,nonhispanic,F,Deerfield  Massachusetts  US,340 Botsford Track,Blackstone,Massachusetts,Worcester County,,42.0483494739547,-71.57286107205816,1446267.15,24344.85,,
2c6b297c-3ae3-48ed-9b1d-2063129b7064,1982-11-20,,999-56-2355,S99916249,X74683655X,Mr.,Valentine262,Keeling57,,,M,white,nonhispanic,M,Somerville  Massachusetts  US,705 Kiehn Vista,Taunton,Massachusetts,Bristol County,,41.91767667487208,-71.00172119062817,955977.76,4911.28,,
f07ced05-1e1c-4698-9617-1faace77eb6b,2017-01-28,,999-17-4469,,,,Jacques50,Tromp100,,,,white,nonhispanic,M,Belmont  Massachusetts  US,606 Heidenreich Way Apt 81,Springfield,Massachusetts,Hampden County,1119,42.06575181664129,-72.52947767376186,84262.06,1559.08,,
fc6b0549-d487-4ae4-b0bb-d275759131e3,1958-06-01,2013-06-24,999-40-8033,S99943094,X11080387X,Mrs.,Kimiko714,Bosco882,,Lakin515,M,white,nonhispanic,F,Andover  Massachusetts  US,837 Weissnat Dam Apt 97,New Bedford,Massachusetts,Bristol County,2740,41.65398738953555,-70.92288768129087,170045.07,6205.71,,
d7b17bd4-4d9a-4560-ac97-ae734e59c41d,1946-05-11,1993-12-04,999-19-6906,S99978600,X19227005X,Mr.,Ezra452,Bergnaum523,,,M,white,nonhispanic,M,Boston  Massachusetts  US,246 Stracke Underpass Unit 31,Springfield,Massachusetts,Hampden County,1103,42.06832188904413,-72.5880564309584,47510.4,513.2799999999999,,
6a952d56-8ce0-484b-93cc-06b3493d531f,1970-08-05,,999-15-5165,S99998325,X83667175X,Mr.,Elvin140,Altenwerth646,,,S,white,nonhispanic,M,Gloucester  Massachusetts  US,146 Kling Trace,Taunton,Massachusetts,Bristol County,,41.85764666547185,-70.98268836940066,1021653.16,3380.44,,
aa75618d-1ee2-4494-8682-de8f5011b7b8,1958-06-01,,999-38-2507,S99963167,X18806234X,Mrs.,Digna973,Nolan344,,Roob72,M,white,nonhispanic,F,Winchendon  Massachusetts  US,215 Bins Gate Suite 28,New Bedford,Massachusetts,Bristol County,,41.68847677234061,-70.97581938801774,204044.14,41817.84,,
65a1da54-1696-4ae3-bd59-5c2ec0450700,1946-05-11,2014-03-16,999-79-6231,S99964041,X82264058X,Mr.,Rhett759,Gleason633,,,M,white,nonhispanic,M,Ipswich  Massachusetts  US,997 Heaney View,Springfield,Massachusetts,Hampden County,1104,42.08784740959835,-72.55302070346244,1502032.13,12689.719999999994,,
ff0469a8-844d-451a-88c8-ce62e278ae02,1983-05-24,,999-35-6942,S99987271,X29370933X,Mrs.,Mitsue965,Reichert620,,Schumm995,M,white,nonhispanic,F,Hopkinton  Massachusetts  US,471 Watsica Bridge Apt 66,Boxborough,Massachusetts,Middlesex County,,42.48629993917712,-71.5106990442711,795475.54,9175.85,,
9909243e-db24-43bd-b2d3-7c78ec70d9ce,1998-08-02,,999-91-9699,S99953635,X38427665X,Ms.,Petronila724,Kuhlman484,,,,white,hispanic,F,Boston  Massachusetts  US,843 Leffler Light Apt 34,New Bedford,Massachusetts,Bristol County,2740,41.60465386408956,-70.91786626610083,473708.44,2958.08,,
a407baa8-8810-43b8-9de4-99381e01baa5,1938-04-15,2011-03-04,999-39-3306,S99948264,X58602419X,Mr.,Claude750,Kuvalis369,,,S,black,nonhispanic,M,Revere  Massachusetts  US,197 Murray Meadow Unit 34,Milford,Massachusetts,Worcester County,,42.19903476456241,-71.48151457999352,1767913.9200000002,9524.02,,
7e03cf9a-1965-4bc9-8362-4e6e6cf1da44,1981-12-09,,999-62-9942,S99994426,X67022404X,Mrs.,Taren286,Monahan736,,Spencer878,M,white,nonhispanic,F,Leominster  Massachusetts  US,191 Rau Bridge,Dartmouth,Massachusetts,Bristol County,,41.60619349945912,-70.95228590278974,709028.75,10786.62,,
8a4c833f-4b68-41c6-8cc7-6449b8627a60,1938-04-15,2009-07-25,999-44-5976,S99935849,X9002069X,Mr.,Marcos263,Senger904,,,S,black,nonhispanic,M,East Longmeadow  Massachusetts  US,287 Bruen Avenue,Milford,Massachusetts,Worcester County,,42.20054989487324,-71.49108900695798,1672807.97,186077.20000000004,,
26d5a170-3e81-4956-af0f-1669801f2d3b,1938-04-15,2020-03-22,999-84-7499,S99975849,X58414526X,Mr.,Prince887,Jacobson885,,,S,black,nonhispanic,M,Tewksbury  Massachusetts  US,869 Watsica Knoll Suite 97,Milford,Massachusetts,Worcester County,1757,42.14307867793416,-71.54492468222017,1699071.22,10598.28,,
2b0db64c-29df-452b-a052-a6de5969846d,1946-09-11,,999-59-4995,S99985712,X53135575X,Mrs.,Débora815,Nájera755,,Estévez304,M,black,hispanic,F,Ponce  Puerto Rico  PR,911 Wintheiser Vista Apt 13,Uxbridge,Massachusetts,Worcester County,,42.097343182400856,-71.66801611473164,1345420.58,13424.799999999996,,
31d88018-cdff-46ce-b262-a940d4142082,1981-09-21,,999-55-1241,S99920745,X43307934X,Mrs.,Syreeta495,Kerluke267,,Dibbert990,M,white,nonhispanic,F,Newbury  Massachusetts  US,641 Jerde Knoll,Berkley,Massachusetts,Bristol County,,41.86159670137158,-71.09966740848812,939932.18,10037.87,,
e87ec805-dfbb-444f-9a86-ba2c05c20a97,1996-04-25,,999-77-5734,S99936700,X13377349X,Mr.,Dante562,Spencer878,,,,white,nonhispanic,M,Marlborough  Massachusetts  US,477 Hackett Estate,Springfield,Massachusetts,Hampden County,,42.07935948555389,-72.53801473844223,555415.55,6745.159999999999,,
8ceaac86-0dc0-4bd5-9564-8687ad560eb9,1977-12-24,,999-27-2513,S99974348,X71600022X,Mr.,Eugene421,Satterfield305,,,M,white,nonhispanic,M,Sutton  Massachusetts  US,134 Borer Ville Apt 62,Dartmouth,Massachusetts,Bristol County,,41.54769574985711,-71.00597374963259,922325.17,6050.69,,
cc1069ca-902b-4066-9538-402e6d4be597,1938-04-15,,999-32-5365,S99951001,X9710542X,Mr.,Mike230,Windler79,,,M,black,nonhispanic,M,Worcester  Massachusetts  US,193 Altenwerth Mall,Milford,Massachusetts,Worcester County,,42.2074837140704,-71.50739834582676,1562964.24,19202.93,,
305f5b8b-f80b-4b4a-a790-2bb48a5ffe7e,2003-09-13,,999-67-9263,S99977120,,,Troy560,Kemmer137,,,,white,nonhispanic,M,Westford  Massachusetts  US,113 Barton Approach,Berkley,Massachusetts,Bristol County,,41.881097776265705,-71.05325596013675,423238.58,3173.12,,
035dcc47-83db-4678-8aa1-52238f10ca31,2006-07-02,,999-85-2112,,,,Darcy899,Marquardt819,,,,white,nonhispanic,F,Northbridge  Massachusetts  US,947 Wehner Way,Chicopee,Massachusetts,Hampden County,1013,42.149744435336586,-72.57488694191736,351563.86,3463.96,,
bbe8e9d6-fc44-4804-b77c-86e8a91f6a89,1954-12-17,,999-84-9093,S99933817,X69924578X,Mrs.,Fidela881,Altenwerth646,,Shields502,M,white,nonhispanic,F,Holliston  Massachusetts  US,104 Braun Rapid,Easton,Massachusetts,Bristol County,,41.99377976331193,-71.13487401005648,1491347.86,10509.88,,
3edd4261-9d0c-413a-a20d-e1bb3b4b1e43,1972-11-15,,999-53-2598,S99915356,X48615440X,Mrs.,Rosalia943,Hammes673,,Reichel38,M,white,nonhispanic,F,Newbury  Massachusetts  US,343 Sipes Skyway,Taunton,Massachusetts,Bristol County,,41.88743734054419,-71.08938640889188,995642.54,5499.23,,
2063846e-5f2c-4269-a9c2-6b951efdde17,1988-06-09,,999-72-5469,S99925618,X24735957X,Ms.,Michal596,Braun514,,,S,white,nonhispanic,F,Newton  Massachusetts  US,105 Skiles Estate,Uxbridge,Massachusetts,Worcester County,,42.092551782963085,-71.60857202660453,682325.48,5954.949999999999,,
fa7aeab7-84c6-470f-94e3-e42347904b47,2013-01-03,,999-76-6745,,,,Forest317,Lebsack687,,,,white,nonhispanic,M,North Reading  Massachusetts  US,253 Lubowitz Ville,Lakeville,Massachusetts,Plymouth County,,41.85522254681821,-70.94181401359833,187446.53,2204.88,,
be90b850-8817-4145-8013-0a30f8a7a113,1962-01-21,,999-80-6646,S99950139,X86200899X,Mr.,Shayne60,Daugherty69,,,S,white,nonhispanic,M,Weston  Massachusetts  US,243 Bartell View,Uxbridge,Massachusetts,Worcester County,,42.06983594667516,-71.64506270421097,1209499.27,11431.079999999998,,
f0bdd6af-dd7f-4b17-bbf9-3ff85f5bcc2f,1985-02-24,,999-83-4493,S99920106,X20319337X,Mr.,Homer307,Miller503,,,M,white,nonhispanic,M,Woburn  Massachusetts  US,218 Kirlin Ramp,Pepperell,Massachusetts,Middlesex County,,42.65277102677284,-71.61560524960264,849460.3,3789.64,,
d7e5b556-ab73-4f08-ada3-d674baa4f7fe,2002-01-12,,999-46-7628,S99974856,,Ms.,Toby274,Rau926,,,,white,nonhispanic,F,Dracut  Massachusetts  US,131 Keebler Gateway Suite 52,Hopkinton,Massachusetts,Middlesex County,,42.18306511249471,-71.53908882617162,465406.2,3122.28,,
20e53adb-1729-420b-b354-e34526b1cc8e,1978-09-03,,999-11-1170,S99948395,X72493624X,Ms.,Felipa93,Larkin917,,,S,white,nonhispanic,F,Braintree  Massachusetts  US,954 Schroeder Green Apt 22,Maynard,Massachusetts,Middlesex County,,42.38630007866809,-71.43311944852537,984386.29,8094.239999999999,,
2bbbb58c-7049-4a55-92ed-a9fb3d3236a1,1943-07-25,,999-84-8056,S99910961,X15216962X,Mr.,Robin66,Gutkowski940,,,M,asian,hispanic,M,Natick  Massachusetts  US,458 Frami Dam,Boston,Massachusetts,Suffolk County,2116,42.30896914646562,-71.14527768193838,278462.15,21284.73,,
58e69864-0983-4891-ae88-474979582f06,1995-05-20,,999-92-3614,S99910220,X14472862X,Mr.,Kory651,Lowe577,,,,white,nonhispanic,M,Worcester  Massachusetts  US,948 Block Approach Suite 25,Harvard,Massachusetts,Worcester County,,42.520603949465496,-71.5647901944277,604614.08,3357.21,,
ef2eb031-1efd-4f44-8048-88d9b741de8e,2014-03-09,,999-49-9450,,,,Thomas756,Veum823,,,,white,nonhispanic,M,Boston  Massachusetts  US,619 O'Hara Vale Unit 46,Chicopee,Massachusetts,Hampden County,1013,42.13334819473881,-72.61891973540973,143321.06,2351.52,,
e8650663-7165-4b20-adaa-2a74df96c416,1935-07-07,,999-44-4317,S99981202,X25722250X,Mr.,Mervin111,Sipes176,,,M,white,nonhispanic,M,Webster  Massachusetts  US,173 Hodkiewicz Rue Apt 6,Easton,Massachusetts,Bristol County,,42.01795449089156,-71.15374075772147,1638040.19,16734.97,,
fc2ce8d2-d17b-4c45-9bad-9b2a52adad06,1949-10-23,1999-05-30,999-82-7407,S99920513,X25617627X,Mr.,Albert312,Orn563,,,S,white,nonhispanic,M,North Adams  Massachusetts  US,160 Von Throughway Apt 52,Norton,Massachusetts,Bristol County,,42.013853743932906,-71.134521549293,1249595.23,9303.2,,
c2e02795-a955-4c7f-94eb-48e25bd6b510,1966-12-01,,999-40-3070,S99927116,X87595669X,Mrs.,Marlena558,Carroll471,,Denesik803,M,black,nonhispanic,F,Eastham  Massachusetts  US,954 Gerhold Junction,New Bedford,Massachusetts,Bristol County,2744,41.70785479830137,-70.92330724843553,718206.87,5833.19,,
450645a0-5f35-4830-8e60-43d75c313769,1949-10-23,,999-78-5712,S99936190,X72246168X,Mr.,Ron353,Thompson596,,,M,white,nonhispanic,M,Somerville  Massachusetts  US,554 Conn Rest Suite 96,Norton,Massachusetts,Bristol County,,41.98325085012347,-71.1603063528418,1437709.22,31255.54,,
b1d1aa25-d42f-4ab9-b63d-a88627239a4a,1965-04-08,2020-03-16,999-68-4179,S99967487,X37409073X,Mr.,Evan94,Terry864,,,S,white,nonhispanic,M,Amherst  Massachusetts  US,201 Bernhard Rue Apt 66,Springfield,Massachusetts,Hampden County,1109,42.12188723278705,-72.53424769644593,1406257.21,11508.13,,
5792aaee-437d-47e8-8d10-1c1930620c82,1995-09-17,,999-11-3450,S99915627,X14361607X,Ms.,Shanda945,Stehr398,,,,white,nonhispanic,F,Medfield  Massachusetts  US,960 Windler Dale,Dartmouth,Massachusetts,Bristol County,,41.51867974801819,-70.90873856158939,530226.96,4256.24,,
309f4d64-cd95-469a-9195-312ec9a99cae,1999-03-17,,999-88-4826,S99946448,X28331952X,Mr.,Darin74,Nienow652,,,,white,nonhispanic,M,Moscow  Moscow  RU,920 Ondricka Estate,Norton,Massachusetts,Bristol County,,41.996960469846826,-71.15228919271414,5703.969999999999,0.0,,
bc8b0f97-cf59-4e32-89ed-550e84441445,1963-11-24,,999-57-9453,S99923188,X38028547X,Ms.,Keva141,Ortiz186,,,S,white,nonhispanic,F,Westford  Massachusetts  US,581 Keeling Parade Suite 93,Framingham,Massachusetts,Middlesex County,1702,42.26497782359663,-71.46546140174387,1329693.6,16311.089999999997,,
9d0338e6-62e3-4e3e-b6b0-6d5e0b81ccef,2003-11-24,,999-31-3927,S99974995,,,Jesús825,Puga7,,,,white,hispanic,M,San Jose  San Jose  CR,680 Murray Divide Unit 26,Medway,Massachusetts,Norfolk County,,42.133380506039614,-71.44796439108323,381545.88,3427.24,,
7a641bc6-72a0-436b-a32b-67aa7d811760,2008-04-10,,999-44-2171,,,,Guadalupe206,Lomeli256,,,,white,hispanic,F,Santiago  Santiago Province  CL,252 Quitzon Glen Unit 26,Norton,Massachusetts,Bristol County,,42.01171136740114,-71.17986755765769,292402.86,3097.32,,
02fa5d18-460d-4cbc-9623-f06cb5b134d7,1963-10-18,,999-52-2283,S99948630,X78311672X,Mrs.,Lu473,Abshire638,,Parisian75,M,white,nonhispanic,F,Sturbridge  Massachusetts  US,632 Bergnaum View,Wayland,Massachusetts,Middlesex County,,42.31606312856414,-71.3519470692378,1259227.55,15586.599999999997,,
250efadb-6c9c-452d-8dc5-4b6194e135f6,1993-10-27,,999-99-7572,S99946220,X43283248X,Mr.,Wayne846,Brakus656,,,,white,nonhispanic,M,Plymouth  Massachusetts  US,1001 Kozey Trafficway,Taunton,Massachusetts,Bristol County,2718,41.86051177323811,-71.04664341293625,707061.61,3365.6,,
55a41086-d2c9-49a8-97fd-3a101edaa8dc,1982-01-24,,999-70-1307,S99999810,X29308222X,Mrs.,Vinita997,Balistreri607,,Glover433,M,white,nonhispanic,F,Boston  Massachusetts  US,330 Conn Parade,Pepperell,Massachusetts,Middlesex County,1463,42.69170325979385,-71.59767532940319,880254.81,9315.05,,
de6bd558-9ebd-4bb8-81d8-0ee4546fc165,1926-11-14,1985-12-02,999-27-2148,S99945150,X27396680X,Mr.,Olin642,Altenwerth646,,,M,white,nonhispanic,M,Tewksbury  Massachusetts  US,114 Murazik Run Apt 21,Milford,Massachusetts,Worcester County,1757,42.170033340768406,-71.55740747515057,1356773.18,5738.52,,
486d6906-9cc8-4c2e-9d4b-e32e03236da2,2002-07-29,,999-77-6891,S99945785,,,Shaunta614,Hermiston71,,,,asian,nonhispanic,F,Barnstable  Massachusetts  US,1017 Nienow Mill,Framingham,Massachusetts,Middlesex County,1701,42.35633459288582,-71.40512503460701,474821.98,2753.16,,
60b1aee3-c811-4cae-81c5-019095bc5ce3,1926-11-14,2005-06-12,999-35-9820,S99953869,X25891749X,Mr.,Mickey576,Corkery305,,,M,white,nonhispanic,M,Winchester  Massachusetts  US,759 Beer Harbor Apt 98,Milford,Massachusetts,Worcester County,,42.20835769568862,-71.49891849236955,1694157.26,10953.15,,
2603079c-ef87-4002-98b4-6a55e887de14,1968-01-22,,999-41-8894,S99926272,X66454426X,Mrs.,Bethany501,Kuhn96,,Franecki195,M,white,nonhispanic,F,Taunton  Massachusetts  US,626 Shields Junction Apt 72,Taunton,Massachusetts,Bristol County,,41.85471269701741,-71.01263409029907,1202274.93,11494.44,,
96a83a19-acbf-4385-a214-b03fb424e228,1995-01-14,2020-03-15,999-17-8003,S99922371,X39922988X,Mr.,Nicolas769,Eichmann909,,,,white,nonhispanic,M,Worcester  Massachusetts  US,1088 Franecki Viaduct Apt 16,Acton,Massachusetts,Middlesex County,,42.48874585775618,-71.44696228833058,517596.3,2944.72,,
158ae778-5508-477e-9c49-6c965f387d0b,1995-01-14,,999-89-4233,S99969246,X70250644X,Mr.,Emery884,Simonis280,,,,white,nonhispanic,M,Lawrence  Massachusetts  US,467 Schuppe Meadow Apt 32,Acton,Massachusetts,Middlesex County,,42.48727566998932,-71.42100310178405,675597.59,3346.44,,
e5a892c3-4062-428a-9467-a4303586fc23,2003-06-14,,999-36-1386,S99971003,,,Marcelo725,Feest103,,,,black,nonhispanic,M,Upton  Massachusetts  US,492 Kuhlman Row Suite 12,Sudbury,Massachusetts,Middlesex County,,42.38771001064521,-71.38879798288743,460321.99,2679.0,,
1f5d7b0e-2835-4595-86a1-94c1078bd3a9,1926-11-14,2019-05-18,999-72-6819,S99954808,X64298169X,Mr.,Harlan808,Morar593,,,M,white,nonhispanic,M,Revere  Massachusetts  US,473 Hoeger Overpass Unit 72,Milford,Massachusetts,Worcester County,1757,42.196457157193024,-71.54242769600889,1503341.13,33046.62,,
49e60a42-fa8a-44b9-b7e9-6bd7387e55c0,1998-09-24,,999-26-8688,S99934286,X32118920X,Mr.,Jarrett354,Maggio310,,,,white,nonhispanic,M,Lynn  Massachusetts  US,942 Thompson Extension,Upton,Massachusetts,Worcester County,1568,42.19975062045935,-71.61294694594325,576294.0,2994.8,,
f4bbcb27-dd57-4339-8e8f-75b2e6f3309d,1926-11-14,1980-12-14,999-12-7987,S99948611,X48117091X,Mr.,Carey440,Conn188,,,M,white,nonhispanic,M,Rowley  Massachusetts  US,122 Halvorson Trail Unit 5,Milford,Massachusetts,Worcester County,,42.18324445872892,-71.48086991391993,1478975.52,5774.399999999999,,
add9690e-f9df-4cdc-99be-123a9c6d5bda,1939-01-11,,999-12-3796,S99976853,X63347611X,Mrs.,Elly836,Hoppe518,,Casper496,M,white,nonhispanic,F,Boston  Massachusetts  US,160 Olson Ville Unit 50,Fall River,Massachusetts,Bristol County,2790,41.75583918152441,-71.16017902309792,307552.0,15427.63,,
8b361b2d-eb24-4aaf-90d7-9b7f601e4d25,1926-11-14,1980-06-01,999-86-2836,S99942181,X22317362X,Mr.,Clemente531,Nicolas769,,,M,white,nonhispanic,M,Boston  Massachusetts  US,247 Oberbrunner Throughway,Milford,Massachusetts,Worcester County,,42.16930323874188,-71.53727853151426,1165784.98,4170.32,,
f645631b-ecd9-40dd-82ae-53e71ff02750,1916-06-21,2013-06-27,999-20-9785,S99955239,X30500308X,Mr.,Winfred745,Skiles927,,,M,white,nonhispanic,M,Boston  Massachusetts  US,218 Quitzon Burg Unit 74,Dennis,Massachusetts,Barnstable County,2638,41.75424216104825,-70.19324018475699,1826430.31,11332.32,,
429842ce-fd48-425d-b026-d9ceccfbd3d9,1969-12-17,,999-32-1895,S99939885,X18397674X,Mrs.,Cameron381,Nader710,,MacGyver246,M,asian,nonhispanic,F,Boston  Massachusetts  US,293 Brakus Mall Apt 40,Wayland,Massachusetts,Middlesex County,,42.36366789699512,-71.36028718102939,1130524.04,6038.099999999999,,
b3e8abd0-45b1-4a2e-8c55-af7935655c7b,1916-06-21,1981-11-27,999-18-3451,S99928391,X64387180X,Mr.,Leonel449,Wisoky380,,,S,white,nonhispanic,M,Lynn  Massachusetts  US,225 Ruecker Trace,Dennis,Massachusetts,Barnstable County,,41.68060942918832,-70.20770510709337,1336096.08,4406.08,,
b491f88e-255b-445e-82ee-a660e5d7b117,1991-11-13,,999-68-5082,S99931347,X14682699X,Mrs.,Joan322,Rohan584,,Russel238,M,white,nonhispanic,F,Brookline  Massachusetts  US,815 Kerluke Vista,Framingham,Massachusetts,Middlesex County,,42.23462558814752,-71.45245083812472,91108.5,7613.919999999999,,
42fde378-a4e1-4666-8eec-85a42d4d96f3,1926-11-14,2004-06-04,999-48-4991,S99929313,X67021533X,Mr.,Stanton715,Rohan584,,,M,white,nonhispanic,M,Northampton  Massachusetts  US,784 Reilly Highlands Unit 99,Milford,Massachusetts,Worcester County,,42.12438557886079,-71.47709188212973,1457255.38,19963.39,,
8f6e2b4c-0e45-48e6-8e6d-312652b5b7be,1953-02-21,,999-97-4444,S99958461,X58609441X,Mr.,Leslie90,Batz141,,,S,black,nonhispanic,M,Saugus  Massachusetts  US,750 Douglas Light Suite 1,Franklin,Massachusetts,Norfolk County,2038,42.0707112091978,-71.44533293043774,1650958.74,5770.36,,
f87bc6c3-8cd6-4322-b836-99f124c73d41,2000-12-01,,999-48-1219,S99959998,,Mr.,Blair400,Hermiston71,,,,white,nonhispanic,M,Boston  Massachusetts  US,327 Cole Path Apt 30,Milford,Massachusetts,Worcester County,,42.18969812079215,-71.50412821823073,404806.05,3135.56,,
00fb0c2d-042a-45c8-afba-a643803e9ce7,1926-11-14,1992-11-03,999-92-1315,S99951871,X23985640X,Mr.,Len277,Huels583,,,M,white,nonhispanic,M,Boston  Massachusetts  US,743 Schoen Port Apt 12,Milford,Massachusetts,Worcester County,,42.13195711611501,-71.536131154801,1738294.44,95872.89000000004,,
64e0bf12-9bf9-4ff4-9b52-972e556fcea3,1916-06-21,1996-01-17,999-52-6578,S99912139,X76346942X,Mr.,Kory651,Grady603,,,M,white,nonhispanic,M,Needham  Massachusetts  US,627 Sauer Bridge,Dennis,Massachusetts,Barnstable County,,41.75139733939636,-70.172010340823,1463223.37,19645.4,,
82931345-614e-4ba2-b4da-26166efad05f,1988-06-29,,999-21-9218,S99957346,X51929364X,Mr.,Franklin857,McGlynn426,,,S,white,nonhispanic,M,Chicopee  Massachusetts  US,1059 Bergstrom Mission Apt 95,Groton,Massachusetts,Middlesex County,,42.5988380849475,-71.5742909395295,692131.97,2724.72,,
9eb6afea-1235-4296-974d-0aaa398f289c,1926-11-14,2016-07-10,999-46-4446,S99981420,X74821685X,Mr.,Jacinto644,Sipes176,,,S,white,nonhispanic,M,Reading  Massachusetts  US,968 Grant Gardens Unit 12,Milford,Massachusetts,Worcester County,1757,42.121248105436166,-71.56026854663376,1573748.25,25674.85,,
6e47ea2b-67d2-47de-bcb7-17376d66c0f4,1976-09-04,,999-86-7060,S99988605,X87430046X,Mrs.,Janine159,Emard19,,Koch169,M,white,nonhispanic,F,North Attleborough  Massachusetts  US,945 Corwin Gateway Suite 58,Sudbury,Massachusetts,Middlesex County,,42.34917205345806,-71.46058239949065,982108.04,9899.67,,
9c6fc2d7-c08f-4fe2-be87-c85b65d9cdc0,1938-04-26,2004-11-17,999-69-1288,S99983468,X68829194X,Mrs.,Zulma701,Lind531,,Stracke611,M,white,nonhispanic,F,Mashpee  Massachusetts  US,518 Mayer Divide,Springfield,Massachusetts,Hampden County,,42.14520096532313,-72.58679116691246,215103.67,39352.91,,
3b279a37-d3f4-4a94-97de-53272dff9807,1916-06-21,2014-06-27,999-25-8699,S99932304,X83260871X,Mr.,Marion502,Schinner682,,,S,white,nonhispanic,M,Methuen  Massachusetts  US,957 Kreiger Mall,Dennis,Massachusetts,Barnstable County,2638,41.74773952714814,-70.17706598614761,1843702.42,31052.46,,
245d1741-dcab-430d-848d-55857f7a2b13,1974-02-16,,999-14-8141,S99923294,X26106627X,Mrs.,Alexa171,Schumm995,,Blick895,M,white,nonhispanic,F,New Salem  Massachusetts  US,991 Glover Viaduct,Southborough,Massachusetts,Worcester County,,42.33036330551551,-71.48560810639293,1053358.76,5486.919999999999,,
849f5de9-22e7-4899-b087-cdaed08ee243,1926-11-14,,999-84-1264,S99985110,X89991224X,Mr.,Angel97,Lind531,,,M,white,nonhispanic,M,Oxford  Massachusetts  US,664 Maggio Annex Apt 7,Milford,Massachusetts,Worcester County,,42.115489656738205,-71.50354865809044,1732257.36,16638.989999999998,,
d3391d27-7f2e-4067-80c4-2c786dac20db,1958-05-07,,999-97-5281,S99989884,X19721708X,Mr.,Wilbert25,Sporer811,,,M,white,nonhispanic,M,Worcester  Massachusetts  US,940 Blick Burg Apt 75,Freetown,Massachusetts,Bristol County,,41.79671104444489,-71.04083354689172,1352773.3,9073.55,,
007777a3-7d3d-4d37-b9a3-3cf7cfbaab7f,1936-01-11,,999-53-8905,S99979631,X88921941X,Mr.,Graham902,Beier427,,,M,white,nonhispanic,M,Springfield  Massachusetts  US,615 Greenfelder Overpass,Natick,Massachusetts,Middlesex County,,42.3265461183404,-71.35248251621574,1548137.05,7672.639999999999,,
db8fd90c-1edf-42ea-bc17-76e88f121f72,1916-06-21,2019-01-23,999-77-5786,S99986810,X1475067X,Mr.,Julius90,Ferry570,,,S,white,nonhispanic,M,Swansea  Massachusetts  US,105 Nitzsche Camp,Dennis,Massachusetts,Barnstable County,,41.667499142786255,-70.1187966627455,1527608.87,10457.45,,
f0eba719-fa75-46a9-8962-c3c82dd18d8c,1916-06-21,,999-29-2727,S99939324,X47686735X,Mr.,Lincoln623,Cremin516,,,M,white,nonhispanic,M,Burlington  Massachusetts  US,761 Kertzmann Divide,Dennis,Massachusetts,Barnstable County,,41.75911109628636,-70.18204627024804,1472296.96,34528.61,,
d8e27346-3062-4069-9c4c-9540678a7355,2013-05-30,,999-79-2207,,,,Jacob959,Cummings51,,,,white,nonhispanic,M,Williamsburg  Massachusetts  US,268 Klein Heights Unit 88,Framingham,Massachusetts,Middlesex County,,42.363796771674615,-71.46106445866694,160274.98,2362.36,,
dfa8125c-1d6c-4545-a0ca-97e9f458803c,1981-02-22,,999-57-7746,S99958798,X3474922X,Mrs.,Dan465,Aufderhar910,,Altenwerth646,M,white,nonhispanic,F,Peabody  Massachusetts  US,715 Schmitt Union,Grafton,Massachusetts,Worcester County,,42.2371353792659,-71.65342503984495,848153.87,10295.059999999998,,
97711737-96aa-4dd2-bb35-ce7ec39c97f1,1973-11-06,,999-12-1741,S99915040,X25184481X,Mr.,Francesco636,Mueller846,,,M,white,nonhispanic,M,Hanover  Massachusetts  US,312 Ankunding Junction,Dartmouth,Massachusetts,Bristol County,,41.56404916888995,-70.95718720602116,1183568.85,8676.689999999999,,
86c64ef5-4c87-4d62-9476-6b21bac49455,1975-05-30,,999-40-4082,S99962610,X57826981X,Mrs.,Elvie131,Monahan736,,Labadie908,M,white,nonhispanic,F,Needham  Massachusetts  US,719 West Mission,Natick,Massachusetts,Middlesex County,,42.33030543098115,-71.36588028665025,968538.82,8044.949999999999,,
8aa452f5-25bb-4531-854e-de0e47e227b3,2000-05-04,,999-19-3894,S99963130,X42948880X,Ms.,Thomasina264,Ruecker817,,,,white,nonhispanic,F,Westford  Massachusetts  US,744 Lowe Trail,Longmeadow,Massachusetts,Hampden County,,42.03713475080305,-72.62004686557711,460409.13,3642.2,,
acb3e21f-d572-46da-8b5f-6d12a7453676,1998-08-20,,999-78-2442,S99999394,X6514840X,Ms.,Maribeth658,Huel628,,,,native,nonhispanic,F,Haverhill  Massachusetts  US,891 Green Crossroad Apt 98,Milford,Massachusetts,Worcester County,1757,42.15801019915672,-71.50824064205949,346351.79,3294.6399999999994,,
891ed724-599d-4074-a46d-cc4f31b439a4,2000-05-03,,999-85-9798,S99944132,X76469923X,Ms.,Randi364,Fisher429,,,,white,nonhispanic,F,Attleboro  Massachusetts  US,113 Ondricka Lane,New Bedford,Massachusetts,Bristol County,2746,41.69069529308149,-71.01077398721799,66791.87,9298.12,,
ccf01aa3-7f8b-4490-bbc1-8087b3593ee4,2012-03-14,,999-81-3289,,,,Lindsay928,Daugherty69,,,,white,nonhispanic,M,Worcester  Massachusetts  US,729 Spinka Pathway Unit 8,Norton,Massachusetts,Bristol County,,41.94055235993656,-71.14103280898853,25009.47,2472.36,,
1d621b7b-eadd-4be2-a804-17aafef22408,1948-07-09,1977-08-19,999-36-5228,S99990132,X29014840X,Mrs.,Tonie631,Kemmer137,,Jenkins714,M,white,nonhispanic,F,Walpole  Massachusetts  US,655 Pagac Fort Suite 51,Norton,Massachusetts,Bristol County,,41.989507314618926,-71.17463824514886,653150.17,3570.44,,
3f13085a-186e-4dfa-a1e9-60219a13de71,1990-04-04,,999-58-9421,S99989437,X33250044X,Mr.,Ryan260,Osinski784,,,M,white,nonhispanic,M,Danvers  Massachusetts  US,330 Connelly Row Suite 29,Uxbridge,Massachusetts,Worcester County,,42.09415089169144,-71.68606146001633,618133.19,2378.92,,
8d1ed0af-50f3-4f62-adcd-9c80815a36a1,1948-07-09,,999-48-6350,S99992876,X43507543X,Mrs.,Betsey110,Reinger292,,Borer986,M,white,nonhispanic,F,Taunton  Massachusetts  US,137 MacGyver Parade Apt 68,Norton,Massachusetts,Bristol County,,41.95192689312056,-71.13316862553312,1330699.6,9468.24,,
ed743eb3-06f1-4327-af79-7ee34b49829c,2005-03-04,,999-11-1356,,,,Todd315,Cronin387,,,,asian,nonhispanic,M,Hanoi  Hà Đông  VN,784 Becker Avenue Suite 44,Framingham,Massachusetts,Middlesex County,1701,42.33984954172827,-71.4765468014313,29736.76,4935.12,,
d187c982-d3f8-4ff5-aa0d-bde3ff364da0,1985-10-03,,999-84-6983,S99935820,X79230962X,Mr.,Homero668,Santillán790,,,M,white,hispanic,M,Buenos Aires  Ciudad de Buenos Aires  AR,170 Jakubowski Plaza,Natick,Massachusetts,Middlesex County,,42.33064536510841,-71.33556124359336,6407.31,0.0,,
205aa9b7-42b3-46b9-8110-edb2c58c3ac6,2014-11-10,,999-46-1260,,,,Noriko180,Kuphal363,,,,white,nonhispanic,F,Andover  Massachusetts  US,995 Orn Crossing,Easton,Massachusetts,Bristol County,,42.01932958648205,-71.1546574639791,143056.39,2084.88,,
c6bf9d44-a52b-4e83-9365-6216a8084529,1959-04-14,,999-97-9524,S99986692,X42406850X,Mrs.,Lourie532,Moore224,,O'Kon634,M,white,nonhispanic,F,Templeton  Massachusetts  US,1074 Brekke Passage,Townsend,Massachusetts,Middlesex County,1469,42.630031714556594,-71.66442222034007,2052881.2200000023,20280.459999999995,,
44284523-6c54-4cad-a37f-8c3dd8ce6f1f,1973-01-18,,999-73-5358,S99950313,X87693109X,Ms.,Maurine401,Kreiger457,,,S,white,hispanic,F,Beverly  Massachusetts  US,186 Huel Overpass,Springfield,Massachusetts,Hampden County,1013,42.11064584415944,-72.61927332058382,1044615.71,10727.319999999998,,
8f58e3e6-72df-43c8-877d-326592bbddc6,1989-04-28,,999-15-8108,S99932226,X86541077X,Mrs.,Parthenia862,Lowe577,,Schinner682,M,white,nonhispanic,F,New Bedford  Massachusetts  US,999 Mayer Junction,Berkley,Massachusetts,Bristol County,,41.80685515710517,-71.10556550757423,683739.22,7455.199999999999,,
b6be76e2-04d5-42f6-9cb4-7355bccb7f68,1978-09-02,,999-32-1963,S99937422,X88795795X,Mr.,Minh326,Pagac496,,,M,asian,nonhispanic,M,Attleboro  Massachusetts  US,1029 Wilderman Meadow,Worcester,Massachusetts,Worcester County,1583,42.26769131051296,-71.75737573656644,87734.81999999999,384.9599999999999,,
bca906eb-2eb2-493a-8791-fa77f3fbb129,2007-03-19,,999-32-6570,,,,Leopoldo762,Huel628,,,,white,nonhispanic,M,Lynn  Massachusetts  US,662 Jenkins Skyway,Franklin,Massachusetts,Norfolk County,,42.03851257000837,-71.4336754766256,304373.91000000003,3137.32,,
1396fd41-62df-41e5-ac22-01dc334a8f02,1966-04-04,,999-50-7966,S99982163,X29129217X,Mrs.,Janette321,Johns824,,Krajcik437,M,white,nonhispanic,F,Ipswich  Massachusetts  US,314 Krajcik Skyway,East Longmeadow,Massachusetts,Hampden County,,42.07932923141771,-72.52685255209404,1381877.16,6547.759999999999,,
99c4bab4-3d0a-4a68-a374-4bd83c40e541,1938-08-28,2002-04-28,999-24-6952,S99956410,X59989045X,Ms.,Joellen497,Marquardt819,,,S,white,nonhispanic,F,Yekaterinburg  Sverdlovsk Oblast  RU,809 Oberbrunner Crossroad,Dartmouth,Massachusetts,Bristol County,,41.54255836845188,-70.95243099760532,1445771.18,7145.919999999999,,
5259eeb5-c469-4478-bfcc-708adefbec2f,1972-08-13,,999-89-5367,S99949305,X70400339X,Mr.,Denny560,Williamson769,,,S,white,nonhispanic,M,Northampton  Massachusetts  US,737 Cormier Fork Unit 49,New Bedford,Massachusetts,Bristol County,2747,41.64313187440083,-70.97392584924116,150016.69,14124.249999999998,,
8bd7a73c-e8ad-4ccf-9897-ef796c88213f,1942-12-24,2019-07-15,999-52-1611,S99962578,X31469936X,Mr.,Leif534,Cassin499,,,M,asian,nonhispanic,M,Incheon  Incheon  KR,610 Heller Trail Suite 87,Bellingham,Massachusetts,Norfolk County,,42.0718853465549,-71.4530463899096,1509471.41,78730.13999999998,,
5681baf3-a788-4f6a-9510-02cd439491c3,2000-01-01,,999-96-5766,S99988080,X37215348X,Mr.,Luigi346,Lueilwitz711,,,,white,hispanic,M,Medford  Massachusetts  US,161 Padberg Branch Apt 7,Natick,Massachusetts,Middlesex County,,42.269740072254415,-71.34882261333446,63026.52,3546.4,,
644c23ab-a127-45e6-8167-ce781647d7fa,1938-08-28,2010-01-03,999-95-4330,S99953555,X18954186X,Mrs.,Marisol435,Abshire638,,Bosco882,M,white,nonhispanic,F,Novosibirsk  Novosibirsk Oblast  RU,246 Vandervort Arcade Suite 59,Dartmouth,Massachusetts,Bristol County,,41.60725445758932,-70.99831543586886,1494633.08,14611.53,,
83150442-d05d-4d63-a599-96bb1f8c3aad,1915-10-28,2004-02-28,999-56-2886,S99921645,X61049718X,Mrs.,Nam74,Schuster709,,Connelly992,M,white,nonhispanic,F,Arlington  Massachusetts  US,1000 Dicki Plaza,Dighton,Massachusetts,Bristol County,,41.80082276213864,-71.15068961245092,1545375.49,24589.15,,
e93b7622-e845-4ec1-9759-537e29a39fc4,1938-08-28,,999-36-4428,S99936771,X81134272X,Mrs.,Karla801,Morar593,,Kunde533,M,white,nonhispanic,F,Yekaterinburg  Sverdlovsk Oblast  RU,413 Kris Overpass Apt 22,Dartmouth,Massachusetts,Bristol County,,41.60075844172825,-70.9589913600126,1469591.76,26399.93,,
f3854b5a-dd63-4f5d-80c1-db8d58d3900d,1915-10-28,2000-04-27,999-24-4762,S99942910,X81532733X,Mrs.,Britney439,Gorczany269,,Lang846,M,white,nonhispanic,F,Everett  Massachusetts  US,315 Block Heights,Dighton,Massachusetts,Bristol County,,41.79777092978512,-71.12696196120257,1417794.19,28496.77,,
91f6c5a8-2b1d-408f-bf78-bd40164701d1,1968-07-23,,999-14-1644,S99958020,X83536185X,Mr.,Rufus33,Breitenberg711,,,M,white,nonhispanic,M,Springfield  Massachusetts  US,1051 Runolfsson Byway Apt 27,Northbridge,Massachusetts,Worcester County,,42.147228003629465,-71.64652328662065,1202098.48,6019.44,,
44888945-8cb7-44f2-a13b-ab468fb98e3a,1967-09-10,2020-03-19,999-36-1693,S99943959,X25571373X,Mr.,Randall756,Nader710,,,M,asian,nonhispanic,M,Incheon  Incheon  KR,959 Dietrich Viaduct,Shirley,Massachusetts,Middlesex County,,42.58658461260891,-71.65213074926152,1394142.74,3554.72,,
b7a61264-0e66-49e9-9e5a-4bc184249f1f,1936-08-15,1989-02-10,999-62-5220,S99978370,X43068656X,Mr.,Porter490,Romaguera67,,,M,black,nonhispanic,M,Swampscott  Massachusetts  US,841 Labadie Lock,Springfield,Massachusetts,Hampden County,1020,42.10506933712094,-72.5755448364724,176533.4,428911.1600000002,,
992235f2-7368-49b4-af60-676f1ab57989,1942-12-24,2006-09-19,999-85-4854,S99962978,X27924669X,Mr.,Max124,Fahey393,,,M,asian,nonhispanic,M,Incheon  Incheon  KR,766 Hintz Plaza,Bellingham,Massachusetts,Norfolk County,2019,42.03562328709708,-71.44732132135314,2029308.6200000013,13417.03999999999,,
aa465682-96f5-4780-8c86-fa3245480dc8,1986-09-22,,999-78-4057,S99933136,X20283454X,Mr.,Walter473,Kuhn96,,,M,white,nonhispanic,M,Lawrence  Massachusetts  US,815 Fahey Spur Apt 19,Milford,Massachusetts,Worcester County,1757,42.20802415303489,-71.49948350954611,693970.14,2728.84,,
a980007c-9170-4aaf-b87e-83eb194b2645,1932-08-01,1997-08-21,999-36-6198,S99912767,X48065527X,Mr.,Rico947,Marquardt819,,,S,asian,nonhispanic,M,Worcester  Massachusetts  US,421 Kirlin Tunnel Unit 64,Barnstable,Massachusetts,Barnstable County,2648,41.72009162983891,-70.29447923378048,1581666.03,7134.25,,
19f0641b-e165-4086-a946-e9e5b0eabe34,1915-10-28,2007-05-15,999-50-7463,S99974399,X27670343X,Mrs.,Heide509,Tremblay80,,Hyatt152,M,white,nonhispanic,F,Norton  Massachusetts  US,180 Murray Neck,Dighton,Massachusetts,Bristol County,,41.801981792925474,-71.16983246272905,1527542.6,25071.08,,
c96bda9d-db65-4ea7-a44a-de4a3728b691,1936-08-15,,999-41-6697,S99956854,X4265625X,Mr.,Leon728,Leuschke194,,,S,black,nonhispanic,M,Westhampton  Massachusetts  US,940 Streich Manor Suite 58,Springfield,Massachusetts,Hampden County,1199,42.05917541990517,-72.4776919870251,328520.97,77353.15000000002,,
08a5bfb0-0b9a-4e11-ada3-9429d85605fc,1942-12-24,,999-33-7014,S99946818,X45016241X,Mr.,Lon587,Abshire638,,,M,asian,nonhispanic,M,Seoul  Seoul  KR,505 O'Kon Gardens Suite 17,Bellingham,Massachusetts,Norfolk County,,42.11155834580549,-71.4974896619998,1458173.53,36434.3,,
b7bc1469-127b-4e3a-9e29-52523c52c21c,1978-01-31,,999-12-6007,S99928258,X59537728X,Mrs.,Sana377,Quitzon246,,Orn563,M,white,nonhispanic,F,Yarmouth  Massachusetts  US,360 Treutel Trailer Suite 15,Westport,Massachusetts,Bristol County,,41.56367274971672,-71.1113750461007,820955.05,6753.439999999999,,
bf6b83f9-7b8f-4fcc-8e80-94a6dd0005ce,1959-11-27,,999-67-5463,S99934636,X81855695X,Ms.,America446,Schimmel440,,,S,asian,nonhispanic,F,Hanoi  Hà Đông  VN,630 Zieme Plaza Suite 66,Natick,Massachusetts,Middlesex County,,42.30620827732382,-71.36115807518188,1228203.99,22436.83,,
abeb8766-7afb-42d9-b572-18929bb53b7d,1915-10-28,1997-07-22,999-76-5472,S99932964,X21601463X,Mrs.,Lora418,Zemlak964,,Bauch723,M,white,nonhispanic,F,Greenfield  Massachusetts  US,1085 Auer Trailer,Dighton,Massachusetts,Bristol County,,41.87891819480577,-71.19652109916731,1485890.91,18496.51,,
83f7f687-a37a-475c-a388-776e18e75ea1,2004-09-14,,999-55-2725,,,,Leonardo412,Langworth352,,,,white,nonhispanic,M,Brockton  Massachusetts  US,882 Kling Walk,Mendon,Massachusetts,Worcester County,,42.07444307290599,-71.55913933284374,342941.42,2845.64,,
b19e4146-125c-42d4-87ce-fd7cb2a8e521,1932-08-01,1999-02-15,999-19-5466,S99957808,X15662064X,Mr.,Geoffrey157,Gutmann970,,,M,asian,nonhispanic,M,Chelsea  Massachusetts  US,856 Schimmel Camp Apt 6,Barnstable,Massachusetts,Barnstable County,2675,41.6558452813611,-70.29954836693418,1951660.24,15573.859999999995,,
09fd99fe-395f-44b8-b03d-188af8193950,1915-10-28,1990-03-03,999-77-6721,S99996606,X31277871X,Mrs.,Londa304,Hessel84,,Weimann465,M,white,nonhispanic,F,Somerville  Massachusetts  US,136 Ratke Manor,Dighton,Massachusetts,Bristol County,,41.817659715354125,-71.18273423070303,1416726.1,356060.14000000013,,
ee8837b5-c736-44ae-a8f3-e32523dd1a84,1968-09-30,,999-69-2836,S99980156,X17937302X,Ms.,Danita413,Green467,,,S,white,nonhispanic,F,Milford  Massachusetts  US,215 Kihn Lodge,New Bedford,Massachusetts,Bristol County,2740,41.65816342001333,-70.95137240402617,1190673.59,11372.24,,
cf6b178f-f5f7-447a-8aa9-e5a3f73d3f63,2018-12-06,,999-69-6055,,,,Noah480,Gorczany269,,,,white,nonhispanic,M,Athol  Massachusetts  US,878 Ledner Station,Millis,Massachusetts,Norfolk County,,42.18600419143859,-71.36445064698731,37920.0,1171.6,,
0f2b66f8-b930-440f-b054-2d0aaf232962,1915-10-28,2014-06-11,999-51-9405,S99947806,X30694251X,Mrs.,Julietta740,Ullrich385,,Vandervort697,M,white,nonhispanic,F,Taunton  Massachusetts  US,946 Rippin Stravenue,Dighton,Massachusetts,Bristol County,,41.79719009722043,-71.18088816024361,1455558.36,86420.12000000001,,
dcd612bd-6faf-4c91-b4bc-4746f8387211,1915-10-28,1976-05-12,999-92-7713,S99937475,X58819124X,Mrs.,Maryam561,Schumm995,,Klein929,M,white,nonhispanic,F,Wilmington  Massachusetts  US,777 Maggio Landing,Dighton,Massachusetts,Bristol County,,41.8314023497794,-71.16267727088601,1353888.35,8781.64,,
fb42754c-42eb-4e3c-86ac-e7c1e5764ee4,2006-08-07,,999-12-9525,,,,Alverta45,Greenholt190,,,,asian,nonhispanic,F,Shanghai  Shanghai Municipality  CN,211 Predovic Brook,Framingham,Massachusetts,Middlesex County,1702,42.27072472315957,-71.40389073012268,5078.16,0.0,,
68a83d2f-18a1-4132-94de-dca08fe83fc8,1947-11-29,1978-06-24,999-23-1188,S99922032,X74830878X,Ms.,Miesha237,Kunze215,,,S,white,nonhispanic,F,Somerville  Massachusetts  US,457 Gaylord Arcade Unit 31,Lincoln,Massachusetts,Middlesex County,,42.41093822317186,-71.34715103678283,780510.27,3457.9999999999995,,
465edce3-4574-41d4-b872-11beaf808662,1915-10-28,1988-04-30,999-29-1199,S99993867,X17692421X,Ms.,Julienne688,Nitzsche158,,,S,white,nonhispanic,F,Lowell  Massachusetts  US,148 Parisian Spur Apt 83,Dighton,Massachusetts,Bristol County,,41.84977687425735,-71.16068456373101,1425958.92,13618.679999999998,,
582a581b-5832-444c-9916-cc107a03f9a0,1953-09-26,,999-10-4564,S99934299,X28221847X,Mr.,Emory494,Nolan344,,,M,asian,nonhispanic,M,Winthrop  Massachusetts  US,293 Mertz Harbor,New Bedford,Massachusetts,Bristol County,2746,41.70174270377015,-70.94444646178198,1425359.14,20978.79,,
61400a75-eebd-4c84-88d6-fb9654e47fa0,1995-01-27,,999-11-4258,S99994802,X7931141X,Mr.,Norbert530,Bartell116,,,,white,nonhispanic,M,Revere  Massachusetts  US,269 Lindgren Station Suite 82,Framingham,Massachusetts,Middlesex County,1702,42.25677600628019,-71.39852793920967,550262.1,5078.139999999999,,
d8875458-eea3-43bc-9f78-01682ec3b41e,1932-08-01,2001-10-17,999-55-9982,S99954191,X42836258X,Mr.,Zachery872,Leffler128,,,S,asian,nonhispanic,M,Malden  Massachusetts  US,400 Hirthe Trail Apt 42,Barnstable,Massachusetts,Barnstable County,2632,41.62017099097189,-70.2513095514662,1734475.76,353566.48000000004,,
3c6d0851-b8c1-4696-82d4-0e7136a1c17c,1963-09-01,,999-96-9600,S99911039,X50299713X,Mr.,Erik495,Cassin499,,,S,white,nonhispanic,M,Lawrence  Massachusetts  US,963 Hills Mission,Grafton,Massachusetts,Worcester County,,42.160898931286106,-71.70969049642696,1234364.98,13124.9,,
321327c5-73fe-48a8-b933-b40ef36be99c,1915-10-28,2010-08-02,999-61-4544,S99948357,X53008780X,Mrs.,Venus149,Welch179,,Collier206,M,white,nonhispanic,F,Uxbridge  Massachusetts  US,808 Bayer Crossing Suite 70,Dighton,Massachusetts,Bristol County,,41.788291688770144,-71.14027584507916,1420592.45,37088.84,,
03a69413-3978-4f49-bb84-a13a163b1645,2007-01-28,,999-24-6424,,,,Claude750,White193,,,,white,nonhispanic,F,Marshfield  Massachusetts  US,1047 Miller Passage Apt 50,Sudbury,Massachusetts,Middlesex County,,42.39993663412191,-71.43313679273182,320709.63,3354.8,,
13c69a28-8f48-450f-8eb3-ae7ec85a5e2f,1932-08-01,2007-08-01,999-96-5016,S99970197,X17036866X,Mr.,Willard975,Murphy561,,,M,asian,nonhispanic,M,Norwood  Massachusetts  US,1002 Schaefer Parade Suite 23,Barnstable,Massachusetts,Barnstable County,,41.64462286965159,-70.26792055986935,1446642.52,19658.23,,
8edc20d2-355b-44c4-9c0b-ed44ff9f7abe,2017-04-29,,999-49-5358,,,,Stacee229,Hammes673,,,,white,hispanic,F,Millville  Massachusetts  US,419 Hegmann Gateway,Dighton,Massachusetts,Bristol County,,41.87480987278627,-71.18370394045253,77846.58,1559.08,,
c6e72589-6c87-428d-8ebc-f55e3f7d7d4f,1955-02-14,,999-62-9267,S99945242,X47760552X,Mr.,Adolfo777,Dare640,,,S,white,nonhispanic,M,Medford  Massachusetts  US,705 Boehm Harbor,Middleborough,Massachusetts,Plymouth County,,41.92070647890904,-70.91023178772161,1514198.39,9389.05,,
b176f256-fb2d-4778-9797-945dd662e3f4,1915-10-28,,999-86-4087,S99999199,X53701032X,Mrs.,Mi492,Schmeler639,,Hilpert278,M,white,nonhispanic,F,North Reading  Massachusetts  US,438 Mraz Ranch Suite 78,Dighton,Massachusetts,Bristol County,,41.80089273520646,-71.154875042201,1580818.7,36308.2,,
523b3873-620c-49e2-b938-7279ab4bdef6,2013-09-09,,999-52-8385,,,,Kenny207,Johnson679,,,,white,nonhispanic,M,Burlington  Massachusetts  US,338 Konopelski Run,New Bedford,Massachusetts,Bristol County,2747,41.7063968982864,-70.92563661182753,21889.47,5367.4,,
0cc401bf-641e-4ba0-8aae-f1f6cee13a27,1999-07-11,,999-71-4457,S99966473,X86225393X,Ms.,Margene509,Botsford977,,,,white,hispanic,F,North Adams  Massachusetts  US,905 Waters Road Unit 64,Taunton,Massachusetts,Bristol County,2767,41.90130922476614,-71.14092410823719,7275.63,0.0,,
b0886bc0-842d-4b04-9e7b-73a17925fc82,2012-11-12,,999-52-5497,,,,Sang383,Olson653,,,,white,nonhispanic,M,Harwich  Massachusetts  US,428 Stamm Bridge Suite 4,Pepperell,Massachusetts,Middlesex County,,42.658228934962274,-71.58482469640157,2742.21,0.0,,
78b8b790-1dfd-4d90-bf7a-24bf945d296c,1990-07-15,,999-39-4762,S99993436,X42836853X,Mrs.,Tamekia382,Bartell116,,Schowalter414,M,white,nonhispanic,F,Quincy  Massachusetts  US,229 Jones Track,Springfield,Massachusetts,Hampden County,1199,42.13774064564642,-72.60121828404046,143823.16,2667.91,,
6fcbb8d9-48d6-48bd-bac8-c4a0589ac423,1995-07-30,,999-73-7581,S99996690,X21574514X,Ms.,Clotilde434,Ullrich385,,,,white,nonhispanic,F,South Hadley  Massachusetts  US,207 Jacobs Approach,Blackstone,Massachusetts,Worcester County,,42.02889818410666,-71.53419997708073,541574.44,5048.719999999999,,
5a9f7573-6156-4296-b0f6-a307162b8615,2002-04-23,,999-81-9163,S99934665,,Ms.,Chantal971,Schamberger479,,,,white,nonhispanic,F,Weymouth  Massachusetts  US,417 Balistreri Haven Apt 1,Lakeville,Massachusetts,Plymouth County,,41.82114472038847,-70.95954182504565,422874.03,3760.52,,
40aae180-22b5-46b1-a9f5-32d061a0d75a,1983-09-27,,999-13-6812,S99922704,X84860971X,Mrs.,Mitchell808,Bosco882,,Bechtelar572,M,white,nonhispanic,F,Boston  Massachusetts  US,686 Walker Route,Easton,Massachusetts,Bristol County,,42.00086341772301,-71.11065326576728,839702.26,11157.169999999998,,
4051241c-28b8-4409-a903-da0f4593682f,1971-06-06,,999-71-5643,S99989143,X60757569X,Mr.,Tracy345,Skiles927,,,M,white,nonhispanic,M,Marblehead  Massachusetts  US,884 Auer Annex,Uxbridge,Massachusetts,Worcester County,,42.103994417192446,-71.6033780909796,1307003.54,4997.12,,
563108a0-c066-4e5b-8140-cfab1127551a,2003-03-14,,999-47-7998,S99979679,,,Donald774,Treutel973,,,,white,nonhispanic,F,Lynnfield  Massachusetts  US,1089 Roob Road,Middleborough,Massachusetts,Plymouth County,,41.90870956027378,-70.88980357950845,379936.12,7317.15,,
898ae413-624e-41d4-bdd3-78c4bdad3387,1915-11-23,2020-03-26,999-96-9114,S99976877,X70149275X,Mrs.,Willa615,Beier427,,Prosacco716,M,white,nonhispanic,F,Somerville  Massachusetts  US,101 Larkin Orchard,Fall River,Massachusetts,Bristol County,2724,41.62071641202203,-71.05601842248055,1433844.33,75146.84,,
882ffb6d-5d2b-41e8-b907-5e04c77c9440,1989-02-02,,999-75-3777,S99999992,X52344533X,Mrs.,Leoma634,Treutel973,,Ziemann98,M,white,nonhispanic,F,Arlington  Massachusetts  US,702 Heidenreich Ranch,Taunton,Massachusetts,Bristol County,2767,41.94472117569981,-71.10427411940755,130915.78,16539.559999999998,,
ee3eda96-31f9-4c08-8392-d64a96ce5891,1947-07-11,,999-78-5546,S99972359,X35273835X,Mr.,Stuart913,Becker968,,,M,white,nonhispanic,M,Douglas  Massachusetts  US,475 Franecki Parade Apt 49,Milford,Massachusetts,Worcester County,,42.13007189558321,-71.53462822937746,1520382.1,10456.07,,
1710ba2a-45c7-4c43-b7bd-e9d983ed27eb,1992-10-28,,999-42-4665,S99914200,X61111918X,Mr.,Brain142,Harris789,,,M,white,nonhispanic,M,Cambridge  Massachusetts  US,380 Huel Viaduct,Dartmouth,Massachusetts,Bristol County,,41.57420427625346,-70.9938789212451,676132.42,4900.41,,
8b8b5ce1-2111-47a3-aacb-cf2b9a69c83c,1961-05-29,,999-87-1824,S99914623,X76294386X,Mrs.,Shirely692,Hessel84,,Schneider199,M,white,nonhispanic,F,Westford  Massachusetts  US,1014 Gorczany Center,East Longmeadow,Massachusetts,Hampden County,,42.02895120170318,-72.51958203010392,1317310.37,11488.429999999998,,
cd63de90-af2b-400c-b3d2-893be4e50e97,1944-09-30,2020-03-25,999-76-8856,S99972865,X16149829X,Ms.,Annabell933,Glover433,,,S,white,nonhispanic,F,Hingham  Massachusetts  US,517 O'Conner Viaduct Apt 28,Springfield,Massachusetts,Hampden County,1020,42.10952539430881,-72.64074986146798,1431788.5,13979.639999999998,,
b818aa4a-54f5-47bb-9999-277007fe4407,1950-01-02,2020-03-21,999-57-9421,S99969765,X193061X,Ms.,Cassondra930,Dickens475,,,S,white,nonhispanic,F,Sterling  Massachusetts  US,431 Bogan Dam Unit 21,Littleton,Massachusetts,Middlesex County,,42.52390273214375,-71.51881460528891,1369698.03,14833.609999999995,,
66792b0c-13a5-44e7-af64-35cf32ea3be1,1992-03-04,,999-16-3417,S99958709,X34690275X,Mrs.,Samira471,Ferry570,,Beer512,M,white,nonhispanic,F,Wakefield  Massachusetts  US,193 Schulist Center,Upton,Massachusetts,Worcester County,,42.20472897639987,-71.60451545183648,665752.62,5611.999999999999,,
0138b15c-2616-4be2-9755-14255878cd99,1915-11-23,2020-03-13,999-99-4208,S99989411,X71324293X,Mrs.,Tonya123,Spencer878,,Prosacco716,M,white,nonhispanic,F,Medfield  Massachusetts  US,781 Satterfield Key Apt 95,Fall River,Massachusetts,Bristol County,2723,41.7614312718278,-71.1287968170376,1527451.75,47338.08,,
deb0ad54-4131-4d17-aa5b-2a0ed3ef095d,1975-06-24,,999-53-5600,S99988752,X10355977X,Mr.,Chong355,Ritchie586,,,M,white,nonhispanic,M,New Bedford  Massachusetts  US,795 Hartmann Rest Unit 6,Franklin,Massachusetts,Norfolk County,2038,42.12194663815045,-71.42367508042865,1148101.52,6234.48,,
90ef6085-939b-4668-ab2f-260f67b51e8f,1944-09-30,2009-07-21,999-36-2879,S99951036,X13399490X,Ms.,Coreen424,Kozey370,,,S,white,nonhispanic,F,Hadley  Massachusetts  US,566 Weimann Haven Suite 90,Springfield,Massachusetts,Hampden County,1109,42.1695351589681,-72.52255891831085,1257792.65,12774.279999999995,,
3f69bfca-9643-4ac1-b332-777df6ce70eb,2006-07-03,,999-83-1427,,,,Nick779,Larkin917,,,,white,nonhispanic,M,Framingham  Massachusetts  US,944 Feeney Mall,Taunton,Massachusetts,Bristol County,2718,41.965075942148026,-71.01784049430383,319640.92,3078.16,,
58894dd6-ff87-4aa7-9544-489fbf2fb94c,1955-01-26,,999-60-8571,S99916815,X41787855X,Mrs.,Shante445,Fisher429,,Gleichner915,M,white,hispanic,F,Holliston  Massachusetts  US,757 Gleichner Manor,Acton,Massachusetts,Middlesex County,,42.46781989872798,-71.43936139966131,1420651.07,8779.23,,
a975cba6-45a0-48c6-9e75-1ea7b08290c0,1950-01-02,,999-63-1038,S99995093,X22373719X,Mrs.,Golden321,Ledner144,,Moore224,M,white,nonhispanic,F,Swansea  Massachusetts  US,687 Zemlak Ville Apt 56,Littleton,Massachusetts,Middlesex County,,42.5270837125161,-71.4709210720828,1451193.55,12929.82,,
acb0571c-f385-4ec4-b353-b91a9f378ea5,1915-11-23,1994-06-09,999-92-5880,S99997926,X13496728X,Mrs.,Shandi937,Reinger292,,Schaden604,M,white,nonhispanic,F,Wellesley  Massachusetts  US,604 White Byway,Fall River,Massachusetts,Bristol County,2724,41.63942929177896,-70.98572296677392,1220933.95,34001.82,,
603a5f88-8af8-486e-9fca-8a5cbf80696e,1944-09-30,2007-04-18,999-73-4591,S99944410,X69193549X,Mrs.,Ha329,Hudson301,,Carter549,M,white,nonhispanic,F,Carver  Massachusetts  US,957 Cummerata Street,Springfield,Massachusetts,Hampden County,1151,42.20024571264896,-72.54567747545512,1314282.17,8725.679999999998,,
24185784-4ec1-49f5-b5ed-056a009c5290,2005-08-26,,999-16-5483,,,,Margeret29,Zemlak964,,,,white,nonhispanic,F,Greenfield  Massachusetts  US,959 Marks Vista Unit 1,Framingham,Massachusetts,Middlesex County,,42.28748326954244,-71.41764916358255,44877.3,3274.8,,
8c597f8a-89c8-42d1-96b9-96cb8202fe29,1915-11-23,2020-03-23,999-54-5818,S99947512,X10806506X,Ms.,Lorelei90,Stracke611,,,S,white,nonhispanic,F,Boston  Massachusetts  US,954 Cremin Fork Unit 16,Fall River,Massachusetts,Bristol County,2720,41.5848419604636,-71.10201095630016,1417378.83,55295.7,,
d5572d13-9076-4098-8f7d-81495caefd0c,1996-02-02,,999-58-7617,S99983540,X82405907X,Ms.,Amal279,Bashirian201,,,,white,nonhispanic,F,Townsend  Massachusetts  US,192 Marks Crossroad Suite 45,West Bridgewater,Massachusetts,Plymouth County,,41.993990920158055,-71.07305753379308,479448.1,7879.919999999998,,
1bb2f8a9-d4f4-4a2a-a72e-0f994b266bb3,1965-06-13,,999-27-6520,S99956431,X52150205X,Mrs.,Shirl54,Connelly992,,Turcotte120,M,white,nonhispanic,F,Canton  Massachusetts  US,692 Fahey Wall,Framingham,Massachusetts,Middlesex County,,42.33272374058902,-71.44755548084163,186156.76,36071.2,,
79fe3b43-f455-4890-ae04-af62c277bcf9,1959-01-20,,999-87-7951,S99981841,X16466728X,Mr.,Clifford177,Mertz280,,,M,white,nonhispanic,M,Mansfield  Massachusetts  US,482 Altenwerth Burg,Needham,Massachusetts,Norfolk County,2494,42.28327542400974,-71.27591772201221,1554845.24,6243.639999999999,,
29d8b209-952c-4bbd-b56c-fac57ad30628,1915-11-23,2005-01-04,999-12-4255,S99993691,X39153318X,Ms.,Kimberlee228,Wolf938,,,S,white,nonhispanic,F,Holbrook  Massachusetts  US,892 Jerde Road,Fall River,Massachusetts,Bristol County,2723,41.73036325203211,-71.18733395501252,1383444.03,67345.04,,
b1e98a2a-ead9-4a6e-80f0-72c1d9b926f8,1950-12-26,,999-94-2219,S99960118,X82512089X,Mrs.,Regenia619,Herman763,,Torphy630,M,white,nonhispanic,F,Belmont  Massachusetts  US,254 Reichert Skyway,Ludlow,Massachusetts,Hampden County,,42.16435303927484,-72.43102944975466,1433120.03,18892.89,,
47f77d8b-60f1-45c8-88a5-3ed879303667,1915-11-23,1960-11-17,999-21-2836,S99999794,X24594414X,Mrs.,Nell215,Ortiz186,,McKenzie376,M,white,nonhispanic,F,Sturbridge  Massachusetts  US,1046 Lind Wall,Fall River,Massachusetts,Bristol County,2724,41.71575496204633,-71.20886346015405,945914.71,13653.91,,
eafbaa8c-8538-4f42-bf98-dc6ddf3b9ef9,1968-04-16,2005-10-18,999-13-3430,S99947058,X80474945X,Mrs.,Saran641,Zboncak558,,Blick895,M,white,nonhispanic,F,Hopkinton  Massachusetts  US,592 Mante Lodge,Taunton,Massachusetts,Bristol County,2780,41.91951091500898,-71.0601674127948,122188.71,17073.46,,
144e53d6-0ce5-4042-b7c7-ae5723885cd1,1968-04-16,,999-79-1241,S99999095,X89536040X,Mrs.,Maegan141,Koelpin146,,Steuber698,M,white,nonhispanic,F,Cambridge  Massachusetts  US,947 Wunsch Gateway,Taunton,Massachusetts,Bristol County,2767,41.95560790212016,-71.08579089515226,169234.24,16646.37,,
bd2a1d7a-7305-4f09-a5c6-cfc3ee2a89a4,1915-11-23,,999-72-5216,S99917020,X68677655X,Mrs.,Veta780,Macejkovic424,,Brakus656,M,white,nonhispanic,F,Salem  Massachusetts  US,425 Tremblay Lodge,Fall River,Massachusetts,Bristol County,2720,41.59211412259253,-71.12738512177891,1385330.8,63408.01,,
a2998932-3112-4b31-96b0-e80ed0209523,1951-11-17,2008-11-21,999-55-6156,S99976684,X88731026X,Mr.,Sang383,Lindgren255,,,M,white,nonhispanic,M,Barre  Massachusetts  US,205 Kiehn Grove,Holliston,Massachusetts,Middlesex County,,42.18510195958799,-71.43691343636014,1466249.87,6226.77,,
94154dde-011e-4d1d-bbee-93127f5bec64,1923-12-05,2003-06-05,999-54-9315,S99933670,X70408525X,Mrs.,Jack927,Goyette777,,Hamill307,M,white,nonhispanic,F,Haverhill  Massachusetts  US,1027 Mante Dam Suite 27,Groton,Massachusetts,Middlesex County,,42.564573046499184,-71.59074739602833,1770186.13,7937.37,,
9700810c-9ea5-40c1-b665-677386e02048,1966-07-10,2020-03-18,999-20-1990,S99978889,X59611436X,Mrs.,Margaret865,Larson43,,Conn188,M,white,nonhispanic,F,Gloucester  Massachusetts  US,973 Braun Bypass,East Longmeadow,Massachusetts,Hampden County,,42.02610360731982,-72.54563896025122,1289239.34,9108.94,,
0287fbc1-28c0-4317-83d9-f2942f2279f0,1951-11-17,,999-44-4567,S99941594,X25011569X,Mr.,Arlen68,Rowe323,,,M,white,nonhispanic,M,Chicopee  Massachusetts  US,480 Hettinger Quay Unit 19,Holliston,Massachusetts,Middlesex County,,42.17324659491047,-71.44270927915227,1405079.4300000002,9531.19,,
3a6fa8b7-20a5-4004-badd-9783e60c50d4,1966-07-10,,999-22-1542,S99987825,X35112532X,Mrs.,Laraine204,Hauck852,,Murazik203,M,white,nonhispanic,F,Springfield  Massachusetts  US,745 Gusikowski Run,East Longmeadow,Massachusetts,Hampden County,,42.015449173069925,-72.54755718436925,1197557.72,9256.94,,
111294f8-0f8e-4802-8814-2984c285053c,1952-03-29,,999-93-3152,S99962758,X18625547X,Mrs.,Bettie175,Volkman526,,Wiza601,M,white,nonhispanic,F,Acushnet  Massachusetts  US,362 Huels Byway Apt 40,Dartmouth,Massachusetts,Bristol County,,41.52614159362056,-70.96628730236996,1453181.15,20722.7,,
2f887ae5-9bc4-40ea-aeab-9dd73fdcfd60,1923-12-05,,999-86-8495,S99981410,X46900118X,Mrs.,Nikki942,Brakus656,,Gottlieb798,M,white,nonhispanic,F,Orange  Massachusetts  US,331 Deckow Highlands Apt 50,Groton,Massachusetts,Middlesex County,,42.61645465125875,-71.59933783704936,1499875.75,33566.16,,
fc8952bd-3ed5-4297-af9c-a21d021cb870,1974-10-29,,999-97-4962,S99978358,X65807631X,Mr.,Weldon459,Barrows492,,,M,asian,nonhispanic,M,Worcester  Massachusetts  US,195 Windler Trace Unit 79,Bellingham,Massachusetts,Norfolk County,,42.06294148627313,-71.51680276903352,988562.9,3788.37,,
f17e8b9e-0907-4fcb-a6d7-57f453a72c17,1914-12-25,1981-08-15,999-53-8652,S99981604,X80808476X,Mr.,Jesús825,Atencio773,,,M,black,nonhispanic,M,Ponce  Puerto Rico  PR,141 Mraz Trail Suite 32,Fall River,Massachusetts,Bristol County,2720,41.648040497287816,-71.12272218021825,213427.66,9576.33,,
dbc5e30b-87f3-4cda-b15a-4bbe7446b82c,2015-09-24,,999-54-1661,,,,Richard937,Muller251,,,,white,hispanic,M,Warwick  Massachusetts  US,830 Nienow Mission Unit 7,Taunton,Massachusetts,Bristol County,2718,41.87246105174851,-71.06136943717608,102067.07,2846.5199999999995,,
cd6b6dfe-a402-40d2-a394-2779e55dc055,1914-12-25,2000-11-24,999-37-7150,S99975984,X2416237X,Mr.,Jacobo456,Castellanos521,,,M,black,nonhispanic,M,San Juan  Puerto Rico  PR,943 Weber Rue Apt 45,Fall River,Massachusetts,Bristol County,2720,41.723013600326986,-71.1356755101149,353891.26,31566.369999999995,,
a43b0d16-3058-465c-99f3-ede433ba3c88,1914-12-25,1997-03-29,999-74-2496,S99923717,X62353939X,Mr.,Javier97,Urbina137,,,M,black,nonhispanic,M,Ponce  Puerto Rico  PR,135 Casper Rest,Fall River,Massachusetts,Bristol County,2723,41.67568319139716,-70.9934885183715,320017.57,35915.259999999995,,
60e071ba-c5d6-4035-9859-103880f8e5c3,1914-12-25,1964-12-15,999-68-5263,S99980547,X19317871X,Mr.,Federico589,Vélez150,,,M,black,nonhispanic,M,San Juan  Puerto Rico  PR,202 Trantow Tunnel Unit 69,Fall River,Massachusetts,Bristol County,2720,41.6868182916073,-71.05402381983512,154611.25,5256.16,,
8bd554d8-cb67-4377-81f2-a14426f65985,1979-05-04,,999-28-6159,S99928145,X1933871X,Ms.,Sharolyn456,Erdman779,,,S,white,nonhispanic,F,Fitchburg  Massachusetts  US,432 Bruen Underpass,Franklin,Massachusetts,Norfolk County,,42.09532782614866,-71.43624508967915,838230.61,5764.95,,
7ff7d857-c90e-4618-8d3a-d2b85fbf8e20,1914-12-25,1976-06-22,999-39-9716,S99983704,X30126609X,Mr.,Ricardo560,Villaseñor332,,,M,black,nonhispanic,M,Tegucigalpa  Francisco Morazán  HN,572 Hahn Center,Fall River,Massachusetts,Bristol County,2790,41.66185447956825,-71.12842856279056,194442.07,18127.9,,
96c737f5-db1d-4420-9050-d1e85dfd1f6a,1982-05-17,,999-75-5424,S99931505,X2663496X,Ms.,Cira533,Ruecker817,,,S,white,nonhispanic,F,Lowell  Massachusetts  US,194 Kunde Dale Unit 18,Acton,Massachusetts,Middlesex County,,42.52915021442091,-71.47704860424396,807027.45,9270.78,,
7fb22181-5b64-48aa-a5d3-e5e4b7f1d5bb,1975-10-24,,999-32-7608,S99944866,X74324831X,Mr.,Mauricio81,Mayer370,,,M,white,nonhispanic,M,Boston  Massachusetts  US,487 Emmerich Union,East Longmeadow,Massachusetts,Hampden County,,42.0451041385223,-72.5003261086153,1022473.36,3792.12,,
47c7664e-fbce-453f-9e89-a831cd6a332a,1920-06-20,1981-10-18,999-63-5972,S99946824,X67942433X,Mrs.,Mariana775,Narváez57,,Marroquín624,M,white,hispanic,F,Santiago  Santiago Province  CL,714 Miller Gardens Unit 54,Springfield,Massachusetts,Hampden County,1109,42.12695097279032,-72.60937566635107,191280.17,7261.799999999999,,
08a71f08-f1d5-4984-9fe9-51b950ff4779,1983-02-11,,999-41-4527,S99955460,X61755775X,Mr.,Reginald96,Smith67,,,M,white,hispanic,M,Southborough  Massachusetts  US,452 Nitzsche Approach Suite 90,Acton,Massachusetts,Middlesex County,,42.52831566443298,-71.4643749730501,943896.48,3481.36,,
e586d6a9-2450-4931-9b36-91f5306acd31,1935-10-27,2020-03-11,999-15-3259,S99954549,X15978885X,Mr.,Refugio197,Hudson301,,,M,white,nonhispanic,M,Braintree  Massachusetts  US,230 Medhurst Annex Unit 14,Northbridge,Massachusetts,Worcester County,,42.127661631337965,-71.64589526246255,90198.96,10332.64,,
ea303e15-a591-48a8-97d7-7ea4762b6879,1969-01-31,,999-15-3153,S99987325,X20486523X,Mr.,Ivan258,Heller342,,,M,white,nonhispanic,M,Boston  Massachusetts  US,866 Schumm Way,Dartmouth,Massachusetts,Bristol County,,41.52319779706713,-70.9763967713661,1380269.69,5145.44,,
e4c04695-0825-4b70-96ac-ef600c4f6fb3,1914-12-25,,999-38-3471,S99957346,X21185135X,Mr.,Alfredo17,Pabón228,,,M,black,nonhispanic,M,Mexico City  Mexico City  MX,869 Ernser Brook Apt 52,Fall River,Massachusetts,Bristol County,2720,41.64830548560256,-71.09841771232303,457855.34,15083.719999999998,,
30eb20eb-df0d-46ef-ae76-0d064c39919e,1935-10-27,,999-45-2793,S99951927,X40123467X,Mr.,Mel236,Larson43,,,M,white,nonhispanic,M,Newton  Massachusetts  US,1037 Jacobi Run Apt 19,Northbridge,Massachusetts,Worcester County,,42.16130734238542,-71.63938568863614,72109.01,10803.26,,
626b6d40-a7f4-4ec4-b965-e1e49b482faa,1920-06-20,2012-06-23,999-67-7812,S99934128,X24279373X,Mrs.,Alicia629,Rincón417,,Arevalo970,M,white,hispanic,F,Puebla  Puebla  MX,775 Skiles Fort Unit 81,Springfield,Massachusetts,Hampden County,1129,42.1340843941091,-72.56994199875507,428234.93,159701.99,,
054966e7-014b-49e9-b216-ec4c2ead0320,1920-06-20,1997-01-02,999-62-9918,S99953953,X88223907X,Mrs.,Leticia253,Sanabria449,,Pantoja215,M,white,hispanic,F,Lima  Lima Province  PE,668 Casper Overpass,Springfield,Massachusetts,Hampden County,1128,42.13456158175148,-72.52378242052608,282686.71,27329.64,,
71d8dbea-6f4c-44bb-ae23-71a03fb9efa4,1937-09-07,2013-09-24,999-35-7131,S99963579,X24533461X,Mrs.,Deonna907,Carroll471,,Reynolds644,M,white,hispanic,F,Westfield  Massachusetts  US,255 Bergstrom Alley Suite 39,Ludlow,Massachusetts,Hampden County,,42.14317305199428,-72.47105326802142,1393843.42,16954.59,,
dbe6487f-9fe4-4b64-8fc2-49e6ac872c20,1942-03-04,,999-91-9692,S99995538,X85541328X,Mr.,Stefan297,Rodriguez71,,,M,white,nonhispanic,M,Athol  Massachusetts  US,836 Schmeler Crossing Apt 96,Weston,Massachusetts,Middlesex County,,42.330045430264455,-71.34356490073668,1613835.86,13123.33,,
ee239318-69ec-4ca1-b0c6-28de5127bff5,1920-06-20,1973-06-15,999-10-5624,S99943358,X30277910X,Mrs.,Beatriz277,Saldivar860,,Barrera709,M,white,hispanic,F,Santo Domingo  National District  DO,623 Beer View,Springfield,Massachusetts,Hampden County,1104,42.11094231404736,-72.62360049914732,195781.57,106891.64999999998,,
6ff5cc28-3db2-43f8-89f2-0f936f4064bf,1937-09-07,2008-03-30,999-91-5898,S99933498,X30936327X,Ms.,Catrina144,Schuster709,,,S,white,hispanic,F,Groton  Massachusetts  US,205 McKenzie Knoll Suite 71,Ludlow,Massachusetts,Hampden County,,42.2127813730719,-72.47055025105395,1406050.53,10989.62,,
3f995765-2b57-4cbf-9cc6-14bdee1af01d,1998-11-20,,999-73-8466,S99910972,X73045188X,Ms.,Oneida64,Sporer811,,,,white,nonhispanic,F,Haverhill  Massachusetts  US,123 Harris Approach,Framingham,Massachusetts,Middlesex County,,42.29691375903592,-71.39356414188784,522811.04,4093.84,,
4f0861d1-79ca-4a12-925f-05f773e3390a,1920-06-20,,999-35-3382,S99929660,X32749797X,Mrs.,Andrea7,Guzmán14,,Romo23,M,white,hispanic,F,Marigot  Saint Andrew Parish  DM,900 Swaniawski Landing,Springfield,Massachusetts,Hampden County,1129,42.12844009167735,-72.53639490111726,419116.32,20336.79,,
f854d23e-844c-4d70-820d-a9148ce08f17,1990-09-13,,999-68-2971,S99986602,X69353358X,Mrs.,Elnora999,O'Keefe54,,Lehner980,M,white,nonhispanic,F,Bourne  Massachusetts  US,338 O'Conner Common Suite 5,Milford,Massachusetts,Worcester County,,42.185491920849685,-71.4799776388661,547992.56,9335.319999999998,,
a8485236-b41d-4f4a-ac6c-28c78d59b8ea,1958-05-31,,999-76-5141,S99994726,X69331423X,Mrs.,Genevie117,Paucek755,,Crona259,M,white,nonhispanic,F,Ludlow  Massachusetts  US,585 Cremin Hollow Apt 66,Ludlow,Massachusetts,Hampden County,,42.14064131370019,-72.50261316403909,1363708.19,9485.759999999998,,
f65d9f70-2b8f-45ea-a992-5ac68f5e13b3,1961-05-04,,999-43-4668,S99969001,X1102972X,Mr.,Lawrence741,Mayer370,,,M,white,nonhispanic,M,Seekonk  Massachusetts  US,720 Rodriguez Harbor,Freetown,Massachusetts,Bristol County,,41.80731038543398,-71.0430350755967,1365152.8,6896.0,,
33c6f715-a97a-4655-8e0f-02c512872dc8,1976-01-14,,999-80-8319,S99929283,X8463129X,Mrs.,Yvonne357,Jones311,,Hammes673,M,white,nonhispanic,F,Pittsfield  Massachusetts  US,546 O'Keefe Approach Apt 94,New Bedford,Massachusetts,Bristol County,2748,41.680953046676414,-70.95467592329378,559223.4,8485.279999999999,,
5288d5b2-d85a-4f79-92ff-efb76ee6a323,1959-01-29,,999-11-1092,S99947256,X37189040X,Mr.,Jerald662,Hyatt152,,,S,white,nonhispanic,M,Saugus  Massachusetts  US,977 Klocko Avenue,Worcester,Massachusetts,Worcester County,1545,42.39782896061106,-71.83373753038771,770838.26,4585.279999999999,,
2b977b55-1823-449a-a481-b9be81709240,1976-11-18,,999-21-4290,S99998979,X8846410X,Mrs.,Leona665,Lowe577,,Auer97,M,white,nonhispanic,F,Easton  Massachusetts  US,952 Murray Union Unit 91,Millis,Massachusetts,Norfolk County,,42.17065771688929,-71.40281373719395,1009306.49,5095.36,,
d24c626a-8a14-489b-9da0-91fb0aeb139e,2013-04-13,,999-25-5983,,,,Karl184,Dibbert990,,,,white,hispanic,F,Fall River  Massachusetts  US,200 Feest Plaza,Dartmouth,Massachusetts,Bristol County,,41.544052582899646,-70.93385941571565,2800.88,0.0,,
e550f9e3-4e88-4925-8839-2939ce65a286,1932-10-02,2008-08-19,999-80-1591,S99955667,X44000596X,Mrs.,Carlotta746,Kunze215,,Bechtelar572,M,white,nonhispanic,F,Moscow  Moscow  RU,769 Keeling Orchard,Ludlow,Massachusetts,Hampden County,,42.15149322304559,-72.4257653066135,1384235.69,19150.06,,
8a56897f-4e14-4463-a534-77abcc6831bc,1946-08-20,2020-03-18,999-51-5188,S99995993,X48218706X,Mrs.,Jacqui951,Franecki195,,Bergstrom287,M,white,nonhispanic,F,Boston  Massachusetts  US,380 Osinski Viaduct Unit 61,Wrentham,Massachusetts,Norfolk County,,42.08382561252868,-71.397527690998,157874.58,15466.669999999998,,
7aed1062-289a-4a4c-b858-4c1c85828344,1932-10-02,2009-10-30,999-72-7824,S99995115,X51989147X,Mrs.,Marcelina712,O'Keefe54,,Cronin387,M,white,nonhispanic,F,Novosibirsk  Novosibirsk Oblast  RU,965 Terry Divide Suite 91,Ludlow,Massachusetts,Hampden County,,42.15369635278313,-72.49417257326199,1466902.36,32123.97,,
b08cb46a-bbf7-411b-a783-a080145059bf,1960-11-14,,999-79-1879,S99990400,X69693950X,Mr.,Van763,Stehr398,,,M,white,nonhispanic,M,Malden  Massachusetts  US,999 Keeling Lock Unit 14,Westborough,Massachusetts,Worcester County,1581,42.228616384469305,-71.56973527599034,1227787.09,7744.079999999999,,
e4f40209-6f4b-419a-9c0b-693ef0f9e38e,1946-08-21,1999-06-13,999-85-4106,S99917139,X66356754X,Mr.,Howard613,Ward668,,,M,white,nonhispanic,M,Bourne  Massachusetts  US,469 Bode Grove,Quincy,Massachusetts,Norfolk County,2186,42.254782991073256,-71.10633674312732,1510443.3,5878.599999999999,,
291a36d2-e103-4abe-968d-5f8c29710951,1932-10-02,,999-93-3622,S99925937,X67274870X,Ms.,Ilse197,Harber290,,,S,white,nonhispanic,F,Yekaterinburg  Sverdlovsk Oblast  RU,505 Heathcote Row Suite 94,Ludlow,Massachusetts,Hampden County,,42.16607798763198,-72.4475487870611,1475983.92,22703.61,,
f717323d-db54-4117-a49e-1adfef42de1f,1964-09-05,,999-74-1135,S99946481,X45509610X,Mr.,Sandy901,Romaguera67,,,M,white,nonhispanic,M,East Longmeadow  Massachusetts  US,476 Watsica Port Unit 59,Raynham,Massachusetts,Bristol County,,41.956092380157,-71.08255347784133,1423886.3,8240.119999999999,,
8fc24f0d-2190-4b55-8627-157471e874f8,1959-06-28,,999-10-9088,S99921492,X88614490X,Mr.,Reynaldo722,Kozey370,,,M,white,nonhispanic,M,Brockton  Massachusetts  US,189 Johnson Park,Framingham,Massachusetts,Middlesex County,,42.309643704832254,-71.45704894804845,1630222.82,5942.04,,
2d13445a-343a-452e-b607-ce7807054b69,1936-10-04,2016-10-14,999-88-2057,S99974461,X70722258X,Mrs.,Chandra831,Kessler503,,Weissnat378,M,white,hispanic,F,Pepperell  Massachusetts  US,447 Auer Manor Suite 26,Springfield,Massachusetts,Hampden County,1151,42.01030940343919,-72.55493605857401,1390701.83,17482.34,,
0173829a-c520-4d6a-982a-976e8b23251b,1950-07-28,,999-99-7059,S99961009,X35314985X,Mr.,Norman647,Funk324,,,M,white,nonhispanic,M,Peabody  Massachusetts  US,861 Cummerata Trailer Unit 34,New Bedford,Massachusetts,Bristol County,2743,41.63942937389847,-71.02194736881516,1750801.98,6437.67,,
d48932f5-3f4a-43bb-a0e3-0b3c151cc9a2,1957-04-28,,999-55-1847,S99980984,X69264648X,Mrs.,Shala169,Kulas532,MD,Lang846,M,white,nonhispanic,F,Brookline  Massachusetts  US,1004 Tremblay Course,Ashland,Massachusetts,Middlesex County,,42.301055049924486,-71.48701857405102,1400963.68,9172.57,,
a37176bc-8b5e-4297-88e9-2fc3393931d8,1972-04-19,,999-90-2216,S99935912,X31507713X,Mr.,Elton404,Kuhic920,,,S,white,nonhispanic,M,Worcester  Massachusetts  US,681 Bergstrom Lodge Suite 34,Norton,Massachusetts,Bristol County,,41.97595898894853,-71.17786484976784,1287507.07,4922.96,,
da65d3e9-7957-4570-a8d1-72cbe738ad5b,1979-08-08,,999-99-4666,S99995409,X28030566X,Mr.,Rodrick370,Mayer370,,,M,black,nonhispanic,M,Halifax  Massachusetts  US,967 Blanda Estate,Franklin,Massachusetts,Norfolk County,,42.07076769423339,-71.39120415360458,935213.34,3722.12,,
fdeb282e-e876-4fc3-b08f-64560d6c77d6,1936-10-04,,999-87-1685,S99910878,X82371079X,Mrs.,Tai836,Wolf938,,Schoen8,M,white,hispanic,F,Cohasset  Massachusetts  US,721 Kihn Branch,Springfield,Massachusetts,Hampden County,1129,42.09234915752243,-72.51919517292065,1462790.96,34859.3,,
e5c02788-5942-40a9-a227-6972ec0892b2,1997-05-09,,999-47-8696,S99954435,X72640777X,Ms.,Chara19,Rosenbaum794,,,,white,nonhispanic,F,Peabody  Massachusetts  US,594 Bayer Gateway Suite 9,Taunton,Massachusetts,Bristol County,2780,41.92435010193001,-71.06123451320444,53307.27,1747.3199999999997,,
5f45cc39-cbbf-41f7-b72c-7b5bea3f537f,1993-01-04,,999-38-1494,S99998959,X72849646X,Mr.,Arlen68,Wisozk929,,,M,asian,nonhispanic,M,Shanghai  Shanghai Municipality  CN,464 Murphy Lodge,Bellingham,Massachusetts,Norfolk County,2019,42.05902953141692,-71.51650471115352,20158.93,0.0,,
bc3c9e02-c162-4bda-8c4c-f7f7850ef6c3,2016-12-22,,999-73-8714,,,,Mariana775,Adams676,,,,black,nonhispanic,F,Boston  Massachusetts  US,944 Jaskolski Avenue,Douglas,Massachusetts,Worcester County,,42.04548810704498,-71.72615649761198,84065.0,1484.9199999999998,,
3456f21d-3b50-417b-8530-4019a461d69d,1981-12-07,,999-18-7234,S99912213,X68392372X,Mr.,Domenic627,Conroy74,,,M,asian,nonhispanic,M,Springfield  Massachusetts  US,644 O'Reilly Orchard,Acton,Massachusetts,Middlesex County,,42.47884752703104,-71.48718006541854,791881.48,2858.0,,
3a18e691-681c-4dc9-8c66-2fa6abd75dc7,1975-01-07,,999-18-4642,S99997103,X21656302X,Mrs.,Sandi885,Balistreri607,,Cole117,M,white,nonhispanic,F,Dartmouth  Massachusetts  US,593 Quigley Terrace,Bridgewater,Massachusetts,Plymouth County,,41.94833234186661,-70.99087628779557,1124349.94,8049.24,,
C60FE675-CA52-4C55-A233-F4B27E94987F,1957-10-30,,,,,,,,,,Married,Asian,,Male,,,,,,,,,,,Spanish,12.8
C54B5AAD-98E8-472D-BAA0-638D9F3BD024,1972-11-13,,,,,,,,,,Single,African American,,Female,,,,,,,,,,,Unknown,94.0
F00C64F8-2033-4640-80FE-F1F62CBE26A5,1957-06-04,,,,,,,,,,Single,African American,,Female,,,,,,,,,,,English,15.72
B3892204-880B-40EF-B3BB-B824B50E99E5,1978-08-06,,,,,,,,,,Single,White,,Male,,,,,,,,,,,Spanish,16.86
B5D31F01-7273-4901-B56F-8139769A11EF,1971-04-02,,,,,,,,,,Unknown,Asian,,Female,,,,,,,,,,,Unknown,82.08
C5D09468-574F-4802-B56F-DB38F4EB1687,1939-07-07,,,,,,,,,,Married,African American,,Male,,,,,,,,,,,Icelandic,10.87
3231F930-2978-4F50-8234-755449851E7B,1979-05-26,,,,,,,,,,Single,White,,Male,,,,,,,,,,,English,18.36
7A025E77-7832-4F53-B9A7-09A3F98AC17E,1951-07-12,,,,,,,,,,Single,Asian,,Female,,,,,,,,,,,English,16.69
0E0EADE8-5592-4E0B-9F88-D7596E32EE08,1942-07-13,,,,,,,,,,Married,White,,Female,,,,,,,,,,,Spanish,18.8
66154E24-D3EE-4311-89DB-6195278F9B3C,1944-08-26,,,,,,,,,,Divorced,White,,Female,,,,,,,,,,,English,19.49
2A5251B1-0945-47FA-A65C-7A6381562591,1942-01-07,,,,,,,,,,Married,Unknown,,Female,,,,,,,,,,,Spanish,18.05
