Id,LAT,LON,PHONE,REVENUE,UTILIZATION
ef58ea08-d883-3957-8300-150554edc8fb,42.520838,-71.770876,9784662000,2118583.289999432,16963
69176529-fd1f-3b3f-abce-a0a3626769eb,42.375967,-71.118275,6174923500,3590904.310001152,28517
5e765f2b-e908-3888-9fc7-df2cb87beb58,41.931653,-71.294503,5082225200,2902817.140000356,23074
f1fbcbfb-fcfa-3bd2-b7f4-df20f1b3c3a4,42.700273,-71.161357,9786834000,2595623.1400000006,20593
e002090d-4e92-300e-b41e-7d1f21dee4c6,42.375967,-71.118275,6176652300,3922870.010001565,31316
ef6ab57c-ed94-3dbe-9861-812d515918b3,41.748854,-70.74053599999998,5087711800,1737872.599999641,13795
49318f80-bd8b-3fc7-a096-ac43088b0c12,42.327044,-72.67463000000002,4135822000,1474515.6299998113,11692
fbf6180e-b800-3ebe-b91d-93d0288c400e,42.614671,-72.597063,4137730211,600232.2799999733,4761
8b58cdd1-3d79-3126-8fe0-da2c54d6805c,42.33196,-71.020173,6175062000,450122.4199999687,3580
4bdaa4c2-c664-3089-aee2-7137abbad27f,42.059669,-72.03404,5087659771,1528297.1399997822,12211
ecc51621-0af3-3b35-ac3e-8b1e34022e92,41.725351,-71.094162,5086745600,2280136.479999633,18135
5d4b9df1-93ae-3bc9-b680-03249990e558,42.211656,-72.642448,4135342500,2062809.7999994424,16576
37b4d73f-652d-3033-a16e-d97b9e8b4cda,42.812141,-70.886646,9784631000,1413397.1899998502,11240
5844ad77-f653-3c2b-b7dd-e97576ab3b03,42.187794,-72.30846899999997,4132837651,1247529.8099999574,9940
08bcda9c-f8c8-3244-82d4-fc306a7a55d3,42.33196,-71.020173,6176388000,1130563.1500000325,8880
37c0de84-bcaf-3624-82bf-a89b2ac441b8,42.556659,-70.84496,9789223000,2177766.3699995,17235
4861d01f-019c-3dac-a153-8334e50919f9,42.50128,-70.897502,9787411215,2724524.940000148,21656
a0b6ec0c-e587-3b2a-bf9f-248849f29ee5,42.33196,-71.020173,6177893000,578610.6199999682,4582
4f3a530e-a2f7-3de0-9a09-c0a70a9ab894,42.452045,-73.26054,4134472000,2663198.5600000923,21226
f71ce1a9-cca7-3295-9a1e-c88ac3479b6f,42.349617,-71.547214,5084815000,1593601.5399997344,12628
c44f361c-2efb-3050-8f97-0354a12e2920,42.082543,-71.024638,5089417000,2753379.230000179,21875
331f4c11-d298-308b-aaa1-d7825b29b57f,42.411887,-71.690005,9783683000,1373642.3599998753,10826
b1ddf812-1fdd-3adf-b1d5-32cc8bd07ebb,41.897892,-70.62403,5087462000,1963076.3899994916,15557
6be05ccf-ef94-341f-a2a3-1cf9bfde1b18,42.269478,-71.807783,5087999000,1237404.3199999635,9808
b0e04623-b02c-3f8b-92ea-943fc4db60da,42.638893,-71.32210699999997,9789376000,4709892.720002459,37443
ebc3f5c4-6700-34af-8323-85621c313726,42.138838,-72.755911,4135682811,1183001.269999999,9420
fd328395-ab1d-35c6-a2d0-d05a9a79cf11,42.115454,-72.539978,4137489000,1638960.419999709,13079
d692e283-0833-3201-8e55-4f868a9c0736,42.455723,-71.05901899999998,7819793000,5507892.680003425,43948
d78e84ec-30aa-3bba-a33a-f29a3a454662,42.33196,-71.020173,6177262000,490136.31999996095,3890
8ad64ecf-c817-3753-bee7-006a8e662e06,41.903323,-71.094984,5088287000,1864241.819999565,14838
23834663-ed53-3da9-b330-d6e1ecb8428e,41.725351,-71.094162,5086793131,2075263.3499994264,16537
44bef9d3-91c2-3005-93e0-ccf436348ff0,42.33196,-71.020173,6175237900,526920.7099999544,4179
60457c13-adb2-3415-82c5-86ab5dab5f93,42.115454,-72.539978,4137940000,1423600.9499998416,11278
a9f20dc1-5147-3789-bcef-bbecb41c5983,42.742751,-71.178588,9786870156,1472706.0099998105,11790
7fb56531-86bd-3e4a-8619-4df9942da309,42.281593,-71.242414,7814533002,1968475.4399994884,15614
03347b4d-994e-302b-848b-58019a4e274d,42.269478,-71.807783,9783691400,1231642.7099999653,9834
cb6a50e0-af76-3758-99ad-3200ede03fff,42.33196,-71.020173,6176677000,531415.6099999557,4321
9a7149fa-49fc-3c87-b935-d29c55808717,42.33196,-71.020173,6177545800,464381.7199999662,3671
24cb4eab-6166-3530-bddc-a5a8a14a4fc1,42.158692,-71.521419,5084731190,3702499.1500012814,29375
e44f438a-601b-30fb-85eb-bfaf8ddcb5ad,42.586516,-71.988062,9786323420,864338.3300000386,6862
ac8356a5-78f8-3a63-8a1e-59e832fd54e7,42.562221,-71.58484399999998,9787849000,1868711.4399995569,14907
db0acede-4abe-3c01-8d03-5c68a190d8c7,42.24158900000001,-71.082651,7813408000,2338673.009999684,18665
3d10019f-c88e-3de5-9916-6107b9c0263d,42.331876,-71.208402,6172436000,3813316.9900014186,30329
f4e7709c-02f6-37ca-aeea-8247d74e88e7,42.452752,-71.144319,7817299000,2561887.8199999435,20345
12c9daf5-a29c-36c9-ac55-28972463e566,42.24158900000001,-71.082651,6176964600,2356729.739999714,18663
27379046-608b-32f0-9df7-8c833cf5d11d,42.33196,-71.020173,6177325500,457690.1099999677,3714
226098a2-6a40-3588-b5bb-db56c3a30a04,42.082543,-71.024638,5084273000,2842550.940000267,22624
b7175ab4-bde5-3848-891b-579bccb77c7c,42.33196,-71.020173,6176365000,484427.3999999619,3863
d733d4a9-080d-3593-b910-2366e652b7ea,42.33196,-71.020173,6179837000,568381.4299999651,4486
3bd5eda0-16da-3ba5-8500-4dfd6ae118b8,42.18736,-71.195955,5087721000,2756712.50000018,21982
d5117822-5756-389d-9547-891a372d580f,41.57072,-70.556682,5085485300,3917911.190001524,31242
f99c74cc-7d1a-3f95-9a33-4a9357bf2f2a,42.269478,-71.807783,5083341000,1430420.489999837,11334
6f122869-a856-3d65-8db9-099bf4f5bbb8,42.503227,-71.201713,7817445100,2196959.029999527,17425
465de31f-3098-365c-af70-48a071e1f5aa,42.307905,-71.436196,5083831000,2551218.75999994,20210
1eaf97fa-9de6-38de-a9c4-6efe5dc574be,42.269478,-71.807783,5083635000,1259050.7799999488,10011
80e919cc-df1a-3838-b75e-541564a286e5,41.293416,-70.10216899999999,5082281200,1201961.9099999869,9516
8e00f524-3a5f-313e-9542-378dfc61193f,41.45716,-70.556101,5086930410,363404.2999999857,2909
56e0b3b3-4fac-3776-8fc9-7b465eb2fc17,42.19397,-73.361473,4135280790,457174.57999996754,3606
161a799c-4894-36f6-8ca7-2a71c8107f79,42.593384,-72.230228,9782493511,628440.31999998,5001
956ccb85-bea0-30f9-af48-52f5dd95ff72,42.33196,-71.020173,6172543800,482954.5799999628,3832
d7b11827-25f2-350b-bcd8-939fc59851b0,42.33196,-71.020173,6177356000,482773.6599999616,4005
5103c940-0c08-392f-95cd-446e0cea042a,42.115454,-72.539978,4137872000,1504737.8999997904,11983
ff9863d3-3fa3-3861-900e-f00148f5d9c2,42.33196,-71.020173,6177223000,429301.7799999732,3422
72a10c1a-ee7c-3a01-97b1-33f63244c13e,42.503376,-71.272644,781-687-2000,1515589.2599997837,12287
1bd44727-a8e3-322d-9c14-a5c529d6ce6d,42.065655,-71.05398,508-583-4500 Or 508-583-4500,502458.1299999586,4026
be4c63f3-8d38-3fa9-a183-62045b5c85f6,42.32809,-71.11076,617-232-9500,391225.6399999806,3060
a7500efb-720b-3e44-990a-0c3edc5a3990,42.2793,-71.1657,617-323-7700,1214542.9099999792,9501
ae67223f-808e-33d3-a83e-066deebf35ed,42.345066,-72.68291,413-584-4040,310991.2199999964,2486
05462bf2-25d4-3ecd-afdf-bb3e1140929a,42.3665,-71.05931,800-865-3384,1080268.3000000662,8563
5573d6f9-681b-3f8f-9264-2da0fec29b1e,42.62101,-71.31481,978-671-9000,106815.32000000196,833
5259a506-b80b-3ed5-9c30-83188eabf33e,42.586487,-71.80521,978-342-9781 Or 978-342-9781,404993.9099999779,3163
53b25c4b-e95f-3dd1-8e69-d427cdd83631,42.28348,-71.41845,800-865-3384,1088715.0100000608,8645
f95eebbf-70d7-385e-8e4c-748c79c6d644,42.613102,-70.66085,800-838-6331,94880.93000000164,745
c1c0c43e-ca87-3ee5-9549-be3f28afde81,42.580627,-72.623634,413-773-8428 Or 413-773-8428,176096.72000000384,1379
e0c85f99-d520-3f26-8dcd-cfbf172afc5a,42.77449,-71.07901,800-838-6331,1327273.9799999057,10697
ed146054-9dd5-3f0b-83df-d29d983039c3,41.651745,-70.294235,508-771-3190,592766.7599999714,4671
3490b118-b33a-38e3-b763-f6f8f0039d6b,42.62101,-71.31481,800-865-3384,309209.03999999684,2459
8881e3ee-e915-31b3-867f-8e2fbe41e887,42.470093,-70.95994,800-838-6331,638644.529999983,5008
0b78995f-8b45-34d3-969d-afcc456bb1c7,41.635937,-70.92991,508-994-0217,563886.5299999634,4442
de7eebed-6d89-3e62-b8d3-59d80c664399,42.451427,-73.25195,413-499-2672 Or 413-499-2672,185938.7300000041,1458
cb72194a-b1fd-3089-afb6-cb8bb61f4f9c,41.924313,-70.656654,800-865-3384,665070.6599999897,5301
18f774ab-db01-37ba-95c4-44c4eab47089,42.272617,-71.03133,800-865-3384,432427.6499999724,3376
37eb7694-de8f-3407-b95f-1a6a31fb0f6a,42.110065,-72.60007,413-731-6000 Or 413-731-6000,552055.5699999611,4313
d311e70d-86e7-3c03-b115-53892bcf7ef1,42.297756,-71.766815,508-856-0104 Or 508-856-0104,530408.3899999558,4153
7b50426f-b50b-3d7c-ab22-04a0e1632ac8,42.34461,-71.03728,857-203-6461,259379.1000000061,2032
3fbe3da9-8e41-3118-a253-7e2d1b46480f,42.055134,-71.06661,508-580-2730 Or 508-580-2730,513901.60999995633,4028
515117f0-f62e-36da-90e9-a004b40b2260,41.650307,-70.313515,508-778-0124 Or 508-778-0124,264726.33000000566,2065
5b7aa5b4-aa6f-3acc-bd96-01ce774cb614,42.642513,-71.3062,978-453-1151,242639.97000000565,1896
7c530dcd-43f3-3f87-b41b-9f704205e0f8,41.6318,-70.8801,508-999-6920 Or 508-999-6920,270461.0400000045,2112
78dbf052-6958-3c67-af45-b5a450b70fe4,42.139397,-72.62382,413-737-5167 Or 413-737-5167,305153.28999999765,2397
3a2242e0-de37-303b-bdfc-e160c7eae518,42.265556,-71.818665,508-753-7902,892573.0900000471,6979
d5f4875f-6df2-32a8-a01b-47267f47fc49,42.349617,-71.547214,508-481-5519,74654.4800000011,579
b7dc82e4-3595-391b-a897-495dd7e5cf38,42.468432,-71.01394599999999,978-631-9010,9945.319999999992,77
74e00d14-2bbf-3cf3-ae7a-71077abf5f3c,42.844794,-70.841499,978-828-2053,26348.63999999997,205
062ef134-87b2-33ce-8700-2be841551531,41.661303,-70.937913,508-994-0777,8266.239999999994,64
6725cc67-119b-38a5-9fc8-c104c2b7f993,42.355801,-71.862574,508-829-9955,29060.99999999997,226
3a7bb7bb-9e72-3d69-8922-fb46c14a7457,42.363534,-72.50729100000001,413-531-1317,7362.119999999994,57
c72c73fd-0c2a-3579-b732-130984e4883c,42.323342,-71.646236,508-393-1900,7103.799999999995,55
cb60ed4c-0edb-3595-b0e3-897f1a2b917f,42.175737,-71.125385,781-821-1626,7620.439999999994,59
dd7305b8-adee-34b8-81b5-f14fe05784e4,42.782945,-71.087436,978-521-1038,11107.759999999991,86
f0268df7-588d-3e55-bab9-e29862a3be00,42.369417,-71.785036,508-835-2271,32548.319999999967,252
de1376c4-8f27-37ed-85da-6986458442f2,42.770406,-70.872417,978-463-0463,29190.15999999997,227
68bce3bf-f2ec-33ca-ad42-63372ff90d8f,42.184599,-71.305307,508-359-2025,7103.799999999995,55
a1faaa8a-237f-32aa-a877-8cd26f1fdc21,42.323853,-71.142003,617-730-9595,4520.599999999998,35
7ae92f6b-21d5-3e24-8265-d69bd2b9b4ca,41.37295,-70.482349,508-627-7984,17824.079999999984,139
73261f58-9c5a-3dae-833a-92148d5b7072,42.499295,-71.281889,781-271-8811,15757.519999999986,122
3ef2ad01-b3bb-332e-bd65-1607504c44cc,42.376043,-71.11868,617-354-4600,27511.079999999973,214
c71b657c-58b7-33bf-8637-c0e102faf337,42.369451,-71.177925,617-564-0656,9170.359999999991,71
e1053175-7c18-3f57-9814-3e77d8080c14,41.579794,-71.081822,508-636-7569,9816.159999999993,76
d49e6f3e-feab-38e0-adeb-6d0cc8a92c5e,42.50436,-71.064061,781-224-9884,31256.71999999997,243
306fcf64-2582-3906-9311-9cc169d058c5,42.782945,-71.087436,978-373-15162,4649.7599999999975,36
8784f92c-21db-30b9-8492-eb7fcf75ed2e,42.175737,-71.125385,781-575-0100,27640.23999999997,214
eee23eb7-a476-37b0-9811-d57740145867,42.844794,-70.841499,978-462-3287,4908.079999999997,38
71b6fd75-d5ca-3f0a-a81e-1fc098c63ba2,42.369451,-71.177925,617-926-8086,12528.51999999999,97
28f61c08-cdd0-3c54-917c-b248f80b7f74,41.903324,-71.094987,508-823-0304,10720.279999999992,83
fa7e6ef5-13fc-32eb-94b6-a2a925e59210,42.556659,-70.84496,978-921-1335,9686.999999999993,75
8b4fe11a-5235-3649-81fa-b155afee498d,42.265435,-72.670813,413-584-6004,14078.439999999988,110
fc0bcb63-569b-3658-aa03-71cf89aea64e,42.405938,-71.054649,617-389-0013,38102.20000000011,296
9395b8cb-702c-3c5d-926e-1c3524fd6560,41.70692,-70.221117,508-385-9602,19503.15999999998,151
dd1f04b3-54cd-3ff0-96e3-a9aec2078301,42.838603000000006,-71.011997,978-346-4450,75816.92000000113,587
b0bc9a3f-9875-3126-913f-1e1c1a01eb16,42.742751,-71.178588,978-984-5748,6457.999999999995,50
180c8932-47f1-3bf1-9aed-12c9013c2286,42.376043,-71.11868,617-492-7083,7232.959999999995,56
55d1bc6c-bf4e-3cb3-b917-eac93095055b,42.33196,-71.020173,617-480-4043,6199.679999999996,48
277aea7a-ec5f-3dfc-b430-e5e68f599033,42.418722,-71.163912,781-643-9266,5295.559999999997,41
6ba40db8-d0f5-3e80-a7ef-7f3d96d28720,42.520876,-71.770611,978-798-9870,5553.8799999999965,43
46d76f18-28be-3225-9d6c-8f9a424775eb,42.50436,-71.064061,781-245-0055,14724.239999999989,114
3b58f93e-c04c-332e-bcc3-2deed308c510,42.323853,-71.142003,617-277-5510,2454.04,19
3417f72c-36d3-3e9d-b28e-9f7a165c3ed8,42.219645,-71.216768,781-329-5454,4649.7599999999975,36
1dc3e5ea-c4e5-3921-8091-f93f95e6b114,42.483953,-71.43849499999999,978-413-9445,8266.239999999994,64
674de87d-159a-36bb-96a4-e415aa756ea6,42.323853,-71.142003,617-974-6500,8653.719999999994,67
a0f5bcef-a277-330f-901c-27cd8c39df6d,42.224319,-70.880673,781-982-5566,16015.839999999986,124
230b3872-a16b-3c49-b4cb-288c356ed3d4,42.605437,-72.292074,978-544-1503,33969.08,264
c3e371b0-0884-37e4-bae5-a1be9f99b3cd,41.662727,-70.357208,508-775-2059,17953.239999999983,140
2101d4e0-8f93-36bb-b044-f3ae97394376,42.389071,-71.545864,978-562-6011,6199.679999999996,48
934dbefe-1ef2-3f15-8a7e-0c19766b001b,42.648044,-71.161751,978-474-8070,9170.359999999991,72
0b829ba7-406d-3339-b330-1e995b1d72a0,42.474862,-70.96218499999999,781-592-6100,23636.279999999977,183
6cb36205-a8ea-322b-8376-c9c7dc6121df,42.578222,-71.084398,978-290-1295,21053.07999999998,163
b81e45f5-1cbe-3464-bcea-2ced466c7213,42.323853,-71.142003,617-834-2092,2970.6799999999994,23
4388668b-7730-35e0-af95-b996397c4c8a,42.383367,-71.42107,978-443-0998,8007.919999999994,62
ca3fc9ea-baa5-3093-978b-29c0c734e2c2,42.047565000000006,-72.57113000000001,413-565-7177,13174.319999999989,102
b6d84478-28bc-3ab1-8b5a-c64299f8960b,42.146286,-71.255604,508-524-6299,4649.7599999999975,36
10fb096e-706f-3f84-af35-4bab399a8d11,42.390445,-71.101033,617-354-1353,18599.039999999983,145
02da9e41-5656-33e0-be62-aff604c958d3,42.33196,-71.020173,617-363-99881,6845.479999999995,53
026f9974-8b5a-3925-becd-87b049825f1b,42.183577,-72.457812,413-626-5340,13949.279999999988,109
223c28bc-a680-32b8-a654-3c07a81e3cea,42.597055,-71.3697,978-866-1435,11624.39999999999,90
20407251-085a-3849-aec4-9ae82cc81ac5,42.468059,-70.89126,781-599-7781,17565.759999999984,137
2e842845-6ec0-3590-8290-0192c1eab1cc,42.418722,-71.163912,781-643-1266,14465.919999999987,112
28e1a296-8abe-33d4-8e46-8b1f3c735973,42.122956,-70.85631,781-826-5555,23119.639999999978,181
518271fa-2372-3b99-9b3f-a9ccc3cfc33b,42.09387,-71.544519,508-473-12005,41589.52000000021,325
819a27bd-81d7-3aec-b990-e79062cd0fd0,42.146286,-71.255604,781-318-8018,14336.759999999987,111
7ff0344c-ce61-36fd-8187-cd0d13af354a,41.931653,-71.294503,508-222-9522,7491.279999999994,59
cbca2a7d-71ee-328e-8cfc-56f35f27d248,42.418848,-72.10659799999999,978-257-80620,16403.319999999985,127
befd832a-ba6c-3404-b7d6-a01ee45f6fe1,42.468059,-70.89126,781-581-1500,34098.240000000005,264
817f30f1-19d6-3cc9-8713-09309eada809,42.423844,-71.10923100000001,781-391-1640,8007.919999999994,62
9ec35f20-8d1d-34d6-8663-2ef4d94521da,42.356491,-72.568632,413-587-3111,14982.559999999989,117
bc938b40-d8f2-3c87-877a-26071a128971,42.605437,-72.292074,978-544-6699,25961.15999999997,201
59a4b308-6863-3bf6-8ef8-0e0f62d6b04e,42.115139,-70.71033100000001,781-794-2200,2712.36,21
b969cda4-812d-34ff-b4b2-ec1f0d492134,42.782945,-71.087436,978-373-6030,10074.479999999992,78
433c8aea-1ab2-374e-a879-7c6fd0d3c4e6,42.390445,-71.101033,617-930-6902,41847.840000000215,324
18493754-0bc4-3653-89ba-fced6e9a2a79,42.66495,-71.712025,978-597-5227,96870.0000000017,752
8041c7d8-176f-3afc-80ed-e631206c4c65,42.224096,-71.54048900000001,508-333-5523,22086.35999999998,171
775c7fab-5ca1-3703-ba2d-c297992d97d1,42.656952,-70.60463,978-546-2090,9041.199999999992,70
7e0fcfff-e432-3e12-8c28-1b798687cc6b,41.662727,-70.357208,508-420-4480,387.48,3
291d3ec5-a6bc-3cc7-bbc4-5473f2bcbc97,42.122956,-70.85631,781-829-6780,3616.479999999999,28
414083bc-a154-3b45-bfbf-397a568e2362,42.369451,-71.177925,617-924-3343,5424.719999999997,42
f64a8254-152a-394c-aa57-4a7e88ce99af,42.605437,-72.292074,978-544-1556,23765.439999999977,184
d7e1f7b8-5261-3ee6-9d13-3e47f57fa6c2,42.323853,-71.142003,617-638-8853,27640.23999999997,215
6b3080ef-1b74-33ae-aae8-5fdca88f4864,42.125451,-72.649734,413-747-4554,1679.0800000000004,13
5ddddbdd-c3eb-3e78-abf7-850ef1e210b6,42.418722,-71.163912,781-643-3230,7103.799999999995,56
129f29ed-9183-311f-a596-9c762d8cb08c,42.559673,-71.260947,978-670-2706,13949.279999999988,109
36f3b4f2-9e17-3b2b-b080-eab3c7fda7fb,41.661303,-70.937913,617-999-7858,20278.11999999998,157
207d191f-2b0f-31de-ab6a-52265042af59,42.50436,-71.064061,781-932-0559,5553.8799999999965,43
0de9633c-54dd-39cb-947c-8ab5ecdf93a2,42.573654,-71.640986,978-425-6666,84083.16000000136,653
819655f8-a4ea-31a7-bd9e-b0ef44654ba9,42.601977000000005,-71.81586999999999,978-342-1837,22602.999999999975,175
4409e057-3f33-39ab-92a1-54fd9c2f3a3e,41.965341,-71.18178,508-285-2015,18469.879999999983,143
1b16712e-c42b-38cc-8f9c-06c60aee8f4a,41.760932,-70.070392,508-896-4499,23894.599999999977,186
3d57481a-530e-33ab-9369-ae7dace0d2b0,42.323342,-71.646236,508-723-6141,11624.39999999999,91
58fa71de-2295-33b8-8932-176a72078898,42.129251,-70.908736,781-878-6962,36423.12000000007,282
20a2afdf-7859-3515-ab4e-539ec8bc5f44,42.323853,-71.142003,617-734-8459,14336.759999999987,112
4101f148-1f40-3e5c-99a2-f88cbaf9bb9f,42.221851,-73.333044,413-644-0194,20019.79999999998,155
f45aa838-487d-320d-a6c4-fc0f4b968924,42.499248,-70.898204,978-745-3445,13303.479999999989,103
cfd98299-b454-3431-b2b3-5765a9dd4369,42.388921,-71.24226800000001,781-891-9734,7749.599999999994,60
a2b3ba4e-d3ad-3429-ade3-af77895c8be0,41.987196,-70.74194200000001,781-585-7722,21957.19999999998,170
d86bfce3-fbc5-336b-b24e-aef844d6fe3e,42.474208,-71.097665,617-244-8389,6716.319999999995,52
7b4395d5-5744-3cb2-b8a8-688c1a87c1e2,42.206676,-70.94584499999998,781-335-5700,2841.5199999999995,22
5e3989cf-b359-30a4-8d6d-158a04628d58,42.323853,-71.142003,617-939-6299,12915.999999999987,100
ff6a07d9-8101-3861-8d58-2bd44631f20c,42.119006,-71.10365,781-344-0057,8653.719999999994,67
6c9e7a79-b894-3260-8ebd-e57350dd1ce6,41.903324,-71.094987,508-813-0317,9816.159999999993,76
41d11a18-8aeb-305e-b838-81c5999d66c3,41.594939,-70.599243,508-274-7390,7749.599999999994,60
0df61196-c165-3212-9389-40d4bb4a39cb,42.452752,-71.144319,617-331-3314,17565.759999999984,137
78e36de6-282f-3417-9f92-cce7dd0bacda,42.221851,-73.333044,413-528-0700,5295.559999999997,41
960a678f-5f75-3751-a72e-a7662d051351,42.45184,-73.260685,413-358-5697,14595.079999999987,113
f573704c-b330-36ba-90db-1943dea8d013,41.293416,-70.10216899999999,508-364-4331,25186.19999999997,197
27ea3751-40d6-3fcc-88ad-4b7d0c710a7b,41.875179,-70.74671500000001,508-280-4825,46885.08000000035,364
ad3a23c5-ee9b-361d-96ee-244364c9b63a,42.534146,-71.038333,978-290-7090,30869.23999999997,239
755c4fdf-858f-3c62-80bf-5e9ae114c9cf,41.834412,-70.957166,508-947-1683,10978.599999999991,85
1c7f196c-c1db-37b1-8961-c9ac96267b63,42.376043,-71.11868,617-661-0511,14724.239999999989,114
2eede106-3a4c-31f0-93f1-22e30e24a593,42.782945,-71.087436,603-674-2802,5295.559999999997,41
bffef3f6-1fc7-3881-be74-0678fbe77b5b,42.138838,-72.755911,413-562-8045,4520.599999999998,35
1495bd5e-02ff-37a6-baf8-ff4e13600c0c,41.76935,-69.969034,774-316-6599,6199.679999999996,48
bc1b82cc-e927-373f-80bf-b90bff6edfe8,42.224319,-70.880673,781-740-1188,10461.959999999992,81
2ebd3876-5d50-333e-83b3-a33959b8894d,42.50436,-71.064061,617-966-6669,5812.199999999996,45
98b63415-bc21-3f43-b5ad-b78fb98c023d,42.021617,-71.026717,508-587-2858,3874.7999999999984,30
418083ea-2027-3dad-9c4a-5291d00f3ba3,41.661303,-70.937913,508-993-3100,7749.599999999994,60
fda84fde-4ba6-3521-9bc4-3a1782419ebe,42.369451,-71.177925,617-924-8344,3228.999999999999,25
b77848aa-a063-3b6f-84c6-be1a49c1f645,42.62885,-70.685875,978-282-8225,10074.479999999992,78
c392eb95-d804-35bc-aea0-ccc0bbb8d85d,42.323342,-71.646236,508-393-1220,3745.6399999999994,29
3adbc956-6e12-324b-bbf9-c297cbc531dc,42.50436,-71.064061,781-632-7708,9428.679999999991,73
93b9c1c3-c97c-3070-bcfb-87966f028ea4,41.662727,-70.357208,508-362-4533,22602.999999999975,175
424452f2-f497-373b-b9ed-573a13b021f3,42.45184,-73.260685,413-443-7700,12786.83999999999,99
898cdd68-0f0c-3bb7-ac83-3ff23764f1c6,42.614671,-72.597063,413-772-60802,4262.279999999998,33
f4faaee2-1664-300f-a931-6b4c6f727954,42.108463,-71.185182,781-784-5050,10461.959999999992,81
364661ff-4fcc-3d6e-89f8-93d2570f6c3c,42.331876,-71.208402,617-584-8510,1937.4000000000003,15
e73f5da9-599e-3c0d-976f-ee2e4421f347,42.175668,-72.572257,413-593-3101,31385.87999999997,244
56ed0ca7-04eb-35fe-928c-b3f90fea5e10,42.390445,-71.101033,781-608-6831,25702.83999999997,200
e9899e91-ba1a-3497-9b0a-9c3ff91aa182,42.156203000000005,-71.43034499999999,508-533-2200,3228.999999999999,25
54799031-edf6-324e-8215-66500ec5fce4,41.661363,-70.812024,508-758-3754,2970.6799999999994,23
c14ad169-e03e-3914-a3f7-acb69051971f,42.33196,-71.020173,617-242-4476,3358.159999999999,26
1d316cdb-fcb8-3b90-a2e4-079a330d344c,42.323853,-71.142003,617-441-0173,8266.239999999994,64
0ab8b96d-8968-34b7-b29f-975bccb6fb70,42.219645,-71.216768,781-775-3832,22473.83999999998,175
9d2bed4d-cd0b-3541-9337-a941d9b94992,42.535183,-71.105423,781-942-1410,12786.83999999999,99
0d768c74-92f5-367b-bd5c-76d3143e82b7,42.12826,-71.8671,508-987-3771,17565.759999999984,136
ae81b94a-0c0b-3478-ad4c-0bfbeb91c34a,42.307905,-71.436196,508-366-8576,8137.079999999994,63
773f0a50-29d1-3639-81bd-f8b2634270bc,42.367858,-73.269763,413-637-2868,45335.16000000031,353
6fca7f82-5436-395c-b7d5-df9438fb4b2e,41.70692,-70.221117,508-362-5080,10332.799999999992,80
3eb7fc33-e4cf-3696-9be9-e814a1e472b2,42.017302,-71.21641,508-339-3952,6974.639999999995,54
c927f41c-0e3e-3997-bed8-bd53534de138,42.474208,-71.097665,781-662-5118,14853.399999999989,116
53fce0b4-14fa-3ea3-8127-6563160b8ba9,42.439941,-71.601879,978-779-0211,25057.03999999997,194
5673dbfd-c695-36de-a209-bf84527a43ba,42.503227,-71.201713,781-272-7733,15111.719999999988,117
52cfd6b1-bb25-3447-a32a-3cbb0a7afd79,42.176526,-71.603588,508-603-1455,31127.55999999997,243
6092e2a8-bf40-3b65-9d03-9eb8e7e651c1,41.987196,-70.74194200000001,781-585-8199,17565.759999999984,136
f95a01d8-adb4-394e-a0c2-c6069c800389,42.269478,-71.807783,508-853-8400,5812.199999999996,45
94d65687-ca73-364b-815e-9a82383f686d,42.499248,-70.898204,978-745-2803,8266.239999999994,64
56dbf306-b14b-3649-8f40-76064ddba6bf,42.064731,-72.653477,413-789-7455,30094.27999999997,234
db945656-e650-3f97-9857-4f18e117f115,42.614671,-72.597063,413-774-5012,6716.319999999995,52
3bb806d8-ae0d-37d4-af59-96efcc928ea3,42.7539,-71.015935,978-886-1423,24282.079999999976,188
dcbcf94d-c9d0-3c0a-a781-9236447e7826,42.474862,-70.96218499999999,617-512-2069,9170.359999999991,71
a274f6af-f9b7-3a7d-81ed-13ee3e98e3bf,42.284822,-71.348811,508-651-1094,6457.999999999995,50
44c0e821-1885-3533-a7bd-55f275a23979,42.323853,-71.142003,617-731-4884,1162.44,9
9f29ffa8-308f-3999-b711-0882ec108628,42.376043,-71.11868,617-225-2258,4003.959999999998,31
fd583e5b-5756-3faa-ab27-b585f03bd069,41.725351,-71.094162,508-674-6915,10332.799999999992,80
dfddada5-3672-335e-9e49-ad10a4be1391,42.520876,-71.770611,978-534-1962,3487.319999999999,27
4e8f3b06-b00b-33ba-9dce-b016e581ee1c,42.256208,-72.58103,413-493-1997,8266.239999999994,64
b5472de8-5039-36d7-b512-a2ff827007d5,41.661303,-70.937913,508-993-8332,6070.519999999996,47
426bf432-a5f6-351f-89dd-5e7b03e0ca0a,42.323853,-71.142003,617-997-3753,12141.03999999999,94
93c97d3b-076f-3314-a816-9b870b039697,42.323853,-71.142003,617-730-4344,774.9599999999999,6
ce0dc702-7298-363c-bef0-46dc8eee1f6c,42.360502,-71.303433,781-894-2177,11236.919999999993,87
48f9895c-222b-3082-ab26-0b5220b07ab4,42.125451,-72.649734,413-259-7437,31127.55999999997,243
7d370bcc-dba9-3314-8e0b-4b260b91b53e,42.742751,-71.178588,978-683-0123,6457.999999999995,50
88d1ec67-f7f3-3795-895f-53814631398b,42.375541,-70.970646,617-846-1734,20407.27999999998,158
6ea37b08-500c-3caf-b600-a7f90785c9fd,42.535183,-71.105423,774-392-1292,8395.399999999994,65
bf298470-c36c-3a2f-94ef-189c3234d071,42.851284,-70.955837,978-721-8434,14078.439999999988,110
18441415-53eb-35eb-b03a-4053b2eb5016,42.062378,-72.498111,413-525-6293,8007.919999999994,62
a2aaf487-f3e3-3882-824d-e7bd8d61fcf9,42.597055,-71.3697,978-455-0437,10978.599999999991,85
dc94c9de-acc6-309d-b5e7-7fded469c59b,41.56651,-70.958229,508-990-1217,27511.079999999973,213
1840aee8-887d-3b36-b622-15692b0c7be3,42.047565000000006,-72.57113000000001,413-567-2350,26865.279999999973,208
e9a3d0b3-e44a-3b9e-9540-5dd9bfaeee78,42.323853,-71.142003,617-513-6254,9557.839999999993,74
f71fcd39-a1a2-32ca-81f7-d211ac6f1048,42.268426,-71.613309,508-366-8576,1291.6,10
5d446658-c301-313e-9168-37d171e8a3af,42.66816,-72.055644,603-680-1654,13045.159999999987,101
b9b857f6-86c4-3f93-b3ec-ea75879d46fc,42.284822,-71.348811,774-292-9011,10074.479999999992,78
7901c6d8-4c7e-3319-b16d-1eb3c0d73084,42.33196,-71.020173,617-323-3338,8395.399999999994,65
6bb5049f-7008-3a0a-b8b7-03d0c5bb0686,42.376043,-71.11868,617-448-9916,12786.83999999999,99
10b39ee6-5a5a-3ad7-a5e4-6a1c4529a5b6,42.648044,-71.161751,978-474-1700,9686.999999999993,75
e43fd7ef-4ec5-3f03-a270-c36158d48829,42.269478,-71.807783,978-618-5807,2324.88,18
ea982d94-d88d-3cd8-900b-6f09a956f339,42.158692,-71.521419,508-478-6725,18082.399999999983,140
e447a2df-4bd5-34e4-a5f9-82f9da952fd5,42.323342,-71.646236,508-393-0890,2841.5199999999995,22
735d39d3-d76b-30e0-909d-df29f162c687,42.047565000000006,-72.57113000000001,413-454-7779,7103.799999999995,55
9ede8777-9442-3a51-945d-8ccee45acff6,42.050239000000005,-70.867359,781-294-4577,36164.80000000006,280
8f7bf696-8eb8-311a-8db0-4948198907a2,42.349617,-71.547214,508-460-9633,14853.399999999989,115
47e3b2f6-c306-3345-b6d7-a4fe9be25ca1,42.418722,-71.163912,617-803-0951,4649.7599999999975,36
7d42d18c-3a61-3e3e-a6d0-45b896cb5d75,42.323342,-71.646236,508-393-1311,6974.639999999995,54
973e7384-d05b-32ad-a8cc-c39191ee9150,42.452045,-73.26054,413-443-8480,164679.00000000352,1275
8064de0c-68e3-312c-a100-e1c63be55fc2,42.082543,-71.024638,508-583-1066,8007.919999999994,62
7798795a-999b-3042-8b30-baf9c81f54c4,42.452752,-71.144319,781-729-4553,24023.759999999977,187
7fdd295c-3ec8-3fc4-b7c8-3662ec20a4d8,42.418722,-71.163912,617-584-5601,13690.959999999988,106
7a78e136-f3f9-336c-a1d3-61123212530b,42.605437,-72.292074,413-325-1061,16919.959999999985,131
a548837b-cb14-377f-8726-3fcd124f8950,42.33196,-71.020173,617-738-9204,8395.399999999994,65
9b49afd9-7855-3377-9dc9-28b5d1f4ca0f,42.360427,-71.361099,508-655-9127,7232.959999999995,56
e4281037-446e-3534-8246-43036bfeceb1,42.30539,-71.28366899999997,508-498-4454,10332.799999999992,80
e7833359-a2d0-3095-8a27-ce49293581c9,42.331876,-71.208402,617-244-5066,5553.8799999999965,43
aa273d1f-9643-3aa4-98cd-b105391b27b2,42.062378,-72.498111,413-525-7979,5295.559999999997,42
69723e24-a5ed-3203-8397-6027e67a8bc3,42.224096,-71.54048900000001,508-497-9500,8137.079999999994,63
823ae274-1b8a-346b-943d-4ecf57c3fbbb,42.307905,-71.436196,508-907-6006,19890.63999999998,154
95bfa81b-05fa-3b5c-9df6-27d82253a5ae,42.423844,-71.10923100000001,617-290-2711,8653.719999999994,68
42151624-e863-3706-8442-472fafbf2226,42.495629,-70.83582,781-990-1035,25057.03999999997,194
af2a6f3d-aef7-3f88-81ae-493714aaabb6,42.721495,-70.886637,978-948-8180,12528.51999999999,97
145bc458-bc08-3e06-b74e-36f5c3177040,42.064024,-71.248401,508-543-0764,10203.639999999992,79
d2edc181-c35d-3d2a-aee2-f16358d1dccc,42.265435,-72.670813,413-530-2318,16015.839999999986,124
5f3e3a85-0461-3b77-9505-f57767d24412,41.56651,-70.958229,508-813-0981,30740.07999999997,238
6129179a-8705-372a-b425-9dc187f49ad9,42.369451,-71.177925,781-237-2778,13820.119999999988,107
8421c992-940a-3c8e-90c5-78ae49c12d4d,41.758163,-71.21418100000001,508-676-1831,7749.599999999994,60
39c048e6-17e4-38d1-acf0-57b34cf3ac16,42.307905,-71.436196,401-837-6276,14465.919999999987,113
8df24b2c-33bc-3b40-9696-327ad4c96065,41.633619,-70.871306,508-997-3600,15240.879999999986,118
6ffe62de-5d90-3cc7-be16-643a7496c817,42.466691,-72.546751,413-665-3336,48693.3200000004,377
d9c0e47d-7fa3-3b8f-a4a3-29cc29c9abe7,42.246125,-73.361858,413-644-0030,7878.759999999994,61
d8c003f5-668d-3898-be0c-2cc872609e91,42.323853,-71.142003,617-738-1240,16144.999999999984,125
42a6d2c0-4c41-30de-b401-d24121341258,42.158692,-71.521419,508-473-5888,11624.39999999999,90
761e218d-d9da-39e0-9953-b7f089bb82e7,42.673909,-71.091334,978-975-7100,5941.359999999996,46
27025636-b4ec-3b49-91df-baf82448b511,42.597055,-71.3697,978-256-3300,25057.03999999997,194
65110f22-e3e1-34f5-844b-1d5a772762ad,42.156203000000005,-71.43034499999999,774-641-3568,8653.719999999994,67
c67e3978-c50b-3a2a-bc2e-582eb830ca47,42.224319,-70.880673,781-749-9227,8266.239999999994,64
6a48f12a-6639-315f-a315-186d785418ae,42.388921,-71.24226800000001,781-894-4270,10332.799999999992,80
98c716c1-1951-39a3-8c5e-fd57ac194208,41.931653,-71.294503,508-761-5034,47143.40000000036,365
2299ba38-a12b-3186-a0e4-df3156f452bb,42.726188,-70.983328,978-352-5966,3358.159999999999,26
6e21d2e1-b52e-38fa-8254-8a797651c2d0,42.256208,-72.58103,413-519-3439,12011.87999999999,93
181b6c5a-b303-37f8-91a3-b096369cd02e,42.206676,-70.94584499999998,781-335-1166,8395.399999999994,65
fcae3c44-95b9-3a38-ba85-2f0385345e27,41.579794,-71.081822,508-636-0703,49984.92000000044,388
32836213-4ac7-3021-aad8-6383f3ced351,42.209151,-71.683644,508-839-3616,268265.3200000049,2081
608eb1f9-d988-36c4-a1ec-32345568f6e5,42.265435,-72.670813,413-559-7765,15628.359999999986,122
65a74939-6441-32c0-bd3e-00b951c968e1,42.246872,-71.179462,781-471-4338,23894.599999999977,185
c4e60bf3-2144-36d1-8204-4247073f3370,42.064024,-71.248401,508-930-6335,16274.159999999983,127
994e3d71-b1d7-353c-bee4-e111c409ca3d,42.499248,-70.898204,978-423-4818,15757.519999999986,122
891a2df6-59c8-3f38-8cf2-10f415e2cd84,42.241557,-71.082432,617-696-1974,11107.759999999991,86
f3e9d159-191c-3fbb-86f0-dfd0bf66d83f,42.125451,-72.649734,413-788-4131,29190.15999999997,226
95534a3f-dc48-3a8a-8ef8-bb5f95814f22,41.76935,-69.969034,508-240-3445,9557.839999999993,74
b4adb560-35e8-3349-8ca7-564d0bc27aae,42.082543,-71.024638,508-580-3193,4520.599999999998,35
8d8a2e7a-9572-3556-adc2-0cb1479f071f,42.376043,-71.11868,617-497-9267,4649.7599999999975,36
efc250d9-d21b-3bd8-aad5-a8b944558eb2,42.534279,-70.969782,617-320-1756,6845.479999999995,53
1057a1f7-e235-3aaf-a52a-7519bfd984c6,42.323853,-71.142003,978-808-2516,3358.159999999999,26
d3e3c112-3172-3b43-98df-018268eaeae3,42.62885,-70.685875,978-281-5225,4003.959999999998,31
dc4a0b6e-a5e3-3bf8-ab67-3cc89500d31c,42.597055,-71.3697,978-455-7023,1162.44,9
3fe0cf12-2a0b-33b2-b80c-45139c7889a9,42.067804,-70.805713,781-826-2270,14724.239999999989,114
b19f82e0-4f63-3e38-a3e7-111127d0a5c3,42.423844,-71.10923100000001,781-396-5575,4908.079999999997,38
473293d9-b54a-384c-9146-05416f9bdac4,42.369451,-71.177925,617-396-7687,11366.07999999999,88
d6695482-6857-3a6a-9264-97a8a0147afd,42.656952,-70.60463,978-546-6102,5683.039999999996,44
650a367a-d609-342d-a540-a99645f509b4,42.037278,-70.94045899999999,508-735-9406,20536.43999999998,159
502a2ddb-e54a-3b43-9ad9-8103221c44d6,42.535931,-71.490569,978-580-1342,26606.959999999974,207
2b12b49e-7072-3859-b39d-d2140fc27137,42.108463,-71.185182,781-784-0513,19632.31999999998,152
3ac41e13-4fd9-33ae-913f-e650f87a294b,41.661303,-70.937913,508-999-1960,3487.319999999999,27
e05bdfef-298d-3525-b56b-308f61df7b97,42.323853,-71.142003,617-232-5737,4520.599999999998,35
e41fc58a-b748-3d83-8813-966823903ab1,42.115139,-70.71033100000001,781-248-5019,11624.39999999999,90
bf5b8173-2d02-342a-b46e-f7814724d0c0,42.241557,-71.082432,617-361-1169,4262.279999999998,33
b3a36503-0436-317f-a5f0-d18aa5629349,42.423844,-71.10923100000001,781-332-6311,12399.35999999999,96
9be75bca-ba4a-34f5-a1dd-2cb1422c856a,41.693632,-70.105298,508-432-0020,11107.759999999991,86
a0beef0e-b8a5-3261-ad57-356e65749977,42.012797,-71.336578,508-699-2228,21828.03999999998,170
a2f4cbd8-c8b2-3ab9-9161-d288837a2139,42.119006,-71.10365,781-784-5778,8653.719999999994,67
8073afc8-262d-331f-9acd-77dd23fe51ac,42.115139,-70.71033100000001,781-837-4436,14078.439999999988,109
06eff9e0-c5b4-39ed-8273-2f29cf5d3185,42.241557,-71.082432,617-698-0998,19244.839999999986,149
d25fc46d-668a-360b-b1ec-255794e8d75b,42.246872,-71.179462,781-251-0029,8007.919999999994,62
6dc2f88a-5158-3aab-ab7c-c833287ef7f2,42.269478,-71.807783,508-756-1626,5295.559999999997,41
3fc95d1e-061a-3d88-8308-9ed77647aa63,42.327044,-72.67463000000001,413-387-5180,2712.36,21
f572718f-a826-3e8d-9269-07387910d3c5,42.390445,-71.101033,617-623-1900,28544.35999999997,221
777aafd6-1743-3ea6-89ff-99d9e3608aad,41.706123,-70.164823,508-385-2550,20148.95999999998,156
fafcf3db-7df5-3b11-8653-9032850edd62,42.601977000000005,-71.81586999999999,978-423-8907,8782.879999999994,68
693e76ee-f9b9-307e-8ff3-4fc497594bd5,42.33196,-71.020173,781-710-1405,26736.119999999974,208
a8cca3db-f2c4-3f0e-be10-c44c1ab455e7,42.648044,-71.161751,978-470-0774,11753.55999999999,92
fb9ee7f4-605d-3f61-aabf-c8810d1d3368,42.574174,-70.95051600000001,978-777-3899,6328.839999999996,49
65583707-3e0a-35e3-8c0a-37df9efe0b23,41.9591,-70.80275300000001,781-585-8492,92736.8800000016,720
ed63a224-2de2-3e2f-8069-5cef058b4b83,42.556659,-70.84496,978-927-9216,1937.4000000000003,15
22f35ea9-04e3-3ea7-92e3-c6bfd6530d81,42.178993,-71.052654,401-261-5131,6716.319999999995,52
00036927-6ef5-38cc-947d-b7900257b33e,42.056913,-70.190488,908-367-4355,4003.959999999998,31
58bc03cf-cbfc-3c6e-b673-3d3c9e0ccd0a,42.578222,-71.084398,978-664-1151,2324.88,19
7b279b91-0270-3145-a31e-6ec1f5d0ca09,42.614671,-72.597063,413-773-5119,2712.36,21
b874cf38-9c83-370a-9740-40257f0c7600,41.972376,-70.978773,508-697-9722,5295.559999999997,41
2cdbd26a-7304-3a85-93bc-9e92c6a91f00,42.390445,-71.101033,617-666-5800,22861.319999999974,177
b74c6b49-6c41-3c34-829a-33c4739872be,41.931653,-71.294503,508-761-6100,19890.63999999998,154
5b8f3d4e-7528-32cb-82b3-356cbc793d15,42.445222,-71.23001500000001,781-354-6022,16790.799999999985,130
064c0d80-164f-3f56-aab0-a1e210f07aaf,42.574174,-70.95051600000001,978-774-9708,10720.279999999992,83
5e6f8a00-6072-30cd-988a-a615e9cc3b2f,41.738479,-71.165065,508-676-2140,48435.00000000039,376
18b35c8f-7e8e-3e96-b381-2e2c335d4cc8,42.205416,-71.00216800000003,781-794-2300,18986.519999999982,147
100ae65d-caae-39c7-9e38-facbced961ec,42.33196,-71.020173,617-669-6059,7491.279999999994,58
036e3ac3-cf03-3aef-982e-cce75baed820,42.133935,-71.968025,508-248-4318,5166.399999999997,40
ce9c2dda-23ac-35e3-9051-a71a04bfeb5a,42.679723,-71.30068,617-549-9711,24798.719999999976,192
036c2612-ef37-3468-9424-255570c84216,42.241557,-71.082432,617-298-1608,15240.879999999986,118
bac5fcc9-af99-3bee-abc6-25c70e5aa89c,42.33196,-71.020173,978-827-6055,9557.839999999993,74
438e9d44-1f8f-3c7f-807c-754e714c4e29,42.396824,-71.031348,617-889-5528,47401.720000000365,368
4e88e002-7a95-3fb2-965a-8fbb5302e2ad,42.327044,-72.67463000000001,413-923-8036,6845.479999999995,53
fa705b4d-6d15-3d99-9232-808663837f8d,42.535931,-71.490569,978-486-9898,20148.95999999998,156
db30cadc-72a0-3810-a951-678fb424a606,42.331876,-71.208402,617-964-8809,5941.359999999996,46
e95e99e4-9db2-3938-a93f-9f80ed2686ad,42.175737,-71.125385,508-423-3483,13432.639999999989,105
93b53dea-dff0-347c-bcb2-0a37f0a340f1,42.376043,-71.11868,617-547-75372,14982.559999999989,116
7de1976a-eff4-3ca6-ac09-274462ae76ef,42.452752,-71.144319,781-729-2660,6974.639999999995,54
aec53c3f-8025-3167-a079-8c82c2b6255d,42.468059,-70.89126,781-581-0326,9686.999999999993,75
6bc15379-df43-3eb0-9248-13481a3bf028,42.323853,-71.142003,617-429-2478,9299.519999999991,72
dc8941c5-a7a5-3783-88b9-b32ce05d34e7,42.673909,-71.091334,978-697-3554,17178.279999999984,134
eec6357e-0155-35ac-bbde-15b90a1bba49,42.495629,-70.83582,781-598-9708,4262.279999999998,33
9ba4bc4f-ebc3-3c11-b80a-7caa2bbb3836,42.331876,-71.208402,617-462-9339,9170.359999999991,71
1ec8b573-30d2-3ed7-aa18-3f3d438f1540,42.33196,-71.020173,617-953-4831,6716.319999999995,53
12a3ebf8-88fc-3152-ab89-3c0a0ad2786b,42.284767,-71.714228,508-792-1500,32031.679999999968,249
a856a319-f212-34ed-a1e1-d94fd73e0c93,42.679723,-71.30068,978-957-5665,7232.959999999995,56
92f41b1c-9859-302b-a6e3-fa0988311b4c,42.844794,-70.841499,978-465-9139,5166.399999999997,40
fc6d7f11-099a-3295-a1d7-915ed6fcc4b9,42.323853,-71.142003,617-277-3241,12915.999999999987,100
15d43eb9-2b01-3730-9d2f-b232e0c046c3,41.76935,-69.969034,508-240-1722,258.32,2
4d4f0156-9110-3edd-aa94-53f4d58fce4a,42.468898,-72.48457900000001,413-348-6257,36035.64000000006,279
ea6af3ee-e3c3-362e-aff4-fcf6c259b6cf,42.323853,-71.142003,617-240-3483,6716.319999999995,52
a1160997-cb1a-3e81-bc60-6c3b22ec192a,42.376043,-71.11868,857-928-6500,10591.119999999992,82
9d6fe7ba-88b5-33ee-80bf-5f37f8e8b913,42.10481,-72.08774,508-347-7309,7749.599999999994,60
3c044e24-776e-3bdc-9062-fb08a16bd7c1,42.323853,-71.142003,617-632-7796,14078.439999999988,109
92a2baa4-3c1f-3479-9d37-47bb0598277f,42.355801,-71.862574,508-829-6731,16532.479999999985,128
ca2ae8f7-a4b7-3104-8728-650cacb67acf,42.146286,-71.255604,617-750-3169,10461.959999999992,81
8de224fc-68f4-3a8e-9a58-302a81423a11,42.445222,-71.23001500000001,781-861-8884,11882.71999999999,92
ac9a97a1-04a9-3b38-a235-891f47b50bd4,42.483953,-71.43849499999999,978-266-0017,7491.279999999994,58
daa4c408-5fc5-32a8-881e-12181e8b8598,42.231947,-71.372963,508-545-1843,82145.7600000013,638
f5a62d15-650a-3ff1-85f4-f79a19de9a4a,42.673909,-71.091334,978-688-7933,6845.479999999995,53
5f6db31e-3b32-38a0-918e-30bab4578915,42.23416,-71.291167,978-369-2390,23894.599999999977,185
cb2fe104-f524-30c3-a7ed-22a9e19e4b7c,42.275462,-72.280158,413-967-3017,5553.8799999999965,43
e9b210da-b06c-3bda-afe0-ea8f291211dd,42.62556,-73.119828,413-743-9820,41202.0400000002,319
d3b80ad7-9784-3396-8507-4b9064e815cb,42.363534,-72.50729100000001,413-230-7945,11624.39999999999,91
0eba0f93-a5fa-30e3-a452-f54b842d1d33,42.331876,-71.208402,617-645-6885,11107.759999999991,86
ccafb5f7-0a90-3c10-9803-d2e8798178a4,42.241557,-71.082432,617-686-9378,29060.99999999997,226
d6e720e9-fa6b-3631-8609-353bc9d1a5a2,42.281593,-71.242414,781-449-4090,17049.119999999984,132
3dc9bb2d-5d66-3e61-bf9a-e234c6433577,42.256208,-72.58103,413-446-0498,24540.399999999976,190
763a3f59-a40f-3070-9ebf-a08366f552f6,41.987196,-70.74194200000001,781-585-9300,13561.799999999988,105
3257eca9-a04b-3b75-a6e1-7aab30b21d91,42.614671,-72.597063,413-774-7519,8395.399999999994,65
b19ac225-3360-3e4c-bba1-05d08fb2df78,42.468059,-70.89126,781-598-3100,14853.399999999989,115
31178140-55b1-3235-982d-207dd27e77be,42.418722,-71.163912,617-732-3921,8524.559999999994,66
2e5db71a-a3b2-32ea-9c0f-2b698f1d756a,42.574174,-70.95051600000001,978-777-7188,1937.4000000000003,15
bf338d56-67c1-3bfa-827b-c51d8400feb6,42.363534,-72.50729100000001,413-253-8900,12528.51999999999,97
d0ab862e-cd30-3d45-babd-d2cef16f8b22,42.614671,-72.597063,413-210-4359,9945.319999999992,77
ec446f6a-807f-3230-975f-9e1fe62d8876,42.474862,-70.96218499999999,781-599-2773,14207.599999999988,110
a7ae73bc-cfbd-33bc-92d8-e4c494fb1f94,41.897892,-70.62403,508-746-8004,9557.839999999993,74
da799735-2a0b-3a36-8b5c-95e8b5023e06,42.27901,-72.400468,413-323-1196,14853.399999999989,115
b29dcadb-a680-3068-a051-4700656fcaea,42.455723,-71.05901899999999,781-665-6604,13820.119999999988,107
607264dd-920f-3fe6-a73d-f9b22861d7c1,42.445222,-71.23001500000001,781-861-0956,3874.7999999999984,30
d5dccafd-c5a3-3c51-bbde-c9524691ad1f,42.323853,-71.142003,617-278-6322,33710.759999999995,261
351b63e3-b130-338b-aa5b-ae57f49fe0c0,42.307905,-71.436196,508-879-7983,7103.799999999995,55
66d9e1e4-6c0a-3dbf-a358-e46aaf99c97a,42.455723,-71.05901899999999,781-662-6060,10203.639999999992,79
6cf7174e-d3b8-365f-b74f-72da86c3ab31,42.205416,-71.00216800000003,781-843-4295,13820.119999999988,107
699f8f7a-c227-3497-aed6-d0fa5631b172,42.614671,-72.597063,413-772-6300,7232.959999999995,56
2b841563-da17-3168-9c5d-954f3b5717f0,41.670154,-70.06519399999999,508-237-2337,3874.7999999999984,30
bd037283-ea3d-351d-81ed-fdcb4db8ed1b,42.679723,-71.30068,978-866-8530,32935.799999999974,256
6283a0f2-98cd-30e3-a92d-620a208e254c,42.376043,-71.11868,617-497-1484,9686.999999999993,75
e4cf9ee8-af0f-38d3-9422-2110c6f54867,42.376043,-71.11868,617-492-3185,4133.119999999998,32
e9511c80-e1dd-3ecc-81de-1ceb0a66674e,42.269478,-71.807783,508-752-1433,11753.55999999999,91
fa120db4-e034-3fa3-a831-d343d5445bb8,42.468432,-71.01394599999999,781-231-2292,27123.599999999973,210
f0fdfcb5-779b-341a-be4e-a6445b300751,42.281593,-71.242414,781-444-1290,1808.2400000000005,14
7035b5cf-e87e-3ad9-8872-8c53e265527d,42.474862,-70.96218499999999,781-599-3500,9428.679999999991,73
5f6fe06a-a687-3540-8cab-fda5744d8a29,42.375541,-70.970646,617-846-3330,44689.36000000029,346
99539e93-a754-336f-8dfa-6616c8d5f5a4,42.269478,-71.807783,508-798-3000,13303.479999999989,103
78d6ee98-f770-38f8-a1a4-47e15afd5a44,42.355801,-71.862574,508-829-7191,25573.67999999997,198
2c2aca46-5c9d-3026-ad9c-7620af3f542a,42.445222,-71.23001500000001,781-863-1966,6457.999999999995,50
3597e991-7fc3-3591-820f-9d5e84dda836,42.323853,-71.142003,617-734-2128,11107.759999999991,86
820b9cc0-50ab-3700-816c-98b323098be3,42.445222,-71.23001500000001,781-718-7571,11236.919999999993,87
0aa388c5-cfe9-3563-945a-05aa2bcf1cfc,42.369417,-71.785036,774-535-2947,44431.040000000285,345
ab2b53d3-1524-30dd-b44f-272e6f57a836,42.178993,-71.052654,781-961-7887,6845.479999999995,53
2ed2751c-c526-39a9-9247-41d092ddb896,42.122956,-70.85631,781-826-7397,774.9599999999999,6
d504c24c-6bea-32ea-b569-bc59528c8c9d,42.597055,-71.3697,508-633-3856,29965.11999999997,233
a2879c54-b45d-3af3-bdb9-f1a425583699,42.241557,-71.082432,617-728-1410,30869.23999999997,240
b1e66bcc-ea78-375d-9586-b9c4e9e12d32,42.42938,-71.058706,781-397-6830,17436.599999999984,135
720d923f-7c6d-30b0-ba7a-2f45be843188,42.115454,-72.539978,413-782-0030,16144.999999999984,125
8ca3c1e6-0621-3023-8b12-bdfc48c8c19f,42.376043,-71.11868,617-354-1945,7878.759999999994,61
6236e299-a751-3819-8b06-a17004bdbbfd,42.468432,-71.01394599999999,781-233-9570,54634.68000000056,423
eff5220a-a350-3459-bfcc-6f515d1a27a2,42.585541,-71.44025,978-337-3676,11495.23999999999,89
63b12098-a29c-357d-b1c0-4dcc2f0b6d6c,42.284767,-71.714228,508-791-6809,33452.43999999999,260
6a576642-a046-3dd9-aea4-eec846398490,42.115139,-70.71033100000001,781-837-5800,7491.279999999994,58
ede50b59-c543-36d5-b73d-51615ec5eb67,41.725351,-71.094162,508-677-2399,1937.4000000000003,15
72357382-262f-30d7-a630-ca9f988516e1,41.71746,-70.591824,774-338-0338,13303.479999999989,103
ee7bf296-a22d-32d4-a934-2859ee7c14a6,42.224096,-71.54048900000001,508-625-1660,21698.87999999998,168
641bb7d9-b068-3b05-80d8-b830bedcad94,41.293416,-70.10216899999999,508-228-0844,23765.439999999977,186
4810c1d2-5d3c-3ab5-a813-ae6801ff7f67,42.078974,-70.93939,781-718-4038,18728.199999999983,145
7828ee9b-0cbe-366a-a377-a9552b7e8d8b,42.556659,-70.84496,617-549-6280,8266.239999999994,64
588e03bd-91bc-3442-be9e-66c18ba36c0c,42.076682,-71.47449,508-966-3777,111981.72000000213,872
361e3569-5d94-3019-a49a-e78a8d76718e,41.617623,-70.492713,508-776-6084,6070.519999999996,47
227cb42b-340b-3366-88fc-aa711721bf3f,42.376043,-71.11868,617-620-8279,129.16,1
d0416884-6f04-370b-981d-ac31633a63c1,42.376043,-71.11868,617-547-3310,10591.119999999992,82
fb436711-54bc-360e-acae-b7f424955bad,42.363534,-72.50729100000001,413-478-9526,5295.559999999997,41
b1b59ef1-fcf4-34f8-8fd2-4d51b1586d85,41.646686,-70.999158,508-994-1109,20148.95999999998,156
26ea591f-d8ea-399b-821e-98d97e88c7fd,42.323342,-71.646236,508-393-7223,9816.159999999993,76
bd6f42c0-b4b7-3c61-9c8e-6e74b211f410,42.307905,-71.436196,508-872-1010,8912.039999999994,69
9a887c29-b5d7-3179-ab78-e0b50392a9e9,41.594939,-70.599243,508-873-1208,8524.559999999994,66
b805291c-07be-346e-be67-c92411ccdfab,42.323853,-71.142003,617-975-1969,11107.759999999991,86
7718ab22-eecf-396e-8551-6ea961b06d4c,42.307905,-71.436196,508-879-0222,645.8,5
b1423e28-2040-3f03-b51c-16a35b0ee7c8,42.261006,-71.008988,617-770-0011,24411.239999999976,190
eeebd573-1670-38c2-816b-6914b9de5138,42.499248,-70.898204,978-744-3000,5295.559999999997,41
fbd0dab0-e4f4-3d2f-9e4d-1972b21c3079,42.241557,-71.082432,617-429-5011,27898.55999999997,217
2c721b48-dccb-31b3-9c66-4c58456d0d69,42.115454,-72.539978,413-317-2358,8007.919999999994,62
f0a15912-b437-3e40-a642-ec6d0adc8c69,42.597055,-71.3697,978-250-8880,9428.679999999991,73
92fba4ac-ef81-3a44-9921-64c063301834,41.735497,-70.157388,508-385-7474,58767.80000000067,455
966874de-c438-32e7-b720-8a798a7c80e5,42.323853,-71.142003,617-734-5042,2970.6799999999994,23
24ec45e2-2e5b-388e-ae4d-a20ed0d5e6e0,42.221851,-73.333044,413-528-2948,16790.799999999985,131
21bef5ae-0501-319b-94e5-b75d71a51910,41.662727,-70.357208,508-737-9279,10978.599999999991,85
716a45cc-ebc8-35b9-b97b-5512c41b39d2,42.648044,-71.161751,978-470-0774,28415.19999999997,220
c58b8233-f282-3b13-ad4e-923efb2ac061,42.183577,-72.457812,413-583-6750,16403.319999999985,127
d85f2cdf-3387-3d77-808c-f300692ccfbd,42.556659,-70.84496,978-927-9860,9686.999999999993,75
5fb63ea3-32ab-39c9-8414-1b88434ac999,42.495629,-70.83582,781-639-0010,17824.079999999984,139
3ab5b818-5a6d-3d91-9d3c-6a00661bab00,42.851284,-70.955837,978-388-4848,13949.279999999988,109
39b645f9-8999-3177-8121-df78e1273232,42.495629,-70.83582,781-631-0155,1549.9200000000003,12
f883aa4c-18f6-30c8-8ee1-881d4bfe00e4,41.633619,-70.871306,508-997-4302,19632.31999999998,152
57d9994b-1a85-3810-a731-27c8842f3704,42.63898,-71.321141,978-458-6282,18599.039999999983,144
ff917dd4-ffbb-3f4c-b2df-445a7e9d29aa,41.965341,-71.18178,508-285-3370,31902.519999999968,249
290f8d1d-fc6b-38bd-90b3-3c15d56dd97a,42.62885,-70.685875,978-281-5131,5683.039999999996,44
a64cfa86-78c6-3a12-8dd4-c0acde70e3f0,42.269478,-71.807783,508-753-1056,12270.19999999999,95
cfefd430-dc34-3f76-b4ae-deb4117f5c9b,42.578222,-71.084398,339-234-0711,6070.519999999996,47
47ea3faa-dff6-3c38-8327-7cf93da0bfff,42.247211,-71.991867,508-885-5238,34614.88000000002,269
1ae16480-11ce-35df-89ee-78947036c59c,42.323853,-71.142003,617-277-2449,15240.879999999986,118
188880ab-1930-372a-adcf-e2f1b493565a,42.376043,-71.11868,617-349-3937,14078.439999999988,109
438a54db-5c75-3b76-9357-9028a57babc4,42.597445,-72.555278,413-773-0009,28156.87999999997,218
07e4e7c0-cdd1-3365-99b1-ad765ad334e6,42.281593,-71.242414,781-453-8835,13820.119999999988,108
1f5f3cb7-ad8d-3c50-a15d-470d2a723b84,42.327044,-72.67463000000002,413-387-2118,5166.399999999997,40
88f4c047-8a26-3d5d-bc07-90c8114594f7,42.418722,-71.163912,781-646-7881,11236.919999999993,87
1f6b6667-2104-3bba-a332-c119f6ffbb64,41.839798,-71.31804699999999,401-617-2284,8782.879999999994,68
34a0de28-79fc-3fee-bbbe-7c12a9e84258,41.579794,-71.081822,508-636-6423,20148.95999999998,157
13afbfe1-df12-33c9-b2c6-fe6d5d37a5e0,42.269478,-71.807783,508-756-7059,774.9599999999999,6
bf6ae61c-4488-3d26-9573-0a7149886a45,42.047565000000006,-72.57113000000001,413-493-2585,20407.27999999998,158
74a6f0cb-ab2b-3cee-95b2-bdc28b25aa6d,42.246872,-71.179462,781-326-8100,12011.87999999999,93
f6f5b642-1bfb-3f7b-bce3-f883eb452bc3,41.70692,-70.221117,508-280-8385,23636.279999999977,183
95394b17-2f1f-3c42-b4e2-233704fb9195,42.126883,-72.430952,413-366-1717,29319.31999999997,229
9924cd05-f3fa-372e-85da-0987182a2c74,42.597055,-71.3697,978-256-7595,13045.159999999987,101
31985528-0987-33e0-b4a8-fbd6cc9fc9e3,42.198708,-71.846006,508-832-6125,5941.359999999996,46
2054e9fb-ad93-3e40-a989-3de0d1b45c11,42.323853,-71.142003,617-645-0929,15240.879999999986,118
3f1c3fc9-0901-3b42-acdb-e3c71eefdde4,42.614671,-72.597063,413-834-5794,7749.599999999994,60
1aff39b8-795f-3b7f-ba33-72648f3fa068,42.284767,-71.714228,508-845-2778,6199.679999999996,48
07dd0bf4-3cf3-3eec-9251-1acc997b65fe,42.61176,-71.565269,978-448-0009,10978.599999999991,85
c6bc7c9c-d513-3311-9168-d48f30d69405,42.376043,-71.11868,617-233-8957,9945.319999999992,78
1adc3a0e-9d0d-31c0-87bd-abaff7e2c888,41.662727,-70.357208,508-566-9383,17694.919999999984,137
29564e82-e7f8-3aeb-8d9c-1e3fd73ca340,42.257755,-71.473526,508-881-4443,6070.519999999996,47
d6155326-7127-3791-8031-7704e5d867ce,42.369451,-71.177925,781-894-4890,6457.999999999995,50
46c3f041-1c3b-3f0f-8d06-464cf87c4bf3,42.468059,-70.89126,781-596-1729,9041.199999999992,70
f7e2dff6-41b5-381a-a073-a4e7224fdc8d,42.390445,-71.101033,617-784-8163,33323.279999999984,259
6e82ddef-8511-3f01-91fa-c210aefae551,42.483953,-71.43849499999999,978-264-2951,9557.839999999993,75
81a2f68c-bfd7-3ca3-b688-6698e6098dad,42.331876,-71.208402,617-916-1179,4391.439999999998,34
59e287a5-d68e-3fcd-9147-37d797f40705,41.758163,-71.21418100000001,508-675-7725,13949.279999999988,108
6002ae67-ed4e-36a4-9e76-5eefc37255cb,42.175668,-72.572257,413-532-1040,32935.799999999974,257
cfefc3e1-bedd-379a-a1ff-33e84c2e39f9,41.579794,-71.081822,781-789-1236,13561.799999999988,105
32cea709-9cc0-3f5b-b6f6-c151ec4e5aa8,41.782888,-70.5321,508-888-5005,7362.119999999994,57
b113acfc-6ee8-35b7-932a-cfcf91136002,42.125451,-72.649734,413-781-2348,18986.519999999982,147
511ccbe8-3167-33f0-9b5b-0748e30bcb38,42.323853,-71.142003,617-504-5857,11624.39999999999,90
c0916a22-b437-360d-840c-1b96a2411abd,42.119967,-70.957211,781-878-2340,34744.04000000002,270
86d7276f-ec41-3178-b852-02f89710212e,41.894223,-70.925689,508-947-1930,7878.759999999994,62
efe0e364-b8bb-346e-9a4f-57033b6524ba,42.047565000000006,-72.57113000000001,413-565-2840,29577.63999999997,231
d750c37d-55ef-3ddc-a612-90946d8ccc9a,42.261006,-71.008988,339-987-0767,16015.839999999986,125
5db1acd1-6965-3d02-a4e9-a51b55e91624,42.269478,-71.807783,508-753-71401,12011.87999999999,94
13e7e16b-beb1-3ce9-8e4d-3e8d697773bf,42.115139,-70.71033100000001,781-837-9956,904.12,7
06abb7fd-8e7d-3903-9a91-930965b522cc,41.661303,-70.937913,508-998-1115,2970.6799999999994,23
5b886ab0-eee4-3253-973e-7419afc5a2ce,42.376043,-71.11868,617-492-3868,12915.999999999987,100
b9febf34-4dfb-36af-b417-c872337deaf4,42.012797,-71.336578,508-695-3885,35648.16000000005,276
9fde1290-67cc-31f1-991f-3228595af4f7,41.782888,-70.5321,508-888-2020,8524.559999999994,66
63165d5e-ceed-3902-a7f6-2b9a1dfb52de,42.679723,-71.30068,978-662-9904,18857.359999999982,147
8f85e254-08a2-332e-8847-ef8eb92385c5,42.138838,-72.755911,413-562-4304,12528.51999999999,97
261b14f5-39d7-37eb-a8b7-606014d8eff3,42.700273,-71.161357,978-686-7111,12011.87999999999,93
17858e6e-2c6a-3458-8ef6-2c0dd5d834cf,42.173103000000005,-71.36375600000001,508-376-4262,17178.279999999984,134
bee3973f-125a-3713-807e-8e9c0f9e304e,42.192246,-71.777649,508-865-9951,28673.51999999997,222
efaf2e2d-bce0-3d89-8409-899aa9f459a7,42.418722,-71.163912,617-515-8984,7749.599999999994,60
11c2822b-661b-3002-ac35-d27a01d56559,42.261006,-71.008988,617-968-4059,20407.27999999998,159
e09dd0b8-076e-37d6-b0b3-d098cadbdd4a,41.621629,-69.98195600000001,508-945-3131,30352.59999999997,235
12a62031-bcf8-39d4-b88d-f1353d3de40e,42.462911,-71.364496,978-369-7745,8007.919999999994,62
7a0b9372-1373-333a-9846-0e6c0030ba45,41.834412,-70.957166,508-947-0747,7491.279999999994,58
82a283ca-861f-34a6-9e6c-c3d1c65d3899,42.205416,-71.00216800000003,781-348-2202,8395.399999999994,66
583adcd6-2bad-322e-bd4a-39f070c62ac2,42.418722,-71.163912,781-641-1029,9816.159999999993,76
e8eb26cc-0992-3470-b297-58a425631b10,42.356491,-72.568632,413-582-0355,10720.279999999992,83
f9178960-388f-3e29-bea6-55e1c9e4eda3,42.261006,-71.008988,617-233-2669,6974.639999999995,54
74036847-72aa-3eef-81ad-d672e3ff5cba,42.247211,-71.991867,508-885-0788,24927.879999999976,194
8c220acb-0963-3c25-9402-c96a4a0aa598,41.662727,-70.357208,508-420-8859,17694.919999999984,137
707bfbf6-85d4-375f-b12a-43ff210ec187,42.556617,-72.517075,413-772-0612,33710.759999999995,262
544c9eea-d421-300f-a68d-b8226a3885ec,42.115139,-70.71033100000001,781-837-8511,5295.559999999997,41
3e54a0c1-21ed-34ea-9696-e64a09626bcc,42.53662,-71.36183199999999,978-371-9797,22473.83999999998,175
5aa98f16-c832-3ec5-b52a-2691978cc235,42.421005,-70.99036,781-289-7929,33969.08,266
dcda6b7f-9c1f-325e-8cdd-bf44d9777c69,42.327044,-72.67463000000002,413-586-4458,6845.479999999995,54
d4ce205d-2ce3-370f-baad-c64401aa3bb4,42.495629,-70.83582,781-631-8752,14853.399999999989,117
0e4bf3ca-1a8c-37f0-b4b7-d6b5dad20fb6,42.423844,-71.10923100000001,781-391-6222,11624.39999999999,90
6444916c-3838-349b-8810-459e49000a47,42.017302,-71.21641,508-339-28561,34614.88000000002,268
359955e0-ad22-3e44-808d-9f4b6908f262,41.725351,-71.094162,508-685-3057,4778.919999999997,37
79938991-9c88-32be-b31f-3f51d2a15784,42.360502,-71.303433,617-620-7749,7362.119999999994,57
eb955fe3-248e-3f50-a806-a35ba2092716,42.742751,-71.178588,508-622-7632,18986.519999999982,147
1e1ca470-aa55-3b16-9b12-0ae76e2b1beb,42.323853,-71.142003,617-731-5000,11882.71999999999,92
5db1dbc3-3a43-38ed-932a-349815e7fa45,42.45184,-73.260685,413-443-0885,5812.199999999996,45
c9b5e4bb-d4f5-3c60-902d-bd36445df001,42.175737,-71.125385,617-777-3261,12399.35999999999,96
0cd85e87-28d9-3f7c-a898-7948fed217e9,41.747513,-70.066223,508-240-2921,9686.999999999993,75
5e826944-47ab-3429-9cf9-e8bcad88cdcb,42.323853,-71.142003,617-738-8405,7878.759999999994,61
3411f709-55c9-3006-a79f-50c052aa070d,42.648044,-71.161751,978-470-3453,10720.279999999992,83
4b562cab-70a7-3a46-bb2c-a1d4b85fdba6,42.376043,-71.11868,617-661-3113,7491.279999999994,59
5a87cea2-768a-3157-8f50-43d6a7791157,41.667083,-70.200793,508-394-9200,15628.359999999986,121
a25c01ad-bf82-3ca1-b6fc-37733c6f433a,42.33196,-71.020173,617-794-0504,1937.4000000000003,15
538e03a4-90c1-3381-bd80-b8c4ea67ccd2,42.726188,-70.983328,978-352-4200,13561.799999999988,105
5f9ea345-9288-3aac-ac0b-5020f5fdb49e,42.303174,-73.233924,413-243-0723,15628.359999999986,121
bf89fd37-b82c-3eeb-b9af-712129f02de2,42.138838,-72.755911,413-562-2600,19503.15999999998,151
125815a1-aa5c-3172-acec-6f95df5d4add,42.445222,-71.23001500000001,781-861-18187,5295.559999999997,41
8526992b-f75c-3bb8-b003-ca6bc2ff9cf2,42.269478,-71.807783,508-798-2421,4262.279999999998,33
3553d3a5-68c0-3da6-8aed-37f3bd7209c9,41.661363,-70.812024,508-758-1330,14207.599999999988,110
1f8bf1bc-2c07-3ea6-9782-0a8eb036ba4f,42.534146,-71.038333,781-592-2225,32548.319999999967,253
5f0ddfb1-6ba0-30ed-ae87-481cfbbf5d01,41.661303,-70.937913,508-992-9376,40039.600000000166,312
dcd24db1-b10e-3392-b6d0-0d894802e5a7,42.323853,-71.142003,617-232-3400,14595.079999999987,114
c9396102-3807-30af-9547-a9f0d5d9bc76,42.499248,-70.898204,978-745-6868,12270.19999999999,95
4b7752e1-73b6-3ef8-b8a5-a9d1430a004e,42.256208,-72.58103,413-230-0479,16144.999999999984,126
779935ac-770d-3f96-9870-c38771f2c81b,42.369451,-71.177925,617-232-2858,22732.159999999974,177
6472aecb-59a3-335c-ad37-65209b405963,42.782945,-71.087436,978-382-3658,29190.15999999997,226
14ea679c-3de3-3c8d-abe1-9d899c8f34d3,42.331876,-71.208402,617-332-8359,5941.359999999996,46
86f868e9-3325-3019-98d9-34ca2dc11f20,42.675549,-73.11810799999998,413-662-2020,84987.28000000138,661
cc648e4d-ae3a-3933-930e-f1f34189eb97,42.219645,-71.216768,781-326-3571,16661.639999999985,130
76414819-cc4b-3ceb-b54a-89481b9fb641,42.495629,-70.83582,781-631-8581,4133.119999999998,32
1607e74e-eb20-3211-9558-1005aac29c94,42.425955,-71.45625600000001,978-897-8276,21569.71999999998,168
54b6a513-f524-303e-a801-1ed9ea619b3b,42.673909,-71.091334,978-965-4925,6587.159999999995,51
2a07609e-277f-3ecf-b827-c3c4028cc223,42.376043,-71.11868,781-259-1139,17307.439999999984,134
1f2b3666-5e34-3e83-8a47-076f8f9c161e,42.390445,-71.101033,857-998-0747,12011.87999999999,94
46084d3f-e6a2-37bc-b830-9b15674f7cae,42.247211,-71.991867,508-885-2500,20407.27999999998,159
61e6c104-0f08-3c89-984f-0a05a6577c42,42.331876,-71.208402,617-964-4148,8137.079999999994,63
4cd7de25-382b-30f8-94d5-e353e3eca86a,42.23416,-71.291167,508-785-1770,20665.59999999998,160
772ee193-bb9f-30eb-9939-21e86c8e4da5,42.376043,-71.11868,617-354-0806,13820.119999999988,107
481c475b-f180-398d-a84e-31bfecad08f3,42.360427,-71.361099,508-651-3887,4778.919999999997,37
e9b653b7-132d-35b8-93b9-fd7e9fd28b63,42.388921,-71.24226800000001,781-899-3200,5424.719999999997,42
fc366e37-d120-33a3-9d13-a2871951a9b9,41.839798,-71.31804699999999,508-761-6334,22086.35999999998,172
9e2e9468-a3e6-352f-a3f1-859d1e84a284,42.62885,-70.685875,978-758-8115,29706.79999999997,231
2eb03211-fcda-3ac3-9212-968bc8d92407,42.605437,-72.292074,978-544-7902,20536.43999999998,159
b14446f6-e81b-3970-92b3-b0bf78b11aac,42.044307,-70.70604499999999,781-204-0110,5553.8799999999965,43
ccece44c-904d-3542-8de8-ac8618edfbc6,42.323853,-71.142003,617-734-2555,4391.439999999998,35
f6cdf354-ad00-34c8-8426-db7e84c16972,42.198708,-71.846006,508-832-6277,20148.95999999998,157
291a7431-7eca-35f8-b086-464e4b7ae919,42.331876,-71.208402,617-965-6284,4908.079999999997,38
3a15d607-4759-3716-afa9-e7e455fdb7bb,42.534279,-70.969782,978-219-9841,8007.919999999994,62
91da9782-027f-3fe3-8413-e37ed7a6734d,42.284767,-71.714228,508-320-0232,26606.959999999974,206
789d10ff-bb15-37ed-b02a-61eafb978686,42.261006,-71.008988,617-471-6322,11495.23999999999,89
5b0407ae-bb50-3416-9b19-3aa91666924e,42.175737,-71.125385,781-724-5439,6328.839999999996,49
43ffaa09-80df-3fed-a263-024150ede443,42.062378,-72.498111,413-206-8349,20407.27999999998,159
8c62ccc6-9343-3cfb-b52d-47477134840f,42.323853,-71.142003,617-264-2233,11366.07999999999,89
79d518b4-1a2c-3625-95c8-9c2d9840e321,42.695981,-70.83564799999999,978-846-1066,10591.119999999992,82
d6c83c6a-f78f-3e23-a2f4-444f9519d576,42.195951,-71.45343000000001,508-429-1330,14982.559999999989,117
1d59a532-870a-3adf-b93b-2c792db148a2,42.331876,-71.208402,617-965-0651,12657.67999999999,98
46ef6016-71fa-355f-91da-f6482657a00d,42.474208,-71.097665,781-438-3372,16403.319999999985,128
09f69020-aa1e-3bd8-b1f1-9b4534273281,42.246872,-71.179462,201-388-2656,32031.679999999968,248
e8f41f48-b406-34dd-ab90-90f065c7f638,42.269478,-71.807783,508-414-5469,5424.719999999997,42
b3e30964-03f2-3136-8347-255d16f65d93,41.70692,-70.221117,508-362-8828,18082.399999999983,140
734feddf-9ec8-3056-9b64-28dd4fa898c9,42.369451,-71.177925,617-923-1521,12141.03999999999,95
b103772a-6c8a-3a71-90cb-daaf69c66157,42.50436,-71.064061,781-245-1871,9686.999999999993,75
49fb5f9c-f182-39a0-a533-a20bf40dfac8,42.418722,-71.163912,781-488-3388,7491.279999999994,58
54e918d5-bfeb-3cb6-8efa-38dfcaa384d4,42.445222,-71.23001500000001,781-862-3699,9170.359999999991,71
0b38ef0e-4a17-3c49-8f96-3b290c4b8166,42.175737,-71.125385,781-828-7720,2583.2,21
10a77849-da6a-3b9e-b332-811bdb8ed618,42.782945,-71.087436,978-374-0386,7232.959999999995,56
d671d0c2-8451-3b7b-8eca-2143a975159d,42.360427,-71.361099,508-358-4672,1808.2400000000005,14
ba318c14-214d-3237-aef6-8beb2ca3c0c6,42.695743,-73.22211800000001,617-429-3365,21957.19999999998,171
e8e1a2fc-a903-3c7f-9346-87208c1dda20,42.323853,-71.142003,617-232-1220,13820.119999999988,107
f4e1ca57-53dc-38d9-b9fa-f889337a3410,42.125451,-72.649734,413-734-6245,12399.35999999999,96
38ad5f04-8515-3367-9ac0-82c7354fedf2,42.323853,-71.142003,617-738-0600,3874.7999999999984,30
d063b3b3-3e73-33b4-8474-7f38cbe0c919,42.323853,-71.142003,617-734-5130,8007.919999999994,62
63f5900e-4fce-3ddc-97f4-1cdfb91b8a81,42.700273,-71.161357,978-327-6618,6457.999999999995,50
44b38ef4-4a7d-32e7-a915-26db39eeae0c,42.176526,-71.603588,508-603-1667,12657.67999999999,98
70021177-52bb-38c6-8df2-ae3d5f5cc0bb,42.305932,-71.282917,781-631-2629,5037.239999999997,39
07a59ce1-3a4a-30da-8ff7-ecffd89580f4,42.376043,-71.11868,617-491-4333,25831.99999999997,202
6352f08d-6323-3a16-bfb5-205ac0332cf3,42.33196,-71.020173,617-947-3040,11495.23999999999,89
16784c94-843d-3474-a1d5-0c443af67ffa,42.175737,-71.125385,781-812-6019,7878.759999999994,61
e364b3fb-96a3-30e3-b6d4-e6f16e8ae08b,42.338551,-71.018253,617-787-5503,6328.839999999996,49
93a2bf60-5613-37c1-8996-3553ec6b1cdc,42.376043,-71.11868,617-864-3813,16403.319999999985,127
8665d0b9-8dea-380b-96c4-8c0a26a99747,42.301969,-73.323024,413-281-9272,4003.959999999998,31
9da6be92-05b1-34ac-b110-071e5a42b874,42.115454,-72.539978,413-732-1717,4133.119999999998,32
cd96a437-968d-3e65-9f0e-89b975450c15,41.839798,-71.31804699999999,508-336-2663,22990.479999999978,178
5519120c-af24-3f39-bb6c-b7fc0b50c8e6,42.535857,-73.24113299999999,413-236-0995,16015.839999999986,124
a651c8d0-014b-3e30-8b0d-54dfc4ab20ce,42.246125,-73.361858,413-274-1112,12270.19999999999,96
5647253b-3470-3452-bbef-a6ae8f0982b9,42.418722,-71.163912,781-643-6437,7491.279999999994,58
81afbc39-a91e-3160-a259-83a75eea2215,42.648044,-71.161751,978-475-0705,12011.87999999999,93
435b5e7c-1493-3ac2-9994-30a5f1028907,41.7132,-70.485737,508-888-5157,24282.079999999976,188
cdabf878-6d1f-3bfd-a266-40efd24af388,42.323853,-71.142003,617-734-6500,10203.639999999992,79
45fbe90d-10f7-39f4-9f84-2100c302faf9,42.564647,-71.164516,978-988-6240,23894.599999999977,186
d8b927a2-8e71-3b43-98ae-8ed2c7c724c9,42.559673,-71.260947,978-667-7711,15370.039999999986,119
f18084da-cd20-347a-93a9-f62f748ba19a,42.184599,-71.305307,508-359-5200,19503.15999999998,151
c622cfbd-4815-3719-800f-81587c87161c,42.418722,-71.163912,781-483-3329,10074.479999999992,78
b5bc77dd-d181-3b8c-99b7-74a9d69568eb,42.695981,-70.83564799999999,978-356-3015,17565.759999999984,136
452a0f37-f2b9-3186-9517-4f15d2f5a3c0,41.646686,-70.999158,508-999-4045,10203.639999999992,79
b14a49ae-6abb-350e-b1ad-dbdb1bf1d316,42.284822,-71.348811,617-523-2766,4778.919999999997,37
d159306a-230e-3bfe-b736-5cf143276678,42.269478,-71.807783,617-244-3322,6328.839999999996,49
fd88aac2-3678-3b45-aab3-6f73a23c036a,41.76104,-70.701779,508-254-9955,4133.119999999998,32
9c87cfde-bd50-3911-85fe-1fea5bfcf49e,42.183577,-72.457812,413-583-3308,15886.679999999986,123
e8089e86-cb6c-3e73-b8b8-8a689083ab7c,42.367858,-73.269763,413-637-7000,10332.799999999992,80
420ddbd6-ebd6-344c-a7b4-128c58fb8160,42.556659,-70.84496,978-994-3340,12786.83999999999,99
1c302ea6-4c70-3390-b96e-59ab9d699c8b,42.700273,-71.161357,978-686-2199,9428.679999999991,73
68eb10e2-c299-3050-a595-cab343ca9392,42.45184,-73.260685,413-443-4246,2970.6799999999994,23
c0388410-92ac-3f24-9bf7-8015960436e3,41.738479,-71.165065,508-676-8167,11882.71999999999,92
14bf7ede-f819-37af-8fd6-6311f46afc65,42.323853,-71.142003,781-799-4812,4391.439999999998,34
09c5b616-6c19-3895-a8e7-fd5411190e6f,42.269478,-71.807783,508-754-3121,8395.399999999994,66
d0db9e54-39bb-3e6e-8f4b-b25bfc6fbb7a,42.219645,-71.216768,781-326-7359,33581.59999999999,261
4ef6ed33-fa05-3118-8930-b3c7a077a0ce,42.33196,-71.020173,617-265-0955,7491.279999999994,58
7b9038a9-75a1-3429-84ed-8f4c6414f13e,42.597055,-71.3697,978-256-9958,15628.359999999986,123
d521fff1-507b-3f0c-b3d4-5ae2650e1e9b,42.084858,-71.41057099999998,508-934-6195,9686.999999999993,76
d87bf0e7-718d-35c2-a4c2-13ab7d79d6a1,42.331876,-71.208402,617-965-9757,5812.199999999996,45
7d31f619-8d2b-394c-8b4c-d0461f04c958,42.601977000000005,-71.81586999999999,978-343-3001,21698.87999999998,168
0ec19075-fb52-34f1-aac6-e69faa871079,41.646686,-70.999158,508-995-7800,2324.88,18
6e40c3dd-cb33-374c-aff1-7c40b3bae207,42.301969,-73.323024,413-298-7146,4649.7599999999975,36
5bf83e18-ef6e-33a8-ad5b-86cb70b4795a,42.63898,-71.321141,978-452-0672,12270.19999999999,95
74086554-9256-3f1f-9bfb-ef7237391d25,42.601977000000005,-71.81586999999999,978-345-5200,18986.519999999982,148
7dcb8d17-b58e-3830-b881-e4d123f8568d,41.706839,-70.75095999999999,508-748-3224,8782.879999999994,68
0c1e2388-7c7e-352e-a017-3bef1684c147,42.474862,-70.96218499999999,781-596-1714,3487.319999999999,27
997e28d8-7a7c-35f4-8ffb-c632d6000544,42.474208,-71.097665,781-979-7000,3228.999999999999,25
7be4eb2c-8859-3161-859a-b6b1782452aa,41.621629,-69.98195600000001,508-240-7946,33323.279999999984,259
24614fc7-51fd-398d-8085-aadc1ac5e789,42.331876,-71.208402,617-965-0806,11236.919999999993,87
6bba491a-7eac-319f-9e26-cbb181e1c04b,42.455723,-71.05901899999999,781-662-5360,8653.719999999994,67
78a11f16-e161-3dfa-91fa-16af7109cea0,41.601508,-70.639317,508-563-3003,21311.39999999998,165
639e11fc-6d19-3d97-9d1b-1689dbc5d468,42.33196,-71.020173,857-345-2880,2712.36,21
8faadfc5-b60b-3093-a76e-93bb9b31c96f,42.323853,-71.142003,617-755-6436,7491.279999999994,58
c53c3c29-b1a0-3f1c-8d33-5fa4d8347567,42.206676,-70.94584499999998,781-682-7530,9041.199999999992,70
23ff8b3d-5d05-392d-998e-8797a7385c66,42.700273,-71.161357,978-682-2143,6845.479999999995,53
fb278911-40bf-3697-962d-08f729b2e7b8,42.331876,-71.208402,617-965-2328,6845.479999999995,53
e301024b-6fe6-3c4a-b0e6-ab929cc18ef7,42.63898,-71.321141,978-454-0570,9170.359999999991,71
78bea806-a3a0-30c2-9432-80c5095e8151,42.782945,-71.087436,781-307-7193,5941.359999999996,46
98c52d20-ca76-3d38-9d19-125b4f45d9ab,42.395317,-71.180284,617-484-4393,18340.719999999983,144
eaafa2b6-ec6c-3b3c-8474-39dd72378f39,42.445222,-71.23001500000001,781-863-0310,1291.6,10
77169a2e-d2f4-3167-94be-5648db3ccfac,42.198708,-71.846006,508-832-0850,11107.759999999991,86
ee1a65b6-9cdc-32ca-a8ea-8c1b1bfca928,42.299625,-71.52842700000001,508-481-8346,25057.03999999997,194
ea4ac0af-e1d9-36c9-b4ec-ec31024335d8,42.281593,-71.242414,781-449-3588,7103.799999999995,55
04c1cc59-11e3-30e5-b317-0bf5e765f3e8,42.695981,-70.83564799999999,978-356-1192,13045.159999999987,101
6b8a8c52-7334-395b-a992-d4d6ec628a5f,42.474862,-70.96218499999999,781-592-6005,4391.439999999998,34
c1771a99-5ed6-398f-96b9-08ba4b252f8c,42.376043,-71.11868,617-547-0457,5166.399999999997,40
027988f5-9d2d-367f-a9a4-7daafe78bf61,42.331876,-71.208402,617-969-2084,7620.439999999994,59
f0a1ba5a-6eba-3f06-8ab9-78f214bd9c27,42.323342,-71.646236,508-393-7223,2583.2,20
9ed9d3dc-85d6-313a-a6ec-ce250200b69e,42.301969,-73.323024,917-589-9558,11753.55999999999,91
5eeacb40-eaaa-3a42-b208-0b257414c2a0,42.609509,-72.74698000000002,413-625-9530,22732.159999999974,176
664d40fc-da91-3608-8276-e698015c7147,42.395317,-71.180284,617-489-6636,10591.119999999992,83
21fef6e9-1145-31a3-a8e8-d5b67ed44020,42.10365,-73.359887,413-229-3640,23377.959999999977,181
0a22110e-22c1-3679-aff0-f8a849ca8f5e,42.418722,-71.163912,781-643-7020,6845.479999999995,54
90e78970-c3ed-39a9-8b9a-97700d39d21b,41.633619,-70.871306,508-994-9574,5424.719999999997,42
51f5f7cf-7057-3f45-99c0-7530f2c9fb2e,42.376043,-71.11868,617-840-6019,4391.439999999998,34
371793e8-9ddf-31de-ac7b-873de7084a4e,42.62885,-70.685875,978-559-0001,4778.919999999997,37
b56bb2e8-9f15-37ae-9c8f-d5a87f380f97,42.50436,-71.064061,781-245-8185,12915.999999999987,100
10968ba2-75e7-351a-a73a-c37a2a8dfcfc,42.64042,-70.77117199999999,978-290-8889,44560.20000000029,347
74e94b82-37d7-3008-8c29-cca612f25946,42.499248,-70.898204,781-820-3848,10074.479999999992,78
279b2a85-ab64-3dec-90df-fbca8b479db5,42.600633,-70.883303,978-473-6078,23507.119999999977,182
73b36bb4-468a-3ea8-9cfc-ee11ee3d01d6,42.474208,-71.097665,617-868-0853,12141.03999999999,95
b3abd026-7e38-369d-837d-26d8ef20688d,42.390445,-71.101033,617-666-4400,20148.95999999998,156
725b1a09-e14e-390a-9313-36fb80e985cf,42.455723,-71.05901899999999,781-665-5656,5812.199999999996,45
dfaae41a-b5b9-3d5e-899e-3ad9edb09f09,42.641379,-70.94344,978-887-2448,21440.55999999998,166
030c34c4-79ab-3598-8df3-f27f73cbc3c2,42.584206,-71.988737,800-923-0460,9557.839999999993,74
1f333977-ac45-3bef-8e02-48c2aff5491a,42.195951,-71.45343000000001,508-429-8767,16919.959999999985,131
f6385e29-ec2f-3ed4-8937-0569a8c9d1ec,42.395317,-71.180284,617-855-3674,12915.999999999987,101
467ed98c-2b2b-349c-9585-c978985e1ebf,42.423844,-71.10923100000001,781-396-0120,3874.7999999999984,30
e8134182-3ed9-3b41-abdc-9f4a47b23f2d,42.601977000000005,-71.81586999999999,978-343-4747,3228.999999999999,25
ed76bd47-87ba-3948-9458-dd75d1a84d4d,41.758163,-71.21418100000001,508-677-1500,26606.959999999974,207
87150be3-c9fd-369a-af45-52493f8451df,42.418848,-72.10659799999999,413-237-5665,7878.759999999994,61
c11e7b71-934b-3615-8875-58dd0066af6b,42.390445,-71.101033,617-661-1097,25444.51999999997,197
5ab09188-b98d-3a83-82d0-4aa782e2b9c9,42.360427,-71.361099,508-358-2144,3487.319999999999,28
dc59b61a-f4c7-3b5f-9f34-62c6b675b8e5,42.597055,-71.3697,978-256-8900,15370.039999999986,120
04cbfe78-0d3f-3277-9476-2be9f8dc5191,42.241557,-71.082432,617-698-6003,40814.56000000019,317
3e4baf39-79d2-3c5f-9419-293af2720a97,42.33196,-71.020173,617-327-4698,4520.599999999998,35
72b029e8-8176-3e95-a7f8-ce5f7f47c1cb,42.520876,-71.770611,978-537-2490,8395.399999999994,65
43de7525-f2f9-39a9-b8ff-9cba4ef56988,42.369451,-71.177925,617-923-8135,23636.279999999977,183
d37c9ec2-6718-3aa8-bd22-90824397a079,42.224096,-71.54048900000001,508-435-3066,10849.439999999991,84
a8e7f9f0-013e-3629-bbcd-ff75dcb46e96,41.706839,-70.75095999999999,508-748-3131,2712.36,21
05799cad-f02d-382e-9b80-b0f833d6af4d,42.742751,-71.178588,617-318-8557,11236.919999999993,87
bd7e61a1-eedb-34d3-8a48-0511c44694f7,42.499248,-70.898204,978-741-0883,7620.439999999994,60
a718120b-955e-3849-b002-186c376804a8,42.269478,-71.807783,508-363-4900,9428.679999999991,73
e89fc67f-7cf0-3687-bf77-b4afa1a88fd8,42.244949,-72.50014300000001,413-222-0998,85891.4000000014,665
1aa155b6-e8ed-38bb-aa5a-6a1e429b9749,42.363534,-72.50729100000001,413-687-7559,4133.119999999998,32
fcf80e67-03a6-36a9-af90-204285386103,42.495629,-70.83582,781-639-1710,10849.439999999991,84
bcb0536b-2326-359e-a6b9-94c89a6a7014,41.725351,-71.094162,508-679-7770,9557.839999999993,74
690fd371-70ed-3704-9040-a7df10c2f0da,42.564647,-71.164516,978-657-7911,7232.959999999995,56
ce5885ec-441e-3c4e-8d37-49a648032d3b,42.262428,-70.79888299999999,781-236-2094,1291.6,10
226acf3e-7e5e-3bf5-91d4-e3e6bc039f98,42.082543,-71.024638,774-776-2991,18599.039999999983,144
f7422183-3c2f-3958-87af-5137e257301a,42.474862,-70.96218499999999,781-599-8030,6974.639999999995,54
e02ac90d-dc41-3c33-bed2-a3e37b65fd17,42.445222,-71.23001500000001,617-848-2937,6845.479999999995,53
7fb56fd2-71ad-336a-9204-57765bd1e5d4,42.071188,-72.41771800000001,413-566-8503,35131.52000000003,272
b6aba88d-2c3a-3a58-bf41-fd7fe83571e8,42.376043,-71.11868,617-547-6542,14982.559999999989,117
504c29d0-6f98-3282-a3fe-962df55f7808,42.679723,-71.30068,978-674-0271,53472.24000000053,416
2ef61b04-b50b-33a7-8d6b-26258cd58a6e,42.198708,-71.846006,508-729-2200,20923.91999999998,162
e3b6c45e-c3d3-3382-b40a-efcfe7383eb4,42.585541,-71.44025,978-393-1770,11366.07999999999,89
f0abec96-6123-3475-a486-2930b9fecfe7,42.445222,-71.23001500000001,781-641-2210,3745.6399999999994,29
841a1423-b723-32c7-a512-161310612a3e,41.758163,-71.21418100000001,508-379-0090,16661.639999999985,130
1061b2b7-0167-35bc-916a-3b3207fe2bfc,42.50436,-71.064061,781-621-8686,8653.719999999994,67
4abb2d14-7137-370b-b968-c5ac34987f91,42.173103000000005,-71.36375600000001,508-376-4700,17824.079999999984,138
212fc6d4-5f90-34e6-a67a-c6f69c9c0417,42.156203000000005,-71.43034499999999,508-321-1973,19503.15999999998,151
56e68227-f853-3628-ba75-95b20527b7cb,42.851284,-70.955837,978-388-6191,16790.799999999985,131
9f771fe7-4577-3034-a17d-a692f35931a6,42.047565000000006,-72.57113000000001,413-567-0708,9428.679999999991,73
1055cb51-3d14-3737-b4a8-0203cd752ac9,42.425506,-71.310812,781-259-3434,14336.759999999987,111
1a8ec92e-9456-3ac0-92b7-9f75ff3611a2,42.356491,-72.568632,413-253-2797,12786.83999999999,99
442660b2-c756-396b-b8e1-6e19c7f05133,42.376043,-71.11868,617-547-0703,23636.279999999977,184
28708659-b360-34a9-8a97-8a063da6e9e0,42.452752,-71.144319,781-218-2225,7749.599999999994,60
24000b96-f337-3a9b-8244-2ae2a5687aae,42.556659,-70.84496,978-337-7706,5683.039999999996,44
fedeff02-fcd0-3c21-a73e-d0d11a998ba4,42.626223,-70.85723,978-468-3056,43268.60000000025,335
a35e0bb4-e675-3912-86d6-4cb0e00a4a23,42.395317,-71.180284,617-855-3679,9816.159999999993,77
0cf2bb40-58d2-3f9e-86a2-c4caa24e6c6a,42.338551,-71.018253,224-622-8766,4520.599999999998,35
4344ea9b-3b15-37a4-9964-c630f7542817,42.574174,-70.95051600000001,978-774-5510,7749.599999999994,60
12468a38-fbb5-3959-ae6e-68a43a5207d5,42.376043,-71.11868,617-818-0989,2195.7200000000003,17
19cbe446-9a91-3340-9772-2eee3a4a1d90,42.269478,-71.807783,508-767-1809,11624.39999999999,90
b149f491-c9dc-3540-b1e0-e7e532678d44,42.323853,-71.142003,617-571-8146,9945.319999999992,77
20b1e26d-e074-3a38-b46e-cf596597090c,42.269478,-71.807783,508-395-7577,8782.879999999994,68
306d6b38-22df-3d57-928b-0b6325551b86,42.205062,-70.74297800000001,339-793-0225,12915.999999999987,100
271b5492-bf28-368c-bbf4-292a532bd090,41.76935,-69.969034,508-237-5571,9816.159999999993,76
d52e5070-1979-3e4d-a357-ff7c1b26a07b,42.388921,-71.24226800000001,781-547-6772,5295.559999999997,41
6e9960a0-5efc-31ec-9949-6090b2420411,42.175737,-71.125385,508-783-2264,8782.879999999994,68
4530c91c-acfc-338c-80e3-3d52e898cbf7,41.45716,-70.556101,508-693-2247,13174.319999999989,102
a4610d90-cd93-3363-b117-58c92a59a76c,42.30539,-71.28366899999997,781-237-1477,9041.199999999992,71
e06bd055-ade6-3128-a009-bfc61d1bc3bd,41.633619,-70.871306,508-992-2194,14853.399999999989,115
5936c13a-e152-3932-8075-38b7f047f378,42.673909,-71.091334,978-985-4083,7491.279999999994,58
6b53ee2b-1c03-3be0-8224-9b5514a0c971,42.33196,-71.020173,617-327-1942,24282.079999999976,188
6ef1831a-9829-3126-afd9-65256a6d5bae,42.495629,-70.83582,781-599-6582,11236.919999999993,87
a44b37da-aa9b-37f0-993e-26e58974e086,42.219645,-71.216768,781-329-5446,42622.80000000024,331
d224247d-6fc0-395e-9bd2-b4c325d55b5d,42.483953,-71.43849499999999,978-264-0060,11236.919999999993,87
b173c490-5baf-35ab-aa28-c30ac2c70646,42.261006,-71.008988,617-745-4614,23636.279999999977,183
f09cf501-9c20-3a90-895e-d08fe18aa79a,42.205416,-71.00216800000003,781-534-8808,6974.639999999995,54
9c4ae2f3-b812-35e1-9aae-2c7b94419a13,42.395317,-71.180284,617-489-5333,4778.919999999997,37
9b110713-65df-3c8a-9e35-5895079d08c1,42.327044,-72.67463000000001,413-586-2180,4262.279999999998,33
a3f3508a-4ed2-3a9e-8580-0d325e3d3457,42.124762,-72.110888,508-347-7755,28802.67999999997,225
0378e9c1-ade4-3bc4-aa25-d173aba508a8,42.388921,-71.24226800000001,781-890-8226,7232.959999999995,56
2f00d1cf-c489-345f-9747-16b68f881b70,42.323853,-71.142003,617-734-6614,14982.559999999989,117
06b674fe-6955-3f39-acbb-8943bc8703ec,42.115139,-70.71033100000001,781-837-2971,11366.07999999999,88
07c54b7a-99ed-3a14-a8c1-922986a51ec3,42.281593,-71.242414,781-449-0929,16919.959999999985,131
0d2db242-405b-3a0a-8029-8d14804d2dd8,42.363534,-72.50729100000001,413-548-1071,8653.719999999994,67
af3c8657-15b8-3fee-b656-2ea1f1cb61ef,42.425506,-71.310812,781-259-8122,8653.719999999994,67
1b486c72-6778-385c-896f-9cd5339464db,41.647227,-70.249978,508-771-4640,4003.959999999998,31
f2e2f8e9-32ca-3f82-b950-03008f887e4b,42.323853,-71.142003,617-232-2435,7362.119999999994,57
84aaa30f-4fdf-368f-8a31-980c21e4b598,42.146286,-71.255604,508-498-0766,26477.799999999974,205
d8b35ea5-caf9-3f76-a6af-691f5050cf49,42.395317,-71.180284,617-489-4344,23636.279999999977,184
c13a1610-2c33-3046-9260-b2b8a1923671,42.331876,-71.208402,617-965-1038,6328.839999999996,49
66ebf1f2-1b43-3770-9572-c3702a95facf,42.395317,-71.180284,617-484-1042,7620.439999999994,59
b8be2ad1-3fdd-31b3-9ce8-8ebaa4ed9863,42.323853,-71.142003,617-935-1655,3745.6399999999994,29
40b31ec9-f9fa-31aa-a969-696b0ed228cb,42.284767,-71.714228,508-752-7514,25444.51999999997,198
feb7bab1-f121-357d-ae80-969798e2655c,42.323853,-71.142003,617-738-2900,31773.359999999968,246
b7f0f20c-c4b1-3f26-a343-0344e35e9d37,42.376043,-71.11868,617-497-9027,10203.639999999992,79
2970d4ab-defb-32aa-8da3-be427619fd84,42.445222,-71.23001500000001,781-862-7331,7103.799999999995,55
6aeb37bd-8ad5-39d5-b021-d09c1e55c3d5,42.376043,-71.11868,617-868-3353,21311.39999999998,165
ad88ea68-1b6a-322b-9f8b-62dc31195ee1,42.770406,-70.872417,978-465-0959,34614.88000000002,269
cded94db-6a8c-3c00-9eca-874e428de7f7,42.535931,-71.490569,978-452-37114,36293.96000000007,281
f1d5db16-ea81-323c-80b6-1362d2a30699,42.305932,-71.282917,781-235-2662,7620.439999999994,60
b014431d-6329-3754-9849-728a02e7f578,42.269478,-71.807783,508-791-5543,11107.759999999991,86
d3907baf-4fae-3f8d-b5e5-123ce2bb5cb1,42.376043,-71.11868,617-576-9600,23894.599999999977,185
266a986a-a9b6-370c-bf43-413c37247936,42.323853,-71.142003,617-731-8181,3745.6399999999994,29
8e65bfae-f627-32e8-bce0-b44f7130befe,42.219645,-71.216768,781-329-4433,29965.11999999997,233
af8a70b8-1900-33f7-91a0-350f1f59518e,42.125451,-72.649734,413-746-3932,17436.599999999984,135
d9f1cef1-9753-3fd4-b31e-2fb0baf0b0a1,42.047565000000006,-72.57113000000001,413-567-2340,11236.919999999993,87
c0a59631-1d7b-39c5-9c12-2cda1977d66a,42.281593,-71.242414,781-449-8870,5553.8799999999965,43
5cff30c6-8828-35c9-9d98-25c54773368b,42.50436,-71.064061,781-245-1422,9299.519999999991,72
8d616001-49f8-3d49-abc6-3b73eb5fa38a,42.331876,-71.208402,617-332-1881,7749.599999999994,60
cd1f5054-2a98-3665-94db-572a81a2e874,42.323342,-71.646236,508-366-77072,3745.6399999999994,29
2c99c7b3-87df-39f4-8394-d3dd1af524c0,42.395317,-71.180284,617-489-9302,6199.679999999996,48
9e9e83ea-d694-3c43-8c12-f3d113209469,42.115454,-72.539978,413-796-1622,13303.479999999989,103
751be19f-90e3-3838-a5e4-dd777953ffca,42.534146,-71.038333,781-334-4005,50889.04000000046,397
02be0e59-461b-39b8-80da-64686bc34408,42.376043,-71.11868,617-492-5050,13045.159999999987,101
568a23fa-2c6c-3789-8ed5-4710599dcd1b,42.323853,-71.142003,617-734-4644,15886.679999999986,123
a27bf098-5aec-3ac8-b4f9-31342d8f7b7a,42.33196,-71.020173,617-282-6700,13949.279999999988,108
8e6c904a-a1a8-33fc-be79-27e41933b9cc,42.158692,-71.521419,508-634-7799,18986.519999999982,147
74f30d9f-4d98-39ff-a337-9c4c687806a5,42.612088,-71.227845,978-851-4251,12915.999999999987,101
f93563fb-7b87-3b97-be7e-7c5bc7301e44,41.897892,-70.62403,508-746-2000,6070.519999999996,47
595ff4c9-8479-3ae4-85e8-ccf9ff88ed0e,42.695743,-73.22211800000001,413-458-9600,12141.03999999999,95
9334d14a-9398-36bf-9932-0945c7815de1,42.445222,-71.23001500000001,781-863-5115,7749.599999999994,60
fdc73f71-fd8d-3d29-90fc-c34a9d010a23,42.195951,-71.45343000000001,508-429-5133,5812.199999999996,45
1ca2afca-6817-3a22-81d7-70b3b1366183,42.061338,-71.245802,508-543-7160,30998.39999999997,243
ee394632-cdfa-3709-ac47-eba10a419652,42.211656,-72.642448,413-532-67771,10461.959999999992,81
2d5dd8f6-47c2-303a-b5f2-80cd494bba36,42.614671,-72.597063,413-772-6080,14982.559999999989,116
fd88c467-7ce6-3272-bfd7-e445150e5dbf,42.017302,-71.21641,508-947-1755,5166.399999999997,40
ead3fcfc-c701-3505-b19c-b9e8119bcbe0,41.931653,-71.294503,508-226-2542,19115.679999999986,148
455ea24a-212e-37a6-9d56-767fa6f818d9,42.224096,-71.54048900000001,617-686-3332,16144.999999999984,126
4ed706ff-0933-348d-9a14-6121280d9db1,42.064731,-72.653477,413-786-3701,16532.479999999985,128
4f7381be-2b84-39fe-b161-48cda0d3b06c,42.648044,-71.161751,978-886-8703,10591.119999999992,82
a57fb741-b0e6-39d9-825d-a3267b758ecf,42.338551,-71.018253,617-267-7100,4778.919999999997,37
b165f308-d1b5-38a8-9fc8-63091a93f25c,42.241557,-71.082432,508-759-7752,17307.439999999984,134
c13d88e5-c806-368a-8787-f623d307b61e,42.262428,-70.79888299999999,617-759-2744,5295.559999999997,41
a020e11d-5e91-3941-80f8-a985b58ad493,42.499248,-70.898204,978-745-5114,6845.479999999995,53
4e383e1d-1060-3747-a4f0-d639980ff360,42.323853,-71.142003,617-934-4744,13174.319999999989,102
7cdf7420-c927-3f88-9c4b-712077a43669,42.33196,-71.020173,617-952-6382,4520.599999999998,35
a92cdb03-8b20-3413-bd32-794d52ef7b71,42.445222,-71.23001500000001,617-491-8860,6457.999999999995,50
1a7f7aff-c31e-3eec-820a-7474ae49ae8a,42.323853,-71.142003,617-739-0112,4133.119999999998,32
fafbeb88-4ef5-365a-83a1-e1cffd72c9e0,42.429688,-71.512514,978-897-9797,33710.759999999995,263
028b5b8e-40d9-381f-957f-0ed3e4503b4a,42.047565000000006,-72.57113000000001,413-525-2166,61996.80000000076,480
15740d88-c092-302f-a2ba-6dcfd5f74890,42.323853,-71.142003,617-738-1274,13561.799999999988,105
4d51cbaa-1dcf-388f-9464-4b39b204fc3c,42.376043,-71.11868,617-661-9633,8653.719999999994,67
51eeadc5-b8d3-3b02-8630-3561955b3fe4,42.119006,-71.10365,617-615-9253,7620.439999999994,59
9ea13cb5-ab91-33fc-bc52-8e9da53c2c3a,42.376043,-71.11868,617-547-8135,4649.7599999999975,36
4e61dde7-77d5-38ab-9388-25fd50eb7239,42.184599,-71.305307,508-359-1144,6716.319999999995,52
cdef2b44-68c9-33a3-8965-74043edd6fc5,42.126883,-72.430952,413-596-6922,11236.919999999993,87
5ebb2110-3a7b-32c6-adf5-60f42b27af76,42.265435,-72.670813,413-527-1300,22215.51999999998,172
e80d507f-003e-34e0-92dc-fb5b6417de99,42.721495,-70.886637,978-948-5015,7749.599999999994,60
02c59aef-a75f-33f2-a161-25b01d9a5bc4,42.27901,-72.400468,413-323-1115,6716.319999999995,52
fc94963f-5db9-3cfb-8133-f310f61bf55a,41.662727,-70.357208,508-394-7525,4391.439999999998,34
21a098a1-7ffd-3ac3-a297-c11a67e45f94,42.062378,-72.498111,860-810-8881,23248.799999999977,180
ff76282f-7968-39c7-82f9-2d86c93990a6,42.311693,-71.940282,508-757-0376,36552.28000000007,284
3aa3a744-7d82-38fc-a8b8-87a4f1ab78de,42.559673,-71.260947,978-667-8977,9299.519999999991,73
0affdcd1-4252-381c-8ac0-2c83bce05493,42.269478,-71.807783,508-795-1644,11107.759999999991,86
a04b0d38-3327-3763-8998-3c05ba9c4d47,42.559673,-71.260947,781-696-2070,37327.24000000009,290
00c76a84-257b-3728-b782-4b2526a361b3,42.061338,-71.245802,508-315-9021,18469.879999999983,144
ac06e0ac-ff61-30aa-9a9d-7856c2a6495c,42.10365,-73.359887,413-229-3634,31773.359999999968,246
3b3b630d-cd78-3708-bb6f-f354d51b61f1,42.331876,-71.208402,781-649-5439,3228.999999999999,25
07259647-96a4-3902-841c-3f5b372a474e,42.369451,-71.177925,617-924-0303,8912.039999999994,70
c75ad6d9-6b45-3530-bea5-3d5668f8ed19,42.281593,-71.242414,781-400-5372,11495.23999999999,89
0bcfd752-58ec-3e53-ae54-0d544fb47402,42.388921,-71.24226800000001,781-891-44523,2454.04,19
43659621-b75d-39b6-ae82-01e3c8c9f966,42.017302,-71.21641,508-261-2928,35777.32000000005,277
0e51f39c-5a55-3375-a82b-3215bfd59c55,42.423844,-71.10923100000001,781-391-8899,12915.999999999987,100
e3e93266-a032-39a8-839f-d5abbe8cf0c0,42.395317,-71.180284,617-855-2644,16144.999999999984,125
8a97561f-c559-3771-922d-8bcf6d9fe44c,42.423844,-71.10923100000001,781-393-88894,11366.07999999999,89
a42709c5-4d2e-3911-8054-42830156dc40,42.462911,-71.364496,978-397-5447,14465.919999999987,112
a0ece72d-53da-33d5-bdc8-07e94801d12e,42.369451,-71.177925,617-416-7815,29319.31999999997,228
2790978b-78de-3054-b7ec-b9fe16a571bc,42.499295,-71.281889,781-275-9226,4778.919999999997,37
4340823b-9e04-3a18-8e3b-cb37efc88f13,42.395317,-71.180284,617-855-3543,9945.319999999992,77
da4e8e43-7871-3ba6-bb63-900f053dc1a3,42.269478,-71.807783,508-754-0393,16532.479999999985,128
483d17d4-3ddb-348d-af22-84db8a6b8ae4,41.70692,-70.221117,774-994-8328,14982.559999999989,116
e613f5a1-7588-3efe-8701-fa9baf3241ff,41.846878,-71.24486999999999,508-223-3434,87699.64000000145,683
fa21fe97-a001-3cb8-8100-fee39a0afb03,42.376043,-71.11868,603-566-4211,8912.039999999994,69
a6c412ac-1c2b-379b-94cb-ed0d3502df6e,42.246872,-71.179462,781-352-0930,10849.439999999991,84
0cc09de6-0c92-36ea-9d3c-0460bd258822,42.164569,-70.818844,781-329-5509,5553.8799999999965,43
5c89056a-163c-33a6-8ec4-bd383ea0cbf4,42.327044,-72.67463000000001,413-585-8660,6716.319999999995,52
4f19c043-50be-3ad9-a2f2-ea735e34be3f,42.146286,-71.255604,508-404-1899,5166.399999999997,40
91a53589-2df1-3e27-a3eb-28970c71ae03,41.661303,-70.937913,508-997-0096,4003.959999999998,31
6f7c32fb-ae48-3de0-9aaa-2e50b09abde9,42.445222,-71.23001500000001,781-863-9660,3099.8399999999992,24
5b1a1bab-ff17-3eab-82db-4fa03f8a3b1a,42.851284,-70.955837,978-388-0799,17953.239999999983,139
4716ee08-035e-3e2f-a9fd-e3eb63bd0f9a,42.331876,-71.208402,617-244-0109,16015.839999999986,125
a09aadfa-1fd5-31e2-b2ec-b26c57aced68,42.383367,-71.42107,978-518-0825,2841.5199999999995,22
452f6ca7-fd6f-32c5-8b98-1d0d4f21db8c,42.445222,-71.23001500000001,781-862-8643,5424.719999999997,42
e1f57446-8173-348e-a3d0-096ce28ee8d1,42.33196,-71.020173,617-787-4349,12270.19999999999,95
4f66249a-0fdc-32f9-a0e3-7607f283b7e0,42.700273,-71.161357,978-687-6488,7620.439999999994,59
0517fca3-9416-3b31-a5b0-4921fe5bf34b,42.7539,-71.015935,978-914-7733,21828.03999999998,169
7084b460-d99c-3d71-81dc-09913a4624c9,42.323853,-71.142003,617-566-6426,18211.559999999983,142
ef15399c-c4d7-3562-9303-dd0354d8833d,42.224096,-71.54048900000001,508-435-9535,9299.519999999991,72
d7b5b9be-bda7-3f1d-89db-619263cf6801,42.331876,-71.208402,617-935-9116,4649.7599999999975,36
cdb0c43c-aa87-369f-84df-74f22ee278b4,42.499248,-70.898204,978-745-6656,3228.999999999999,25
e0f50140-ce59-3b4a-bead-3f33fa5e3905,42.376043,-71.11868,781-929-3377,9557.839999999993,74
485a44bd-4251-331c-b8da-9e59f3a65ede,42.323853,-71.142003,617-734-5779,3099.8399999999992,24
588d189d-8c4a-331d-9a57-01bf62b9601c,42.323853,-71.142003,617-730-5676,17307.439999999984,135
3ac1005a-b522-30ee-895e-c94624b15142,42.851284,-70.955837,978-388-5939,9041.199999999992,70
c74ad497-f5b1-3f6f-b880-4f654e3badc0,41.662727,-70.357208,508-362-0218,20536.43999999998,159
6dc4576a-e9ae-3552-8f3f-d28a630c97f6,42.395317,-71.180284,978-337-1503,15499.199999999986,122
92fb5daf-0cb4-3126-9715-9d0b8a8e5973,42.323853,-71.142003,617-903-8684,8395.399999999994,65
50ba6613-2552-3c1a-960d-2ad1d3fd0acc,42.301969,-73.323024,413-298-4544,4520.599999999998,35
1fde85e4-d4ad-3df7-8b63-5da077f83680,42.679723,-71.30068,913-909-9160,19503.15999999998,151
825d989b-752b-327e-a103-33079b0091c7,42.656952,-70.60463,978-546-8440,12011.87999999999,93
84a84f18-8237-38f0-9de6-27e62d0c11a8,42.331876,-71.208402,617-527-5767,14465.919999999987,112
bbb7dba7-0965-3932-b798-94335c6d2806,42.670643,-71.602858,978-448-6900,21182.23999999998,164
0154718e-fb2d-3969-bbf8-045641fe7dc9,42.265435,-72.670813,413-746-1016,15111.719999999988,117
5175e575-a8df-3828-ac48-5b5492a09722,42.585541,-71.44025,978-496-2050,16919.959999999985,131
ca26b0dc-755e-3d69-a923-4114bd84cb08,42.418722,-71.163912,781-316-1809,16144.999999999984,125
5cb13578-bfc5-3ff4-b394-26de7703c09e,42.305932,-71.282917,617-576-8135,3874.7999999999984,30
b2671c0f-9623-3d36-b42c-3cb5f5dea42f,42.126883,-72.430952,413-596-9096,9557.839999999993,74
11c36a36-8f3c-386e-83dc-cd6622acba46,42.395317,-71.180284,617-855-3168,11882.71999999999,92
966910ab-c114-3b9e-83e1-1a8f0c583cf7,42.305932,-71.282917,781-239-1182,1937.4000000000003,15
e7be2bea-4a1b-3bac-9874-3b149652461a,42.425506,-71.310812,781-259-9911,19890.63999999998,154
5835c23e-ef48-388e-b438-29e6a62d037c,42.247211,-71.991867,508-885-3861,43268.60000000025,335
42e990c9-64cc-3a6b-b463-5b306fddabbe,42.363534,-72.50729100000001,413-256-6004,13174.319999999989,102
e5cedcd0-f663-3812-9b2e-2cd57360d62e,42.383367,-71.42107,978-443-5747,7232.959999999995,57
1a5e3f7f-4183-395c-a0cf-492130b46ea6,42.369451,-71.177925,617-926-9973,4391.439999999998,34
1687bb7b-46f1-37e1-a4e4-362b30c8d656,42.323853,-71.142003,617-232-24374,9041.199999999992,71
13e96552-bbc4-3055-bb5a-c6192305cfe8,41.647227,-70.249978,508-778-9190,5424.719999999997,43
1fc6d3e1-9576-3f5f-8c0e-e26c42dbf2ee,42.390445,-71.101033,617-921-5427,17049.119999999984,133
4d9e063a-001a-3050-b185-3f53e1763ae4,41.579794,-71.081822,508-636-6600,10849.439999999991,85
a3572d77-ef07-3f07-a4ee-de5d1d1fe09e,42.418722,-71.163912,617-233-8186,8782.879999999994,68
e64d1d3a-dad4-33ec-ad26-f9238afc6abb,42.256208,-72.58103,413-532-3125,10074.479999999992,78
000ea339-3b3e-35be-b475-bd129c194e56,41.56651,-70.958229,508-990-9922,13174.319999999989,102
a73dc7d1-a1d7-3af6-aa90-af7ffda7b1af,42.360427,-71.361099,508-358-5918,9041.199999999992,70
4ca82ba4-2e96-365e-8ab8-2ec389f0fd40,42.327044,-72.67463000000001,413-586-8818,6716.319999999995,52
a09d2eae-2e94-3eb2-998c-225e928f8177,42.269478,-71.807783,508-791-8100,15111.719999999988,117
c994d615-bb7f-3745-a391-b1b4f4748a1a,42.395317,-71.180284,617-855-2854,11236.919999999993,87
cdfe3787-c615-3d92-b149-08456485e215,42.601977000000005,-71.81586999999999,978-345-7705,36164.80000000006,282
caae9e20-19d5-357f-ba65-48a7e3ce0475,42.445222,-71.23001500000001,781-862-4895,11366.07999999999,88
88b776b1-23b8-33b6-9b84-b5957ce4790b,42.108463,-71.185182,781-784-8372,12786.83999999999,99
d3a5680c-dd80-34c3-bb37-28989b918670,42.376043,-71.11868,617-921-0332,11624.39999999999,91
af315820-b829-31a7-8289-3539bdfbd36f,42.418722,-71.163912,781-646-8450,5424.719999999997,42
b81ddc7b-030c-3fa7-acf6-4ae14c4a447e,41.579794,-71.081822,508-679-9991,30610.91999999997,238
5585b8a7-cdd9-3b8a-b78a-7aaa076a11aa,42.331876,-71.208402,617-243-0004,6716.319999999995,52
0cfee501-e8b2-366f-aaed-72911a8c9aae,42.648044,-71.161751,978-247-6006,8395.399999999994,65
b1516ff8-952b-3f90-a485-e43e29cbf469,42.272062,-71.522795,508-787-9713,65225.80000000085,508
8c51632d-2a7d-3a76-b6c0-6293c9c50d1e,42.367858,-73.269763,413-418-7691,8782.879999999994,68
d70e4d56-753f-3c43-b222-59b74e018fd2,42.559673,-71.260947,978-663-7077,34873.200000000026,271
65cf0576-c592-37bc-8cf0-2a7dba9925df,42.323853,-71.142003,617-277-7130,9170.359999999991,71
0194f531-e7d6-34a6-9fa2-6c46b51bca15,42.323853,-71.142003,617-738-8027,16015.839999999986,125
ebcdaf96-50e8-340e-806f-04cfaca27857,41.916805,-70.0271,508-896-7790,6845.479999999995,54
23ae9af5-8904-3b84-9ce1-61b0c59646c2,41.793699,-70.638745,508-759-3843,5941.359999999996,46
e998913b-6a84-3356-a256-44c7629aaca6,42.331876,-71.208402,617-965-4353,10978.599999999991,85
27f37f20-5919-3d8e-b078-a54519775187,42.047565000000006,-72.57113000000001,413-754-4200,12786.83999999999,101
e0739d64-3589-3bbe-b8ea-808280085318,41.662727,-70.357208,508-428-5772,20407.27999999998,159
76834a5c-65a1-3124-8fcf-bbd2876eddc8,42.323853,-71.142003,617-947-7473,8395.399999999994,65
865f3724-67b6-33c1-bd8a-e2e8a1b656e1,42.499248,-70.898204,978-744-8442,1033.28,8
dc1e80f7-5509-3065-b8be-c8d4630beb18,42.256208,-72.58103,413-533-3526,3487.319999999999,27
789eb815-c0ab-31ca-8b84-0ce00727ad97,42.62556,-73.119828,413-743-2600,56830.40000000062,442
07f10d33-c05b-35fa-94e8-178161ec811b,42.418722,-71.163912,781-646-9101,22215.51999999998,172
80a83701-6fab-3811-8448-65809f8fae7c,42.265435,-72.670813,413-210-3264,5166.399999999997,40
6dfb7375-49bd-3b05-9a6e-7977feb70823,42.115139,-70.71033100000001,781-834-0390,20665.59999999998,161
9401792c-1e00-37a8-a9d6-ada7b893afc1,42.284822,-71.348811,508-647-3200,6845.479999999995,53
411d6c8b-6efc-3066-9853-88f67611432e,42.556659,-70.84496,978-998-6818,8524.559999999994,66
4b36a80b-43e5-308a-9d3d-f61900863b58,42.323853,-71.142003,617-970-3275,17049.119999999984,132
16da6240-9126-382d-8b6f-fe13a4895ba9,42.047565000000006,-72.57113000000001,413-567-1955,6974.639999999995,54
bee8ade0-a897-3e82-a3db-d8f0d96eeac1,41.7132,-70.485737,508-477-8550,7749.599999999994,60
3b806628-1d46-36f9-ba18-e69523843153,42.389071,-71.545864,978-562-7188,20019.79999999998,155
d1af8327-fe86-3aab-b9af-8d3443f72995,42.176526,-71.603588,508-529-2700,29060.99999999997,225
ef831c39-d039-3c01-8791-2c0344a389a8,42.044307,-70.70604499999999,781-934-2268,25961.15999999997,201
8fbdc477-d05c-3d67-96f1-4fbf1b08102d,42.844794,-70.841499,978-499-1870,24282.079999999976,189
b12b6bf7-0cfd-3450-9552-82999bb8a322,42.601977000000005,-71.81586999999999,978-729-3456,13174.319999999989,102
123b881f-f089-3c1b-bcec-8b7037d0f377,42.499248,-70.898204,978-745-3130,4778.919999999997,37
cfe3a28d-6e30-35e1-af49-25cbcdef2901,42.261006,-71.008988,617-773-4300,1937.4000000000003,15
dee00a71-a658-3da4-9550-4d66d8b26e13,42.265435,-72.670813,413-529-0700,5424.719999999997,42
dacc8ae8-0665-3d73-acc4-0159f6cbd506,42.119228,-71.67182199999999,508-234-7334,7491.279999999994,58
6a9bde1f-ba9f-3298-8f8a-6a7267e1972d,42.534279,-70.969782,508-843-1801,11753.55999999999,91
33145183-be4b-3f49-809e-05a81cce7ecd,42.584206,-71.988737,978-632-5722,7620.439999999994,59
da40c5d2-2914-3a09-8351-5f6a29fdf635,42.33196,-71.020173,617-254-0800,18986.519999999982,147
266f0172-9a04-3eca-9102-72702a2afff4,42.33196,-71.020173,617-254-3165,4908.079999999997,38
819670c7-a9b8-3572-b97b-d6330f81fd5b,42.138838,-72.755911,413-237-0211,7232.959999999995,56
337fcc9c-e7b4-36d8-9040-8506236f4bdf,42.62885,-70.685875,978-281-1411,16144.999999999984,126
dd946032-957c-38c3-9112-5d5b6c8db8eb,41.646686,-70.999158,508-994-0120,13045.159999999987,101
ecef129d-fa59-36a2-8f2e-123cf8e52915,42.206676,-70.94584499999998,781-337-6600,14465.919999999987,112
ccdd9f7d-8010-38ae-9607-a951a6f2084e,42.597445,-72.555278,413-801-2949,33064.95999999998,257
6ccb2ecf-9547-38e7-8c26-ca43a891df53,42.376043,-71.11868,617-499-5047,7878.759999999994,61
47a48a73-79df-32e6-8596-dfd44f2279e9,41.972376,-70.978773,508-697-8899,19244.839999999986,149
479d8764-9f18-300e-8695-57c43e37cf4a,41.662727,-70.357208,508-737-2701,8395.399999999994,65
fb4de8e4-bc32-3d08-8e0c-8c65da812da5,42.331876,-71.208402,617-934-6400,8395.399999999994,65
649c29d9-b26d-3e6e-8948-cbbb66957544,42.376043,-71.11868,617-492-8775,6199.679999999996,49
3fc0df86-10e3-3e02-9014-c8123ec39886,42.115139,-70.71033100000001,781-834-0390,774.9599999999999,6
7fdffaa8-9ba1-3785-8fbc-33c59e94497b,42.742751,-71.178588,978-687-4383,9686.999999999993,75
404561f7-7d54-3521-84db-bd836275fa9f,42.42938,-71.058706,781-322-3224,14982.559999999989,117
9d73e9e1-4826-3ee7-bef6-717056636ceb,42.376043,-71.11868,617-868-0038,4908.079999999997,38
c7aeb7a2-215e-3825-bcb6-02267c7e82f6,42.388921,-71.24226800000001,781-899-0808,14595.079999999987,114
1ff3f88c-3e37-3a4d-9f9e-41c97cc2354a,42.064731,-72.653477,413-209-9576,35906.480000000054,278
0d6269d7-d51a-3bf5-ba28-ad4090e2a88f,42.241557,-71.082432,617-696-2300,5683.039999999996,44
5805bacf-66e9-364d-929d-8a43c454420c,42.323853,-71.142003,617-566-0235,6716.319999999995,52
bf7a1f3f-2d9b-329d-ba36-b89628abd8f5,42.474862,-70.96218499999999,781-592-3183,3099.8399999999992,24
5f3a820c-2d15-32cf-85d7-b7dbf71cf3c9,41.56651,-70.958229,508-998-1994,5812.199999999996,45
db6b935d-f8bb-3512-9871-143284ce464c,42.205062,-70.74297800000001,781-545-8114,6974.639999999995,54
58911022-7e7b-3ac3-a569-a6ea5578cb39,42.418722,-71.163912,781-643-1557,16274.159999999983,126
11dca0c5-67e2-3a4b-b818-7e534a4cd890,42.323853,-71.142003,617-232-9200,23119.639999999978,181
c49a0fc3-4ae6-38fe-ac3d-aa6e9cfe9899,42.323853,-71.142003,617-232-4600,5166.399999999997,40
86827dbd-3582-3fdc-8eb9-13f6b428d228,42.284767,-71.714228,508-831-7710,31256.71999999997,244
f5364bba-190d-3067-8dd2-67bffb6c5f56,41.647227,-70.249978,508-771-9701,19373.99999999998,150
44390bbe-d8d0-36e5-8d8d-b68aaa208b56,42.307905,-71.436196,508-879-8004,14465.919999999987,113
2a72671f-f4c3-3260-9593-da40473f9afe,41.734214,-70.430683,508-833-4000,11366.07999999999,88
066ef32e-eae6-34a5-8968-0de987db6a15,42.33196,-71.020173,617-296-1828,12657.67999999999,98
75e7eec1-652c-3e70-b381-df743403a7a8,41.897892,-70.62403,508-746-6441,7103.799999999995,55
ecdc917d-a909-3a96-81b7-d6463b45afa5,42.175668,-72.572257,413-592-7777,22344.67999999998,174
9ad15150-45c8-316c-8a48-4028fe09b338,42.423844,-71.10923100000001,781-396-1070,21053.07999999998,163
efb7289e-5b25-3eb1-a837-584a5dd5f5b8,42.360502,-71.303433,781-893-4032,20278.11999999998,158
8803abc5-0a80-387a-8940-c55df4af1696,42.61176,-71.565269,978-448-9355,5553.8799999999965,43
f5ad3535-8419-39b9-9421-0ee7bc3b26b2,42.123007,-71.53140400000001,508-473-4323,26994.439999999973,210
85b93cf6-c5f2-3049-bf37-0f7bd8b4fb10,42.187364,-71.195971,781-352-2929,12011.87999999999,93
6f8ad572-8023-3796-8582-e3ebc6113fb7,42.535931,-71.490569,781-640-0900,58380.32000000066,455
2d5e2cbc-95db-3528-aa20-b378686144a2,42.585541,-71.44025,978-692-5006,28286.03999999997,220
1ba1db44-8800-306d-abea-7e29954a65aa,42.052671,-71.356858,508-384-0944,15628.359999999986,122
6e3af015-b415-3e29-a9b6-42206feaa2c8,42.455723,-71.05901899999999,781-665-1497,19503.15999999998,152
3fc6ac81-4751-300e-86de-4568318e4cdf,42.331876,-71.208402,617-969-9702,10591.119999999992,82
cae39e80-0c7f-35be-bfe9-1793d2905abc,42.474208,-71.097665,781-665-3773,11882.71999999999,92
ae4a7e33-3d01-3494-9465-28d1f847ebd3,42.017302,-71.21641,508-339-3338,20536.43999999998,159
dc34b00a-ed8c-3c95-9286-8612fa377810,42.224319,-70.880673,780-740-8831,11366.07999999999,88
9a29c81a-8036-3cab-a1a9-bcc489911c38,42.452752,-71.144319,781-729-7945,4391.439999999998,35
e04fe0dc-e319-3833-9c46-707f2abf9669,41.7132,-70.485737,508-888-8338,12786.83999999999,99
85451f3c-02a4-34c4-9223-ba726d3bba5a,41.662727,-70.357208,774-521-3872,19115.679999999986,148
41ac57c1-38f4-3b47-aa49-bacf3180b8df,42.656952,-70.60463,978-546-3073,12270.19999999999,95
61799595-d67f-3cd5-926f-b753002acebd,42.556659,-70.84496,781-307-1089,6070.519999999996,47
2d2fa7ad-0824-3ced-9dd3-804c1024bf91,42.331876,-71.208402,617-969-8131,4778.919999999997,38
619ed134-e733-3eeb-8690-1f5e7be6042e,42.376043,-71.11868,617-864-1571,6716.319999999995,52
124dc16c-7456-33df-8231-852ada43be15,42.597055,-71.3697,978-453-0900,15628.359999999986,121
3ad44914-0d76-3fe5-a307-dcfd45d2b957,41.834412,-70.957166,508-946-4777,22473.83999999998,174
d89a8f94-0755-3988-a0d4-64bb37fd705c,42.609509,-72.74698000000002,413-625-8494,14465.919999999987,112
9b61eeb6-2970-3ff9-8bce-bdf1cb23781f,42.452752,-71.144319,781-729-2020,16790.799999999985,130
984fe9f6-06e9-3d7f-826d-c9ee0b3755d0,42.63898,-71.321141,978-459-4544,32677.479999999967,255
42b37ebb-560c-34e2-a166-ef4e03ca0522,42.455723,-71.05901899999999,781-665-4295,18728.199999999983,145
fa2fddb2-58af-3e52-b9b0-e42c35bfe84a,42.439941,-71.601879,978-779-5539,7491.279999999994,59
a6a2fda6-cdcb-33d5-9438-b73c1bc83c3d,41.7132,-70.485737,508-833-0011,8524.559999999994,66
122f0348-0144-39ca-a07c-e753c7a6dba2,41.839798,-71.31804699999999,508-336-6680,15111.719999999988,118
c7b763e8-052d-3730-b00d-dec9a948c4cf,42.50436,-71.064061,781-850-5535,8007.919999999994,62
c222a03a-69dc-33f5-a5ca-aab8174e6525,42.395317,-71.180284,617-489-2323,9170.359999999991,72
42b121dc-0634-3067-9e79-465562a2b74e,42.656952,-70.60463,978-546-3838,17307.439999999984,134
502dd65a-e826-3bca-89bb-448b81ddbc15,42.140346,-70.997861,781-767-4207,90282.84000000152,700
3e3a5594-7f8f-3ebb-9bd0-8b63d69a822e,42.206676,-70.94584499999998,781-331-1060,10849.439999999991,84
fd7e071a-f849-3bab-9e17-cba7ab618780,41.70692,-70.221117,508-857-8901,19373.99999999998,151
b086a64a-e56f-3838-91c6-4cbdccf1a1b3,42.360427,-71.361099,508-655-4517,5941.359999999996,46
3268c752-41d7-3633-8e13-e6a44469cb00,41.661363,-70.812024,508-758-3754,12141.03999999999,94
ef9a7283-0fe1-30e9-85ba-075cdd70d21d,42.064731,-72.653477,413-789-2106,28544.35999999997,221
cd1de71e-98d1-3cba-8fd2-2b20331ff03f,41.661303,-70.937913,508-997-5636,24798.719999999976,192
b99591b9-4e95-368c-a797-58d9adc97ac6,42.246872,-71.179462,781-329-3344,11107.759999999991,86
f56e2e77-f6cc-3041-9968-efae88afff7d,42.556659,-70.84496,978-921-1717,4391.439999999998,34
4471b385-a75d-35a1-838a-30a0909de267,42.626223,-70.85723,978-969-3744,46239.28000000033,358
3a8fa4ca-d3b1-3e18-8ea7-f00375ef6cae,42.388921,-71.24226800000001,781-891-1447,26477.799999999974,205
8d004a05-5391-3e80-82a9-d51d28ccc405,42.675551,-73.11810899999999,413-663-5500,9557.839999999993,74
0754a3e7-2228-39c5-a5b2-5f1a8e1681db,42.648044,-71.161751,978-475-4202,4908.079999999997,38
e3ed789e-462f-3e75-9852-0aaad71aee63,42.349617,-71.547214,508-481-1133,4003.959999999998,31
d14619f6-09e0-34fd-b0d7-8fe33efe69c8,42.187364,-71.195971,781-769-9045,4520.599999999998,35
daad70f0-5913-38ff-af69-3e160a44b949,42.679723,-71.30068,978-957-4474,41589.52000000021,322
bab94f3b-9a56-3c60-b0dd-8929cdf06b53,41.931653,-71.294503,508-226-2333,5812.199999999996,45
7d6d69ac-5aea-3c5f-8216-f32b5eaace5c,42.146286,-71.255604,508-668-5254,8137.079999999994,63
5a3f6cb5-f5c1-3fb7-b905-373c057c3e50,42.084858,-71.41057099999998,508-528-3344,7878.759999999994,61
ca0fa05e-2347-30b2-b251-b2e7cd77fda1,42.535183,-71.105423,781-944-0040,8266.239999999994,64
01c02123-5d0f-3ef4-ae1c-cc91518f729a,42.405938,-71.054649,617-387-1904,22732.159999999974,177
159f077a-8598-357d-99e1-0b32412cd0fd,42.241557,-71.082432,617-698-6105,20923.91999999998,163
d66e6187-fdbe-3177-8c49-263188954452,42.206676,-70.94584499999998,781-331-7075,7362.119999999994,57
ed3977f3-b6cd-3ff9-8a37-4e2c299b52d8,42.205416,-71.00216800000003,781-843-8187,8137.079999999994,63
07a51772-6382-3b4c-a26f-98eea54008f6,42.281593,-71.242414,617-964-8564,7878.759999999994,61
9e3dbdc0-b9c2-301e-845a-bbfe1c67c304,42.648044,-71.161751,978-475-5252,8653.719999999994,67
e9713fb1-1e6d-331e-8a3c-4cd83db9fb08,42.125451,-72.649734,413-736-1680,8395.399999999994,65
8f8511a3-705e-341a-b7b8-b536f9fb376f,42.452752,-71.144319,781-729-3008,14724.239999999989,115
172cefe1-0b02-3fb2-aa53-ca61cdaec115,41.633619,-70.871306,508-997-9100,18469.879999999983,143
b9dd3b5e-1247-345c-a155-791443c5b6c6,42.376043,-71.11868,617-494-1166,13949.279999999988,108
0bed4337-f9ce-37a0-a677-7b9c7d05e65d,42.256208,-72.58103,413-275-6200,17049.119999999984,133
36ed10a2-6bfb-32fb-8426-eba5689a5f28,42.261006,-71.008988,617-472-4220,3228.999999999999,25
866f38cd-af49-36c2-a073-ee031c7609cd,42.535183,-71.105423,781-942-0380,25961.15999999997,202
9354142e-d6cf-306e-be46-9db82a1942a7,42.30539,-71.28366899999997,781-237-3233,18340.719999999983,142
7ac7519f-7a1f-3812-83e3-9fc1a6723e3b,42.082543,-71.024638,508-586-4444,8653.719999999994,68
a6f376c9-4d26-3791-8c25-fd10c3ef9245,42.376043,-71.11868,617-876-5656,7103.799999999995,55
ac69a419-e1e3-3db7-966e-608ad8e4dc4b,42.269478,-71.807783,508-852-7200,645.8,5
f7abeb22-2b95-34af-9439-27b8ea1cae83,42.445222,-71.23001500000001,781-626-0008,8653.719999999994,67
0a1eb679-4d4c-3352-a997-70ae4574ddb4,42.462911,-71.364496,978-341-0060,6199.679999999996,48
d7951884-93b0-3a1c-b974-ae7f4f5efaa7,42.175668,-72.572257,413-598-7777,43785.24000000027,341
d94c9186-7bed-3d24-88a2-d5bc92d92737,42.376043,-71.11868,617-893-8752,14982.559999999989,116
bdfb91b5-a041-3e99-99ae-3042ff8c11ba,41.747513,-70.066223,508-255-2325,4520.599999999998,35
405c1042-e54b-3ff3-a5f8-d6a0dcf03518,42.198708,-71.846006,508-832-6075,24152.919999999976,187
219df2c0-8053-3273-8292-56b5659e31b1,42.224319,-70.880673,781-740-2272,1549.9200000000003,12
114457d2-dcae-3d16-9ac5-2d6c878e82ba,42.851284,-70.955837,617-306-0610,16532.479999999985,129
a0541bbb-46e8-3293-9d1d-08246756db63,42.390445,-71.101033,617-284-6252,14207.599999999988,110
0c1e0f20-5940-3d5f-9347-69c88bebd116,42.269478,-71.807783,508-755-4922,15886.679999999986,123
830037f6-93ec-346b-b051-87d94c39dae9,42.269478,-71.807783,508-854-4868,4003.959999999998,31
828ab051-b557-3813-aae6-1a80fd4c1d30,42.673909,-71.091334,978-683-6256,9299.519999999991,73
2afa55ee-ae98-3419-b872-0b82ce782393,42.305932,-71.282917,781-431-7323,1937.4000000000003,15
f0736136-c454-3785-855e-902861306c90,42.597055,-71.3697,978-934-9294,13949.279999999988,108
f178140b-e29d-39c6-bca4-c961e77acde2,42.360427,-71.361099,978-460-2617,9170.359999999991,72
ad9db4c9-4722-3c71-8fb3-cc3f3af057b1,42.488769,-71.154438,781-935-5050,2324.88,18
db6c9e2a-949f-3ccb-87fd-a2eeb0bdf5f1,42.683108,-71.01833,617-893-8807,21569.71999999998,167
42eff9fe-a834-387e-a063-4c5a5ca30ee5,42.338551,-71.018253,617-266-8584,5812.199999999996,45
c4728462-561c-3d54-aade-309236aa8495,42.323853,-71.142003,617-278-0438,18469.879999999983,143
09970bfe-ef0f-3c7d-a71a-74e42a8d7e70,42.534279,-70.969782,978-536-3111,12915.999999999987,100
7a88db40-6c11-3652-b00d-51f466934ef7,42.395317,-71.180284,617-785-0411,5553.8799999999965,43
7278633d-ddbc-3987-826f-6be9e96303e4,42.574174,-70.95051600000001,978-828-4255,3099.8399999999992,24
dfb1ef71-cbff-3be9-94c8-0e0e0a70c284,42.307905,-71.436196,508-620-0017,10203.639999999992,79
650d7638-4e89-3d04-bd42-c651ab3c81a4,42.082543,-71.024638,508-588-3174,3745.6399999999994,30
c7d7c1c3-4bf9-3a1c-90a3-ff1c748e6a88,42.488769,-71.154438,781-224-0611,12011.87999999999,93
0845aff6-90c5-3cf6-9f52-73557e9979c8,42.338551,-71.018253,617-424-8734,9686.999999999993,75
f5259ffd-9acb-3311-992a-a3cfea7195e3,42.503227,-71.201713,781-273-0099,15628.359999999986,121
82345720-9dae-3fb1-831e-71305f2cd38f,42.376043,-71.11868,617-864-5094,5553.8799999999965,43
868dafa6-7955-3f40-a3bc-1380942fb9a6,42.418722,-71.163912,617-396-7513,6587.159999999995,51
b76d86f7-5e55-3d50-b910-2491c1a39d6a,42.205062,-70.74297800000001,781-545-6565,4520.599999999998,35
90dd3724-98b1-3b27-8543-515b1e039e98,42.269478,-71.807783,508-752-5191,8653.719999999994,67
2d2c6145-767c-3b49-8dcc-fa3298d1cd67,42.597055,-71.3697,978-256-4151,30610.91999999997,237
db6e0cea-70b9-3cab-b8fe-1bd1b4b649c3,42.421005,-70.99036,781-284-3200,28156.87999999997,219
37be5852-3585-355e-8219-e3618f24dfd5,42.534279,-70.969782,978-977-4160,8524.559999999994,66
bfc315bf-0b95-3a8d-b1b0-94ffdf55c58e,41.646686,-70.999158,508-993-7601,12915.999999999987,100
f8b6079e-fd68-3058-bd49-46dbba220a3b,41.594939,-70.599243,774-255-0635,9428.679999999991,74
2898db6a-62da-399d-b1fe-ecca7d2bc1f8,42.782945,-71.087436,978-374-7451,4133.119999999998,32
928b8862-119d-3482-a6a5-d8b4df7abde7,42.331876,-71.208402,617-243-3937,10849.439999999991,85
188537ad-f726-37c2-bcb1-b91c39d40de3,42.047565000000006,-72.57113000000001,413-567-5533,50501.56000000045,392
52128369-a1f9-31e7-91dd-3072d102d792,42.63898,-71.321141,978-441-0600,18728.199999999983,145
5f6d0067-17cb-3327-9690-86f6f6bbdc3e,41.758163,-71.21418100000001,508-675-3200,20665.59999999998,160
f0f10d00-33fe-3e9b-b00c-48574f6b874a,42.445222,-71.23001500000001,781-862-4550,3616.479999999999,28
737ae7be-959b-3c7f-b998-de3c90996c38,42.405938,-71.054649,617-389-6270,25831.99999999997,202
2269bc9e-cade-3aaa-a2e5-fbd322cd2ad0,42.375541,-70.970646,617-567-6666,17307.439999999984,134
fd47cf46-1315-35a2-aede-bf7c8b900145,42.488769,-71.154438,781-281-1086,13174.319999999989,103
026ac617-d544-3fa1-bdb8-7edfdf503b1a,42.355801,-71.862574,508-797-7110,14982.559999999989,116
99b48a5d-5659-30c3-883c-56f603e6f196,42.851284,-70.955837,978-388-1060,18599.039999999983,144
37a78ec3-505f-361f-b6fa-aaafed77cd01,42.679723,-71.30068,978-934-94442,9945.319999999992,77
5bb5a253-d554-333b-b92f-2baa527fa548,42.115454,-72.539978,413-736-0395,7232.959999999995,56
945768aa-2200-3476-b042-993a9df74c65,42.231947,-71.372963,617-571-7323,59671.9200000007,462
74818344-d9f5-32ad-b922-8527e2e5dfda,42.184599,-71.305307,508-359-4532,7491.279999999994,58
dce6ce7f-7e6e-3035-aaad-46379b6d0bf0,42.211656,-72.642448,413-406-8380,18728.199999999983,145
f7a9cc0e-5ad4-394b-8179-3ea3dd11df9d,42.323853,-71.142003,617-731-6366,5683.039999999996,44
48baff70-a0a9-37e8-bbbe-8b4f627def5f,42.363534,-72.50729100000001,413-549-2773,5941.359999999996,46
00b14d27-ca1c-33b6-ab79-b636bf184d1a,42.09387,-71.544519,617-584-2794,17694.919999999984,137
8aca2cb8-800c-3bac-9a11-fc1c9899e0fc,42.246872,-71.179462,857-242-9939,19632.31999999998,152
08a94aac-7e11-3a09-a3e4-c2869ee66eee,41.57072,-70.556682,508-527-6001,27381.919999999973,212
20763d7c-e939-3957-9426-5b8ef94fb409,42.323853,-71.142003,617-731-0888,10978.599999999991,85
62b0b608-98d7-399c-bc4d-ff78143e82dc,41.916805,-70.0271,617-538-3245,24411.239999999976,191
89eca556-ef39-355d-9c10-02e6eeadee93,42.376043,-71.11868,617-642-3193,8266.239999999994,64
411735bd-f830-3011-a59f-c3f84a1f042e,42.459222,-72.216335,978-724-3424,31256.71999999997,242
c4972dbe-5f07-30ba-b02e-12c8d7df4e9b,42.269478,-71.807783,508-685-1517,4649.7599999999975,36
58f5b392-6bfd-3c4a-bfd6-061e7cf396b2,42.389071,-71.545864,978-568-0025,7749.599999999994,60
01b15863-a685-3c50-b9f6-54ec8cd5fe02,42.158692,-71.521419,508-529-3320,4520.599999999998,35
affa7e59-3e50-3559-bbbb-e8a2e89e4b7b,42.164569,-70.818844,781-656-5309,8912.039999999994,69
f022c152-0035-385a-bf96-307024125878,42.323853,-71.142003,617-515-4059,13561.799999999988,105
8a31a7a3-30cb-3cd9-8baa-025cae6f4e4c,42.108463,-71.185182,781-784-1700,3745.6399999999994,29
5bcf4dea-3588-358d-8649-95f775a9d440,42.369451,-71.177925,617-926-4191,22990.479999999978,178
752c9a64-7f1d-3b8c-8e49-89cca13b3b9f,42.673909,-71.091334,617-947-0883,2970.6799999999994,23
ff5d5c5b-c000-3466-9693-86a0460f6d82,42.376043,-71.11868,781-541-0377,13949.279999999988,108
d9db4afb-7e45-3b04-871b-9d55a318ea88,42.183577,-72.457812,413-583-8326,25961.15999999997,201
3fa9a0ff-345f-35ee-a2bd-97afb93423c0,42.597055,-71.3697,978-995-3292,19632.31999999998,152
10d84729-47a2-3992-8d3c-cabe300c8eb6,42.115454,-72.539978,413-372-5441,19632.31999999998,152
359e389c-56a9-3207-8a8a-b4876a4bfeb6,41.903324,-71.094987,508-824-5045,3228.999999999999,25
9d958afb-18a5-3976-80f6-fa3ccfbe3432,42.504256,-71.588513,978-219-2398,19632.31999999998,152
a30bb886-a567-3d82-a3ab-8bf1f45bc55a,42.504256,-71.588513,978-296-3957,4778.919999999997,37
437d6bdc-a404-373e-82bf-d96ada8685fa,42.675551,-73.11810899999999,413-652-1775,3874.7999999999984,30
2a02cf03-5b22-30df-aae4-33f12583be21,42.082543,-71.024638,508-587-6060,19890.63999999998,154
dc06cdaf-5f20-387c-924b-d1af9780e15b,42.363534,-72.50729100000001,413-461-0578,4003.959999999998,31
82bcfece-3847-3e63-a546-9220864cbf2c,42.323853,-71.142003,617-232-24394,11753.55999999999,91
4b74b5b9-b645-3f1b-a613-3d8c1fada332,42.360502,-71.303433,781-431-7399,20148.95999999998,156
e66dfa0a-99cf-38bc-a2f9-fec2eb84a195,42.261006,-71.008988,617-770-4400,6716.319999999995,52
27a44976-5577-32f4-be7c-0bc97487b7a6,42.047565000000006,-72.57113000000001,413-567-6200,26348.63999999997,205
8747120d-78fa-3d5d-987e-bdd9674e63c6,42.462911,-71.364496,617-855-3075,11107.759999999991,87
e268d966-c51d-355b-90a3-edf1748d0b67,42.556659,-70.84496,978-646-8830,11495.23999999999,89
7427f59e-0268-3e23-a1f9-30d732eb3a68,42.462911,-71.364496,978-968-8044,5812.199999999996,45
27fe2736-8b86-385a-8120-e5b179493df7,42.33196,-71.020173,617-734-1300,5812.199999999996,45
cd488a71-266c-3967-9bfd-7fffc77b5dc7,42.770406,-70.872417,978-499-7622,28415.19999999997,221
28f04c66-b641-32bc-b5bb-44aa61cfb9eb,42.33196,-71.020173,617-541-8825,9428.679999999991,74
10ea2025-d6eb-357a-96d2-1359bdff79e6,42.742751,-71.178588,978-685-4444,7103.799999999995,56
223bac2e-df65-32f8-ab52-a8b064c00f15,41.579794,-71.081822,774-309-3555,23507.119999999977,182
2b86fb56-c59b-3b8e-baf0-f01e117777e9,41.594939,-70.599243,213-308-3130,5553.8799999999965,43
c9c9bbf0-c1c0-30fe-94d3-a908a24ebb48,42.039991,-71.53240600000001,508-752-4709,45851.80000000032,357
9b85cf38-ccfb-36f8-82d9-3aab7a24ac0b,42.395317,-71.180284,617-731-9096,11236.919999999993,88
3a5d5eab-0fa4-3ffc-8877-d88e78fac7d3,42.695981,-70.83564799999999,978-500-9996,5037.239999999997,39
eac6460e-a50f-3846-b343-f6908a7e90b4,42.675551,-73.11810899999999,413-664-5445,10461.959999999992,81
f341b9d9-cd82-3510-b4f2-06d2f46d3455,42.256691,-72.158169,508-867-0180,41718.68000000021,325
4fc15b92-8d23-34f9-80f5-010f1c0e1bdf,42.331876,-71.208402,617-558-1245,4649.7599999999975,37
b79002b5-8d21-3ec3-a6dd-194140d1aa0d,42.452752,-71.144319,781-721-2737,10591.119999999992,82
b8dc71b2-c5bb-3a22-845d-ec6053397e1a,42.474862,-70.96218499999999,781-864-3054,4133.119999999998,32
78fdac6c-2d81-3ec5-a4ee-c17b22988a32,42.770406,-70.872417,978-499-2103,22861.319999999974,177
f9d47b3e-ff35-3557-b526-2130d704dc42,42.064731,-72.653477,413-786-9704,11236.919999999993,87
9e8bb343-5589-3b67-a99a-abfb8f771cd0,42.327044,-72.67463000000001,413-530-0698,13045.159999999987,101
5ff7960c-f292-3861-87a4-7eb8095bfed1,42.679723,-71.30068,781-956-1709,21440.55999999998,166
5e7e506f-1a50-373e-9885-d7343b436273,42.206676,-70.94584499999998,781-624-8564,23377.959999999977,182
57af70ba-946b-3109-89a8-82481c300705,42.238427,-71.91234,508-892-1335,242175.0000000056,1883
b62ec063-db18-3670-97d2-417affeaf1d6,42.284822,-71.348811,781-718-0289,16790.799999999985,130
0bac2d2f-e91f-343e-89c6-c0456b974959,42.601977000000005,-71.81586999999999,978-342-9900,27640.23999999997,214
afbcb709-9e27-302a-bfe7-b9d7e6872267,42.700273,-71.161357,978-725-4800,3745.6399999999994,29
c908bdbe-5dcf-3e20-9205-ac67a60428ea,42.376043,-71.11868,617-876-0309,4649.7599999999975,36
392f8025-35d4-3fde-808d-dd35e93ac76c,41.931653,-71.294503,508-226-1693,8912.039999999994,70
227059b2-fe7b-306a-beda-3b7ca2754b06,42.175668,-72.572257,413-594-4747,37068.920000000086,287
a7820d57-a83d-3e6c-b174-aded52ccf3b2,41.594939,-70.599243,508-360-5199,7491.279999999994,58
d60a2b97-57c0-3ea2-9efe-287dc8dfbf6c,42.125451,-72.649734,413-739-7585,14595.079999999987,114
6dffe5a9-5380-3a07-98c8-5e9ba17bd7f6,42.421005,-70.99036,781-284-7597,39135.48000000014,303
9f2ababd-de5b-30d5-9169-359ffb46abbd,42.375541,-70.970646,617-846-0832,37843.88000000011,294
8979fc79-bab8-34ba-b7a5-016443c958c5,41.56651,-70.958229,508-993-3000,47918.36000000038,371
e9c676e4-d684-3ca0-bc88-fbcf12ca1db1,42.323342,-71.646236,508-393-7177,12011.87999999999,93
58448b37-5f73-3de7-b8e0-2500c6b73c97,42.082543,-71.024638,508-583-9800,4908.079999999997,38
a7eeeb8f-a542-38c0-8bca-71d9c5f7f681,42.338551,-71.018253,617-431-6140,8912.039999999994,69
4917759b-1f9e-3733-af09-132e8a56641a,42.275462,-72.280158,413-949-2772,12270.19999999999,95
67ca2f4d-63b0-3182-b862-ddec66ee6bf4,42.499248,-70.898204,978-745-0654,5166.399999999997,40
08ea9944-dc3a-39c6-8d79-bdca0c94746e,41.646686,-70.999158,774-202-1078,12657.67999999999,99
49217e85-301a-379f-bf39-8e7b798c8579,42.483953,-71.43849499999999,978-263-4453,6716.319999999995,53
dfeef2b6-c1ee-305c-8d8c-bfda54e0fdc4,42.187364,-71.195971,781-449-0087,8007.919999999994,62
84f83737-bab1-3db9-8753-f70b08565e92,42.331876,-71.208402,617-244-5355,9816.159999999993,76
0bfbae86-ec46-33e3-8dc5-bf2f47cf563c,42.323853,-71.142003,617-734-2258,2454.04,19
6b940712-1ccc-3d2d-ba81-8e44b78406a5,41.931653,-71.294503,508-222-0089,2841.5199999999995,22
a55c6a21-4d97-3005-997a-872786db1344,42.673909,-71.091334,978-685-8059,12528.51999999999,97
f04e56a4-1e5e-3947-954f-3d8b5cd424ac,42.331876,-71.208402,617-875-8717,7620.439999999994,59
8a68f537-6489-3f25-961b-17eae948ac37,42.499248,-70.898204,978-744-5991,11366.07999999999,88
e960a4c5-58ec-3993-8fc2-2f7f4fdcf9ce,42.305932,-71.282917,781-235-7900,6974.639999999995,54
8f8260f0-4852-3f09-9d10-b3308a2e86e6,41.903324,-71.094987,508-823-5104,5424.719999999997,42
00ac14cd-e37c-310d-a310-e4dc0ff80f43,42.122956,-70.85631,617-922-1566,20536.43999999998,159
0f4f2051-b1f7-3e83-854a-5bff136057b4,42.395317,-71.180284,617-855-2234,4778.919999999997,37
977d8935-61d9-3e88-9c38-17f15536d65a,42.241557,-71.082432,617-696-0302,38360.52000000012,298
a0e3f669-d53f-3554-a7d5-144f422a342b,42.396824,-71.031348,617-889-2500,70392.20000000099,547
4b322499-4ab0-3811-b1a5-88d16de33995,42.468432,-71.01394599999999,781-233-4122,21053.07999999998,164
7aa1bf5f-a78d-3d1b-8220-87cf6839c005,42.064731,-72.653477,413-789-1369,7620.439999999994,59
519d41a1-0b82-3e6b-b4fe-6c00b050c881,42.047565000000006,-72.57113000000001,413-567-0380,21698.87999999998,170
de5f6395-ed2b-384a-b764-9ff5e5e6e1a7,41.839798,-71.31804699999999,508-336-4114,27252.759999999973,211
00717240-296a-35b2-a336-8e3d9f085fce,42.323853,-71.142003,617-232-0440,9170.359999999991,71
81d48546-7545-3eb7-9543-0be8579e6ba1,42.323853,-71.142003,845-590-9450,5553.8799999999965,43
45fd49b8-43c9-32c8-a5cb-774703b4edc5,42.50436,-71.064061,781-224-0202,8653.719999999994,67
4a36e7c2-9c93-3475-820b-c09dbedac509,41.70692,-70.221117,508-362-9023,12786.83999999999,99
c78fd2bf-1131-389d-a75a-c5d3f7b1b8ef,42.405938,-71.054649,617-387-3330,32935.799999999974,255
11b3bd54-31d2-3bf8-9bbb-13e721c03ccc,41.987196,-70.74194200000001,781-264-3178,11753.55999999999,92
86492428-5235-3b43-8a61-ec9226d28668,42.499248,-70.898204,978-741-7600,7620.439999999994,59
20d66892-61a8-344c-a5ce-06ed522f6c42,42.597055,-71.3697,978-250-3937,7232.959999999995,56
c701b651-52fc-3067-9f4d-ce7c5e72b95d,42.052671,-71.356858,508-384-5000,12011.87999999999,93
09b12738-8d19-3f48-bb86-1f0f0d3b5117,42.158692,-71.521419,508-473-7400,7103.799999999995,55
ec000aef-606c-3d72-b54d-22248b3069f9,42.610513,-71.007118,978-774-2555,8912.039999999994,69
6549e15c-e37e-3877-b954-2d503c8a7e93,42.575924,-72.229618,978-249-2225,7232.959999999995,56
5c94e977-6b9e-3627-8a71-fcc187bb9dbd,42.241557,-71.082432,617-698-4496,18082.399999999983,141
e80228d0-1e28-39a2-b665-6596a5567c24,41.75495,-70.616158,508-320-2482,27769.39999999997,215
3ad8f3a6-047e-3ade-8ff6-6ad9901e53d3,42.369451,-71.177925,781-641-2210,11882.71999999999,92
759663cc-0b5e-3e2a-98b3-e239ef48af01,42.331876,-71.208402,617-964-3332,4003.959999999998,31
415bf5aa-ea38-3685-a13c-e68fcc89b344,42.30539,-71.28366899999997,781-237-65502,17178.279999999984,134
bbf58fb7-10bd-3691-a136-ce8bff01a353,42.499248,-70.898204,978-745-1555,11236.919999999993,87
cd713027-3ff6-30c7-a8c8-5ffb817e3fb0,42.323853,-71.142003,617-506-9889,10074.479999999992,78
f6f34b31-46d0-3b27-9278-9824a163b5c3,42.62885,-70.685875,978-282-4600,1033.28,8
3fe9027e-146b-34e0-a9a5-6c061465c7ba,42.62885,-70.685875,978-223-3129,9557.839999999993,74
628b343f-2360-3994-ba84-1291d2a2421b,42.323853,-71.142003,617-732-1510,5166.399999999997,40
a8f4e282-acfb-3d89-b94f-9c44af857ea0,42.156203000000005,-71.43034499999999,508-533-8868,17565.759999999984,136
aa045e28-f063-33e2-9dfd-a97271140c97,41.647227,-70.249978,781-734-2028,9557.839999999993,74
2d65194f-890e-358e-96bd-ae26070f196a,42.246872,-71.179462,781-407-7770,14207.599999999988,110
04f553c5-5858-30a6-b318-f1e07a89c8bf,42.468432,-71.01394599999999,617-791-4805,17436.599999999984,135
b8b67095-c4ea-3eee-9b55-27e3ae911b52,42.206676,-70.94584499999998,617-726-8691,2454.04,19
de5903f8-3276-375f-8488-2ac9b0fe28c7,41.930477,-71.046214,508-369-1715,16661.639999999985,129
b319d976-616a-3f5b-8ef9-8d47c51af146,42.578222,-71.084398,800-593-2560,11366.07999999999,88
66a5cbd2-ba64-3e19-aa65-d586e702ac16,41.725351,-71.094162,508-982-5838,8782.879999999994,69
35a49dfd-7ce3-3ef2-bbb3-eab67a5f26c3,42.559673,-71.260947,978-667-8600,19115.679999999986,148
860f29f2-5cc3-302b-b387-a8a29f3f17de,42.423844,-71.10923100000001,781-572-2965,19503.15999999998,151
d8cd2410-bbcb-3665-98f9-6ea59a8690f4,42.369417,-71.785036,508-852-3700,37068.920000000086,288
d7fc64a7-cbde-3199-b63c-15b4b559e0e0,42.564647,-71.164516,978-988-2225,25186.19999999997,195
b19add35-ad10-304e-b25a-f71442ed4eb4,42.564647,-71.164516,978-658-7700,6716.319999999995,52
349f186e-2a34-3888-b2ce-b2f6de9cdda0,42.338551,-71.018253,617-269-6262,4649.7599999999975,36
296bb552-36f1-3e49-ba6f-68f360a20fb4,42.418722,-71.163912,781-648-4000,25961.15999999997,201
b317d440-4e62-3315-b396-cd9f72355bc5,42.27901,-72.400468,413-213-0899,14078.439999999988,109
d32bd7bd-4211-34d8-a08b-b1b2b810d41b,42.63898,-71.321141,978-934-9220,14982.559999999989,116
1e8ab91e-eace-38c4-a7fc-c2887cab6523,42.597055,-71.3697,978-256-5557,1808.2400000000005,14
79a41d78-328b-3acc-93f5-ef362b67cb5b,42.395317,-71.180284,617-855-2773,16403.319999999985,129
39245aea-583f-34a8-a898-d79be91e5f48,42.395317,-71.180284,617-855-2578,6070.519999999996,47
f68874b4-37ae-3db2-8fc7-169ff029b5e3,42.495629,-70.83582,781-631-8250,21053.07999999998,163
1c064e6a-e1a5-3124-b294-68ae3a9d6487,42.284767,-71.714228,508-845-3500,38360.52000000012,299
117ab9bf-c2a0-3311-9ba3-2bd7e35783ed,41.897892,-70.62403,978-239-2326,11366.07999999999,88
3bdd7318-5a9c-3ecf-ba3e-7163a602bdf4,41.579794,-71.081822,508-636-4769,28156.87999999997,218
c25d89ff-e9d0-3326-9d50-3621c666b313,42.224096,-71.54048900000001,508-435-2225,5683.039999999996,44
9cbba625-cd1c-3b19-a562-1b1ddc91674b,42.447924,-71.776045,978-860-3154,27381.919999999973,212
6cfa1cb7-35fc-3389-998a-06e0e8c62116,42.395317,-71.180284,617-864-8410,1162.44,9
d86e15fb-290b-36d8-ad51-b32ceda12b77,42.198708,-71.846006,774-239-2702,9170.359999999991,72
6fc8f100-c1c5-354c-b7f1-f1738eee1633,41.594939,-70.599243,508-540-5559,9299.519999999991,73
54c733e3-c0ec-3003-aaf8-0e5675ac6894,42.224096,-71.54048900000001,781-239-0909,3099.8399999999992,24
c743fa07-3f3c-3254-8182-004a0ef74700,42.376043,-71.11868,617-491-1661,4908.079999999997,38
c9ac997e-b091-3824-82b6-f274073087d3,42.265435,-72.670813,413-218-6933,6716.319999999995,52
2cbe9c15-f5a4-36df-ab3f-55fa63b23e18,42.115454,-72.539978,413-794-7035,23636.279999999977,183
cd69ff8c-fdd4-3fb7-95c2-51fc3c311b02,42.812141,-70.886646,978-465-2122,516.64,4
2e2ea0f1-303e-306a-9dd3-fc5cfc219785,42.125451,-72.649734,,18340.719999999983,143
f08274cf-f44e-359e-b07a-f460df6393cb,41.897892,-70.62403,508-747-4883,17049.119999999984,133
6ab74476-d3dd-3f9c-b828-0819b5e368a9,42.158692,-71.521419,508-478-2610,4262.279999999998,33
e3ddbb51-193a-3ade-85c8-3c6684ea55ec,42.082543,-71.024638,508-208-8577,13949.279999999988,108
4a412207-48fb-3424-9ae1-b66d5ec67913,42.675551,-73.11810899999999,413-458-0054,10591.119999999992,82
e2cd3124-b48d-3035-a2cc-c17e991a9dfc,42.474862,-70.96218499999999,781-592-8831,11107.759999999991,86
7974d54c-32a9-396f-bf43-a6a055b3a0e5,42.125451,-72.649734,413-733-0010,7103.799999999995,55
2c290400-0b7e-32f3-9759-0ff44c5559b8,41.841572,-69.988926,617-686-2295,9299.519999999991,72
f58a1933-f2ef-32ab-bbd0-f49a1d13aac7,42.307905,-71.436196,508-879-3260,3099.8399999999992,24
6581392f-f0ae-34ae-a479-f66c20ece551,42.499295,-71.281889,781-275-2830,14207.599999999988,110
4b4d5880-b0ad-3246-9804-078e99f5bfa8,41.894223,-70.925689,508-947-1901,10461.959999999992,81
1022db40-9516-337c-829c-5d551dd6a84c,42.211656,-72.642448,413-536-0142,4908.079999999997,38
5d6e3168-eea5-3184-a442-bf114b39f29b,42.851284,-70.955837,978-473-0820,6070.519999999996,47
371e3122-1bc6-3d09-bfaa-c9b0ce99c60f,41.834412,-70.957166,508-923-8722,14207.599999999988,110
89ecd13b-a934-313e-8942-8d7c68258066,41.725351,-71.094162,401-438-5950,8653.719999999994,68
f1a7c0be-ba37-3c71-8d8c-9525458eb4df,42.63898,-71.321141,978-934-8319,10849.439999999991,85
842c4f70-0e77-3c53-a535-3626a172617e,42.488769,-71.154438,781-933-0907,4133.119999999998,32
d8df16c5-a6e8-32e1-88cc-235f9a17b1cf,42.535183,-71.105423,781-944-1166,6457.999999999995,50
549c5368-bb76-3b6d-b345-9247f29ac119,42.33196,-71.020173,617-254-3933,9041.199999999992,70
b51c5e64-22fd-3d77-9399-476171cfbdc8,42.383367,-71.42107,978-443-87073,2841.5199999999995,22
e3e21773-000d-36cf-bafb-deede85942f3,42.455723,-71.05901899999999,781-979-6500,9299.519999999991,72
ac610a93-bfe2-3fcf-a704-1b3da48acbf6,41.594939,-70.599243,508-540-9292,10849.439999999991,85
0900e0a0-828a-3dc9-980e-5c532084f3f9,42.356491,-72.568632,413-461-6197,6974.639999999995,54
9b776579-6ffd-3e53-b545-fcea3de001b1,42.462911,-71.364496,978-287-3355,7232.959999999995,56
c630e3ac-3fdf-32cb-9749-5dc53cbbf9c6,42.42938,-71.058706,781-324-6192,20794.75999999998,162
f93e59e2-c0e4-3118-a1c2-3234c6dde120,42.040515,-71.109329,508-947-1901,199810.52000000447,1552
001d000f-be37-3cf2-9339-6b613dd0117d,42.564647,-71.164516,978-658-2880,15111.719999999988,119
1add350f-0189-3caf-8850-8a828ea2226c,42.198708,-71.846006,508-832-8001,27511.079999999973,213
dfee549c-64ff-3b59-9215-0321df1cf40f,42.037278,-70.94045899999999,508-588-2800,19373.99999999998,150
fe45b7c5-7658-3236-9f4e-59234293b022,42.331876,-71.208402,617-448-2281,12399.35999999999,97
73288f92-dc03-37c3-9020-b1a8ba81da0a,42.176526,-71.603588,508-529-3050,23377.959999999977,181
e52013c2-006c-3a0c-ae92-5fb3dd048ba0,42.27901,-72.400468,413-323-5200,12141.03999999999,95
b9b83645-4097-35d9-a73e-a613c6d8e147,42.307905,-71.436196,978-333-9056,11366.07999999999,88
aa729ce2-e7bf-365d-9e70-5b028bb40edc,42.499248,-70.898204,781-639-2039,24669.559999999976,192
6ecf1212-bfc6-3bfc-9868-0b7eca2d6e2f,42.021617,-71.026717,508-588-2800,57217.88000000063,444
ecaa7797-8477-3c27-bd35-398955eb0880,41.747513,-70.066223,860-450-9789,7362.119999999994,57
6d292afa-3f27-3fa6-945e-cdce925a8062,42.369451,-71.177925,617-924-0268,11882.71999999999,92
a5b34470-6569-3a43-9c88-494819740db2,41.617623,-70.492713,508-246-1724,3874.7999999999984,30
eadeb4fd-c28c-3933-b6d1-fc0ae5d4af2e,42.226949,-72.74158800000001,413-527-9903,40685.40000000018,316
b0c10db6-0961-3327-98c1-ec76e3602c60,41.667083,-70.200793,508-398-6055,4778.919999999997,37
a13434b8-a3c0-302c-8bb7-34c50fe8feb9,42.082543,-71.024638,508-586-5445,2324.88,18
b9b970af-5b58-37c7-9bf3-8031e609bdcb,42.281593,-71.242414,781-444-6200,11236.919999999993,88
6909b0b6-1423-3aee-b9c9-c089fbfe26fb,42.474208,-71.097665,781-438-2252,24798.719999999976,192
b78d0530-5767-3825-876f-866e32ba27e2,42.597055,-71.3697,978-256-5731,18986.519999999982,149
e3ea96b6-f856-35bc-b7af-fd08ab6d085e,42.338551,-71.018253,617-524-3864,5683.039999999996,44
60ff6a54-c97b-3af7-8e7a-84df868cb747,42.183577,-72.457812,413-589-7176,25444.51999999997,197
214935b6-3ba3-31a9-9d96-56095ee9654a,42.390445,-71.101033,617-429-4738,24798.719999999976,192
47e04b6c-d8af-3f52-8ae6-b92a72c49bae,41.903324,-71.094987,508-823-5536,11236.919999999993,87
0c2ebd4f-fe13-37a8-8e58-8496d000eb76,41.7132,-70.485737,508-833-1460,10978.599999999991,86
a10e9636-6751-3a9d-848d-6257572cee3e,42.284822,-71.348811,781-431-0060,8266.239999999994,64
993d7018-68b2-3b21-84de-6813a8b2afd9,42.338551,-71.018253,617-754-6420,5683.039999999996,44
5b71ba8b-8442-3899-afb3-0a3ec7cdd492,42.338551,-71.018253,617-262-3376,4649.7599999999975,36
e3ee28a3-6512-364f-bebf-c309d3a6be37,41.633619,-70.871306,508-994-2020,15240.879999999986,118
589dd8ac-9a74-3022-a97f-6cf26288f383,42.851284,-70.955837,978-388-3343,6199.679999999996,48
8cb85283-8b7d-39fa-924e-61582cf6828f,42.012797,-71.336578,508-789-6340,17953.239999999983,139
a6eec296-0e77-37f5-9e1a-f47a4725ad6d,42.281593,-71.242414,781-449-4779,7491.279999999994,58
9f912a5b-b833-3fba-9e66-ed3f72cfccaa,42.455723,-71.05901899999999,781-662-7246,5553.8799999999965,43
a0ceb697-865b-34fc-b24e-fd22edc5884e,42.047075,-71.845805,508-943-0382,15757.519999999986,122
40f010f1-83da-3593-bd0e-1b4af04b0927,42.534279,-70.969782,978-854-5090,6587.159999999995,51
28229c98-293f-3394-b36c-2511306abe6c,41.661363,-70.812024,508-525-0131,8007.919999999994,62
1c0908f9-695a-32d9-80d2-eac924de1b99,42.205416,-71.00216800000003,781-849-1111,7749.599999999994,60
1664cb7b-ed77-3557-8605-c09ae240b13f,42.695743,-73.22211800000001,413-458-5636,9816.159999999993,76
88b48efa-fd39-3f7a-a554-3d2c84465f71,42.33196,-71.020173,617-522-9461,8782.879999999994,68
14a359e3-f04a-39b0-8613-5a1cb3f89e9e,42.556659,-70.84496,860-830-6357,14207.599999999988,110
892ee718-0948-370e-bd42-1373bcf3f6c0,42.323853,-71.142003,617-787-4662,13690.959999999988,106
57a4f22d-ee7b-30b0-9ac7-23ab9e72cab9,42.175668,-72.572257,,16144.999999999984,125
bee99f4b-dbff-334b-ba02-f90f8e199aca,41.601508,-70.639317,508-563-2550,27123.599999999973,210
94d03dd2-29ee-347c-99e2-9a62181d5b10,42.452752,-71.144319,508-358-7241,10978.599999999991,85
6e4e0ab8-f77b-3ea2-9f88-c3804f9e3c20,42.62885,-70.685875,978-281-0600,18211.559999999983,141
b2872674-997c-30cd-862d-eeeb72a4a7bc,42.369417,-71.785036,978-906-1753,13690.959999999988,106
af697ac7-5112-3c05-9ea7-01e65d214259,42.195951,-71.45343000000001,508-429-2128,13303.479999999989,103
a3b850f7-4b96-35a3-851f-9073e10671a0,42.164569,-70.818844,781-908-0644,8395.399999999994,65
e0eec05c-8ee7-357b-90c8-9656b914ccc8,42.468432,-71.01394599999999,781-231-2330,20794.75999999998,161
41201aa8-36b4-36c6-94fa-808078c2d84c,42.376043,-71.11868,617-417-6427,13949.279999999988,108
fa340249-2990-3217-9d24-d69a3c55b349,42.609509,-72.74698000000001,413-625-6021,9686.999999999993,75
08ac2a19-6348-39e4-b621-f29abe2fa5c4,41.76935,-69.969034,508-255-5866,5812.199999999996,45
3819de45-a3b1-384f-8d96-395fbad93934,42.488769,-71.154438,781-281-9385,7491.279999999994,58
2cbcfc43-4c0e-307d-b38d-c9424197f5f2,42.356491,-72.568632,413-834-7012,8912.039999999994,69
ee1c0809-5fd0-3e71-bb98-209a7822d495,41.704066,-70.15065,508-776-9541,16661.639999999985,130
d23c9cad-df99-3783-ae80-e1825b02d209,42.323853,-71.142003,617-232-0513,1549.9200000000003,12
96abedd4-9708-3412-8219-79713986805d,42.483953,-71.43849499999999,978-263-8521,1420.7600000000002,11
cf765ed5-2de8-3583-8916-b8367f5e47ac,42.122956,-70.85631,617-842-7505,8395.399999999994,66
4786ed54-9ddb-3063-b578-370787aef828,42.116244,-71.329274,508-560-4007,28156.87999999997,219
c187d348-3778-3298-9965-cd81fb8100a7,42.331876,-71.208402,617-332-3054,516.64,4
5e0f8851-859c-31ab-974f-23faae480f71,42.455723,-71.05901899999999,781-862-7114,16919.959999999985,132
a30d0a34-dbbe-3bae-a6f4-fe753bdcf178,42.360502,-71.303433,781-891-6100,1937.4000000000003,15
d803a2a5-9c27-38b7-b193-4fb0749819b8,42.284822,-71.348811,339-203-3153,7620.439999999994,59
f7d09361-3f06-3381-881d-104239e98d7d,42.499295,-71.281889,978-835-5000,8653.719999999994,68
164d13cd-556e-3703-a210-ba21be106f2d,42.33196,-71.020173,617-524-4431,15370.039999999986,119
edae9e47-1783-37d3-b970-b6c47325b490,42.323853,-71.142003,617-232-7300,12141.03999999999,94
841c16ad-a4dd-3d41-8227-d8202c5699fa,41.579794,-71.081822,508-679-5500,42751.96000000024,333
24f54a69-3831-3f27-be74-95f2e87cc2de,42.679723,-71.30068,978-735-4479,29190.15999999997,226
f390073f-8d65-3e72-8ebd-fb8b465d324b,42.261006,-71.008988,617-479-6636,10720.279999999992,83
0d2d2990-b98b-3276-871c-d1a43bff6140,41.897892,-70.62403,508-747-0711,6974.639999999995,54
5f4a882f-d246-34cd-bab0-ff808f2ecd5d,42.578222,-71.084398,978-664-4008,12528.51999999999,97
040a0487-3bd7-3dcf-bb33-7f11abff16d4,42.246872,-71.179462,781-326-8080,18728.199999999983,145
02ac6866-d3a6-34b6-b677-4ad855456cf9,42.323853,-71.142003,617-734-5770,9170.359999999991,72
631ef0f1-9f4b-3e15-a436-448ab97e5dc0,42.597055,-71.3697,978-454-9811,15757.519999999986,122
f2a4daeb-4bf3-303e-9d97-fbfdee750d3c,42.017302,-71.21641,508-339-1418,17694.919999999984,137
783421ae-905a-3082-ae86-cb958fffaa7c,42.782945,-71.087436,978-372-3211,12657.67999999999,98
246c0770-421c-3d8b-8c21-b760f2824047,42.284822,-71.348811,508-650-0200,1937.4000000000003,15
66e57e95-78f4-38b9-bd2e-20fadbc2e34a,42.601977000000005,-71.81586999999999,978-353-7716,10591.119999999992,82
381810b7-3f4a-3617-91d3-febf2f0f2fbd,42.535183,-71.105423,617-332-9887,4649.7599999999975,36
a36e6754-382c-3948-92a7-6c1429835714,42.369451,-71.177925,617-926-2300,8524.559999999994,66
ef97dc62-756a-337b-8ad1-46bb6e8e2a5b,42.187364,-71.195971,781-762-9018,7362.119999999994,57
53ece30b-27b6-3430-86e5-c8e3f1d55082,41.562579,-70.587349,508-548-7722,22602.999999999975,175
a40c8ae2-043f-3ac3-8da0-dc75b6e7900b,42.323853,-71.142003,617-734-0003,17694.919999999984,137
9473c85d-4979-35a3-bf0f-58a99b1f8d23,41.667083,-70.200793,508-760-2054,23119.639999999978,180
0babcc2b-4567-33fe-aac0-cbc75fc404fc,42.205062,-70.74297800000001,781-545-9285,21053.07999999998,164
a8eaffeb-659d-30e8-9dda-d30e4b3d297d,42.323853,-71.142003,617-731-2390,3616.479999999999,28
f7b0e439-02e7-3906-adda-9cc3df2d9777,42.63898,-71.321141,978-452-3711,4778.919999999997,37
8d630e77-1bc4-386c-8f3e-2c12c286ebb4,41.661363,-70.812024,508-758-3666,5166.399999999997,41
adb6cd00-f5e7-3c07-93bb-f88c090c6c04,41.75495,-70.616158,508-759-7555,19890.63999999998,154
f512d9c9-7968-3c8e-a208-4e4515ed5a57,42.10481,-72.08774,508-347-4900,26348.63999999997,205
fe138591-e607-3574-a5b3-f3a3ba94ba85,42.125451,-72.649734,603-960-9123,39135.48000000014,304
e13b3283-5e8a-3431-960f-b4e78e6ec8b4,42.648044,-71.161751,978-475-2731,6845.479999999995,53
443ba81a-59d6-35c8-ab98-f88f9d3a59a6,42.418722,-71.163912,781-648-2540,11624.39999999999,91
5005bebb-60cc-361c-87d1-d96c3d6a751b,42.178993,-71.052654,781-986-7558,19503.15999999998,151
3318f35e-2b30-3a08-bc2e-94e948d8e6de,41.903324,-71.094987,508-821-7731,3745.6399999999994,29
c6afc967-7e17-3838-aae5-8174cd80f63b,42.323853,-71.142003,617-735-8800,2324.88,18
8af39394-b83c-399d-b1dc-56931ecf1ed8,42.455723,-71.05901899999999,888-547-8785,11366.07999999999,88
4ab5506a-671d-3728-b39f-09ade78e8776,42.367858,-73.269763,413-637-8074,17694.919999999984,137
825c9254-2ca4-335c-8abf-b33dc19e796c,42.375541,-70.970646,617-846-3502,24669.559999999976,192
21ed1061-d809-3fa9-a1bd-bd0b1a108a41,42.42938,-71.058706,781-321-6463,3745.6399999999994,29
c26db369-5860-357a-ab71-7023415a401b,42.262428,-70.79888299999999,781-383-3340,24152.919999999976,187
26bdd6ad-b522-359b-b641-a2a74ff9ad63,42.10481,-72.08774,508-347-5755,6328.839999999996,49
2f0eac5d-9b36-3530-984e-28f24e44b7cf,42.520876,-71.770611,978-466-2148,3358.159999999999,26
32dd69c8-377f-3760-b969-8742d583217e,42.241557,-71.082432,617-698-4830,18469.879999999983,144
43ee324a-90df-3edf-a08c-e4749a110ba1,42.395317,-71.180284,617-489-2573,7749.599999999994,60
eb1bae79-29b1-3f43-90a7-5a2ab3db3e23,42.307905,-71.436196,508-879-3919,6845.479999999995,53
fe843b89-91ba-38d8-9eb1-7ca8de595986,42.338551,-71.018253,617-638-8383,2324.88,18
9cd6fc0e-a9ce-3abe-b9d7-c3473ece284d,42.205416,-71.00216800000003,617-750-3185,7103.799999999995,55
bf24493e-af15-3c15-a7c9-f3c377b8cc24,42.62885,-70.685875,978-387-2932,12528.51999999999,97
378aa01d-387b-35b2-9802-4c04698ad498,42.455723,-71.05901899999999,781-662-3333,2841.5199999999995,22
669ed757-88f1-3986-b55b-b49e1964e0e7,42.261006,-71.008988,617-471-5665,2712.36,21
f7fd8ba5-ee6e-30a5-b8cd-9da08d485b8d,42.047075,-71.845805,508-943-8895,18857.359999999982,146
eb3d672f-1e4c-3da4-a185-d6c3af0275b0,42.556659,-70.84496,978-922-9778,2324.88,18
4cc15176-e35e-330f-8b66-198ee174c65a,41.647227,-70.249978,508-771-9622,3874.7999999999984,30
0ad49cb1-6abc-34e1-a94c-ea3050595660,42.369451,-71.177925,617-926-5222,25831.99999999997,201
2173f843-fdea-317b-bbc9-3c9f82f8d277,41.667083,-70.200793,508-394-1353,19244.839999999986,149
2c545949-d2fa-3ced-815b-bec5407c3042,42.198708,-71.846006,508-832-3238,8395.399999999994,66
d0187e1f-95ab-37fb-8852-58389ad7f105,42.224319,-70.880673,781-749-2050,10849.439999999991,85
8ec3c125-a4ac-3872-9307-91817e2979e7,41.56651,-70.958229,774-202-6888,11366.07999999999,88
88ce3362-6546-325f-a540-1b7c93040d54,42.439941,-71.601879,781-843-4499,6845.479999999995,53
899bde3f-0ba1-3667-9f0d-5afbb78d6d83,42.445222,-71.23001500000001,781-861-18183,6070.519999999996,47
8fc48197-92c4-3868-ad3e-d177a8e0fc23,42.673909,-71.091334,978-689-2247,8912.039999999994,69
8383a576-10a5-37f6-9707-3c88bf1c9b9a,42.445222,-71.23001500000001,781-861-1291,12528.51999999999,98
55cf4059-5e57-3442-8072-cf46084b1d2e,42.578222,-71.084398,978-664-9400,14853.399999999989,115
f5c2ed46-d994-33c7-bc9e-c723b8ad24a0,42.421005,-70.99036,781-289-2144,20794.75999999998,161
eb622180-121c-3c39-81ec-b32d1eea719d,42.261006,-71.008988,617-472-6764,9428.679999999991,74
ca5666b9-de6d-3d28-8a91-2708e3352640,42.323853,-71.142003,617-244-6296,20665.59999999998,161
159c3f19-dc48-34d0-9e19-929a9959fcb5,41.839798,-71.31804699999999,508-336-0576,10074.479999999992,78
a2295b1f-c81f-3d81-8eec-33e1ec1a2593,41.894223,-70.925689,508-965-6582,4003.959999999998,31
ee90394a-4b0a-36a5-b5a1-e35fe54d3a83,42.844794,-70.841499,508-717-7507,23507.119999999977,182
61b47b41-0b19-3bc0-99d3-b58924900135,41.841572,-69.988926,508-255-4355,12657.67999999999,98
a3d316af-a158-37b2-bcc6-b014ddb08fa9,42.246872,-71.179462,781-329-1159,12657.67999999999,98
1312039d-7a48-3783-bd3a-b908b870af50,42.331876,-71.208402,617-910-0368,9686.999999999993,75
aceabb62-e1a4-37da-841e-19ec59436fd2,42.474862,-70.96218499999999,781-596-0703,12141.03999999999,94
840a713f-0bad-35d2-a1b5-f5c01783c4ce,42.323853,-71.142003,617-566-1535,6845.479999999995,53
086887d6-b07a-3673-9654-b0828b06f2c7,42.205416,-71.00216800000003,781-519-4756,14724.239999999989,114
064f3064-2914-3e8a-9965-bab663a6f4d3,42.614671,-72.597063,413-773-19662,11107.759999999991,87
3558f56e-43cf-3a49-be41-889c38a31d89,42.323853,-71.142003,617-566-2153,10720.279999999992,84
491c89c9-1f40-32f9-acaa-737c9fd64345,42.601977000000005,-71.81586999999999,978-597-5246,2066.5600000000004,16
84fe0b54-8409-3664-bc8a-0b501e1a0116,42.331876,-71.208402,617-969-2500,6457.999999999995,50
c72d4717-c134-3926-80b9-912bc591aabf,42.389071,-71.545864,978-562-0345,8782.879999999994,68
52e8e01a-31f8-3c1a-bb3c-783c917e9a99,42.395317,-71.180284,617-855-2712,6328.839999999996,49
48cc6105-501d-3dfc-bd75-05697a1d40ec,42.462911,-71.364496,978-287-0700,6974.639999999995,54
185be925-7c80-39be-b4d8-246161e01541,42.499248,-70.898204,978-744-8686,8007.919999999994,62
18e12f21-3c16-33c1-b493-bc35a00f713c,42.331876,-71.208402,617-965-2280,18728.199999999983,145
a0739c15-6ea1-3c5e-9828-979a9eef50b3,42.376043,-71.11868,617-492-0630,10591.119999999992,82
3c60eaca-9a03-3f0e-881d-9717d13018d7,41.897892,-70.62403,508-747-2900,2324.88,18
5db9c918-9e4d-38bb-a94c-2c031fcb6fb0,41.718217,-70.901151,508-998-2800,161579.16000000344,1254
1a109958-31dc-3cbf-9b84-9c020cdef923,42.369451,-71.177925,617-522-4881,12657.67999999999,98
b351c698-b522-32ef-a50f-8ab5c2b8b0e2,42.584206,-71.988737,978-632-5885,3487.319999999999,27
61319efd-e5f0-3906-b925-328678f48c5b,42.474862,-70.96218499999999,781-595-8080,13949.279999999988,108
8f9540b9-ccaa-35bc-bae8-0e34d856f4ff,42.323342,-71.646236,508-393-7298,14336.759999999987,111
5299f972-1486-3d32-8a58-3456066e2bdf,42.376043,-71.11868,508-788-3697,24411.239999999976,191
7a4839dd-1728-3344-8a9f-40d4f1095053,42.673909,-71.091334,978-682-0955,18082.399999999983,141
2acbba3a-a8a8-3fb2-9e35-1136bab5b042,42.224319,-70.880673,781-875-3987,13690.959999999988,107
7ec9aa7a-fb94-31f3-9050-f1b6d9ddb5cf,42.284767,-71.714228,774-502-6341,44818.520000000295,348
27570e73-7b1a-3820-a78b-5fd01e997f6a,42.614671,-72.597063,413-329-6117,8007.919999999994,62
2f707b82-d76c-3a80-9678-4b8fa4f2a665,42.376043,-71.11868,617-868-0880,8653.719999999994,67
8d8be980-e91c-3aa6-a10c-d2a598b6c5e7,42.125451,-72.649734,413-788-8900,22344.67999999998,174
151d212f-8299-313f-88fb-3a7b3c6d416b,42.323853,-71.142003,781-308-2259,14078.439999999988,109
dc5be6b6-9c5a-3cd2-a790-c034ae3855a7,42.63898,-71.321141,978-441-0197,10461.959999999992,81
e4c8ccb5-0b84-3010-a4f3-46d5d455329c,42.648044,-71.161751,617-901-9284,23636.279999999977,183
04b0900a-2ae4-3360-b9a5-1b3eb2bdd8a2,42.371648,-72.412488,202-445-7271,28802.67999999997,223
7b16a000-ec3a-3f2d-acf4-bf1d6130c39a,42.481395,-72.589793,413-665-0481,8395.399999999994,65
6fadab74-5f38-3f14-ad60-9617dab64c08,42.369451,-71.177925,617-591-9200,9686.999999999993,75
aa9ec1e4-ad1e-3233-8758-9cdf784d3818,42.33196,-71.020173,617-818-4239,22861.319999999974,177
1323b753-623b-3177-9904-8829f1fc7ace,42.383367,-71.42107,508-653-6518,6457.999999999995,51
4603b6f0-4716-3e92-a154-4028ed5cfef4,42.125451,-72.649734,413-781-3307,45851.80000000032,355
c1414e2c-48df-3428-92a4-ac36114a2a45,41.708597,-70.031856,774-237-0832,64450.840000000826,502
9be53aec-ec1e-3681-bdc9-6fe0c25ec904,42.462911,-71.364496,978-369-7070,21182.23999999998,164
1017998c-2b8e-32b5-ab9f-098700c2092d,42.221851,-73.333044,413-528-0249,7103.799999999995,55
e5ec9cfd-a9f4-3ae8-bd09-387586f21eaf,42.119228,-71.67182199999999,508-234-8222,9299.519999999991,72
6cd92968-eb86-3d27-b3cf-05a3987d2cba,42.355801,-71.862574,508-864-5626,25444.51999999997,198
3956291a-3345-394a-9588-53b6aa6def35,42.323853,-71.142003,617-739-2235,6199.679999999996,48
09825e33-18f3-3238-b028-1047fc257abf,42.601977000000005,-71.81586999999999,978-342-6070,19503.15999999998,151
ca8458ed-e6c6-366e-bbe6-82dad8f6ef29,42.211656,-72.642448,413-315-3507,18599.039999999983,144
d71ace90-0787-39a4-a884-6b23118a7f11,42.395317,-71.180284,617-489-4888,11882.71999999999,92
0ace4c03-6649-39df-859c-d8598c2b213f,42.411887,-71.690005,978-365-6044,13432.639999999989,104
77ce5075-fee8-333c-8505-2c32ead72e3d,42.683108,-71.01833,978-887-6040,12657.67999999999,98
ff3a40a6-6fde-3c12-9eb1-3ebd11709ae3,42.323853,-71.142003,617-232-3503,3099.8399999999992,24
dfaa68c4-d3ff-3d23-8a29-235efa0b19a4,42.50436,-71.064061,781-224-1920,15370.039999999986,120
63078321-b0d6-3081-ac76-f38f594256ef,42.178993,-71.052654,781-963-2333,22602.999999999975,175
ec4b7d26-c955-38fd-91e3-5fdc08483859,42.612088,-71.227845,978-640-1010,9816.159999999993,77
58fe1815-1e8a-38ed-a91a-17d4ef18c8d8,42.257755,-71.473526,508-881-4368,65484.12000000085,509
f40a5937-6041-3d7a-a77e-f45343d7febd,42.504256,-71.588513,978-772-4115,1420.7600000000002,11
4a003d1d-d190-372a-a5e3-8828d4f3eca7,42.597055,-71.3697,978-710-6574,8653.719999999994,67
ce64c7a5-020f-39d2-b11f-99fd46da1acc,42.047565000000006,-72.57113000000001,413-567-9993,19115.679999999986,148
15061f9f-9c5a-36ef-b506-6881c61e5c6a,42.63898,-71.321141,978-452-0127,9170.359999999991,72
a900d50b-71a9-377d-9aec-3a8f84bd2de9,42.63898,-71.321141,978-996-8159,3228.999999999999,25
adde722b-08fd-3126-89de-266acc35aeb6,42.641379,-70.94344,978-887-01012,8524.559999999994,66
53d1f084-05d5-3817-aa74-0310984f43f4,42.084858,-71.41057099999998,508-528-6232,20278.11999999998,158
55f15a5c-f9c2-31f4-9a7f-1c5f832db6b6,42.423844,-71.10923100000001,781-396-8100,14336.759999999987,112
e482f478-8c5b-3b33-a4a2-8c9368861673,42.261006,-71.008988,617-522-0170,1033.28,8
33cc0874-8bc5-3233-a287-9436ac374724,42.206676,-70.94584499999998,781-340-6420,12270.19999999999,95
4a52148e-3f36-3c19-8964-28263bf687d9,42.468059,-70.89126,781-581-7300,16661.639999999985,129
5ca28dc1-d399-3edc-84ae-d11aa8c7ad6e,41.594939,-70.599243,508-317-5243,387.48,3
64e185f8-f4e2-36ba-ac9d-d4de5632f58f,42.338551,-71.018253,617-262-0030,6587.159999999995,51
22c7fd9d-aa55-3069-99d4-c15f769f87c1,42.338551,-71.018253,617-437-9566,18211.559999999983,141
1c9d42b8-078a-3606-bb78-f42a9040b2fe,42.782945,-71.087436,978-374-1084,3358.159999999999,26
7a76e1ca-f4ac-3220-923a-c0fa0ea2e6c4,42.367858,-73.269763,413-446-1525,15886.679999999986,124
cfdd8c47-ad93-3108-90d4-5acd3a787966,42.42938,-71.058706,781-910-4483,19890.63999999998,155
9f1e8d45-bb02-32cc-aecb-4b0190101e35,41.931653,-71.294503,508-431-2026,3874.7999999999984,30
c1d216b6-3673-3609-b5c2-a7ba2e69484f,42.062378,-72.498111,413-525-8601,18986.519999999982,147
9e0ab3c4-6a7a-36bc-b190-7ab958f01774,42.503227,-71.201713,781-272-0379,8782.879999999994,68
7c9f1afa-2088-3011-86cf-a7a34dc09c44,42.556659,-70.84496,978-927-8844,6070.519999999996,47
d6285fcc-e90f-3c92-bcc2-e17bcc40935f,42.146286,-71.255604,508-668-4555,9041.199999999992,70
7e0dbcaf-70aa-3da4-9780-5f31d0e23b6d,42.246872,-71.179462,617-645-4819,8782.879999999994,68
bc941f55-238d-3a11-baa5-bc2079b5cf58,42.418722,-71.163912,781-643-7000,9299.519999999991,72
d4a755fa-5274-3a85-94e8-ef01196afbe9,42.183577,-72.457812,413-782-4556,47918.36000000038,373
0ea7ecd8-bfa7-346b-9c59-f85cd15618bd,42.597055,-71.3697,978-250-1500,6587.159999999995,52
8b607111-30ff-3014-bf43-3a9d61993538,42.375541,-70.970646,617-846-5609,18599.039999999983,144
b2c1f8da-797d-30bc-a6ce-ecb58ec1dcf4,41.930477,-71.046214,508-824-0710,32548.319999999967,252
a1bedf73-1a07-3f12-b93d-1c0aff4fdb8e,41.903324,-71.094987,508-824-1824,19115.679999999986,149
7957294c-8793-322f-9d77-5d9b87d54abf,42.323853,-71.142003,617-969-1254,16144.999999999984,125
252ab022-9f25-316c-b0fc-ccc5240c5a7b,42.42938,-71.058706,781-322-7716,6716.319999999995,52
f473c8bf-89d0-37ca-9808-aa621f91bc97,42.312354,-73.388044,413-496-0701,20148.95999999998,156
cad09f44-4aea-35ba-8979-5c7d7a11d340,42.323853,-71.142003,617-734-5957,6587.159999999995,51
286d4416-5342-349e-adaf-b813441d5fab,42.187364,-71.195971,617-347-3145,1420.7600000000002,11
2208e9a4-b4a1-301d-acfb-a9e8ce6d4d13,42.389071,-71.545864,978-562-3114,13303.479999999989,103
97f75470-a07d-3a24-8736-beb4921995f0,42.327044,-72.67463000000002,413-586-8910,9557.839999999993,74
6b854c9c-57a1-36da-a82a-7d21680f5abf,42.206676,-70.94584499999998,781-335-4300,2066.5600000000004,16
01ef8441-3845-3e44-a44d-6fb086d9c944,42.082543,-71.024638,508-584-6400,12399.35999999999,96
ac6eef33-a7ca-3528-94e3-ca7358a3a586,42.418722,-71.163912,781-641-0272,5812.199999999996,45
8cd3f2d3-de14-32c6-8ca6-3c92915bc860,42.062378,-72.498111,413-250-1304,13820.119999999988,107
aca3d40c-7504-3a35-91f6-082e42751c52,42.047565000000006,-72.57113000000001,413-537-1957,22215.51999999998,173
f7d3a509-bca2-3b93-80b7-97ca6778a089,42.24188,-72.146863,508-867-8977,68196.48000000093,530
eb202f89-722d-3e19-8085-e5cbfe96c5ba,42.63898,-71.321141,978-452-4223,28802.67999999997,223
ea4b4b79-85fe-3b92-82ca-09d2e731c55b,42.390445,-71.101033,617-623-6300,36810.60000000008,286
e322df98-0326-3e19-b466-16721e6686e3,42.395317,-71.180284,617-721-8375,8524.559999999994,66
b4ee442b-fc35-30bc-8be0-0a62c5d7640c,42.782945,-71.087436,978-835-8497,4262.279999999998,33
165cd7ef-c3e3-3ad0-9d30-3cc20a098cbd,42.395317,-71.180284,617-855-3899,10332.799999999992,81
d344c3ca-e7bd-3da2-81e0-f4ef43e0e4cf,42.331876,-71.208402,617-969-6693,6070.519999999996,47
9e28776c-2cd0-3f91-a942-e0a6974c9f0e,42.173103000000005,-71.36375600000001,508-376-8104,2712.36,22
c03afdc3-c4da-3d00-8916-e4fde08e187c,42.63898,-71.321141,978-458-7510,2841.5199999999995,22
df5a72fa-fb57-3a95-b115-665b3e2f0aa3,42.284767,-71.714228,508-217-7200,32289.999999999967,250
00c3b57c-731b-3715-a32b-bc633c42f76e,41.782888,-70.5321,508-888-7221,7103.799999999995,55
c3824d8c-8e94-3f97-8fc8-31337215f727,42.323853,-71.142003,617-739-2518,6716.319999999995,52
eb41a4ec-fbbe-336c-9987-cae575551845,42.246872,-71.179462,781-329-8660,20019.79999999998,156
56481b98-5a0e-3ecb-880c-46adccf61b17,42.62885,-70.685875,978-282-3698,18857.359999999982,147
2c8bb256-f256-3a96-8166-500370fbcbcd,42.584206,-71.988737,978-669-4094,9170.359999999991,71
8caacd73-57a5-3f59-9873-a495a1aa6dc0,42.679723,-71.30068,978-957-5585,26090.31999999997,203
7079c74d-901a-3992-9bd5-ef306f5d908d,42.323853,-71.142003,617-792-5268,2970.6799999999994,23
b2549b86-863d-3ce9-9500-d7a55db0948b,42.455723,-71.05901899999999,781-661-0101,8266.239999999994,64
ac1ac88c-b00e-33b2-860c-55401c15a231,42.331876,-71.208402,617-976-5678,12141.03999999999,94
c08f0bbe-b345-3a17-8b7a-cdfc9fcef2a4,42.504256,-71.588513,978-772-7225,5424.719999999997,42
221170d0-1e4a-3843-8851-9e22fa209be2,41.734214,-70.430683,508-888-1130,2583.2,20
b7014371-9dc7-35d8-a0fc-18c34bb21932,42.474208,-71.097665,781-979-0960,6199.679999999996,48
7c7a9347-af7c-306b-b1d6-22ed8a2bf626,41.7132,-70.485737,508-245-7813,5166.399999999997,40
1a6f8d33-8fa8-33aa-9203-202f7c57d02b,42.082543,-71.024638,508-583-2121,4649.7599999999975,36
c284b6e1-c269-32e6-aeaa-880c89b20217,42.33196,-71.020173,617-769-2375,4391.439999999998,34
14bf92bb-7bf3-351b-8bd4-c2bc05eb8932,42.360502,-71.303433,781-899-6481,20923.91999999998,163
47d8c4f0-874d-3180-b9ef-037a41f22a11,42.323853,-71.142003,617-731-3978,20407.27999999998,158
9604cfb0-e35b-3b6a-a4de-c3c6efdf47eb,42.601977000000005,-71.81586999999999,978-343-9592,25573.67999999997,198
736e46b6-b4b1-349d-b09f-234bf60df305,42.284822,-71.348811,508-653-5047,1033.28,8
cbd54293-3879-3da8-9a4f-9c5d8dfafdcc,42.331876,-71.208402,617-232-3303,9170.359999999991,71
5283c00c-bc57-307a-99ee-d1d2903e2608,42.534279,-70.969782,978-532-7588,2841.5199999999995,22
ad0153f5-e973-3689-ae26-d0ca420b53f3,42.474208,-71.097665,781-665-2525,3874.7999999999984,30
2f845cb2-d763-3e4c-b22a-3ae2322eda00,42.452752,-71.144319,781-862-9346,26736.119999999974,207
7e16c9b9-bbfd-3394-9571-56ab9653675f,42.62885,-70.685875,978-879-3570,3099.8399999999992,24
5e912b42-5e81-3ad7-81e3-1dd00ab5320a,42.375541,-70.970646,617-846-7088,5037.239999999997,39
4086dff6-39dd-3878-ae27-9867eaea4788,42.742751,-71.178588,978-687-0156,9945.319999999992,77
500ac1cd-8b69-3e9c-a449-5066f9968462,42.119228,-71.67182199999999,508-234-6681,2712.36,21
8780bc76-4c8b-38cd-b355-434a3d8f51ba,42.062378,-72.498111,413-525-8601,14465.919999999987,112
308b225d-2854-32ed-9b01-ee5fb2a8ecbf,42.423844,-71.10923100000001,781-391-0780,4649.7599999999975,36
590b2d45-0b5a-3808-9c23-df02f87e81ae,42.33196,-71.020173,617-739-2100,28673.51999999997,222
84cb4d64-8af5-3057-8d4a-59a3b3961a7b,42.269478,-71.807783,508-753-7700,10720.279999999992,83
8b24ff48-d0f2-3b84-9f73-4dc90cd2ade1,42.452752,-71.144319,781-756-8300,8395.399999999994,65
47daa3df-3877-3c51-916b-d6650d378c50,41.70692,-70.221117,508-364-9082,12270.19999999999,95
12ace70e-91ed-35c1-a943-afb8f4976c0e,42.499248,-70.898204,617-922-4585,6457.999999999995,50
9b3c647e-19a8-3017-9980-cb3c0160f3d9,42.097282,-72.05503399999998,508-248-4801,96353.36000000167,750
2d6e5156-b21f-3503-989b-77157d8ef69a,41.661303,-70.937913,508-735-1802,8395.399999999994,65
6773849b-83c0-38e6-9e33-0c1ad56a22ba,42.388921,-71.24226800000001,781-894-4270,15499.199999999986,120
901b8ebe-f338-3aa4-8cce-5fe855e466c2,42.047565000000006,-72.57113000000001,413-567-6860,30481.75999999997,236
a9ca5601-5c6e-3d00-90bf-df4fbb005e53,42.851284,-70.955837,978-388-2170,4649.7599999999975,36
4ca1bde9-84f1-320d-86dc-39bf90ecdd19,42.695743,-73.22211800000001,413-652-1554,15886.679999999986,124
a4d9807c-ee1c-3cd6-94e5-c46ffae90643,42.445222,-71.23001500000001,339-223-0250,12399.35999999999,97
bfeae2e9-89aa-3d5d-b41b-ebf0082b09cd,42.146286,-71.255604,508-660-2900,4908.079999999997,38
933a4f42-4962-335b-8576-f032b2a50ce2,42.187364,-71.195971,781-762-0050,8653.719999999994,67
35e71418-a7ea-3693-8ea3-6544d35784aa,42.205416,-71.00216800000003,781-356-4600,15499.199999999986,120
fe5c8573-70c5-38bf-82f9-830c68014ed1,42.246872,-71.179462,617-264-1100,3099.8399999999992,24
9d274f97-5860-3640-a985-9d831e33136e,42.474862,-70.96218499999999,781-599-3730,14982.559999999989,116
e95b06ff-595e-3c87-b010-fef72ed3e357,42.183577,-72.457812,,17307.439999999984,135
672b797e-2e9b-395e-bde4-e5b464fe6011,42.597055,-71.3697,978-250-6240,7749.599999999994,60
04700cca-5b7d-30d2-ab01-a817886b51e4,42.376043,-71.11868,617-492-5438,10849.439999999991,84
63103d90-2e0a-3230-8b20-2a844e1ddd5c,41.931653,-71.294503,508-236-7812,7362.119999999994,57
465e5df3-036d-3efd-ba82-e6ddf5e91949,42.42938,-71.058706,781-338-7750,516.64,4
6d835890-2a81-33c5-a2b2-781b66f2e1d4,42.601977000000005,-71.81586999999999,978-345-1700,7491.279999999994,58
0e8d5c0f-bbbe-375d-818b-46288ef57579,42.195951,-71.45343000000001,508-429-5558,35389.84000000004,275
6437978d-a516-38bb-83ff-e5f9df19610b,41.725351,-71.094162,401-738-3100,4391.439999999998,34
4cb17abf-8742-3ee7-a704-80e14d589049,42.520876,-71.770611,978-537-4800,7749.599999999994,60
6aec8f74-601a-33f4-bad8-ddaf92be0fd9,42.187794,-72.30846899999997,413-531-8204,8395.399999999994,65
e8d33a84-cad5-306a-9982-b011e4da175e,42.224319,-70.880673,781-740-2349,9299.519999999991,73
20e38469-4542-39ad-a078-40e4707db6b9,42.331876,-71.208402,508-429-8767,5295.559999999997,41
784f7070-3603-3051-b960-8ec5b78b0e71,42.390445,-71.101033,617-623-6300,17824.079999999984,139
1cd98585-a69e-34d6-9d0f-85a9140a26ac,42.556659,-70.84496,978-225-0595,8782.879999999994,68
f2fd3dd9-c924-33e8-bf5f-ad34316959a4,42.369417,-71.785036,774-261-8530,19373.99999999998,150
19353af1-a123-363a-b726-5e09f1871a19,41.725351,-71.094162,508-676-3411,6845.479999999995,53
25aa4b67-e34a-350b-aa84-1e31388dcabb,42.241557,-71.082432,617-696-5300,3358.159999999999,26
9546ab9f-de65-3391-9337-c0ca6cf27419,42.695743,-73.22211800000001,413-398-1000,8007.919999999994,62
2dc7a6b2-bee6-3ae6-b3fe-4117382d73ee,42.648697,-71.919896,978-790-5789,39781.28000000016,309
2fffd695-0ea1-3e43-a3aa-ad31dfa2009e,41.897892,-70.62403,508-380-4653,645.8,5
1eb4269f-7fec-3680-9473-35d42fe70b2d,42.376043,-71.11868,617-797-7598,13561.799999999988,105
b48d30a9-60f0-3dcb-bd77-6ead636fee17,42.376043,-71.11868,,4262.279999999998,33
6ecdcd2b-90cd-3dce-b852-73497b83b561,42.376043,-71.11868,617-492-4432,16403.319999999985,128
46f3696c-cdb0-397d-aee8-498859ac3a84,42.33196,-71.020173,617-291-4705,13949.279999999988,109
f0158f5a-0e0d-3130-8e1f-bfa66e0306d6,42.369451,-71.177925,617-782-5100,10591.119999999992,82
8ac5197c-8c0a-35e3-9393-cf4a10ce66cd,42.122956,-70.85631,781-826-0011,6199.679999999996,48
20b096dd-6658-378c-9355-c230621ddcc0,42.261006,-71.008988,617-479-7333,6587.159999999995,51
fb28cf4c-955b-32c7-906e-4b9ad6f5678a,42.140346,-70.997861,781-767-5200,80466.68000000126,624
b90e9038-9cf5-3553-b886-4c04afd2c6fc,42.673909,-71.091334,978-683-4299,5295.559999999997,41
cc7a6111-68b8-3217-a711-4c89aab02bb2,42.641379,-70.94344,978-887-9833,15111.719999999988,117
49ed83a0-c4b4-3f28-9aa6-0058ce347992,42.578222,-71.084398,978-664-4600,22473.83999999998,174
4280a520-966f-3a69-8f11-b1cd1079f1a9,42.390445,-71.101033,857-928-6500,17178.279999999984,133
ca70a789-a381-3017-aa54-d8778ad35065,41.725351,-71.094162,508-679-7136,3616.479999999999,28
f24ad3f5-fda8-3ecd-a6b2-bc8155666b52,42.156203000000005,-71.43034499999999,774-573-1644,16790.799999999985,130
1f1f6e6b-1ca7-3d0a-8bad-2c9fb1bcc4ee,42.012797,-71.336578,508-699-2553,9686.999999999993,75
96a4bbba-d12a-367e-b635-a7df9440999b,41.56651,-70.958229,508-996-4138,34485.720000000016,268
31196748-e7b9-34fa-86c2-cd511fbe672e,42.056913,-70.190488,860-450-9789,2970.6799999999994,23
73162ed1-25cc-3181-80a6-60e9310139c5,41.57072,-70.556682,508-591-0077,22861.319999999974,177
a311cff8-ee06-3573-ba5a-42e96e52b0fb,42.395317,-71.180284,617-484-8235,6199.679999999996,48
c5e66058-52dc-3bc3-aee8-d59287cc86c5,41.725351,-71.094162,508-673-0064,6328.839999999996,49
f4f12501-41cb-31cf-870b-ebc86d930490,42.078974,-70.93939,781-447-2691,57734.52000000064,447
8f8497d3-ddfb-304f-b226-a55ef7ab2792,42.115454,-72.539978,413-748-9212,2841.5199999999995,22
b7367199-f783-3a8d-8227-f38a2ec18d06,42.284767,-71.714228,508-845-6510,28415.19999999997,221
f7846797-2c3a-31b1-bd00-5f950c3d8e51,42.556659,-70.84496,978-922-3622,16790.799999999985,130
6f30e0bc-bef3-33e0-a1f3-400d919f7c59,42.5546,-71.90544,978-875-6200,20278.11999999998,157
d9aed10c-3655-3a5f-8727-ddb14d964cf0,41.965341,-71.18178,508-223-5552,15886.679999999986,123
82ee9d10-54f5-32aa-803a-1c6f80f4d74c,42.33196,-71.020173,617-699-9876,13432.639999999989,104
ae14cb98-56a5-3fb9-bc6f-d3d9949e958c,41.670154,-70.06519399999999,508-237-2337,7103.799999999995,55
aeda79cb-3b94-3c59-898e-2d0ac9cdecba,42.184599,-71.305307,508-359-8141,8653.719999999994,67
207fb60f-2e5b-3656-bed2-d5bb48d37e41,42.369417,-71.785036,508-754-6444,22732.159999999974,176
75bce424-82dd-3c8e-9a24-8bb2b2939174,42.421005,-70.99036,781-284-5954,23507.119999999977,183
c0ce3155-ec7c-3244-a1ce-2f20b7e76bc4,41.45716,-70.556101,508-696-1990,13045.159999999987,101
6069f204-87ec-36e2-a5f6-da4a54993f39,42.044307,-70.70604499999999,781-934-1599,51405.68000000047,399
dd432573-88bf-3127-bbdc-0f03d81b5780,41.394406,-70.656447,508-693-1300,40685.40000000018,317
72996eab-51e4-31c6-9670-f4c1d8cc7f63,42.221851,-73.333044,413-496-9272,4520.599999999998,35
3ae19a8a-e2c4-3d17-abca-63c5cb11c1fb,42.195951,-71.45343000000001,508-335-4165,4262.279999999998,33
234084b8-b4f9-3574-8868-75a346eace92,42.269478,-71.807783,508-612-6212,1679.0800000000004,13
5a87c07f-51fe-3c8f-b92e-b0e54fd5a955,42.63898,-71.321141,978-937-6000,4908.079999999997,38
d6fe4d69-bc30-3804-80e2-fe989a82e951,41.930477,-71.046214,508-977-9980,14207.599999999988,110
37e31981-39c0-3b07-aa39-f5c68f248d6b,42.323853,-71.142003,617-731-5188,10978.599999999991,85
344d7b4a-22aa-30ef-86ec-28f644111304,42.246872,-71.179462,781-254-6265,15370.039999999986,119
29437dd4-1165-3098-a113-d55d1150ecea,41.931653,-71.294503,508-399-6036,41072.880000000194,320
ae9c7f61-367e-37e4-ab3f-5ea22c9be92b,42.445222,-71.23001500000001,781-862-8700,4649.7599999999975,36
f0b67611-acad-3532-a8c5-b22b4d4cb753,42.695981,-70.83564799999999,978-356-4297,20019.79999999998,155
7f3a2ebe-e3b1-3c14-a626-f6d9836d3e0b,41.662727,-70.357208,774-487-0631,6199.679999999996,48
51683799-aeac-3bff-8309-a448a5116e29,42.261006,-71.008988,617-472-54282,6974.639999999995,54
e8fb216f-ef0e-3667-afa5-a9b55fdcfafb,42.376043,-71.11868,617-492-3400,2712.36,21
d20a8dcf-9072-3b14-b3e3-f376eb169147,42.445222,-71.23001500000001,781-861-8855,12141.03999999999,95
9947a8a4-1b3e-3f26-b2d0-41755a71195f,41.646686,-70.999158,508-992-0339,11753.55999999999,91
9bff32d8-7f37-37d6-b42f-54bd509e63ca,42.176526,-71.603588,508-603-1503,30352.59999999997,235
b22423a5-4142-356a-904a-28908292a5cf,42.268426,-71.613309,508-366-4500,5424.719999999997,42
f05dd4a6-8aa4-34de-96d8-ca02006cdf38,41.70692,-70.221117,508-221-0241,23119.639999999978,180
fe1cf3e9-941b-3828-8067-efb34673a686,41.667083,-70.200793,508-740-0706,7232.959999999995,56
ca257730-17e5-3d19-95c6-275bb49480aa,42.33196,-71.020173,617-524-2415,14078.439999999988,109
0507f525-c041-34d0-b731-f39f2b7239c0,42.677091,-72.453876,413-773-0009,74525.3200000011,577
cec2cd99-6c3d-3286-b692-33adf5f01285,42.597445,-72.555278,413-774-2981,5553.8799999999965,43
0464543f-4ff3-363a-bf9f-b86f128d973b,42.205416,-71.00216800000003,781-348-3904,5037.239999999997,39
aeec578c-ddbe-3241-bddd-db7f09806b4b,42.281593,-71.242414,781-444-2266,6716.319999999995,52
7f7c08c8-1c39-3b26-bd34-5122a003dd91,42.405938,-71.054649,617-389-6951,59542.76000000069,462
e49546f1-daca-3ef5-856c-71c7c16bf8ff,41.662727,-70.357208,508-362-6868,21440.55999999998,167
2fd69f6a-d011-3e4e-9fb6-39710404a5d5,42.369451,-71.177925,,11107.759999999991,86
9c38597b-9549-3a65-86c5-860c4da55416,42.675551,-73.11810899999999,413-664-5484,17953.239999999983,139
ae8a14ef-d89f-3eac-b6ee-30e163f1c41f,42.564647,-71.164516,978-658-3713,32289.999999999967,251
6c2b5594-7306-36f7-bf4f-462d5caa3ed9,42.331876,-71.208402,617-969-7685,8524.559999999994,66
9b1be0cc-0469-390c-bf61-105cfaa91024,42.187364,-71.195971,781-769-1646,8524.559999999994,66
7136f05d-6f14-3fed-b3c5-a5cf2a7ab12d,42.695743,-73.22211800000001,413-320-3210,6974.639999999995,54
25983810-54e6-36a3-a1f4-c9fd1b4119b1,42.376043,-71.11868,617-902-0919,4778.919999999997,37
97e440d3-3e76-3ddc-a45d-c2e7a17128f4,42.418722,-71.163912,781-643-0610,6070.519999999996,47
880106eb-a35a-394b-9683-d0debe2eeb12,42.284767,-71.714228,508-753-7780,11624.39999999999,90
41c0f06a-5539-31a5-b831-7d9a4276412a,42.338551,-71.018253,617-248-3875,9170.359999999991,71
5465c26c-010a-31f6-b4e1-6cf2657fc6bc,42.187364,-71.195971,,8266.239999999994,64
d552d342-c4f6-3da1-ad80-673bf27c58ba,42.269478,-71.807783,508-753-4151,7491.279999999994,58
8ce019bb-db8d-3daa-93a0-491e9c629686,42.338551,-71.018253,,4520.599999999998,35
3736f71b-4b15-3e9b-8578-8256538f0ac1,42.742751,-71.178588,978-975-0700,26348.63999999997,204
9aab4d91-54fb-3743-915a-de41ad413ed8,41.930477,-71.046214,508-828-1011,3358.159999999999,26
56090ab7-1f97-37ff-a434-194f9c6e5510,42.679723,-71.30068,,41977.00000000022,327
73d98ecb-893d-395e-bb19-fc3b685b3c57,41.76104,-70.701779,508-291-1100,8395.399999999994,65
31980d55-1f5e-3d91-90d4-467897589940,42.284822,-71.348811,,6845.479999999995,53
e36a2696-9536-3406-b927-3b768368b7e9,42.742751,-71.178588,,25315.35999999997,197
4541291a-e567-3605-bef4-f5b2bd337e89,42.452752,-71.144319,781-729-4878,9041.199999999992,70
5403f5d8-1960-3afc-9984-4b70c279b6bc,42.126883,-72.430952,,11495.23999999999,89
93e8734d-d9a1-3972-ba46-476f89b58e23,42.369451,-71.177925,,49080.80000000041,382
4e5f7214-13e2-38d4-9f42-c3568f26891c,41.987196,-70.74194200000001,,11236.919999999993,87
39b9ef7d-9747-3600-9162-83afeb9fce25,42.115139,-70.71033100000001,781-834-0747,9041.199999999992,70
e6df9359-9976-31de-987b-c110e24410c8,42.125451,-72.649734,413-788-9621,4391.439999999998,34
56bf7e7c-5ef4-3c8e-92b6-e3b66c999be7,42.082543,-71.024638,508-941-7000,18340.719999999983,142
406745b3-482d-3eb1-9e8b-c10f911980fd,41.725351,-71.094162,508-674-4357,9557.839999999993,74
3a24d987-a062-3e25-bc8e-d674bb3b467e,42.108463,-71.185182,,10591.119999999992,83
1f645c13-be73-3c42-9b77-e1257a5d9d41,42.474208,-71.097665,,8653.719999999994,67
1526db4c-93d7-3ca7-ad7a-318424e18285,42.241557,-71.082432,,81758.2800000013,636
e466586f-6b1f-33f9-9fc3-f73423cc407e,42.323853,-71.142003,617-264-0364,11236.919999999993,87
4e3d8199-a3b0-3957-8037-9868914de356,42.126883,-72.430952,,13820.119999999988,108
e31728d2-e211-354d-9bb6-798887761da5,42.425955,-71.45625600000001,,28027.71999999997,218
67116907-26c1-3467-8729-7f19043b9dec,42.183577,-72.457812,,11624.39999999999,90
909a0f76-d1bc-3354-a883-82d002a29123,42.534146,-71.038333,781-334-2644,34356.56000000001,267
73087250-f785-399c-916a-4815188f9753,42.468059,-70.89126,,14465.919999999987,112
9dd6b488-2cc9-3383-a460-09a6523ce78c,42.360502,-71.303433,781-891-0906,25702.83999999997,199
6d764f44-0f5a-3f7c-9bb1-f9ffe015fcc1,42.323853,-71.142003,,17953.239999999983,139
b77d7fca-9eaa-349e-a76e-f8798c641009,42.556659,-70.84496,,14853.399999999989,115
d32d8049-07fd-3692-9c16-1915fd26afad,42.468059,-70.89126,,10461.959999999992,81
c5b7a5d1-49d5-3043-8052-33c7752205f8,42.256208,-72.58103,413-536-0912,12399.35999999999,96
eb4de48f-6c0a-31fa-a3f5-6b51ce85996e,42.115454,-72.539978,413-733-9600,3745.6399999999994,29
222b33ea-4ace-33a6-bb73-3121c9c895bd,41.706123,-70.164823,,22215.51999999998,173
ea2056db-8ca2-3afa-8799-22d89243493f,42.388921,-71.24226800000001,781-895-9500,40039.600000000166,312
338371a3-840d-3b81-b349-65ea623a71b9,42.269478,-71.807783,,8137.079999999994,63
2e14b5bd-c2ad-3830-8e19-ccae877d76c0,42.115454,-72.539978,413-733-9666,4133.119999999998,32
14ef3da1-8343-3a2e-901e-9adc753b81b7,42.064731,-72.653477,,13045.159999999987,101
ea04cb4f-a20f-3ae3-a938-79a5ffb2cc86,42.421005,-70.99036,,13303.479999999989,103
cc4e9a4f-50e9-3447-8c69-bcd35f240d06,42.782945,-71.087436,978-373-8222,8782.879999999994,68
fafc870c-ada6-3652-9533-a5acdbd24682,42.534279,-70.969782,978-532-1022,11882.71999999999,93
20417c65-4950-3a66-b972-15fb309ffe55,42.125451,-72.649734,413-736-2250,19244.839999999986,151
5fe323f6-26da-359d-9529-7aeb672adc77,42.269478,-71.807783,,5037.239999999997,39
dc7528db-e371-3640-a00f-603682f18bcb,42.115454,-72.539978,,10203.639999999992,79
6d765585-016e-3358-b20c-ff051f58ba6c,42.679723,-71.30068,978-957-9650,51664.00000000048,402
0e70b7a4-3f06-37ca-99a7-90eb55f969a1,42.206676,-70.94584499999998,,9299.519999999991,72
36e0f7c9-4ecf-3296-9caa-8ecba069659f,42.307905,-71.436196,,3874.7999999999984,30
c7aa0e46-5ba7-31a2-8c89-a6080f4a0b69,42.246872,-71.179462,,8782.879999999994,68
3785a91b-ef8c-3628-b673-5f9808b05616,42.63898,-71.321141,978-452-2200,11236.919999999993,87
322bb3c4-becf-3394-a425-02f834a24721,42.474208,-71.097665,,5037.239999999997,39
51fe5cd0-ac71-32ee-99b9-f5a37ce37467,42.33196,-71.020173,617-586-1900,11495.23999999999,89
6ad683e2-8401-3bfe-9d9b-4fa263d2d92f,42.323853,-71.142003,617-650-3522,25315.35999999997,196
803900db-4482-31c5-bfbf-09aadf86b43c,42.269478,-71.807783,508-756-6609,1291.6,10
a91ade25-2311-38cf-80ac-3d5270c0051e,42.224319,-70.880673,,6587.159999999995,51
442154b0-69a0-3a0f-a745-fcebe4b4b475,42.338551,-71.018253,617-726-4820,4391.439999999998,34
e0ba4ea4-4658-3465-8ed1-171d87ebf9d2,42.575924,-72.229618,978-249-7818,5941.359999999996,46
e7336029-59d9-372b-b675-fe2cefe7129a,42.423844,-71.10923100000001,,13561.799999999988,105
a5df828a-4492-3d65-ae26-7db65e214a96,42.601977000000005,-71.81586999999999,978-342-1200,13690.959999999988,108
187674f4-8252-314f-a97c-d80acf51d977,42.071188,-72.41771800000001,,51147.36000000047,397
f716172c-e9af-3a5a-8d69-d55d1915ae6d,42.474208,-71.097665,,2970.6799999999994,23
87f6941d-90f6-3c1d-b443-4038458cf8d7,42.257755,-71.473526,508-881-6750,38231.36000000012,297
b77b5215-4471-39de-8ea9-fffc8d82d4b1,42.205416,-71.00216800000003,781-817-5383,11753.55999999999,92
150aa536-7e63-34a3-8e88-a5c266306a91,42.601977000000005,-71.81586999999999,,20536.43999999998,159
01186ba6-bf1e-353f-ae4a-703e5fd65af0,42.648044,-71.161751,,9557.839999999993,74
836ab8bc-9c78-3d9a-bab4-395e87cbc3db,42.50436,-71.064061,,8782.879999999994,68
aef37af6-e500-36b8-b89f-873372229685,42.323853,-71.142003,,14336.759999999987,111
d93d9c2a-5017-3d3f-a05d-4daf23bcf3a8,42.158692,-71.521419,508-872-7881,5941.359999999996,46
0b59187e-7835-3ccf-ba76-f3ced345408b,42.578222,-71.084398,,21828.03999999998,169
710bd567-d324-36eb-9966-706cf6fe4e36,42.281593,-71.242414,,14853.399999999989,116
77086f18-2eac-30ee-b79a-b0a03eeea49f,42.082543,-71.024638,,6845.479999999995,53
3ecebc72-8f87-3506-9f1e-b848bc16a154,42.445222,-71.23001500000001,781-862-1620,7103.799999999995,55
af69bab8-9c23-3fdb-871e-80206637a99d,42.742751,-71.178588,978-221-7598,16403.319999999985,127
561e4677-fbe8-3798-88c6-f2dec666099f,42.503227,-71.201713,,258.32,2
527fd92b-5372-3dec-9363-626a186a92aa,42.369417,-71.785036,,53472.24000000053,416
2badf6cf-7a73-30c5-b32a-2803eee5d2a6,42.047565000000006,-72.57113000000001,413-567-6790,12528.51999999999,97
c10a84da-abe0-3fca-93d8-66f2f87232f7,42.187364,-71.195971,781-762-5858,9170.359999999991,71
66745ade-e31f-39c0-8f61-f93f8419465b,42.63898,-71.321141,978-458-1293,18082.399999999983,140
06554ce1-b5ed-37f3-b3da-8493fc33b115,42.452752,-71.144319,,27252.759999999973,212
ac2a2d82-16ab-311b-b983-64755b91f63f,41.293416,-70.10216899999999,,10461.959999999992,81
c70cfaad-1251-3193-9495-060db784e090,41.662727,-70.357208,508-420-3535,5683.039999999996,44
658d9b95-2b0c-3be1-92c7-5c1e38b24a04,42.499248,-70.898204,,6845.479999999995,53
c02ec60f-531c-3f28-8641-45a1b7a23de9,42.499248,-70.898204,,11495.23999999999,90
4b7031f2-b29d-3e53-91c7-9efea466df77,42.445222,-71.23001500000001,,7362.119999999994,57
1fe7468f-f026-362f-bc47-87f8feb01e6e,42.211656,-72.642448,413-533-7139,8266.239999999994,64
ab216106-828c-3aef-af9b-b40c5bd8fd2a,42.138838,-72.755911,413-562-9687,1679.0800000000004,13
f9d686d4-0133-30a3-ab72-80c9e93921f4,42.140346,-70.997861,,65613.28000000086,510
8e0ad255-977a-3d33-b553-46d6d6b7ff90,42.782945,-71.087436,,18082.399999999983,140
c0dab828-5db5-3e9f-8529-cf7dd1d1ed33,42.396824,-71.031348,,77754.32000000119,604
ab5bc14f-acdf-34cb-8120-cbaf3fe7d488,42.064024,-71.248401,781-698-3200,8653.719999999994,68
f53797bd-470b-31ab-a25a-821704bbba12,42.044307,-70.70604499999999,,9816.159999999993,77
4e361f0f-f13f-34e7-b7c0-6a3720887572,42.721495,-70.886637,,20665.59999999998,161
d91b3c27-bee2-3006-bb9b-9079ca04900c,42.395317,-71.180284,617-489-9090,7878.759999999994,61
483ca310-2bbc-3e6c-bee4-e4ed67210611,42.376043,-71.11868,617-354-1010,6328.839999999996,49
fcd15e93-542d-3d61-873e-df6dbf9e6090,42.452752,-71.144319,,16532.479999999985,128
65aaae51-c318-3391-847f-8e6f90ad654e,42.574174,-70.95051600000001,,2841.5199999999995,22
71c73f1f-f232-3c21-960a-4e55f799d7bc,41.930477,-71.046214,,35389.84000000004,274
f3c77d29-3f99-361c-9675-a37743d6a4a9,42.520876,-71.770611,,12915.999999999987,101
5be1c847-bf4c-3f57-a0fb-57ea06b4ee9c,42.610513,-71.007118,978-774-8492,34227.40000000001,266
d141d0e1-558a-317e-9bae-6c1f1122f9d5,42.012797,-71.336578,508-699-9417,29965.11999999997,232
fb751424-8518-3c5e-a44b-bf441041c11a,42.284822,-71.348811,,3228.999999999999,25
de36f40b-6ae9-3c9c-8327-79d800f086f0,42.323342,-71.646236,,2454.04,19
b9f23794-79ac-3432-8ab0-9e0f67781595,42.63898,-71.321141,,8524.559999999994,66
d418e534-66d8-3098-95b7-3ef920e5d4a8,42.219645,-71.216768,,25444.51999999997,197
493f37ef-f692-30bf-bb53-035739168eb3,42.695981,-70.83564799999999,,9170.359999999991,71
b9b400f9-1c95-3d0e-b6e4-15d5d33304f9,42.138838,-72.755911,,10203.639999999992,79
a765c05e-ac8a-391d-bab9-3d70749cd6e8,42.455723,-71.05901899999999,781-979-3000,6845.479999999995,53
8ba86aab-d837-3747-bd08-a88b3f9c2a45,42.126883,-72.430952,,28802.67999999997,224
3cbd7164-6546-377a-b65b-07155b3325c7,42.331876,-71.208402,,6199.679999999996,48
9b8ffe27-746e-33b6-8ad0-917a5416cc57,42.33196,-71.020173,,10074.479999999992,78
88a8715d-6a5f-3730-a889-73c754de34d8,42.63898,-71.321141,,6716.319999999995,52
bb1a1c5f-ce6e-3851-be6f-ae72f1a80c7b,42.556659,-70.84496,,10720.279999999992,84
0401b17a-7c0d-3c0a-8b3f-65cfe61043dd,41.661303,-70.937913,,4649.7599999999975,36
38e0b661-3b75-39d0-9623-dcf66dc08554,42.566573,-71.575135,,18599.039999999983,144
b95e60e9-ef17-3c9c-bcd1-612c5cd41e59,42.376043,-71.11868,617-499-5064,16403.319999999985,127
3a634d51-3890-301b-a1ef-7564687dc8fb,42.556659,-70.84496,978-922-5535,8137.079999999994,63
be7675dd-033d-3169-95bc-66fd6f61f4b0,42.119006,-71.10365,781-344-4400,11366.07999999999,89
3f6b47c8-cace-367c-9d78-c518c184365f,42.206676,-70.94584499999998,,16661.639999999985,129
5c185a88-b90c-354a-a23f-e7a9d35bcb4a,42.30539,-71.28366899999997,,5553.8799999999965,43
9265b9e0-9d1d-3b31-ba11-432886a3f892,42.284767,-71.714228,,3745.6399999999994,29
275b520a-a99e-3487-a376-84949b47a338,42.423844,-71.10923100000001,781-306-6880,20019.79999999998,156
7517e2f9-f8ee-3767-8a0c-afc8899a7207,42.303174,-73.233924,413-243-0122,26090.31999999997,204
aad90de1-23de-3239-bbf3-a22a9842cc31,42.082543,-71.024638,508-583-6498,7491.279999999994,59
7cd41080-4493-3749-950f-e90421b3fd6d,42.323853,-71.142003,,9428.679999999991,73
24859bd7-0620-374b-bc28-880516462850,42.124762,-72.110888,,29835.95999999997,233
a0ae74ad-bde8-3358-bf11-3005f4bb7127,42.119006,-71.10365,,20665.59999999998,160
72351ad3-b298-3122-87f8-65da6a7651ca,42.175737,-71.125385,781-828-6633,7878.759999999994,61
32d25335-b5e3-3e02-8d9f-58f46e151cf4,42.389071,-71.545864,,33839.92,262
6f72fdcc-46a5-330a-b956-d915dd5cbc0a,42.42938,-71.058706,,18986.519999999982,148
7452908e-09c3-357d-a3ef-08985d232218,42.45184,-73.260685,,11753.55999999999,91
52df2638-433f-3325-b8d2-29f30dd1ac07,41.617623,-70.492713,,8912.039999999994,70
5181acd0-4c26-3172-9068-138966873eb6,42.192246,-71.777649,,56184.6000000006,435
2ec2b7d5-fd68-380d-b369-23fc98731d69,41.758163,-71.21418100000001,,11753.55999999999,91
04bf2908-8de0-3839-b762-90b687fb2ea1,42.483953,-71.43849499999999,978-429-2010,10978.599999999991,86
a89e8167-1067-34b7-a9ae-5eea659e7345,42.388921,-71.24226800000001,,17307.439999999984,135
8d99f121-4a71-3d6c-b31b-22665da28817,42.323853,-71.142003,,20665.59999999998,160
8233620f-a2f9-33b1-bbef-4d008ca8470a,42.224319,-70.880673,,17953.239999999983,139
b503f336-fecb-3359-9b5b-ab536ea685a2,42.50436,-71.064061,,10074.479999999992,78
36012097-4635-3c0e-be0c-df0570a6a081,42.584206,-71.988737,978-630-6377,3228.999999999999,25
f6c2e178-9469-3297-aa75-a4a5ff3d91c7,42.612088,-71.227845,,16015.839999999986,125
8fd634b7-e011-3a69-bf1b-231cd3797bd9,41.45716,-70.556101,,9816.159999999993,76
49576e6f-f875-3d69-89a7-1bd016f0b33a,42.257755,-71.473526,508-881-7766,29577.63999999997,231
1832b70f-c3fa-34c2-be72-cda87ae32067,42.064731,-72.653477,,18857.359999999982,147
2e312abe-0c32-37d1-b05f-441684fb8000,41.661303,-70.937913,774-526-1686,8524.559999999994,66
9098c4b0-6b32-35c8-8094-9adb8dce7390,42.340233000000005,-70.883301,,10849.439999999991,84
19921811-5c03-3d6e-9303-b4b3732c2612,42.305932,-71.282917,617-964-0024,1291.6,10
dbe5aa48-c568-3233-8412-9be07882e20b,42.269478,-71.807783,,3487.319999999999,27
1fbd1294-e7f9-3606-9c9b-7fafc519710b,42.115454,-72.539978,413-787-2800,15111.719999999988,117
1df56535-d4b3-3192-8c29-36f122fccab6,42.389071,-71.545864,,4778.919999999997,37
263c7652-4bd7-3ffb-a63d-3c2e2cae36a1,42.084858,-71.41057099999998,,24282.079999999976,188
2a4518d8-7014-3404-b2e9-1c30c76b6a12,42.390445,-71.101033,617-718-9300,29577.63999999997,229
2a13b9b4-e4fd-318b-a01d-cc96ca048cd7,42.261006,-71.008988,,14853.399999999989,115
7048f223-5fe7-3864-a96e-b9acc08cc8c7,42.844794,-70.841499,,19890.63999999998,155
b220950a-23a8-3882-9190-8ab9e57d9213,41.903324,-71.094987,508-824-8600,15370.039999999986,119
5967f731-1aa6-3049-ad99-3538b014b304,42.221851,-73.333044,,8007.919999999994,62
0cd03411-0b0e-327d-aea2-d9b426ac1d67,41.56651,-70.958229,508-672-0545,26090.31999999997,202
1a1293a3-0151-3bea-96fb-268effe14d7f,42.268426,-71.613309,,6974.639999999995,54
eb39dca7-a51b-3f72-a276-89fb9f80002e,42.080784,-71.715992,,38360.52000000012,298
c10901b3-5d41-3638-84f7-3da6ea434c2d,41.594939,-70.599243,,4778.919999999997,37
a30a1a8c-ab69-3697-8b88-e46d25c81ce0,42.574174,-70.95051600000001,,4778.919999999997,37
f4b46389-b2b4-3bf2-acbd-1ec20401ef4d,42.474862,-70.96218499999999,781-595-5500,14207.599999999988,111
3344450e-b132-3c90-894f-2b9028411ad8,42.700273,-71.161357,,5166.399999999997,40
eed74a67-0fc2-358d-9bb7-ac47a85b9c35,42.63898,-71.321141,978-458-1264,7620.439999999994,59
abd13c9a-fc39-3fac-9de2-9cd307fe49b7,41.293416,-70.10216899999999,,20278.11999999998,157
99157068-4f0d-3906-8723-d8b7fda349f5,42.679723,-71.30068,,21311.39999999998,166
7781e606-766a-38d9-ab6d-8e20da4ac431,42.323853,-71.142003,617-566-0030,16144.999999999984,125
9de56a33-a10b-32e6-986c-b9576eb3e933,41.562579,-70.587349,508-495-8000,7878.759999999994,61
83c37d3e-1355-3248-85ed-296e8acb5f04,42.246872,-71.179462,,19761.47999999998,153
ca0ee331-1d07-3a4a-bf5f-36c651a211fd,42.33196,-71.020173,617-522-0546,2583.2,20
48cf768f-97c2-3cac-97f5-fbee0c17cd25,42.338551,-71.018253,,5166.399999999997,40
68cee1fa-8311-3f11-b2b5-07aae9231c35,42.411887,-71.690005,978-598-3155,47272.56000000036,369
1cea3a10-4773-3dff-b49b-f3cd0b484d1e,42.499248,-70.898204,,8524.559999999994,66
2fd9eeda-5a13-3ba5-aeac-06be0e7b2d23,41.688804,-70.639267,,18986.519999999982,148
23dd1b80-def1-305e-9855-6fde0339158e,42.63898,-71.321141,,6328.839999999996,49
53ea9af5-720e-39f5-a6f3-0d886b4d4570,42.205416,-71.00216800000003,781-794-2200,14336.759999999987,112
76b94432-b789-3726-955c-5652111b2e2f,42.503227,-71.201713,,5812.199999999996,45
36df9172-8c2f-325d-9bf3-b7f7338e474c,42.256208,-72.58103,,10203.639999999992,79
d9257790-84d3-38bd-8a78-a3d9c581c8c5,42.284822,-71.348811,,5683.039999999996,44
6e8caa51-afee-3613-ac75-ad049c87958d,41.972376,-70.978773,,32160.839999999967,249
641c80f2-5f38-3fe8-ae8d-1d96687c699a,42.05257,-72.777353,413-831-6167,48176.68000000039,374
c8503473-91ae-381f-b49e-dc633a30fb5a,42.175737,-71.125385,,26090.31999999997,204
fa656117-ba45-3969-abe6-815d81cdf6d0,42.281593,-71.242414,781-444-6200,5553.8799999999965,43
1d9793e4-b135-33d8-b90e-521cedb608cc,42.582607,-71.720464,,33323.279999999984,259
b64e856f-b90d-300f-a8cb-4f458389f80e,42.390445,-71.101033,,34227.40000000001,265
cc7f65a8-6edd-3dd5-8999-a3f06a5f21b5,42.062378,-72.498111,,26736.119999999974,207
d496ec27-3707-342f-b8d0-562687e9e740,41.688804,-70.639267,,9428.679999999991,73
5465c0e6-2534-361a-9e74-5dcbdeca2d2a,42.495629,-70.83582,,14724.239999999989,114
e794df8b-d3a6-3f83-91d1-2001572a72da,42.206676,-70.94584499999998,781-340-8397,11366.07999999999,88
bcb26f1b-a37d-37dd-8819-c5dd6b6d9f74,42.021617,-71.026717,,20794.75999999998,162
df03a923-84cd-3068-9882-487ee0eae2e9,42.648044,-71.161751,,4003.959999999998,31
3bd17675-986e-382c-a582-8fbd32de1064,42.63898,-71.321141,,21828.03999999998,170
e380d6b5-8dfa-398e-9498-2e7e57b0972e,42.262428,-70.79888299999999,,12399.35999999999,96
67f862f0-9a48-3bf8-a95b-cde4979ae062,42.468432,-71.01394599999999,781-233-9570,10074.479999999992,78
64151c5d-5722-30c8-8d92-aa59cb6dcfc4,42.158692,-71.521419,508-458-9060,7749.599999999994,60
5c55766d-e058-3b97-80bf-f6d69875e984,42.281593,-71.242414,,11366.07999999999,88
297e845b-327b-32f5-a78d-5885ab951c05,41.738479,-71.165065,,51276.52000000047,400
1c9f06a8-38bb-3d07-99b2-176d626bc4c2,42.012797,-71.336578,,31515.039999999968,244
aeb088d2-fff9-31fa-a081-aef2d585e089,41.579794,-71.081822,508-636-6331,10591.119999999992,82
18880276-6c57-35e7-bd08-c1f86549b7cd,42.205416,-71.00216800000003,617-738-0857,4908.079999999997,38
a988d57e-cf42-3ca7-974c-8e73877083ae,42.261006,-71.008988,617-479-1915,12528.51999999999,97
e7b1c64d-6e41-30d7-bd3b-5e171fbc7744,42.45184,-73.260685,,4520.599999999998,35
d9242200-7588-3df0-8ff0-61a45b07c487,41.718217,-70.901151,,145305.000000003,1127
b0d46e53-6b47-354a-9ddb-9ed9302ae9f5,42.224096,-71.54048900000001,,18728.199999999983,145
9f599d0e-3035-3db9-9499-4283ae8eaf70,42.411887,-71.690005,,8524.559999999994,67
2d2e766a-9f37-3888-84a3-4b9d0dd617d2,42.138838,-72.755911,413-572-1606,35002.36000000003,272
4c6c368b-e4ea-3cf2-a4c8-dd2cfa905849,42.742751,-71.178588,,15499.199999999986,120
8de13ae4-0690-388e-b0be-ebda7bbafc24,42.468432,-71.01394599999999,,41718.68000000021,324
630fd121-46d1-30e7-8a66-d5c08d43ec93,42.418722,-71.163912,,6070.519999999996,47
40e2b485-8b21-37eb-b619-11c586ea7548,42.146286,-71.255604,508-660-1666,9557.839999999993,74
a21fbe89-efef-32ae-bedf-3368fd42408f,42.574174,-70.95051600000001,,6328.839999999996,49
18473570-fa27-3388-a254-12325e3f4113,42.601977000000005,-71.81586999999999,978-353-0004,23765.439999999977,184
492d0ba4-6fa5-3c26-be48-daf9308caf55,42.206676,-70.94584499999998,781-331-2922,5037.239999999997,39
585ca21e-00e8-3c7d-b21f-70e863497cd2,42.340233000000005,-70.883301,,7749.599999999994,60
b96d72a6-2414-3527-9421-a4b40d4b721d,42.241557,-71.082432,617-698-8855,39393.80000000015,305
3580b164-4e83-307a-a5db-ca8085101d58,42.474208,-71.097665,781-438-4252,13561.799999999988,105
c45acc18-8f1c-374f-8f31-434097ffe510,42.323853,-71.142003,617-383-6250,9170.359999999991,72
4546473c-afe5-3569-8066-00e1fe785348,42.42938,-71.058706,,29319.31999999997,227
0adcae32-d793-3d15-9a5d-d59c40cdc32e,42.50436,-71.064061,,15111.719999999988,117
be6bebd2-6550-3ab4-a81e-97adc328af38,42.455723,-71.05901899999999,,2324.88,18
5445cc47-4b0f-37a6-9223-418b20a0693f,42.299625,-71.52842700000001,,46239.28000000033,359
00065b1c-5e71-3da5-907f-e9fc33eddbbf,42.093596000000005,-72.321494,,66388.24000000088,516
9a6b5abc-68be-3ee9-a7d4-52f615318596,42.241557,-71.082432,617-696-0660,12399.35999999999,96
2081b743-fb07-3f55-a1f0-1d4334fbb37d,42.017302,-71.21641,508-954-2372,11882.71999999999,92
d6f70545-31f4-389a-903e-adc1279e5ecf,42.119006,-71.10365,,8912.039999999994,69
c4fae5dc-ed58-338c-8639-d1967012ab27,42.418722,-71.163912,,13174.319999999989,102
c1b667ba-5964-304a-a10c-6d090e75b860,42.33196,-71.020173,617-740-2415,6716.319999999995,53
c9216d86-bc94-32af-98e6-3efe8e0bb31b,42.256691,-72.158169,508-867-6161,30481.75999999997,237
50654b55-65e5-3fda-94c1-a6909b912217,42.447924,-71.776045,,10849.439999999991,84
5fc5349f-9ce7-364c-96ce-9a27873204e3,42.468432,-71.01394599999999,781-233-1946,55022.16000000057,426
ac49e33e-3594-3285-8b45-a0e98c3dd883,41.987196,-70.74194200000001,781-585-6883,10074.479999999992,78
c2c9a655-efd6-36f5-af9c-3dd46c1f7a03,42.311693,-71.940282,,37973.04000000011,295
78f24216-8805-3436-ae9f-53aa1cb276b7,41.930477,-71.046214,,4003.959999999998,31
baa6f347-9f26-30c5-8539-3dc015beedd5,42.187364,-71.195971,,3874.7999999999984,30
3c459c2e-dd57-3035-826e-e58822a09bb8,42.564647,-71.164516,978-657-7404,22086.35999999998,172
20035438-faf9-3434-b171-8bf6dd712735,42.390445,-71.101033,617-666-4321,11495.23999999999,89
816b0379-f752-3a7c-bcc9-b4a29653122d,42.062378,-72.498111,,5295.559999999997,41
df307868-cb89-31d5-8894-1ddbc7f7fbda,42.429688,-71.512514,,60317.72000000072,468
ad2e928a-bfad-3ec0-ad3b-d3baf5048032,42.503227,-71.201713,,8395.399999999994,65
a5207d31-ad44-3807-9b19-03da35e04294,42.158692,-71.521419,508-473-2501,6070.519999999996,47
d698d921-afb1-3c4f-845e-a1710187c4fc,42.284822,-71.348811,508-820-8383,8782.879999999994,68
e9396f5d-5d9f-38e1-9f01-14df52e277e5,41.647227,-70.249978,,8395.399999999994,65
49bf5812-29f3-32c7-88de-329eb3864885,42.05257,-72.777353,,67292.3600000009,524
03b9694a-0380-3bb4-9878-4b260179ef63,42.246872,-71.179462,,26090.31999999997,202
26f6db90-c68b-36e2-84d4-4bc34f61f4a6,42.564647,-71.164516,,17694.919999999984,138
9aad70a5-7d3c-3907-8177-b56f43db7005,42.610513,-71.007118,,11366.07999999999,89
99bf348f-27da-3998-a51c-3116f8cc7f20,41.931653,-71.294503,,6457.999999999995,50
a88ffeae-5f8c-31a5-8940-721a44591084,42.355801,-71.862574,508-829-5599,18340.719999999983,143
c4aa5da1-049c-327a-ac70-caea79514b36,42.574174,-70.95051600000001,,11882.71999999999,93
02da61f8-334e-3033-b13c-80b74a947fb1,42.488769,-71.154438,781-935-3710,3745.6399999999994,29
c237e4cd-adeb-359d-910a-c5173d5e762e,42.388921,-71.24226800000001,,13432.639999999989,104
a012f4a2-ce37-3ffc-b5ba-5acbd5975469,42.851284,-70.955837,978-388-7500,13174.319999999989,102
1976fb33-5ea0-3308-82a7-df537365de28,42.535183,-71.105423,,8524.559999999994,66
5658e650-d352-3802-a515-531fb7169b15,42.356491,-72.568632,,6845.479999999995,53
cc29d533-313f-3dc3-8163-30f6b804cc62,42.534279,-70.969782,,12915.999999999987,100
97cc2f81-ed68-37ff-ad8a-37dcb0849589,42.331876,-71.208402,,8137.079999999994,64
f87dcec8-ac58-3712-bfd3-58b4b358a12a,42.33196,-71.020173,617-364-4200,15240.879999999986,118
25863dcf-f0f3-3bff-b6a6-7e300c068f07,42.33196,-71.020173,,4520.599999999998,35
4fef7da2-d425-37a0-a7fc-4ed10f6afc68,42.421005,-70.99036,781-284-0559,14982.559999999989,116
2db889da-7f59-3bdb-9f98-4d40f24a2540,42.116244,-71.329274,,15757.519999999986,122
0269fb69-594d-3cb3-a711-3c391e96f434,41.834412,-70.957166,,5424.719999999997,42
8114ba40-cf04-3c1c-9d25-ee5d58bab117,42.205416,-71.00216800000003,,9299.519999999991,72
fda3acf6-ca1e-3622-a3f3-dee5bf7749b3,42.178993,-71.052654,,12270.19999999999,95
2730d749-fd01-33e4-a950-72b30169c510,42.205416,-71.00216800000003,,4520.599999999998,35
5865a96c-0de2-3dd2-8c69-6ae31cabf407,42.261006,-71.008988,,26477.799999999974,206
e2c52e44-ff5c-3548-8cdf-a22fc3fc7981,42.307905,-71.436196,,5812.199999999996,45
27e68156-6498-36d3-a70d-8cd73f34cf90,41.897892,-70.62403,,14595.079999999987,114
cedf1d8b-c543-30ce-9475-78270638e419,42.556659,-70.84496,978-524-0333,6974.639999999995,54
0f905f08-f2ac-3fae-b1ed-37e0130abd94,42.269478,-71.807783,,7491.279999999994,59
da03cd54-f758-3328-a315-eb74bf45c4ed,42.084858,-71.41057099999998,,14982.559999999989,117
609fac07-24f6-3226-9b18-dfced9b2adf6,42.269478,-71.807783,,4649.7599999999975,36
b10cdee7-8421-3cef-a191-364fadeffd9e,42.33196,-71.020173,,13432.639999999989,104
e6bb8889-527a-3cf6-a671-6c96239ba7ee,42.164569,-70.818844,,10978.599999999991,85
a1331f5d-b18b-318a-b376-81d14db5983f,42.670643,-71.602858,978-433-0517,49855.76000000043,388
476a6290-43dd-32db-872f-9c7ad4f04d56,42.468432,-71.01394599999999,781-231-1535,12399.35999999999,96
ba5bd9fc-2f16-35db-83a1-5d6b4f585f99,42.62885,-70.685875,,10332.799999999992,80
c4aa0990-a6d8-3d5f-a6d9-f640761ec82d,42.468432,-71.01394599999999,,11495.23999999999,89
3e8fed1d-b032-3042-948e-2a320b945649,42.445222,-71.23001500000001,,2583.2,20
42155e5d-1678-389e-bf85-3af30a5700fa,42.284767,-71.714228,,19890.63999999998,154
5994383c-0e58-3f7d-ab03-114a9d5b0021,42.488769,-71.154438,781-927-7246,1679.0800000000004,13
a10f00e4-2521-3cd6-8cfd-7e5b20048852,42.164569,-70.818844,,9945.319999999992,77
fb10e721-8a1f-38a9-881b-665feabd8832,41.758163,-71.21418100000001,,11236.919999999993,88
95bd7def-8211-3967-9f4b-8de39f9c0bf8,42.187364,-71.195971,781-762-5595,8782.879999999994,69
7cf88261-a2fd-3156-b396-6ec0641abc2a,42.33196,-71.020173,,17824.079999999984,138
1776755d-7040-3d15-b588-d67de0149d76,42.314078,-72.777977,,91961.92000000156,714
3d98a940-6fb3-34af-8854-97ae5b045ea8,42.323853,-71.142003,,8524.559999999994,67
ab2c9205-7101-34df-bdbb-84ac18fa33bc,42.423844,-71.10923100000001,,12915.999999999987,100
40dad8ea-2b20-3ea5-89e0-2ddc0d51b3ce,42.115454,-72.539978,,2970.6799999999994,23
678bb3ea-12b1-3476-b8fd-07a7c7376daf,42.017302,-71.21641,,5037.239999999997,39
b13e475a-5977-300b-825c-87bdaff11d89,41.647227,-70.249978,,9170.359999999991,71
4697833c-eccb-3805-ae2b-b464f87e1c0e,42.261006,-71.008988,,15757.519999999986,122
8205e567-db57-3f4c-9daf-2d5b409eebb4,42.700273,-71.161357,,17436.599999999984,136
ddd36418-49d0-35fb-882c-45d12c8349e4,42.520876,-71.770611,978-537-7552,4649.7599999999975,36
2d8afc8c-9d35-3e5c-bfaa-da963646d830,42.597055,-71.3697,,20278.11999999998,157
1be0f903-835f-3472-8ddb-ec66b56cd4aa,42.195951,-71.45343000000001,,8266.239999999994,64
2b70d27f-4d03-358a-8c90-9da210c78172,42.474862,-70.96218499999999,,10461.959999999992,81
ae072d0e-0be7-3627-ad1e-8be87110de63,42.499295,-71.281889,781-275-4479,17307.439999999984,134
21f0e30d-6c39-37cd-a963-1853cb645795,42.261006,-71.008988,617-833-8793,25186.19999999997,197
85a17c88-2aa9-35be-8eb0-1d265a64fcb7,42.782945,-71.087436,978-521-7156,4262.279999999998,33
6eb642c6-9c0d-35a4-af6d-a29b6bf0f59e,42.226949,-72.74158800000001,413-529-9282,28286.03999999997,220
0edf8992-5b46-399e-b893-bad48709e8ca,42.844794,-70.841499,,10591.119999999992,82
ed03dc2d-0567-3395-92df-4c18d4993565,42.405938,-71.054649,,64192.52000000082,497
f2a15c32-6f8c-3760-9c6d-07f9304df038,42.474862,-70.96218499999999,781-595-9581,7749.599999999994,61
994af828-ab29-31ed-bc6e-e441c1aed486,42.33196,-71.020173,,9686.999999999993,75
dc4038ce-46ce-3540-8beb-506b56b14aa5,42.454125,-71.87754,,38360.52000000012,297
d9a0f7fc-61df-3052-b0da-6339dcf4b3b7,42.133935,-71.968025,508-980-7074,35906.480000000054,280
586a18da-302b-3bd7-821b-3acffd3a9025,42.30539,-71.28366899999997,,5812.199999999996,45
f3079beb-eff8-3817-a339-889120335756,42.369417,-71.785036,,21053.07999999998,165
7828e5ea-1d0c-3cb2-a168-cbca730c12ee,41.791736,-70.75787199999999,508-273-0190,58767.80000000067,456
5b6cc27c-536c-3e5c-a05c-b743e7132452,42.206676,-70.94584499999998,,9816.159999999993,76
4aab2639-bfd2-3987-b372-c54395f7c0ae,42.418722,-71.163912,,15370.039999999986,119
c17db94f-4d24-3c3a-bc46-ffc9fa86e212,42.246872,-71.179462,,6328.839999999996,49
c60b66d8-ce80-3d94-b4a7-2d97367a801b,42.61176,-71.565269,,21828.03999999998,170
e9e2998f-97d3-3f88-8ee8-82660c5ddfce,41.748854,-70.74053599999998,,36164.80000000006,280
9c79fc9f-bb9a-3688-8081-884489fb66f3,42.064024,-71.248401,,17178.279999999984,133
75ac3572-9c8c-3e6c-b960-51716a14a483,42.499248,-70.898204,,12528.51999999999,98
3f184cf6-7894-3394-9d90-cf8ff5c7e6cd,42.108463,-71.185182,,17307.439999999984,134
fbbf379a-2cf8-3818-b3ff-62f88d68ce77,41.987196,-70.74194200000001,,7232.959999999995,56
2b88ea9c-c3a2-30b1-85fc-3f4cb3019ea3,41.706839,-70.75095999999999,,8007.919999999994,62
ef3ba8f6-dfc8-3bc3-b630-dfceb54940e1,42.241557,-71.082432,,11624.39999999999,90
be82172a-e898-3b0e-8e57-218acbc9c657,42.044307,-70.70604499999999,,10074.479999999992,78
83188445-c098-3b9d-8223-ef07041c1985,42.597055,-71.3697,,14724.239999999989,114
3fe0fb59-f52b-3323-8fea-d05ccb31a177,42.421005,-70.99036,,12270.19999999999,96
0ac2db30-f3cf-3db9-a0ac-236e1b382b70,42.261006,-71.008988,617-639-5006,11366.07999999999,88
bdbe5a28-66cd-37af-b959-ecb293bc6908,42.700273,-71.161357,,8912.039999999994,69
127d0b28-580b-3171-b52a-7dd93083d1de,42.423844,-71.10923100000001,,13174.319999999989,102
a73cfcec-4977-3efa-8352-8f37a9e5bdba,42.390445,-71.101033,,17178.279999999984,135
bf2f2ad5-a590-340d-8092-4e0355d30f36,42.455723,-71.05901899999999,,9299.519999999991,72
5d5c77b2-f5ef-3180-8966-7475a3f4642a,41.617623,-70.492713,,7620.439999999994,60
ddc7190d-25d4-31fd-9eae-3a4ef512c259,42.33196,-71.020173,,12141.03999999999,94
0adbfc92-86b4-351b-9c0b-de45963055de,42.119967,-70.957211,,16661.639999999985,130
af53dd55-d014-3c53-a196-7821b6dc2a3f,41.56651,-70.958229,,8137.079999999994,63
62b534eb-cbbc-3c46-9f95-ef4c35a6b359,41.617623,-70.492713,,16403.319999999985,127
7af15bd8-12c4-397b-8018-a1dd2c1085a7,42.241557,-71.082432,,27898.55999999997,218
4afe828b-d23e-3b89-afa4-f2fa00720415,42.535857,-73.24113299999999,,41331.2000000002,320
524d48e4-dca4-3148-be1a-c6a4c7087ed5,42.084858,-71.41057099999998,,31385.87999999997,243
f99e1ab6-356b-3d7b-ac1e-43282af0f318,42.612088,-71.227845,978-453-8446,17178.279999999984,133
e7ebe10a-fb5b-3ebb-a53c-479e26da27f5,42.305932,-71.282917,,4520.599999999998,35
f03d4e07-ce1f-3cd8-b666-97fd4ecbe1de,42.575924,-72.229618,,10978.599999999991,85
a753da29-339c-3004-8a03-fe9b98c04d80,42.452752,-71.144319,781-729-6784,11366.07999999999,88
934f4ea8-157d-3c1e-806b-7f8a9ec92a84,42.256208,-72.58103,,33064.95999999998,256
81d97677-f9f6-30ec-b5e9-efba1615787b,41.782888,-70.5321,,26606.959999999974,206
04c749da-634e-3e9e-9806-a5052635370e,41.738479,-71.165065,,67034.0400000009,519
5a42df82-d0fe-3caa-a454-11a30dfca65d,42.33196,-71.020173,,5424.719999999997,42
436239dc-a195-38e9-bbb9-663fe338c0c3,42.27901,-72.400468,,11753.55999999999,91
bdea7937-8a09-3972-816d-98dbc1b47c0b,42.175668,-72.572257,413-534-4224,53859.72000000054,418
1d2e3ec5-b659-361e-902f-f0d92ca9c751,41.662727,-70.357208,,904.12,7
313016ee-d594-34a4-b180-6053dbfef778,42.597055,-71.3697,,6199.679999999996,48
4c8ab5ea-8f75-3a89-8c25-853811d0f9b5,42.115454,-72.539978,413-737-4100,6457.999999999995,50
2a1d6d3a-985d-31a9-94d4-7447457cf2b7,42.012797,-71.336578,,18211.559999999983,141
2a994f69-042f-3e02-a223-acabc117d94a,42.002634,-70.86370600000001,,32806.63999999997,255
b3633532-6445-333c-82d2-d2575d840abe,42.224319,-70.880673,,20019.79999999998,155
d54ee3e8-ab72-3b86-9193-52d3c0a62d9f,42.462911,-71.364496,978-263-6859,4520.599999999998,35
d8a8566f-d94f-3f66-98f9-3f3eb22fb6c1,42.742751,-71.178588,,10203.639999999992,79
3ea5b336-3cb9-379b-8a93-327c92d5c646,42.700273,-71.161357,,14853.399999999989,115
a7d76183-97c6-3804-93aa-7919103d1c6c,42.468432,-71.01394599999999,,42751.96000000024,333
8b372f3b-8269-325b-99c1-b7e8b581ae34,42.307905,-71.436196,508-879-5040,9816.159999999993,76
aa7c6dc9-941b-30a5-b26c-a4d52076bcec,42.648044,-71.161751,978-686-4343,12270.19999999999,95
740b5dfb-075d-3b29-8052-55d810031939,42.27901,-72.400468,,13690.959999999988,106
e2d35592-abcc-351f-a2d4-3fa262538e31,42.782945,-71.087436,,22215.51999999998,172
a005fba5-3abb-32ee-a26d-afcde0315ead,41.662727,-70.357208,,33710.759999999995,263
0ed718c4-40b8-3766-93b7-26340d316499,42.303174,-73.233924,413-243-3477,19373.99999999998,151
97179142-2148-3672-ac5f-9381171147f6,42.488769,-71.154438,,8524.559999999994,66
0034b3d1-3272-316c-9121-2667387007c2,42.742751,-71.178588,,7620.439999999994,59
2fae7095-f7b6-3502-8163-90fa64f6b57b,41.834412,-70.957166,,14336.759999999987,112
586d90ae-7754-30c2-996b-9e62e75227d3,42.267564,-72.06687600000001,,176949.20000000385,1377
10f2ca93-5e73-30e6-8bfc-da69039cc127,42.224096,-71.54048900000001,508-544-1540,28673.51999999997,223
fef87045-3268-3411-a5e1-3f2687440985,42.610513,-71.007118,617-838-4794,24798.719999999976,192
04831a0b-4b17-31f7-96de-88a95271d2f8,41.972376,-70.978773,,6845.479999999995,53
df03c022-3869-3737-b15d-761ed8fb7538,42.206676,-70.94584499999998,,4520.599999999998,35
d810cb87-d968-35f9-820e-e0bccf3c0467,42.305932,-71.282917,,17565.759999999984,136
75129c95-6874-320f-a066-c232963ec3ce,42.307905,-71.436196,,13820.119999999988,108
95199bbc-9339-3835-bfa5-2a5ca6b28de6,42.305932,-71.282917,,1808.2400000000005,14
3e259e26-b940-3d73-b9eb-201e266b9ebd,42.126883,-72.430952,,6974.639999999995,54
1803cc03-7913-3aac-9187-5c27ca8607e4,42.556659,-70.84496,,6587.159999999995,51
5f5140f3-df3b-3af2-bc42-a671fc6a5a28,42.129251,-70.908736,,47272.56000000036,366
92377c0c-4047-35a0-86dc-870e614099ea,42.670643,-71.602858,,51405.68000000047,400
37bb2c25-7cdd-3516-af31-2890349fe018,42.269478,-71.807783,508-363-6330,4649.7599999999975,36
141cb98e-6812-3da4-bfcf-cb14eb345a00,42.082543,-71.024638,508-857-1466,8782.879999999994,69
73819875-9953-33ae-b064-52981173cb6a,42.305932,-71.282917,781-772-1899,4003.959999999998,31
fec69aaf-68b9-34aa-8f17-f651ee67b771,42.612088,-71.227845,978-657-6009,32289.999999999967,252
3278c48a-aff0-3325-ba4a-5bb3eae5304c,42.390445,-71.101033,617-628-2160,7232.959999999995,57
88e4e804-522f-3b0a-bd56-4668452dff5e,42.175668,-72.572257,,41460.36000000021,321
cd78e27b-c9fa-3144-80b5-c67a7bf4ceca,42.067804,-70.805713,,42881.12000000024,332
297e1559-3ab1-3ef0-b269-bdec39f26a10,42.327044,-72.67463000000002,,14078.439999999988,110
56a5fff6-d948-32dd-9f2d-90f1a46a5149,42.269478,-71.807783,,6587.159999999995,51
08061cd7-a7b6-3ce7-a74b-0296560e57b6,42.331876,-71.208402,,6457.999999999995,50
ee643956-0707-3655-8c92-eaed0ec0fb12,41.738479,-71.165065,,26090.31999999997,202
6c8d3b5a-4441-36ec-a8d5-d49adca16bbb,42.269478,-71.807783,,7878.759999999994,61
c47a0e8d-2047-307e-b72e-ae461ed1aa42,41.903324,-71.094987,,3616.479999999999,28
f28ce7cd-867f-3431-99e3-ab62ed072852,42.421005,-70.99036,,34614.88000000002,268
c1f6df80-fe5e-3a72-bdbc-7093801ab4ad,42.578222,-71.084398,,25186.19999999997,195
1ba2e1f6-bba6-3b63-911e-ee8b83730080,42.423844,-71.10923100000001,,15757.519999999986,122
a0acd405-3ff0-34d3-9025-db6860a659bd,41.646686,-70.999158,,8395.399999999994,65
fbf269e9-dc84-355c-b1de-8873a0e28068,42.62885,-70.685875,,18599.039999999983,145
60015aa6-4ab9-3aff-b72c-e1bea873597e,42.125451,-72.649734,413-736-0947,12399.35999999999,96
e46b96a5-54e4-34ab-89d1-54645eb2ce6e,42.206676,-70.94584499999998,,5812.199999999996,45
6c455375-25b6-37ae-9f2d-2c2130fa845a,42.256208,-72.58103,,6716.319999999995,52
e93c1d51-6721-330e-b9ff-95d2087b6e6d,42.782945,-71.087436,,4391.439999999998,34
9b9ceab5-ab59-3135-970f-45fc218e884b,42.33196,-71.020173,,17953.239999999983,140
58dc1aed-824b-30c9-9f6e-67c20cee0a6c,42.675551,-73.11810899999999,,1808.2400000000005,14
e77320b7-d6f9-3218-a39f-81d6e344a6af,41.931653,-71.294503,508-761-5650,32677.479999999967,254
b1782f9b-dbb7-36cc-9a9f-d82689a7e27f,41.646686,-70.999158,,10461.959999999992,81
bf24f5a7-6c7e-3e72-b31d-aca37d5fca33,42.084858,-71.41057099999998,,21182.23999999998,165
1cf35b8c-ec81-3f61-b821-3b9bd05656ab,42.053072,-71.752241,,56184.6000000006,435
173fa89c-f765-3117-8fb4-141a54f4b96d,42.700273,-71.161357,,14465.919999999987,112
ecbce38f-199b-308d-b53f-90a4b62271ef,42.115139,-70.71033100000001,,6974.639999999995,54
3436a0ee-a02b-3a27-883e-3d588af835e7,42.455723,-71.05901899999999,781-665-2255,7749.599999999994,60
5eea8ebc-8657-3681-a781-b01da9aacab1,42.246872,-71.179462,,9428.679999999991,73
ce3e8f0c-4256-36a9-81e6-da05c5226103,42.284767,-71.714228,,19890.63999999998,154
afab4f90-7459-32ee-b0e2-8098e831667d,42.578222,-71.084398,978-664-1610,16144.999999999984,125
39d74afc-b103-34df-8571-dde59b8701b2,42.45184,-73.260685,,16532.479999999985,128
68d3d96d-1cfc-3a8c-9985-bbe0457922de,42.175737,-71.125385,,6716.319999999995,52
621d65f9-71e7-331a-8abc-619959ca90d6,42.175737,-71.125385,781-828-5351,4262.279999999998,33
3ed98587-8c4c-33b4-9cbe-ec7fc451d2b6,42.64042,-70.77117199999999,,28802.67999999997,223
0be7e592-fd37-398a-8f8f-7b0d6ed751ca,42.405938,-71.054649,,21828.03999999998,169
cc55a45b-da92-3627-bbdf-2334698c7739,42.211656,-72.642448,413-532-67773,10332.799999999992,81
03196bec-0c19-35bc-af2f-dbefb979cf6c,42.241557,-71.082432,617-696-0082,46110.12000000033,357
045f8f40-8a09-3de3-90ff-3d4783ae8a7f,41.71746,-70.591824,,16015.839999999986,124
8acdc9ed-79b4-378f-9f2e-73841f346a69,42.047565000000006,-72.57113000000001,,35519.000000000044,276
71420873-b305-3b85-863e-9dd40751465f,42.115454,-72.539978,,17824.079999999984,139
9e2804c2-dd28-3eeb-a5fe-c24d79469ee2,42.597055,-71.3697,978-244-0060,12786.83999999999,100
128846fb-8f17-39ca-9bc6-f65e0d3aa34e,42.421005,-70.99036,,33194.11999999998,257
61b5df88-742c-3ed7-aa4e-c681665bf99a,42.559673,-71.260947,,20019.79999999998,155
060d4631-3566-3d04-9205-2827b0f87c2e,42.396824,-71.031348,,63934.20000000081,495
28f41db3-feb2-39c7-a230-06c4ea4ac70a,42.187794,-72.30846899999997,,2970.6799999999994,23
f14c80d1-186a-3f01-b86c-4c3d4c10b387,42.390445,-71.101033,617-666-1800,40556.24000000018,314
200fda80-4f41-3747-bfb4-5db70c2e3868,42.125451,-72.649734,,13303.479999999989,103
4a9de4a4-b2ea-30db-a41a-cfe4831650d7,42.369451,-71.177925,,5683.039999999996,44
bdd22eca-f670-301a-816f-d7496f9a4f86,42.12826,-71.8671,,30740.07999999997,238
54f6fc59-7709-310f-9249-1e92d0464b00,42.578222,-71.084398,,27381.919999999973,214
8f0c35f7-110c-3529-93bf-d2f1da436200,42.064731,-72.653477,,10849.439999999991,85
badf8786-3500-3828-8da8-7efb361040e5,42.164569,-70.818844,781-659-1518,7749.599999999994,60
7edbe23e-e109-318f-a0a5-f84b73a3e14a,42.534279,-70.969782,,4908.079999999997,38
3574e4eb-6db9-3ebd-82ef-8e175ebb7845,42.564647,-71.164516,,22344.67999999998,174
c8941d2f-cb16-3485-9b6e-e12db3bf3645,41.562579,-70.587349,,10461.959999999992,81
100b141b-3f51-3916-97e3-c6a74f0eda16,42.021617,-71.026717,,22990.479999999978,180
15f294ed-fa83-34ad-a6e9-9af44f43e603,42.082543,-71.024638,,11366.07999999999,88
870c851a-1a2f-3a4d-b01a-6572b6f4f042,42.241557,-71.082432,617-696-9299,9557.839999999993,74
682d6a3c-36bf-39ff-b4ca-6c0af054c7d0,42.62885,-70.685875,,9428.679999999991,73
911053b1-92c8-3fde-b7e5-4b0a7970974c,42.363534,-72.50729100000001,413-259-2020,11366.07999999999,88
f74cc006-4808-3122-9608-a657726b7d21,42.115139,-70.71033100000001,,10461.959999999992,81
af1cd5f0-7b52-3b1b-b207-e497fca9715e,42.388921,-71.24226800000001,781-647-5327,13432.639999999989,104
ae9c5def-3186-3c7e-9474-0e2bbc76500a,42.390445,-71.101033,,29577.63999999997,231
6732396b-4891-3ca3-89c9-bc55cf462878,42.418722,-71.163912,781-648-3646,13432.639999999989,104
8b4b677d-7657-3423-9604-b1411b0bd7ea,42.418722,-71.163912,617-484-1414,6716.319999999995,52
75198e43-d0eb-3238-b867-d3c5e96a50c5,42.383367,-71.42107,,2066.5600000000004,16
c9928575-774f-3a63-bdf0-ce99213e6a27,42.520876,-71.770611,978-534-8701,7491.279999999994,58
85a35717-da6e-3d79-91f8-b73bd935d370,42.499248,-70.898204,,6070.519999999996,47
71563592-b688-3ac0-8f7c-58f804689ece,41.662727,-70.357208,,29965.11999999997,234
317b4c11-0445-3de4-9079-7436349286e9,42.355801,-71.862574,,24798.719999999976,193
2cfd240e-3280-34b6-96cc-daf60ad5d14f,42.132461,-71.054013,508-586-1046,89766.20000000151,697
82233603-8bae-31b8-9681-6c58b95f09d1,41.725351,-71.094162,,7620.439999999994,59
fcb3d1bd-3f39-3b21-a60e-cc8e59e9e99c,42.390445,-71.101033,,12270.19999999999,95
8ac504c8-dda0-32bb-84ba-ac4054249e8b,42.782945,-71.087436,978-374-0700,15240.879999999986,119
d7a5b414-4f73-3970-9816-042c410874e2,42.183577,-72.457812,,21053.07999999998,163
ec4d78b1-5947-3274-ab29-1a733fa41970,42.267441,-71.617492,,33581.59999999999,260
36c06fcd-daf1-3e5f-869c-f0af0809c8c4,42.42938,-71.058706,,16144.999999999984,125
42a836e3-7889-3d7c-b80c-98f1ecb1ae65,42.742751,-71.178588,,17178.279999999984,133
0fad13aa-142b-360d-8730-56777abc3e9b,42.047565000000006,-72.57113000000001,,25831.99999999997,200
d2a4bd57-1be2-36e9-ab40-fcfb1d35228b,42.700273,-71.161357,,11624.39999999999,90
a8f9d89e-2e7b-31b9-8055-c7bbb71a5b4d,42.42938,-71.058706,,29448.47999999997,228
de004a50-64ca-37eb-bf70-d5589fa7999f,42.405938,-71.054649,781-729-4344,34614.88000000002,268
4706fc4b-7f42-39ce-925b-42befb4a2bf2,42.612088,-71.227845,,7491.279999999994,59
f842c306-8746-31a4-a740-817ff64d755b,42.052671,-71.356858,,20794.75999999998,162
463296bc-5a7c-3412-b888-eec038ac8e1b,41.738479,-71.165065,,50759.880000000456,394
2a01f15c-e34c-3b5c-850f-7e4a965561d4,42.017302,-71.21641,,12528.51999999999,97
05466cb7-f3c0-3bcd-8f9e-421e6547cb51,42.782945,-71.087436,,17824.079999999984,140
b84fd170-71a9-3989-bb5b-b0810f6f5410,42.483569,-71.675585,,33969.08,263
d948f0cf-9e57-349a-a42c-c4eeaf974bea,41.931653,-71.294503,,14207.599999999988,110
4923d713-e409-30fe-93ed-349d6588ef4a,42.269478,-71.807783,508-754-9100,8653.719999999994,67
e682a95b-3bf9-30e2-93fd-82ec4201808d,42.499248,-70.898204,,8137.079999999994,63
ff038275-29a5-32b0-918b-fae967a15738,42.123007,-71.53140400000001,,31385.87999999997,245
d877ae2b-1320-3f54-a507-60cf1c5d5c33,42.700273,-71.161357,,5941.359999999996,46
c3cb8431-f347-39cd-a26b-dadc38da9fc5,42.269478,-71.807783,,5166.399999999997,40
addb7e46-903a-307e-8c93-211a08d567e8,42.604845000000005,-72.078823,,28027.71999999997,217
5bba1a73-d276-3664-81ca-d6057b5b19e5,42.584206,-71.988737,978-632-6445,4262.279999999998,33
205d602b-242c-36fc-b4c7-1b21da68de32,42.178993,-71.052654,,21957.19999999998,171
6a76e4f4-0938-3078-8561-943669a44f6b,42.064731,-72.653477,,10720.279999999992,83
842a065e-d670-3f99-ab33-1f1b2ac73478,42.488769,-71.154438,,5166.399999999997,40
7072b5a8-243f-30fa-a229-0f98f101b575,42.673909,-71.091334,,3358.159999999999,26
d274fa4a-665d-3edf-bbee-4357bf9fcf7e,41.725351,-71.094162,,4649.7599999999975,36
b4fbf217-ac7b-3ecf-8c1a-d607c1d4f0db,42.183577,-72.457812,413-244-6947,17307.439999999984,134
fe1f500b-42ed-3a07-82b7-2dbf36420387,42.535183,-71.105423,,11236.919999999993,87
6b8c3c74-3579-364a-96c2-4f518cbdf3d5,42.673909,-71.091334,,9428.679999999991,73
c92fdf3c-5959-37a1-b12e-b668d9552fdf,42.349617,-71.547214,,3874.7999999999984,30
2de5e3ae-7d0e-33aa-9f26-32db17b00518,42.782945,-71.087436,,8137.079999999994,63
396de9f4-6276-3b5f-9e79-3b886916b9cc,42.33196,-71.020173,,13174.319999999989,102
c988b6b5-0e79-3f8b-a3b5-103bdccf96af,42.405938,-71.054649,,55151.320000000575,428
4f0a1843-c819-3964-a2e9-2dab906b84bf,41.738479,-71.165065,,53084.76000000052,413
f017cfb0-99ed-3c5b-b98a-9356bda3de8a,42.119006,-71.10365,,5812.199999999996,45
f9953306-dff0-300d-9b9d-7535f1a4dc15,42.63898,-71.321141,978-452-7000,17565.759999999984,137
72617006-1a09-3d4d-8951-a90efae33fb7,42.742751,-71.178588,,8395.399999999994,65
a2aa3931-2b4b-321c-b199-d6efdecbd327,42.423844,-71.10923100000001,,2324.88,18
150d4bec-d11c-3014-8818-45127743725d,41.838061,-71.07761500000001,,206139.36000000464,1601
8701d298-d21a-37d9-b8cb-748ecca3b3dc,42.851284,-70.955837,978-388-0606,6845.479999999995,53
e23d9fdf-52c8-3168-a479-a339b5985ce2,42.164569,-70.818844,781-871-9500,4391.439999999998,34
ba55a743-95e4-3d49-98c9-fa5a0aeb6ad7,42.164569,-70.818844,,10591.119999999992,83
7dbf8d9d-fc47-39df-9e54-649d6eb4f8d3,42.33196,-71.020173,,7232.959999999995,56
e2a663d3-7fe3-32b5-8c77-c957f04843e2,42.679723,-71.30068,,18082.399999999983,140
322815fe-2d29-3fb0-9466-f66d4dd5796d,42.219645,-71.216768,,10461.959999999992,81
30b4f3d3-716c-31b6-805d-6e9a19433f6b,42.383367,-71.42107,,18599.039999999983,144
e993c5ec-0388-3a43-a38d-e3b0a8049529,42.474862,-70.96218499999999,,5812.199999999996,45
a0cd0d7d-bedf-3eb2-8bc2-6499e5452043,42.452752,-71.144319,,24540.399999999976,191
c751d105-cb51-3156-9c01-f66ede8a9948,42.119006,-71.10365,,14595.079999999987,113
bc31e46e-89ff-307c-bff7-89264b60ab58,41.45716,-70.556101,,3745.6399999999994,29
09a25fac-6e26-3099-a620-38874d9ae705,41.617623,-70.492713,508-539-6250,6199.679999999996,48
20169b35-8e4c-3124-a736-8e5da9c1000a,42.146286,-71.255604,,7362.119999999994,57
f2b1ba87-95db-37e7-8095-34148678aed8,42.356491,-72.568632,,10332.799999999992,80
058f3334-93bd-3ba4-b50c-a431464ecc63,41.621629,-69.98195600000001,,20665.59999999998,160
85b02c71-bf0f-365f-a04a-7cf20a974e4c,42.178993,-71.052654,,8266.239999999994,64
08a7a201-23a7-3794-88cb-3e67dc0ca6b0,42.323853,-71.142003,,9041.199999999992,70
22161150-62a9-3839-9a7d-24f8417de078,42.187364,-71.195971,781-551-8002,6328.839999999996,49
01523a12-2582-3d28-8ad0-499bf8e10454,42.683108,-71.01833,,12270.19999999999,95
5706c92d-4ff2-3c9e-a7bd-87efabbb9e1d,42.679723,-71.30068,978-970-2222,15499.199999999986,120
9ec912a1-ecfd-398d-9598-2eb62511975b,42.418722,-71.163912,,8782.879999999994,68
927eb0a8-c2d9-3c94-9741-4ce636ae4b06,42.061338,-71.245802,,10332.799999999992,80
111a0f3f-830c-3966-a8d7-19066f77a5fe,42.367858,-73.269763,,13690.959999999988,106
fde2b034-57ff-3377-8a26-f8813d30318c,42.585541,-71.44025,,14982.559999999989,117
6e7e5caa-cd2a-39f4-a8f1-ae3849f2469d,42.323853,-71.142003,617-730-9500,14595.079999999987,114
309bf71e-f778-34c6-b5f6-8b04dccb336b,42.122956,-70.85631,,5424.719999999997,42
f90cf2ac-d428-3efa-a247-6c92373a5996,42.376043,-71.11868,617-661-0567,3358.159999999999,26
a169e166-6db0-3ae6-93ac-bfcba0271b9d,42.33196,-71.020173,,13561.799999999988,106
ecf470ef-4528-358c-9c35-a99dc2d4a9de,42.445222,-71.23001500000001,,17824.079999999984,138
1f81e515-13a6-3108-ada8-3364041d6653,42.574174,-70.95051600000001,,9686.999999999993,75
bc43d0e3-1e93-3129-b411-b4e6cfc45024,42.499248,-70.898204,,16144.999999999984,125
e47f45c5-4046-3f5c-a384-4b2be04177b6,42.376043,-71.11868,,15111.719999999988,117
d67076df-aafc-3cec-9060-f87af7bb8c49,42.405938,-71.054649,617-387-4200,7749.599999999994,60
e7701776-6395-3d0e-a314-50de600db578,41.70692,-70.221117,508-778-0375,17049.119999999984,134
63b76bc1-924b-37b9-b45a-9d7b445f6ec6,42.535931,-71.490569,,34485.720000000016,268
cc1ea87c-8030-33dc-8414-818c04ca9e79,42.388921,-71.24226800000001,,19632.31999999998,152
2567a7b5-eed4-3251-9936-8cd456261e24,42.119967,-70.957211,781-982-3118,61738.48000000075,478
219754e0-e530-3e9d-a496-987d1d7c8705,42.468432,-71.01394599999999,,28286.03999999997,219
9cb9c46d-64f4-3f51-9cbb-f16b27e8b771,42.175668,-72.572257,,61996.80000000076,483
e9aebd7c-d425-34c9-b73b-5d9052f737bf,41.646686,-70.999158,,11495.23999999999,90
d2ba9e1b-e40e-35cf-a5db-43c23085b67b,42.158692,-71.521419,508-473-3338,19244.839999999986,150
88a103f9-8486-3619-a47d-756669b258d0,42.62885,-70.685875,,20923.91999999998,162
e20b66bc-e239-3b8d-bde9-a3d60a4ea27d,42.156203000000005,-71.43034499999999,,11753.55999999999,91
fabab181-7986-30c2-9fd1-b22aceaa0d6b,42.455723,-71.05901899999999,781-979-3151,8524.559999999994,66
a47ac040-7f95-3c74-b14a-afc7cf78361f,42.349617,-71.547214,508-480-0080,17953.239999999983,139
39f0d0e7-798c-39cb-b2d3-73f6cb7dfed4,42.499248,-70.898204,,10461.959999999992,81
95fc9ceb-0603-32ef-96f5-2879bcf795d4,41.562579,-70.587349,,2454.04,19
d6ad3c27-4d55-3dc7-ac0c-46eccfbde4e6,42.349617,-71.547214,,10591.119999999992,82
9f45296e-fdae-3bd8-a39f-203097f67847,42.269478,-71.807783,,4003.959999999998,31
5e9cb3b5-e586-38b7-b621-5eac9a6aec60,42.067804,-70.805713,,7103.799999999995,55
0062a6b9-da12-3306-9ab8-08d5274892ec,42.574174,-70.95051600000001,,10978.599999999991,86
d1b0d71e-938e-377a-ab38-5c60f7ebb7d9,42.119967,-70.957211,781-871-8833,34485.720000000016,268
6e0ddf7b-3aed-3426-b330-f8273486fc7c,42.610513,-71.007118,,2583.2,20
56009a3b-88bd-3894-a333-a946761e7699,42.047565000000006,-72.57113000000001,413-567-9495,12011.87999999999,93
4a1c5788-d5c9-3306-a691-d5ab7725c49d,42.146286,-71.255604,,23636.279999999977,184
a06c5c41-c336-351e-973e-56695f62e9b8,41.903324,-71.094987,,16532.479999999985,128
f6217309-da20-3d63-bd16-33250ce11e66,42.224319,-70.880673,,12141.03999999999,94
e2dfe21a-f358-3353-af76-a43dfcaae4f1,42.33196,-71.020173,,5295.559999999997,41
c76fcaf7-ae7f-3999-ba09-aac5d80e11de,42.601977000000005,-71.81586999999999,,10591.119999999992,82
3e738ec0-03d3-3bab-8420-dba82a8d3a47,42.269478,-71.807783,,8653.719999999994,67
6a2e1a05-cf61-31bc-98b9-622c5c70fdc4,42.269478,-71.807783,,3616.479999999999,28
d74bb44b-c6c8-31ce-a319-08aa325b71c2,42.488769,-71.154438,,8266.239999999994,64
b41f43a2-7b1c-3a74-ae87-c01f4431a99f,42.178993,-71.052654,,14853.399999999989,115
3e996505-f29b-369c-b5dc-cbeecf19328d,42.224319,-70.880673,,5941.359999999996,46
43118573-48f9-3d27-b5d8-3089535539fb,42.178993,-71.052654,,15628.359999999986,121
bc6a4461-00f0-3ad8-8e14-d0f9dff1183e,41.646686,-70.999158,,7491.279999999994,58
101218d1-91ab-36aa-b58d-c0bc85db26e2,42.383367,-71.42107,,27381.919999999973,212
18f848b4-507e-377d-90dc-250529de54f4,42.115139,-70.71033100000001,,18340.719999999983,143
3d09fc75-2c98-3e97-b417-e17a6b977935,42.122956,-70.85631,,3228.999999999999,25
f3b73817-43cb-3762-8353-bcfb64aa9b10,42.132461,-71.054013,508-232-4012,128126.72000000256,995
f8d44d91-ad4c-301a-a677-db07b8d818db,41.662727,-70.357208,,25444.51999999997,197
2c3e6615-030f-35a7-aeb4-f32bbb83af26,42.198708,-71.846006,,18082.399999999983,141
db6bd9cc-7e09-31e3-bc02-7138105c7661,41.738479,-71.165065,,39006.32000000014,302
addd95be-90e0-38a3-9374-7eb592db58c3,42.742751,-71.178588,978-689-0033,4908.079999999997,38
cf787aee-85f7-3eb6-8c68-979e57dc232e,42.844794,-70.841499,,8137.079999999994,63
27d4e863-778c-33af-bf36-1d5189b84558,41.293416,-70.10216899999999,,9428.679999999991,73
448ad6f9-2331-38dc-ab08-ae3c8523f143,42.468059,-70.89126,,10849.439999999991,84
6d9fbe9f-19d9-315e-9acc-f55abdaddba3,42.499248,-70.898204,978-745-3711,12915.999999999987,100
24bcfc89-997e-3a62-a6c3-83ed31af8901,42.390445,-71.101033,,22344.67999999998,174
914801e1-8fc0-3c39-b292-e9f9e022dcd0,42.782945,-71.087436,,5553.8799999999965,43
616aa60c-0364-3315-ae16-7133ae5181bd,42.50436,-71.064061,,12528.51999999999,97
7ecb0a57-e409-3e2a-b9b5-90ad98e81c57,42.418722,-71.163912,,7491.279999999994,58
a257a71e-5197-33d8-9915-08b8e55b793e,42.452752,-71.144319,,12786.83999999999,99
d7f47dad-65d2-3783-a15c-943e30e41df9,42.356491,-72.568632,,7749.599999999994,60
3c8b233a-6c05-3357-b6e0-97306efcf971,42.388285,-71.969865,,59671.9200000007,462
18c9efe7-ec0e-3c35-b58d-738000e2036e,42.061166,-71.643628,,13303.479999999989,103
772b7fd3-c914-362f-974b-8f6301620b1a,42.395317,-71.180284,617-489-5522,18728.199999999983,146
3d7afe44-caf1-3223-ad8c-fa03f3049ef2,42.284767,-71.714228,,12786.83999999999,100
75bc27b3-2841-3c4f-9069-13bed81bfa6c,42.430995,-72.642437,,41202.0400000002,321
bd8121a6-06dc-31be-93fa-a87e9529b7c2,42.133935,-71.968025,,11624.39999999999,90
e6cb1370-6713-385a-8501-b9d1ac1471c5,42.082543,-71.024638,508-588-6700,9945.319999999992,77
42c5a8bf-8e61-3c9d-aea6-52b39de8c1d8,42.742751,-71.178588,978-837-3317,8653.719999999994,67
1d338369-5e39-3e2e-a5d1-25811f387339,42.376043,-71.11868,617-491-0201,18082.399999999983,140
a5279ffe-ed11-3c48-85ac-93eb2e3a37d7,42.119006,-71.10365,781-344-2325,17049.119999999984,132
b6cc5a2b-26bc-32df-ba4c-622162a8a584,42.504256,-71.588513,,15370.039999999986,120
a1990b63-4dcb-34ff-a398-7c405998740d,42.700273,-71.161357,978-686-2400,2841.5199999999995,22
34da1272-2634-375c-a06c-854c2b265dc1,42.566573,-71.575135,978-371-7010,8653.719999999994,67
002e2835-8925-364e-9942-1616fee0946e,42.281593,-71.242414,,13045.159999999987,101
f145bf02-f5f9-36d1-82e2-8c7863f95673,42.534279,-70.969782,,8137.079999999994,63
04c878b3-7f98-3a42-8e7c-ac12f1b79f85,42.205416,-71.00216800000003,781-848-6040,18986.519999999982,147
bdea333f-75aa-3da6-bb15-c02294f7775e,42.076682,-71.47449,508-966-2717,44043.560000000274,342
822a6b9f-da15-3cc4-8436-ab61474f19fd,42.66816,-72.055644,978-297-2311,18728.199999999983,145
aab10ef0-26bc-3c95-a668-82bc87494cd1,42.585541,-71.44025,978-371-7010,1808.2400000000005,14
26cae56e-4ab7-3af6-815b-96c5cab3ceae,42.499295,-71.281889,781-430-8161,16661.639999999985,129
2f2fb5b0-eeb9-30e2-a3f6-b16c54daf208,41.706839,-70.75095999999999,508-748-2007,12528.51999999999,97
8e7be35d-c07f-300c-bd19-ffd1933e3e8f,42.119228,-71.67182199999999,508-234-4678,20665.59999999998,160
d0450ed2-7925-3288-970e-34eb2412042c,42.488769,-71.154438,781-933-0710,2324.88,18
b4ad3a53-b080-3f70-9395-fdffd3ef2c9e,42.126883,-72.430952,413-599-3800,36423.12000000007,282
b760f74a-154d-3af7-95c2-aca2793c04ed,42.307905,-71.436196,508-875-1110,6587.159999999995,51
5a5794d7-84aa-3346-9dd4-202e7059dd68,42.63898,-71.321141,978-459-3341,19244.839999999986,149
c19b68f5-1d65-34f6-934a-2164e13cb866,42.067804,-70.805713,781-826-8065,11882.71999999999,92
c21ec1c3-0a39-3a6f-9a58-7a9ef6674fec,42.173103000000005,-71.36375600000001,508-533-3500,1420.7600000000002,11
2d9ae0d5-a477-33ae-b0f2-10a76a0dec27,42.503227,-71.201713,617-721-1938,20923.91999999998,162
ab1c8dc4-42a9-38f9-a663-2f21f25b54a6,41.894223,-70.925689,508-947-0800,4003.959999999998,31
f43ccb73-d283-3d31-90d3-58e65ef30d0b,42.349617,-71.547214,508-460-9613,89895.36000000151,698
c7459800-e42b-3144-a934-59585c9eacff,42.125451,-72.649734,413-221-0546,32031.679999999968,249
721db17d-064d-3781-a57f-84525b1bbd66,42.534279,-70.969782,,8137.079999999994,63
84bdd93a-847e-3a6a-a121-b47247198077,42.206676,-70.94584499999998,781-952-1433,10720.279999999992,83
2acd3148-fcd7-3092-8cac-60cafaeea43e,42.53662,-71.36183199999999,978-369-5093,42622.80000000024,330
f6c2b64d-f11f-3472-8fbd-d51b47f00987,42.452752,-71.144319,781-729-9000,26994.439999999973,209
4086c6cf-66f8-3610-a1dc-d66e53f67990,42.675551,-73.11810899999999,413-664-6736,4003.959999999998,31
f75d0f64-ce0e-3e37-9671-4d29d4ed8c81,42.323853,-71.142003,617-739-6591,8782.879999999994,68
4409c5e7-33d9-3c5a-83f6-28da324a5f22,42.037278,-70.94045899999999,508-588-6700,19373.99999999998,150
1194315f-86cc-3c84-a983-15c606369aef,41.903324,-71.094987,508-880-3460,6199.679999999996,48
a50de302-a771-322c-90cc-fde2ca9ed1f9,42.535183,-71.105423,781-944-1230,904.12,7
a0e968f3-04d5-3aa2-9f35-4acf973178a2,42.520876,-71.770611,,19761.47999999998,154
c70f789a-e244-3048-bbb7-c786d3f5de9b,41.70692,-70.221117,508-362-1600,22086.35999999998,171
3ce346d8-9c09-302f-8028-bc24362d6074,42.12826,-71.8671,508-987-3200,23507.119999999977,182
f5639b29-b611-36e6-8a5e-3f563eb21fad,42.331876,-71.208402,617-731-0058,8524.559999999994,67
e558a841-bed0-3621-a3ee-714565723765,42.158692,-71.521419,508-473-0400,4778.919999999997,37
32a3df52-42fa-34f3-971b-5e0e24abf3d3,42.108463,-71.185182,781-806-0913,6070.519999999996,47
e949fd38-f011-3e21-96d8-e0a4a3003daa,42.047075,-71.845805,508-949-1988,7362.119999999994,57
462a7426-bc7c-3914-b007-243f6088f23b,41.897892,-70.62403,508-746-6922,5812.199999999996,45
772eb155-3d8e-31bf-a659-161f32d45dd4,42.305932,-71.282917,781-235-1533,4133.119999999998,32
c0d7e651-6997-304e-95f6-4d023e3dbfb8,42.187364,-71.195971,781-769-8910,4649.7599999999975,37
b90570c0-c0d6-3c37-b373-5589fa23f584,42.206676,-70.94584499999998,781-337-4105,26348.63999999997,205
55be545d-7a9b-3c8e-a163-b12f38fd030a,42.323853,-71.142003,617-277-6324,5812.199999999996,45
ca4c6eb1-f07a-373f-8cd5-15ff8ff8540b,42.556659,-70.84496,978-828-6635,9170.359999999991,72
282c2d6b-b99f-3e42-a46f-3e6f12a372af,42.331876,-71.208402,,5941.359999999996,46
f492f007-5ade-3144-8594-41fefeb19dc0,42.269478,-71.807783,508-363-6362,5166.399999999997,40
faa49f7e-8729-34d4-be47-2eca22456dab,42.520876,-71.770611,978-534-0582,1549.9200000000003,12
35e645f3-be0b-3c77-a35a-9fba727854e5,42.585541,-71.44025,978-846-3729,10720.279999999992,83
0834a7a7-9b70-3a27-a095-6dc8a1e13ecd,42.503227,-71.201713,,5553.8799999999965,43
be64ec84-f784-3a98-a674-aa30e60be912,41.641994,-70.630719,508-356-3010,8782.879999999994,69
7638b2b1-dbae-3cf5-bd72-676b736b7c87,42.429688,-71.512514,978-263-04395,91057.80000000156,707
618121e5-675e-3efc-80a2-e6aac5a65ed1,42.062378,-72.498111,413-525-0100,17824.079999999984,139
e31b013c-5d22-3904-9b9c-ae8f1ce5690e,42.614671,-72.597063,413-774-2961,15757.519999999986,122
e0ca0c69-8ba4-35e5-aa72-ea06997ed383,42.397559,-72.943392,413-238-5511,67034.0400000009,520
6aa97fbc-0155-3e88-8bbd-c727f8d90401,42.742751,-71.178588,978-687-0151,3099.8399999999992,24
89e64f66-2fc3-3d70-b972-90bf999a052e,42.30539,-71.28366899999997,781-235-8155,5295.559999999997,41
7a7ce0eb-7a23-3f7b-ad09-d9a47677ae3a,42.269478,-71.807783,508-792-9955,15886.679999999986,123
dea603e3-1eca-34ac-a7b9-566138fc878b,42.303174,-73.233924,413-243-3477,12399.35999999999,96
f3167fd3-4c11-3173-bdae-f72226c39285,42.742751,-71.178588,978-946-8425,6328.839999999996,50
32abbd7e-d140-3002-a3d1-d2da53ac96f4,42.047565000000006,-72.57113000000001,413-519-1960,12141.03999999999,94
32964c0c-da4b-316b-8c41-fb19f4b93789,42.284822,-71.348811,,6070.519999999996,47
7596f38c-d46c-3be1-b263-c676a4f3fe5f,42.355801,-71.862574,508-829-3800,10849.439999999991,84
16d99802-1091-3c8e-aa5c-11bba4042e65,42.205062,-70.74297800000001,781-545-7243,10074.479999999992,78
6cc2cf18-3ca0-3562-a63a-8c22ac7eeffa,42.206676,-70.94584499999998,,6199.679999999996,48
6e983e2a-5681-3a25-a858-c7aa8e12f2f3,42.327044,-72.67463000000001,413-582-2101,6070.519999999996,47
9ecd29f6-9a10-3d24-baac-b98f5db48e4f,42.012797,-71.336578,508-699-1701,21957.19999999998,171
f07e5882-5522-321e-856b-3899eba890cf,42.62885,-70.685875,978-283-4000,6587.159999999995,51
f3f82927-e5e9-3e9d-ae00-e588b180680c,42.499248,-70.898204,978-744-8388,16661.639999999985,129
2fd9bdee-861e-333f-abb2-52f40dbd2e97,42.261006,-71.008988,,18082.399999999983,140
3d469927-5cdd-38a3-966a-02cdcf03e42b,41.725351,-71.094162,774-992-7058,5037.239999999997,39
620d4a8a-ef3b-30c4-9c58-a409e8f3b7f1,42.076682,-71.47449,508-657-1242,88345.44000000147,688
77649a69-09eb-3524-9490-3459660bc237,42.388921,-71.24226800000001,781-684-0600,4391.439999999998,34
cdf5956b-839a-342e-a407-e006433ffca9,42.33196,-71.020173,617-361-6370,11624.39999999999,91
0c098ee3-4e73-3a82-863e-a66c71d3bc17,42.363534,-72.50729100000001,413-549-1500,4649.7599999999975,36
caf86bea-a554-35d9-a88e-e664964ca4d1,42.574174,-70.95051600000001,978-777-4266,12786.83999999999,99
cb33ab8b-0747-335e-a017-90d122199bfb,42.050239000000005,-70.867359,781-826-0011,19890.63999999998,155
29769c4a-4330-3209-b546-1e1f12c7adc5,42.116244,-71.329274,508-623-3880,18857.359999999982,147
932e439b-fea7-3495-a273-a21acba57f3f,42.63898,-71.321141,978-970-1607,6328.839999999996,49
e233a38a-44cb-30fd-a69e-eea43240e56c,42.388921,-71.24226800000001,781-891-7448,6328.839999999996,49
a82a3021-10a1-3f7f-8198-678daddad703,42.742751,-71.178588,978-682-0382,5941.359999999996,46
fcd63e0d-5f92-3385-9a77-6a6f74d2cb63,42.782945,-71.087436,,13690.959999999988,106
f48e37d5-6512-38ed-8d91-f215e81e34a0,42.700273,-71.161357,978-686-4000,13045.159999999987,101
079407c9-4d97-38ab-a0ff-3cb62f8a07ad,42.574174,-70.95051600000001,617-869-1800,17824.079999999984,138
ad18df08-2958-3f21-a5af-f62a276ff31f,42.383367,-71.42107,978-440-9404,4133.119999999998,32
bc90dbd1-2f6c-39b5-95f6-100bb8ce0ddd,42.520876,-71.770611,978-534-4241,11366.07999999999,89
0eb6a07b-1d9c-3545-b850-b165646462ba,42.178993,-71.052654,,19115.679999999986,149
6a4e017a-9c47-32b2-824d-03ea5f147c31,42.129251,-70.908736,,40685.40000000018,316
853eb1d0-bbb7-388b-9205-47db3d233bbb,42.556659,-70.84496,978-750-1990,9686.999999999993,75
78698446-792c-3469-a871-fe312b82ad50,41.647227,-70.249978,508-771-6665,10332.799999999992,80
e3bb9270-05bd-386d-8db2-d4616822f71f,42.423844,-71.10923100000001,781-392-2922,23636.279999999977,183
35763b90-63ab-3c6a-895a-8c83bfa6bd3c,42.116244,-71.329274,,13820.119999999988,107
da3368de-5bfe-3b5b-881a-1b5d70a31e13,42.609509,-72.74698000000001,413-625-9267,4520.599999999998,35
6efc7673-9f47-32b4-9f66-99608d6025de,41.661303,-70.937913,774-644-7550,3616.479999999999,28
515b8d2f-3a37-3efa-8ec8-f9ea681cf4c7,41.662727,-70.357208,508-420-3535,9299.519999999991,72
f02902d7-aafe-3630-9022-988251e1e390,42.390445,-71.101033,617-628-7155,14595.079999999987,114
c7aeb0e5-f9fa-3f89-9591-a90340335506,42.115454,-72.539978,,2066.5600000000004,16
0508f565-d970-34cc-93a2-ed6d56fd69e3,41.646686,-70.999158,,21311.39999999998,165
97566fc2-b592-3431-b994-e54be37eca98,42.338551,-71.018253,617-754-6687,6974.639999999995,54
f3889d60-e191-383e-950d-cd066aa9780a,42.261006,-71.008988,617-472-3137,9557.839999999993,74
ad8ef0e1-0643-35e4-ad78-f672554157ee,41.661303,-70.937913,508-991-4494,4778.919999999997,37
b43891e9-15b2-3dd0-ae9a-319739ed65ba,42.178993,-71.052654,,4003.959999999998,31
ab5f5275-bbd9-3df2-8f9e-f3568374d4dd,42.30539,-71.28366899999997,,9686.999999999993,75
cca20645-6ff2-372f-9fb3-63842ea37716,42.5546,-71.90544,978-660-2567,14853.399999999989,116
e9079399-5881-3e8d-b201-1d8eef9c5bbf,42.331876,-71.208402,617-965-2037,4391.439999999998,34
27d60331-bc72-3b35-b479-83a0fe612847,42.017302,-71.21641,857-307-3700,5295.559999999997,42
b676de67-931a-3be2-b6c0-88a269627545,42.62885,-70.685875,978-281-1500,13820.119999999988,107
1e0c6a22-1ed1-3a14-9769-0fceec8e7611,42.047075,-71.845805,774-280-0715,14595.079999999987,113
3c32a99e-b7c8-3050-a775-6472914edb26,42.246872,-71.179462,781-326-8332,15370.039999999986,119
48d63e96-b5e1-3903-b119-ec445ec5dd71,42.268426,-71.613309,508-366-7461,645.8,5
82caa36c-22d9-30ba-845a-9d2b0195eed3,42.261006,-71.008988,617-376-3000,1937.4000000000003,15
8dc3f0b8-58cd-37d1-afd2-cb72501245d2,42.33196,-71.020173,,8524.559999999994,66
2969739b-bdaa-358a-8238-b68226093f51,42.376043,-71.11868,617-497-1123,7749.599999999994,60
9316065b-cc3a-3cd6-87b9-d4eeaf739c1b,42.115454,-72.539978,413-748-9137,10720.279999999992,83
9f4ab7f2-68f4-3c7f-ada2-4e8988752c65,42.305932,-71.282917,781-239-3550,4908.079999999997,38
2a0949ec-6012-34b7-99aa-578fb5e1aec3,42.119006,-71.10365,781-297-1146,17178.279999999984,134
25f6c62e-0577-32fb-bdf9-b9b3c0b3140c,42.495629,-70.83582,781-631-8273,16403.319999999985,128
5e5e6cbb-d926-3c26-93e5-829b93fccd49,42.574174,-70.95051600000001,978-223-9770,7620.439999999994,59
4d28062f-5fc8-3a67-a85e-26f5bef05e34,42.584206,-71.988737,978-630-6235,4908.079999999997,38
6f5bcc82-b449-3aa5-89f5-04e24008eb7f,41.931653,-71.294503,,15499.199999999986,121
6b7dc4b8-cbae-3e45-9d32-8224ca678b8c,42.246872,-71.179462,781-255-2222,1549.9200000000003,12
661a33b4-63fe-3c65-a35f-ba21dbecd5cb,42.597445,-72.555278,,9557.839999999993,74
b5e314b4-2de9-37b0-a773-82975399cf66,42.059669,-72.03404,508-764-2620,15886.679999999986,123
1c50f045-e0fe-3c93-a5f6-96c38e6c2815,42.597055,-71.3697,978-256-1467,5037.239999999997,39
4fa341c0-f4cd-3d61-9216-d4e26bf3cf8d,42.175668,-72.572257,,33710.759999999995,263
e076e490-31fb-32e0-acaf-48526bbe8c5d,42.017302,-71.21641,508-339-7600,9170.359999999991,71
57ddf4b4-b773-30f6-a5f0-89cdc531a236,42.63898,-71.321141,978-937-6342,9816.159999999993,76
7a050787-19eb-3af2-90c4-f46dada2b554,41.579794,-71.081822,,34098.240000000005,264
4b6058b3-f244-3567-a62f-73aaafe55acb,42.612088,-71.227845,978-256-5600,37456.400000000096,291
98dc8b12-522f-313e-9259-5966fed6c74a,42.338551,-71.018253,617-227-9300,9557.839999999993,74
f5f6a5ae-99c6-3dae-9bf7-f12ab6604c19,42.268426,-71.613309,508-983-1425,516.64,4
1d0d0bed-ccfb-3c81-8642-e3c034361723,42.33196,-71.020173,617-833-6100,15628.359999999986,121
f3e48571-0cfd-3542-8a63-02c8da9e0179,42.119967,-70.957211,781-870-3773,68842.28000000094,535
ec560b24-a500-310a-b49f-3187ed97f452,42.782945,-71.087436,978-469-0400,5941.359999999996,47
fb5cf4ba-0063-38a6-a676-a761633b7a88,42.338551,-71.018253,919-271-8568,7491.279999999994,58
897b3a19-78c1-3d79-bdf7-325e98db8801,42.323853,-71.142003,617-232-2663,20148.95999999998,157
cbcccdbd-c2ab-3219-94fc-f1d91eaf17e5,42.584206,-71.988737,978-632-3420,7491.279999999994,58
56a38ca0-3e76-3ec7-8781-c0fd559345bd,42.474862,-70.96218499999999,617-257-3467,7362.119999999994,57
015277f2-02e0-39c0-b290-3c258113a045,42.395317,-71.180284,617-855-2051,8266.239999999994,64
5c2ac6f1-d8fa-33b4-a83d-968bd256e9c8,42.597055,-71.3697,978-454-7701,12011.87999999999,93
c63dbd88-1d57-34c3-93ed-fc680a644d51,42.012797,-71.336578,508-316-1283,28027.71999999997,217
5ca73155-77c9-374f-b026-50187fb6ffa8,42.683108,-71.01833,978-296-3781,7232.959999999995,56
5adb7f36-ad03-3570-85ca-a9721666d77d,42.499295,-71.281889,781-377-4740,15628.359999999986,121
0b9f51ba-1e28-3875-b558-a0e49e44d75a,42.468059,-70.89126,,20665.59999999998,161
f576aee3-a640-3b72-85de-0294c44bf0e4,42.462911,-71.364496,,4003.959999999998,31
4bac2e3e-0bdd-3916-b5a8-f175fa5c80d1,42.078974,-70.93939,781-447-6425,55151.320000000575,427
07528ac5-94f7-352d-b3e2-fd7269c88baa,42.50436,-71.064061,781-587-0776,18469.879999999983,143
d63a929b-601b-3958-a395-5d3a1676245f,41.903324,-71.094987,508-824-7400,8524.559999999994,66
47624413-cb80-3308-b714-57e8522cace1,42.63898,-71.321141,978-458-1411,38489.68000000013,298
ce0e9649-2966-3cbe-ac50-f8b38fd4aa28,42.33196,-71.020173,617-296-4000,7362.119999999994,57
e02c1aa7-be8d-3c44-a1dd-9f40a618094c,42.376043,-71.11868,617-497-1560,11107.759999999991,86
15558e8d-fde0-342a-a556-e3b92ea822a9,41.897892,-70.62403,781-436-3352,7362.119999999994,57
f402336d-b2bd-3eae-a5f7-1bb7126851fb,42.462911,-71.364496,,10591.119999999992,82
e3dae47c-3406-3ca4-8301-dca26e6625e5,42.241557,-71.082432,617-696-9530,6845.479999999995,53
c3c463d8-c74a-3b85-915b-8e4356df2ee7,42.474862,-70.96218499999999,781-477-3454,12528.51999999999,98
17cd0bbd-7924-3e7d-9c83-db7ad8a5c430,42.33196,-71.020173,617-277-3800,8266.239999999994,64
2af22601-e642-38dd-b032-22e0947f6b1e,41.965341,-71.18178,,22732.159999999974,176
09aafb68-8363-327f-b033-a690de7a2930,42.575924,-72.229618,978-669-5620,13690.959999999988,107
01aa02dd-ae2d-3b6b-89e8-69af5a1a89e9,42.198708,-71.846006,,3358.159999999999,26
d26c017d-4e2c-3b8f-b5c5-af5dc5a1eb8b,41.782888,-70.5321,508-888-5005,10074.479999999992,79
b5aa36a2-2029-32c6-af5a-bb1a313ae988,41.75495,-70.616158,,15370.039999999986,120
8644614a-6303-3dd9-af35-721d16154a37,42.474208,-71.097665,,8912.039999999994,69
8ed1176a-645b-3751-922c-43648cfc989e,42.338551,-71.018253,617-414-6700,8524.559999999994,66
bd1255b5-5b35-3db5-9e2b-af40e88c8ff0,42.338551,-71.018253,617-437-1709,8137.079999999994,63
360bc778-34b5-3e06-a384-e63f46aa3d80,42.178993,-71.052654,,16532.479999999985,128
242e5bbe-87a7-3a15-8847-8ff68aba0c09,42.479819,-73.15377600000001,413-684-2110,67034.0400000009,521
7d9a761a-16b9-3a4d-83dd-d56b9b645ef7,42.206676,-70.94584499999998,,11107.759999999991,86
d9ab307c-cca9-3408-813f-ff8a866a331f,42.742751,-71.178588,978-687-0156,1808.2400000000005,14
6d55b18b-1280-3270-9727-ad163d91cdb3,41.661363,-70.812024,,7878.759999999994,61
bdf9e3cf-f5ba-36a1-aa8f-b6626a638bce,42.584206,-71.988737,,8266.239999999994,64
f764c747-7147-3337-b677-a6042ab63268,42.63898,-71.321141,,9428.679999999991,73
02cf7c70-4cf8-3a69-8e55-f1e4201179a3,41.839798,-71.31804699999999,,22861.319999999974,177
ef30be86-9788-3fc9-a0ed-13d691811adb,42.584206,-71.988737,978-632-7383,8007.919999999994,62
20301dde-f130-3412-93a2-04d95b2d9e89,41.793699,-70.638745,508-759-1360,11107.759999999991,86
6189493c-6978-3a55-8fff-c70bb8b04527,42.037278,-70.94045899999999,508-378-1280,5812.199999999996,45
8bbdccf9-6723-3ff8-bbcb-0fe28b4e7852,42.269478,-71.807783,508-753-5554,12141.03999999999,94
2d30ad20-9d3b-3bb5-9560-9e7ab8adb3b0,41.661363,-70.812024,508-758-4398,16790.799999999985,130
29d6cf2a-c557-3cb8-9645-39860982ad7e,42.851284,-70.955837,978-388-1456,5812.199999999996,45
cfe7cbd2-f389-3cf0-af30-a3f3a56020a2,42.138838,-72.755911,860-712-2977,14078.439999999988,109
22637847-3263-3a72-8015-1e6345ffb62c,42.323853,-71.142003,,11753.55999999999,91
ccce1094-1ec7-3b86-af36-bf98132ac9f4,42.226949,-72.74158800000001,413-527-5613,47272.56000000036,367
f9ef9e4c-545b-3707-9134-4e8812ca0984,42.418848,-72.10659799999999,978-355-2191,12657.67999999999,98
33dd4a4d-8b2d-34aa-9a7f-3289bb665248,42.284767,-71.714228,508-845-7221,22732.159999999974,176
85120471-8771-38ab-bfb2-aa4a5803c457,42.108463,-71.185182,508-580-2211,5941.359999999996,46
dd4489b0-55cf-3372-a699-59e9f7a6daa2,42.340233000000005,-70.883301,781-925-4550,25573.67999999997,198
cd300275-3f4d-3adb-98aa-4e5bba25be24,42.468059,-70.89126,781-599-7802,26994.439999999973,210
9e0fe51a-9a09-3fee-a790-25e9ebaca00c,42.338551,-71.018253,617-262-6300,19890.63999999998,156
aabdb229-7f97-37fd-a078-4e0e4bc7d58e,42.261006,-71.008988,617-479-3940,13045.159999999987,102
7a9f69a1-49a2-3eee-b435-eb4eac929f32,42.648044,-71.161751,,17049.119999999984,133
0851e08f-10d9-34de-a8b0-b6fe1bc381f2,41.662727,-70.357208,,4778.919999999997,37
e61b032a-46fa-3bbc-9a6b-e1da5f517bc4,42.648044,-71.161751,978-761-4606,13045.159999999987,101
25810620-b0c9-33fb-9db5-76f2cb872967,42.198708,-71.846006,508-832-9646,5424.719999999997,42
9bb2bf01-18b7-3506-aa07-42debc6fbc80,42.520876,-71.770611,617-325-6099,9686.999999999993,75
44f69d13-ff6b-3924-aca6-36f9a26703fa,42.33196,-71.020173,617-524-3700,3616.479999999999,28
983edc04-b8da-336c-942d-f9a6119e8d1d,41.662727,-70.357208,508-428-36984,12270.19999999999,95
3d879520-4410-39af-9540-10b7a5bea964,42.23416,-71.291167,,25315.35999999997,196
c13733b5-a8bb-37da-a0f2-da70f9f10086,42.742751,-71.178588,,6457.999999999995,50
0d92667e-2493-3c1a-9fa4-6d79cd0d40b0,42.261006,-71.008988,617-328-43482,8007.919999999994,62
bcae3323-016b-3c5b-ad6c-2649b3768695,42.782945,-71.087436,978-374-3940,11107.759999999991,87
176a6fd8-69ff-3a50-88f3-90c7e88ef927,42.241557,-71.082432,617-696-4600,32548.319999999967,253
82d4fa72-7de1-364d-9773-5e9583a7c2bb,42.575924,-72.229618,978-249-8100,12399.35999999999,96
1a3625e3-aae0-305c-ae4b-ed26eaefa2b6,42.375541,-70.970646,,55667.96000000059,432
1eb446a7-1770-3d2c-9608-b14e4173c6c0,42.700273,-71.161357,978-687-1617,9557.839999999993,74
6cfa7674-b287-3f62-9597-0ec016b98dd6,42.307905,-71.436196,508-383-1563,9041.199999999992,70
996a0b1c-a8bb-3593-b525-a8c81deb3b87,42.059669,-72.03404,508-765-9101,5553.8799999999965,43
bd36e29d-d129-3650-8f14-c24a41c162c2,42.224319,-70.880673,781-337-5555,8782.879999999994,68
be8038fc-64bf-3140-9b26-65ca43f2e360,42.281593,-71.242414,781-449-1143,4262.279999999998,34
093b6767-bc2a-383f-aa05-d80a3235288a,42.331876,-71.208402,508-532-9563,6845.479999999995,53
c71def3c-1b05-32c4-8348-e6443e820178,42.63898,-71.321141,978-458-1411,11107.759999999991,86
cd429f3c-c926-3586-9313-6069f2cab3cc,41.661303,-70.937913,508-542-4542,33323.279999999984,258
6a3fe229-6415-3288-ad7d-1214f3d56181,41.601508,-70.639317,508-564-7411,21828.03999999998,170
a3101611-de33-3a78-8ec6-81a0a2f62da2,42.700273,-71.161357,,16015.839999999986,124
df5795d7-26c0-3db7-a2c9-16281c49da40,41.647227,-70.249978,,4778.919999999997,37
51597279-be2d-3b01-b6eb-107f7bb217b5,42.323853,-71.142003,617-202-9222,6974.639999999995,54
4ac9e443-955c-3ca9-8552-9d4d05835013,41.661303,-70.937913,774-202-3090,7749.599999999994,60
07c31b11-18dd-322e-9b3a-827c9e3bf55e,42.269478,-71.807783,508-860-1079,774.9599999999999,6
20f56a01-eeae-3e0c-98a3-efca19637fd6,42.360427,-71.361099,508-358-7454,18340.719999999983,142
c56c7dcb-c000-3191-ab3d-58cde7944278,42.844794,-70.841499,,3358.159999999999,26
0e7998eb-cf99-3b10-9381-4b3f4bf4d320,42.601977000000005,-71.81586999999999,978-401-3970,11753.55999999999,91
d732aa1b-59ab-33bf-9ca5-9039aa80ab72,42.219645,-71.216768,781-708-9056,18469.879999999983,144
f16be999-a065-35c2-90d5-13cc32170aad,42.119228,-71.67182199999999,508-234-4181,22861.319999999974,177
db8a6bf4-82e9-3274-ae80-95ef54d856cf,42.63898,-71.321141,978-458-1411,23765.439999999977,185
75a7f610-0fca-346f-87d3-55968cd1a1a4,41.725351,-71.094162,508-789-1194,6716.319999999995,52
ec09c2dd-fbae-3ddd-8692-8690e8511f84,42.597055,-71.3697,978-256-9507,7232.959999999995,56
30d331f2-9873-34db-80a2-00d30ad7d21f,42.42938,-71.058706,781-322-7300,9041.199999999992,70
41d23e0d-a557-3c43-aae3-dd305eae5083,42.27901,-72.400468,413-213-0550,12399.35999999999,96
b553f427-1323-31bc-87dc-d98ce7f88211,42.520876,-71.770611,978-840-9330,14982.559999999989,117
16caaba6-56ff-34f2-8a12-86b644654c09,42.205416,-71.00216800000003,,3874.7999999999984,30
b4fb6297-09d3-383e-9dfc-10879c31db74,42.483953,-71.43849499999999,978-679-1200,9686.999999999993,75
4b8277d6-a4c6-3a1a-aecf-c5a153f837a4,42.122956,-70.85631,781-331-1999,15240.879999999986,118
305158cd-249a-3c5b-ae27-fcd27763dd0b,42.261006,-71.008988,617-770-1696,18211.559999999983,142
eded1aa5-5a0d-3ad8-8252-e22ec3df4871,41.70692,-70.221117,508-654-0905,18211.559999999983,141
8cc167e3-b9df-3a7b-9ec3-5f2e4c064910,41.56651,-70.958229,508-984-4896,47272.56000000036,368
b12c6529-89d5-3582-9808-537aebf5f011,42.33196,-71.020173,,11495.23999999999,89
e3589374-6bee-3d87-9da7-41d467537ccc,42.423844,-71.10923100000001,781-306-6800,21053.07999999998,163
2bfca57a-4542-37fa-9db5-96b2e779b8a8,42.648044,-71.161751,978-475-8877,4133.119999999998,32
895d83b0-844c-313f-83d9-879acfe146cc,42.42938,-71.058706,781-322-7178,27511.079999999973,213
f18d5ee1-c91d-35c4-90b8-c0fa2a631f5c,42.269478,-71.807783,508-755-1222,12915.999999999987,100
aa6c3be4-2ba0-3bf3-a1b9-d3b760e9822a,42.158692,-71.521419,,16790.799999999985,130
38b0a719-0dbd-3d07-a8a2-841ffc6c2743,42.474208,-71.097665,781-224-5806,13561.799999999988,105
8f36bc13-1f10-3a6e-ac00-7a0fd563c651,42.474208,-71.097665,781-224-5860,12786.83999999999,100
f780607a-a54e-3913-a5fc-2d43609f708c,42.614671,-72.597063,413-648-0008,5295.559999999997,41
0fa36c27-b511-3840-bbd8-346aaf0fc90d,42.474208,-71.097665,,4133.119999999998,32
84ac4b3e-d22a-3dc3-8cff-8ef9da2d2905,41.965341,-71.18178,508-824-0243,25057.03999999997,195
1e7b774c-6254-3dac-a1fe-485cb98112fc,42.206676,-70.94584499999998,781-331-2000,22732.159999999974,177
62fb1d38-d9f5-3e6c-ac18-4112b28e4b6c,41.725351,-71.094162,508-673-5630,4262.279999999998,33
2b875c89-4f5d-3a76-ab15-bcaae186a564,42.535183,-71.105423,781-213-5100,14982.559999999989,116
07281ee8-f84c-34c3-986f-9d3f373d1d56,41.617623,-70.492713,508-477-3411,29060.99999999997,226
6984df3d-eb25-30ec-ae0c-ccd6eda631bb,42.064024,-71.248401,,11236.919999999993,87
650590fe-cf4f-3584-aa79-e65183d61bb9,42.307905,-71.436196,508-875-7205,5295.559999999997,41
22662a91-0c7f-3c85-9bcd-382e7684593f,42.115139,-70.71033100000001,781-834-0041,12528.51999999999,97
bbfbed2d-7be4-36d7-be7a-a4d488c5a9c7,42.700273,-71.161357,978-655-5290,16919.959999999985,131
6b6e3359-cd17-3d26-ba37-248d9aa80763,42.186893,-73.223105,413-528-1804,13432.639999999989,104
9fa9043d-8357-3e65-97b0-651354faa221,41.617623,-70.492713,508-564-3703,5683.039999999996,44
0088aca6-dfda-31e3-966b-2fd5a7e76cbc,42.376043,-71.11868,617-876-6882,3745.6399999999994,29
1c01c6d0-fdfd-3327-a5ee-6203c55f0a2c,42.261006,-71.008988,,1420.7600000000002,11
4843461d-4b7b-37fb-9631-d4d7760afa1b,42.483569,-71.675585,978-368-1227,1420.7600000000002,11
580414e6-7ed5-36e1-8705-1c9cf627a28e,42.455723,-71.05901899999999,781-729-4878,12399.35999999999,96
c85ee2d9-0f9d-32b5-a273-c340110624fb,42.376043,-71.11868,781-826-0053,11495.23999999999,89
b7085e0f-63ff-3d0f-b6f8-92b670b9b8eb,42.455723,-71.05901899999999,781-662-6722,12270.19999999999,95
e3658c1a-ee29-381e-b3ba-2eb5460a0ce9,42.423844,-71.10923100000001,781-391-2121,10720.279999999992,83
00d52ca3-f6cc-3ccf-b39e-7a0413a8606c,42.601977000000005,-71.81586999999999,978-342-1150,516.64,4
c168a6a5-d976-3558-9d34-9b086f96c9d6,42.307905,-71.436196,508-872-6750,9557.839999999993,75
d4f19d5e-cfbd-3f6b-bb19-839db471b281,42.115139,-70.71033100000001,,17049.119999999984,132
2d01da4e-2ffa-383a-99b9-ca54e10a8ef3,42.597055,-71.3697,978-244-0060,8395.399999999994,65
520752cc-9951-3407-9a98-ed13b2ce4ae6,42.33196,-71.020173,,6974.639999999995,54
7991318e-34b0-3946-abc8-b9079b0124e7,42.742751,-71.178588,978-683-4000,5424.719999999997,42
2ef3ad7f-aaeb-3195-96be-2f1c3d6abf11,42.468432,-71.01394599999999,781-233-8123,49209.960000000414,382
04c5291a-2d14-3e8e-8ab6-af838b083b52,42.673909,-71.091334,,12657.67999999999,98
40b16aa2-e0f5-3f26-a5b5-40e421e82a79,42.261006,-71.008988,617-773-6868,6716.319999999995,53
32681066-5aa8-3795-8f12-5f1148f80871,42.499295,-71.281889,781-275-7833,32419.159999999967,252
8e41e270-638d-36d9-a88b-6b6b548a1d5d,42.455723,-71.05901899999999,781-979-3800,12399.35999999999,96
40f9fe28-f1b1-3bfd-8d92-7c876bbefd5f,42.219645,-71.216768,,26865.279999999973,209
845f2bf2-99f0-38ef-80dd-620532ab7c5a,42.246872,-71.179462,617-734-2450,1291.6,10
a9745e32-9277-3ac8-a682-71012341fae6,41.897892,-70.62403,508-747-1318,4520.599999999998,35
7afd6eee-3c9e-3bbb-8d14-2349a1024d76,42.405938,-71.054649,617-389-4800,14982.559999999989,117
5b2c12f7-f536-33e9-9bfe-763af81fb91b,42.299625,-71.52842700000001,508-482-8558,41202.0400000002,319
324081f4-98c4-313a-8e97-c25d324af66e,42.389071,-71.545864,978-562-0564,5683.039999999996,44
2c807f08-efc8-3a89-9438-8738f2bd4b09,42.700273,-71.161357,978-688-3100,10720.279999999992,83
210cd81c-057c-3f8f-adc0-933151d61096,42.262428,-70.79888299999999,781-383-6261,8395.399999999994,65
4551c430-17a5-3d2a-be3f-a65233dec649,42.575924,-72.229618,978-249-2020,7491.279999999994,58
9877f0c9-b716-3b85-b96e-13522cc33348,42.455723,-71.05901899999999,,9041.199999999992,70
80a91cf9-351e-38ae-914d-9c24b65a0928,42.211656,-72.642448,413-774-7016,1162.44,9
c66507fc-ac01-39bb-a391-6cf82998fe7c,42.125451,-72.649734,413-452-4111,29835.95999999997,232
e1b0cb18-caae-3506-9b4e-bb9831c41d2f,42.574174,-70.95051600000001,978-774-4500,7362.119999999994,57
b1e13483-c926-3652-a51e-3cf7f531ac8a,42.700273,-71.161357,978-688-6182,5424.719999999997,42
f9914571-32b8-36d3-a422-4cdce9fbb86c,41.56651,-70.958229,508-985-6600,18857.359999999982,147
eed417a8-ad20-396f-9896-5a028431f9f4,42.488769,-71.154438,781-305-3300,2712.36,21
3f545fe3-a997-367b-b97e-d87d963ab074,42.187364,-71.195971,781-278-6264,3616.479999999999,28
228183ec-3c94-3518-bc9d-3cd94c333f54,41.394406,-70.656447,508-693-3800,48047.52000000038,372
f9f7b82f-872d-3150-96ba-be72158ad755,41.725351,-71.094162,508-675-1054,12657.67999999999,98
ef6cac97-f31d-3c0b-bc95-92228a4c0ebf,42.125451,-72.649734,413-732-7677,18340.719999999983,142
54e6b86e-7ef6-3c07-afe2-f2194be7b0b7,42.574174,-70.95051600000001,978-524-0050,4133.119999999998,32
494c2f52-0328-301e-9555-694b326f87a6,42.205062,-70.74297800000001,781-544-1388,18986.519999999982,147
752207c6-2e3a-3aa3-bc06-8e90e4c1fd0b,42.468432,-71.01394599999999,781-233-1000,8782.879999999994,68
65773268-24b4-39d6-b35d-95beef0f9a33,42.700273,-71.161357,978-945-8550,1679.0800000000004,13
4974e31e-d46f-38b0-afe6-eb8280216e54,42.700273,-71.161357,978-552-4000,3874.7999999999984,30
b3661782-f15b-3733-aec0-48bc100379f8,41.725351,-71.094162,,12528.51999999999,97
3cbbdac9-beae-3234-8328-f0f7596d8ddc,42.323342,-71.646236,508-393-1307,6070.519999999996,47
fa3d90f5-a3ed-305c-83d6-9a152224a327,42.269478,-71.807783,774-239-3262,5683.039999999996,44
7804f79a-67b1-33cc-baa2-63b3c5d7382a,42.338551,-71.018253,617-636-5000,6199.679999999996,48
d788051a-96db-312c-b6bf-065165f1f76f,42.483953,-71.43849499999999,978-264-3619,4649.7599999999975,36
792de92a-d25a-3553-b37c-7b1326bba666,42.363534,-72.50729100000001,413-253-0624,16015.839999999986,124
3da1c253-f689-3254-9e0f-255dbe9945e7,41.71746,-70.591824,508-759-7920,28415.19999999997,221
c38615d0-c2fc-3323-b430-16a5b1f771ad,42.418722,-71.163912,781-641-4900,15370.039999999986,119
0ac7bab8-de9d-3e92-bab5-b47f9676554a,42.33196,-71.020173,781-963-7775,12399.35999999999,96
5a7ae497-94fe-3a99-8288-3b575993142f,42.349617,-71.547214,508-658-0764,4778.919999999997,37
749a8ec0-d289-393a-b33b-39115ba167bc,42.700273,-71.161357,,8395.399999999994,65
71ccd08a-2079-3d8a-a5a9-b91d3190c8a2,41.617623,-70.492713,508-477-7090,15886.679999999986,124
bce310c4-5b58-330c-85ab-36faa54c2d0c,42.468432,-71.01394599999999,,17694.919999999984,137
504a5bfb-8e88-3a07-86a7-6ae094a23f17,42.269478,-71.807783,508-752-5880,13303.479999999989,103
08f6223e-d696-3e7c-9c7b-4fc944228c46,42.284822,-71.348811,508-655-2338,5683.039999999996,44
a28cd484-3470-3a55-b181-f3a64c7a54a7,42.62885,-70.685875,978-283-4000,25186.19999999997,195
800e0174-091b-3b0d-9dc8-556878534329,42.499248,-70.898204,978-744-7905,3358.159999999999,26
49c53ceb-46e4-3385-a6c3-a980e081a9dd,42.648044,-71.161751,978-208-4281,21569.71999999998,167
c8b25caa-eaf0-3f1a-a2b8-b2daa526618a,42.582607,-71.720464,,56959.56000000062,441
d35ae600-7dee-3e39-b28a-fedad28f9b20,42.241557,-71.082432,,34098.240000000005,266
821df131-afca-37bc-b669-9ee6ee7d4105,42.246872,-71.179462,781-328-0067,15370.039999999986,120
a3d75584-c8e7-3ee2-a64c-7c2c5730368d,42.33196,-71.020173,617-825-7333,14336.759999999987,112
15d6e4c6-943c-347d-9ab7-6e6c58ffac82,42.284822,-71.348811,508-650-0010,4520.599999999998,35
cfb90cfb-d831-3ea3-ad8c-2502a5b6b146,42.323853,-71.142003,617-363-8481,26219.47999999997,203
7533082e-ead6-3a6f-8b54-f29c0fcbaf82,42.610513,-71.007118,978-766-1150,19503.15999999998,152
c6fb7ebb-7899-39a9-8468-76a275cb1d01,42.323853,-71.142003,617-417-8140,15240.879999999986,119
593c4aa3-6dd5-3c9d-ae3d-54808b8d3a6c,41.972376,-70.978773,781-341-2800,21182.23999999998,164
20fcfbf5-5a36-3bf3-ba6c-3bcaccf7c078,41.931653,-71.294503,617-739-2100,9945.319999999992,77
ab409651-948f-33d7-86af-3f4944f7dd16,41.661303,-70.937913,,2324.88,18
b9752974-05f6-35a2-9dc6-88b2cc405c09,42.082543,-71.024638,508-559-3800,20665.59999999998,160
bcfa6304-7cab-32f6-91f0-7bcb532a281d,42.564647,-71.164516,978-988-2300,12141.03999999999,94
69177af3-a156-3163-aff5-94422d64c4c4,42.369451,-71.177925,617-924-5100,5941.359999999996,46
848d9e37-376a-38d0-8124-42bd9e0c7a50,42.307905,-71.436196,508-665-4547,8007.919999999994,63
7fe5ecf6-83ce-31a9-a4da-f486d7499e7a,42.742751,-71.178588,978-683-0133,5683.039999999996,44
c4a4c0f3-4563-3bf8-9435-af51c60fab05,42.064731,-72.653477,413-304-2501,5037.239999999997,39
09ab78da-23dd-31e7-810f-75ca0d2d1d6e,42.556659,-70.84496,,7362.119999999994,57
fd6fc870-8a26-38bf-8328-b8aa484989ed,42.499295,-71.281889,781-862-3600,6974.639999999995,54
1ac92984-69ab-3c07-9b52-73736930a1b5,42.742751,-71.178588,978-689-4738,5424.719999999997,42
6862c19c-eaed-3291-aacb-c15fc4e6d9b1,42.534146,-71.038333,,71812.96000000103,558
6fca397f-fa0b-3b24-9c1b-4bb800495b79,42.474862,-70.96218499999999,781-586-9300,14724.239999999989,114
4f1e5a7d-6902-3300-89bd-c1896eceaecf,42.224319,-70.880673,781-740-8213,13303.479999999989,103
19621b13-a6fc-39ec-8c2b-68e09e002714,42.673909,-71.091334,,14853.399999999989,116
478961ba-31a9-39eb-9d91-1a035372c1bb,42.612088,-71.227845,978-453-8261,19244.839999999986,149
b1488029-932f-3fe1-981a-6c31286c6d6c,42.425955,-71.45625600000001,978-751-0880,32677.479999999967,254
3992a0fc-b711-32ae-b4ca-d7bb8cb91ea2,42.284822,-71.348811,781-431-0060,7491.279999999994,58
fd01ca9a-59bf-3fe3-a719-e81016c1b950,42.376043,-71.11868,617-354-3130,5683.039999999996,44
8088dc8d-de71-3de0-9a8b-71baf0ce24fb,42.395317,-71.180284,,4133.119999999998,32
68931484-fda0-3b7d-8c04-203a7b58d193,42.63898,-71.321141,978-458-4333,7878.759999999994,61
a68acbab-5749-3bdb-bda9-78070dc5a3a4,42.173103000000005,-71.36375600000001,508-376-2515,14595.079999999987,114
f2c890aa-a295-3c61-b35e-bfef8005ff94,42.648044,-71.161751,,9299.519999999991,72
db9ab855-9a88-3b89-98d3-3de74fcddc6d,42.195951,-71.45343000000001,508-429-2377,24669.559999999976,192
67eb14d3-4c84-3782-9ab2-177f51acfa9f,42.241557,-71.082432,617-696-3200,15628.359999999986,121
691299a5-fda9-37ff-9860-dd63d18da9e7,42.126883,-72.430952,413-596-8800,11624.39999999999,90
833fe0b3-6706-36d6-9787-5054cba91df8,42.679723,-71.30068,978-957-9800,20536.43999999998,159
72fc6638-0d8f-3d32-87d3-7c714c01a97d,41.987196,-70.74194200000001,508-863-0912,14465.919999999987,113
ea3c261b-50d8-30a0-917c-7a31f2862e97,42.33196,-71.020173,617-522-5800,28027.71999999997,217
326cf4da-678f-3c88-b807-0231e99cca68,42.257755,-71.473526,508-881-5590,47918.36000000038,372
2a22d569-4d6b-3e37-b35e-06f0e2dffa04,42.679723,-71.30068,978-934-9444,14982.559999999989,116
b0791bfa-5dc8-3855-a334-d9472301383e,41.76104,-70.701779,508-295-0880,6587.159999999995,51
8462f7a4-6712-3e5d-b9cf-4200b10c3df2,42.284822,-71.348811,781-431-0060,5553.8799999999965,43
40804e41-b3a3-36d7-8586-74cd9cf79a4e,42.648697,-71.919896,978-827-0770,20794.75999999998,162
c7a6f0c8-c2ae-3ce4-8739-3429cfa939c9,42.534279,-70.969782,978-979-9552,3745.6399999999994,29
7c5fbb6d-f43b-3752-82be-d9fbd4a54775,41.903324,-71.094987,508-822-5500,5424.719999999997,42
0982db2c-c422-3e3e-bbf5-fe4bdb5c7c67,41.661303,-70.937913,508-996-0602,23765.439999999977,184
2655b20a-24be-3b3e-b8fd-e679a9ffc2fb,42.673909,-71.091334,978-691-5690,16661.639999999985,129
56555397-045b-3abe-9ed8-7454cdbfdf20,41.667083,-70.200793,508-394-3333,12915.999999999987,100
27c1268d-4be5-3811-8a80-337fe39c8889,42.138838,-72.755911,413-568-2811,9170.359999999991,72
7dee6ac0-980e-38e7-9eba-3b6e14f43860,42.338551,-71.018253,617-636-5000,1679.0800000000004,13
cb7dfd1f-74a0-3263-86e3-675e0ffd1c9e,42.7539,-71.015935,978-374-8991,47660.04000000037,370
62489c8c-2596-3cc2-ba4b-ba045c517135,42.474208,-71.097665,781-438-5565,13174.319999999989,102
2101d982-dfb3-30c5-80a2-f2098c870d24,42.782945,-71.087436,978-372-7700,10461.959999999992,81
d6e8612c-f3e1-31c6-a225-e25fbf1a7c3a,42.452752,-71.144319,781-729-5855,6328.839999999996,49
7db474a6-ee78-303a-8382-66710fb72a89,42.338551,-71.018253,617-636-6044,3487.319999999999,27
58dac4af-e334-38a1-a382-486be50293a6,41.647227,-70.249978,508-862-0514,12270.19999999999,95
15263c07-375d-396c-8f98-6ec1d4175eaf,42.423844,-71.10923100000001,781-396-1199,12657.67999999999,98
66b77f43-5706-3f94-abc1-c8f1fb499a1c,42.534279,-70.969782,508-655-8127,14336.759999999987,111
86b074ae-6ef1-3f4d-9689-20b99d99c1a7,42.115454,-72.539978,413-748-9321,9816.159999999993,76
b9c3767b-6f06-3c53-a431-80e82a48a35a,42.323853,-71.142003,617-277-8107,9299.519999999991,72
328286b2-5959-3118-8093-a5b0f75b1c23,41.641994,-70.630719,508-563-3925,13045.159999999987,101
68edb49b-d490-3608-853e-3bf67984c70a,41.647227,-70.249978,508-833-2639,9428.679999999991,73
4c943da2-6d85-3a88-a2e7-60c4edb95510,42.574174,-70.95051600000001,978-927-4800,6845.479999999995,53
bcc7d47e-3bc7-3e1d-afea-0ddb9a537787,42.115454,-72.539978,413-732-7426,20407.27999999998,159
5d9aaa39-b55f-3d3a-ae1c-abce0cc8f69f,42.376043,-71.11868,,3228.999999999999,25
a3bba89b-a75c-31d4-9192-1d2bb6521a79,42.122956,-70.85631,781-754-6545,7362.119999999994,57
a5530c03-92be-3445-a061-ac9dc67bf04d,42.360502,-71.303433,781-899-7778,30094.27999999997,233
c867ebac-9902-34f0-bfad-7466e5842146,41.931653,-71.294503,508-409-0000,6328.839999999996,49
f59e74be-2bc0-39e8-8c4a-e7d9c9f7e988,42.323853,-71.142003,617-277-0800,10461.959999999992,81
e5a4f3dd-96e6-33e6-ac0b-db530aa93bd6,42.125451,-72.649734,413-781-0100,7103.799999999995,55
7e5941a1-6ea6-3275-87d9-8040731b8f12,42.63898,-71.321141,,11107.759999999991,86
06faf955-0d15-3312-a1f8-d800cee7f352,42.63898,-71.321141,978-459-2306,21957.19999999998,171
8353e249-3e71-31f5-9656-7e4826a48810,42.241557,-71.082432,617-696-1820,18211.559999999983,141
b4f385ce-3f32-3097-9754-4ea83d91f11d,41.930477,-71.046214,781-626-5500,8653.719999999994,67
e12fe1d2-1526-3b2c-939f-e03d8132054b,42.211656,-72.642448,413-536-5525,10720.279999999992,83
8ac4eab1-ca43-37b0-a232-ad16e7217505,42.205416,-71.00216800000003,339-987-4856,19373.99999999998,150
28a9497b-602c-3f18-8a9a-25338b8dba35,42.338551,-71.018253,617-521-6700,6974.639999999995,55
ed14faa9-b2d3-3b7c-ba53-e17a77b8d3d2,42.338551,-71.018253,617-638-8992,6199.679999999996,48
2aa968f9-f021-32c3-8a11-2ad46896cdf3,42.241557,-71.082432,617-696-4600,12657.67999999999,98
cc4e9ca2-25ba-3906-aa9b-c064fc01aa46,42.597055,-71.3697,978-250-1444,11882.71999999999,92
36394739-09bc-3b43-8bba-a87a6304f1a4,42.338551,-71.018253,617-355-6000,8912.039999999994,69
6c2cc3eb-72c0-3b09-b1f9-88782da2527a,42.116244,-71.329274,508-623-3700,17824.079999999984,138
c69e9935-9b89-3f07-bc89-a4f298925a27,42.125451,-72.649734,,16919.959999999985,131
2075b030-1585-3772-8792-fa474af2c744,42.078974,-70.93939,781-447-4001,63805.04000000081,494
a146ba86-4730-3b29-8a62-d356d8ede5b5,41.647227,-70.249978,508-778-4777,9557.839999999993,74
9ce0b509-1935-3d52-8b4b-6357d6cb0c31,42.064024,-71.248401,508-543-2133,24798.719999999976,194
f2510b65-4c3b-33ec-8460-4cf01bbc811d,42.483569,-71.675585,,26736.119999999974,208
18764764-9e4e-3918-b397-3a622aa17d46,42.495629,-70.83582,978-722-1965,21698.87999999998,169
646557d0-85d7-3f4e-823b-f946a8dd6bca,42.601977000000005,-71.81586999999999,978-878-8100,44689.36000000029,346
d641b2ca-9af6-3f9f-8afc-3ff632a6de7c,41.594939,-70.599243,508-495-5160,12011.87999999999,93
7a47b388-95f4-3d7b-963b-208867c3ebc7,42.067804,-70.805713,781-626-5170,8912.039999999994,69
98bf7324-756a-3b13-b2db-ef32984ba7f9,42.612088,-71.227845,,18857.359999999982,147
5f339d06-b1d0-366b-8578-1dffecfe4f07,42.597055,-71.3697,978-250-9495,27898.55999999997,216
b0098471-3ba6-3597-b8c5-4b470c51dd49,42.206676,-70.94584499999998,339-201-4120,18082.399999999983,140
5f3f1316-9911-3702-bf05-7db034c53b9d,42.175668,-72.572257,413-420-2222,16532.479999999985,128
6df17e7e-2078-3f38-8add-fdae187c3a19,42.597055,-71.3697,,11495.23999999999,89
7753a595-c36a-360d-9fe9-226a9f7b822e,42.563482,-72.07547199999999,978-939-2035,96095.04000000168,746
43a706b0-19f7-3a1f-8f7b-c113e67faf39,42.700273,-71.161357,,12786.83999999999,99
5328ccdd-480f-355f-b1bd-8ca9d84db589,41.897892,-70.62403,,2712.36,21
3befcea2-5f20-30da-a01f-40eae626fccb,42.331876,-71.208402,,4908.079999999997,38
baaf0ef2-7f96-3f3b-9d63-726a147ee4b6,42.474208,-71.097665,617-803-6863,4778.919999999997,37
d11326fd-9ee8-321f-a9d6-382f526d2b94,42.061338,-71.245802,781-297-0979,35648.16000000005,276
a891cde8-0e30-3065-868c-5cfd7393d569,42.63898,-71.321141,,3745.6399999999994,29
fccf68ee-0e55-3a9f-af78-128a3d473efc,42.115454,-72.539978,416-748-7350,4003.959999999998,31
21719508-32f3-33ed-80f2-bb9f5f599d54,42.269478,-71.807783,508-373-5830,6974.639999999995,54
7421405c-6f9c-3a00-b83d-018d05c56918,42.62885,-70.685875,978-927-4800,16144.999999999984,125
a1024ab3-9260-3818-9ccb-22e1f2b6a0dd,42.119006,-71.10365,781-297-0979,21182.23999999998,166
e52d6113-9011-3ad8-bce4-c4eeeac1e765,42.307905,-71.436196,508-370-0113,9428.679999999991,73
54fe5bfc-622b-3917-b81a-757ebaff1057,42.597055,-71.3697,978-441-9241,4262.279999999998,33
6d76ab92-85e0-3615-b72a-0d9fe04e7c9b,42.064731,-72.653477,,31256.71999999997,243
36da9d2b-90b5-32b3-9f90-c384997a0e84,42.597055,-71.3697,,8137.079999999994,63
4c793a84-3ff1-3a1e-8453-dc20febba4f9,42.281593,-71.242414,781-559-8444,8266.239999999994,64
c5751bc6-d920-3f4d-b191-c5148659b1a7,42.265435,-72.670813,413-529-9300,3874.7999999999984,30
cd60da33-21c9-32df-8609-44e932ec5d3d,42.115454,-72.539978,413-748-9779,9428.679999999991,73
9be019fd-8550-33ed-b18d-0995c149138b,42.597055,-71.3697,978-275-9444,13045.159999999987,101
bb631f07-f921-3465-b3ad-521ac8cab13b,42.323853,-71.142003,617-277-0939,18857.359999999982,147
e115c41a-4729-3ea2-bea7-2dc8de7ca721,42.742751,-71.178588,781-724-9041,8137.079999999994,63
ff84f753-8340-3e43-ad24-3cab451b4970,41.56651,-70.958229,774-202-7935,43010.280000000246,334
86016704-8c81-3e82-ba0b-cccf1925fbe5,42.211656,-72.642448,413-538-9694,8524.559999999994,66
57effaa5-3abf-34f0-b964-a6be1b16739f,42.5546,-71.90544,978-874-1300,10074.479999999992,78
15019426-277a-30bd-9d48-3dde152fe519,42.176526,-71.603588,508-473-1015,20665.59999999998,162
1eee58f9-f10d-3d2c-8752-380e35863aaf,41.734214,-70.430683,508-833-4160,27123.599999999973,210
bd7517b7-119f-38e9-89db-e43ee85dfcac,42.265435,-72.670813,413-282-3853,9428.679999999991,73
bee48890-29c3-3d54-a1c2-b51158a3302d,42.395317,-71.180284,617-855-2136,5941.359999999996,46
eabfbb50-56fd-38b9-995e-82d2d46610b5,42.575924,-72.229618,978-249-0099,3487.319999999999,27
f43d6681-f2aa-3bb7-81c6-8abe6cfe7a15,42.123007,-71.53140400000001,,26865.279999999973,209
1a87a637-8a07-379d-9d21-3cf3be2b6430,41.972376,-70.978773,508-697-2000,53859.72000000054,417
9f5980a7-fce6-3d66-ab6d-e9fb41f8f873,42.284767,-71.714228,508-845-5550,40556.24000000018,316
1b0edfaf-f138-396a-b1dd-ace4ac3003d0,42.452752,-71.144319,,6328.839999999996,49
618e8d53-77e5-31d1-b250-8011b7a7f56c,42.156203000000005,-71.43034499999999,,7103.799999999995,55
5733c684-d744-3b33-8d77-51600cca6c46,42.601977000000005,-71.81586999999999,978-342-7590,14465.919999999987,112
a7316440-9a23-3fc4-ba01-d2849459a6f7,42.305932,-71.282917,617-964-6681,2195.7200000000003,17
8adcdf99-5982-3d03-a0cd-ba72656a11dc,41.725351,-71.094162,508-672-3700,2454.04,19
aa67b54a-d2df-3a8e-a6fc-da7786131d3d,42.115454,-72.539978,,2841.5199999999995,22
ee105673-ce08-390c-a99c-fb7aeaccd8dd,42.585541,-71.44025,,13432.639999999989,105
7fee7d3e-4b7d-3238-86f1-96700562897c,42.246872,-71.179462,781-326-1464,24669.559999999976,193
e41fd3dd-16cc-36ed-809d-9ed806ffdfec,42.10481,-72.08774,508-347-9111,6199.679999999996,48
2e0f9b62-bf43-3a40-a598-9c80b959d7dc,42.082543,-71.024638,508-717-0425,6845.479999999995,53
efd34254-f154-3650-98d2-0d9b2b901149,42.495629,-70.83582,,12657.67999999999,98
9ffb641c-8312-35c4-92f4-b8ac162f50c2,42.50436,-71.064061,781-942-0606,5037.239999999997,39
0ab3c1bc-b361-352d-a49f-d5467ab2472a,42.338551,-71.018253,857-891-7571,6587.159999999995,51
61d39d71-3ea7-39e3-8690-57c97e3f91f1,42.269478,-71.807783,,2970.6799999999994,23
70d8b93b-cc76-3c8b-8929-5aea213ecc86,42.33196,-71.020173,617-608-1575,13174.319999999989,102
feb7104f-8f2f-3699-a411-da3e96e9a4e2,41.70692,-70.221117,,9945.319999999992,78
1b39a3a7-d761-39c8-b66d-a76bc7c938e3,42.338551,-71.018253,617-482-7555,6199.679999999996,48
1834a8bb-544c-3760-9f9e-50e101d7a762,42.269478,-71.807783,508-753-5554,2195.7200000000003,17
fb692b45-4246-3574-84cb-7d636ae3aa2e,42.411887,-71.690005,978-368-3870,13820.119999999988,107
b2d5fe00-a40f-3813-a64d-31f0b0ac334f,42.50436,-71.064061,781-245-6995,16274.159999999983,126
030d23fc-240c-3526-965a-3bddaa5535bb,42.390445,-71.101033,617-629-2806,33710.759999999995,261
847d7c21-2c73-3c15-b1cf-a8f956f1c91d,42.499295,-71.281889,781-275-8700,17178.279999999984,133
3aa2a8e9-6077-3036-abb0-f7aaea2457e0,42.246872,-71.179462,781-251-3535,9299.519999999991,72
c0d5d90a-b109-38b1-9461-ef4b97f13f2a,42.115454,-72.539978,413-452-6600,10074.479999999992,78
0f0abae6-d54e-34d0-b1cd-e5cf1f71efd1,42.584206,-71.988737,978-410-6100,15499.199999999986,120
20fb6c61-e9c0-3edc-8d92-952675c896c4,42.241557,-71.082432,617-696-1460,32031.679999999968,249
9f8adac8-38c6-354d-93d8-8af0215b66df,42.742751,-71.178588,978-689-4500,8782.879999999994,68
55e81880-f36b-3eb0-8289-8032bb9da98c,42.305932,-71.282917,617-723-2020,18599.039999999983,144
4c992f21-944c-30c5-b851-c5f22fffa031,42.534146,-71.038333,,42622.80000000024,331
ea2206b8-6b24-3b3c-85d5-16e4ce98d9a6,42.33196,-71.020173,781-626-5600,5941.359999999996,46
d319838c-3877-3cf9-be06-15cf7147ca35,41.897892,-70.62403,,2583.2,20
ce9b73b9-27c6-30ff-8b04-9cff8d5f9208,42.483569,-71.675585,978-365-7418,22861.319999999974,177
00bb3334-7cf1-3ea6-9d98-33f202fb3e04,41.747513,-70.066223,508-778-4777,10849.439999999991,84
a06a4d9f-700e-3593-b183-6efc1508d5cc,42.388921,-71.24226800000001,781-894-8880,9041.199999999992,70
2d19d984-3cc4-3409-8857-ace5c74b3f7a,42.468432,-71.01394599999999,781-233-2111,27640.23999999997,215
d0e69d94-454d-3d01-aac3-0e5cfe5a75ac,42.067804,-70.805713,,15370.039999999986,119
7be1fc3f-4518-3605-b60c-195d1cae51e6,42.369451,-71.177925,617-972-7296,7362.119999999994,57
10a56226-f721-30f4-9eb6-adc26db532cb,42.062378,-72.498111,413-525-4373,8782.879999999994,69
58663821-936b-34cc-9b26-8ec395418f76,42.360502,-71.303433,631-278-0665,7620.439999999994,59
db0fc99f-69b4-3589-bee9-52fc386dc32a,42.338551,-71.018253,617-726-8441,5941.359999999996,46
00aabe22-bee3-3199-9e16-bee6692967e7,42.158692,-71.521419,508-473-1190,12657.67999999999,98
1f17c81e-b468-3be8-859a-8424d9a5192e,42.474862,-70.96218499999999,,5812.199999999996,45
46a06a77-58c2-33d7-9c64-eb5bfffa5839,42.037278,-70.94045899999999,508-378-4035,15628.359999999986,121
eaecf15c-e55c-3222-8c00-dcbe694b7eea,42.338551,-71.018253,617-423-5511,4520.599999999998,35
3fb76bb8-2dd5-3d09-955a-e7909a366062,42.241557,-71.082432,,36552.28000000007,283
6758c08e-2802-3983-ba97-f6acb2f5d9f5,42.164569,-70.818844,,6457.999999999995,50
ca7921ff-a92f-3d4c-8286-9da1f80b3a31,42.115454,-72.539978,,6199.679999999996,48
047243b1-fdc9-34a7-9600-33d2e3444ec1,42.175737,-71.125385,,10849.439999999991,84
e738de05-8ee2-302f-a800-6bfbef283f44,42.241557,-71.082432,617-696-4600,12399.35999999999,96
ad959a45-ed37-3416-9178-dcb88d9fc53a,42.483953,-71.43849499999999,,8524.559999999994,66
dbadb34a-1bc4-3cd1-9903-b8ff46c8b9d8,42.039991,-71.53240600000001,,104232.1200000019,808
c2c7b549-890d-3faf-bc60-d9128baeb5c8,42.331876,-71.208402,617-630-0380,9686.999999999993,75
0e99d2a4-5a43-3588-a47f-18ce8f2dc876,42.520876,-71.770611,978-847-0110,4908.079999999997,38
cdee2040-bd34-3ce9-8a40-c9a96686e8dc,42.700273,-71.161357,978-687-2587,10720.279999999992,83
6f09ad46-bf02-3197-9e1e-6d4d508a5553,42.323853,-71.142003,617-277-2662,16919.959999999985,131
2989e381-7a85-3e65-9b09-7ae99e95fe72,42.376043,-71.11868,617-306-3661,17307.439999999984,134
5342f6b7-4ddb-3ca5-a12d-e4f4516a74af,41.972376,-70.978773,,45076.8400000003,350
96077672-9e99-3277-ad5c-7caffb5f6cc3,41.667083,-70.200793,508-737-8372,31127.55999999997,243
380ebf5d-ec3e-3f6a-97f5-c4196243b384,42.405938,-71.054649,,17565.759999999984,136
057f3322-6d41-37a3-82d9-7bd73c12de61,41.661303,-70.937913,508-990-4963,1162.44,9
4e5f2e76-d256-332e-9e5a-af869124ca57,42.356491,-72.568632,413-584-0004,10978.599999999991,85
53eba77b-ea68-3b81-ba9e-3eb6c2f9ac86,42.33196,-71.020173,,13690.959999999988,106
b0893b9a-0462-3a41-9523-e3bf49a060f6,42.474208,-71.097665,781-662-2066,14207.599999999988,110
c7896077-ab6f-3af4-b261-889c7a7c3652,42.269478,-71.807783,508-753-4222,19503.15999999998,153
6040b2da-71a1-3d12-a777-427cbb929931,42.220395,-72.834999,413-862-3400,78270.9600000012,606
5ac9a188-75f3-3883-bb2c-3b732c4bc7a6,42.742751,-71.178588,,5037.239999999997,39
d38dc1a5-635e-3867-b80f-9eba793baaa6,42.33196,-71.020173,617-323-7300,18082.399999999983,141
e29f8ac3-ad15-31a5-97c1-e1979ef48e6f,42.782945,-71.087436,978-258-4734,11236.919999999993,88
37b9bf2b-7b12-30db-b9cf-e62f3daf6559,42.198708,-71.846006,508-832-9646,7749.599999999994,60
032854fe-e8e8-3ef0-bab8-bf41dd95bf75,42.195951,-71.45343000000001,,8137.079999999994,63
93587cbb-b4af-3afd-981f-775389103301,42.338551,-71.018253,617-636-6389,13303.479999999989,104
6e06447e-75ca-3f4b-aec2-70171bcb4a78,42.33196,-71.020173,617-789-2696,5941.359999999996,46
7adcb4f2-6ad3-3710-aeff-366b37e1ceaa,42.256208,-72.58103,413-536-8315,11366.07999999999,88
dfb31775-671c-3a26-9874-3b862ce8f6d1,42.017302,-71.21641,,17049.119999999984,132
a828ee0b-e007-3c53-b82f-c985a8eb85eb,41.931653,-71.294503,401-486-4245,19890.63999999998,154
3100a56f-b7ef-3431-b736-0a02fc6d0dbd,42.33196,-71.020173,617-783-0500,6070.519999999996,47
75430ca9-480c-31c6-891e-ab2683824c2e,42.360427,-71.361099,508-358-8980,5037.239999999997,39
35909dfa-ec83-3891-962a-2d77672fc798,42.338551,-71.018253,857-654-1000,7491.279999999994,58
2c3e3f70-4ceb-3110-a99c-b1605c567373,42.376043,-71.11868,617-354-3131,4908.079999999997,38
54a578e1-06eb-31ff-9590-dba8b171a42b,42.303174,-73.233924,413-243-0536,27511.079999999973,213
75bdb2ec-cbd0-35af-b0fe-18b111890b67,41.738479,-71.165065,,56313.760000000606,439
5037c033-bb99-3453-9dc0-40d80d508e9f,42.241557,-71.082432,617-313-1615,45464.32000000031,355
76a80350-916e-3fc9-8fed-2c8c4b36c42f,42.396824,-71.031348,617-912-7900,66775.72000000089,518
6f8f02cd-5231-36b6-8174-1cb9cb653c01,42.221851,-73.333044,413-528-8580,5812.199999999996,45
4f34e966-43d0-32fe-bb2e-51e322b67dd5,42.268426,-71.613309,508-366-7899,7362.119999999994,58
a2f623d6-43cc-3a20-b8ac-40f79fc35023,42.535183,-71.105423,781-213-5500,3616.479999999999,28
12604ccb-0e18-3238-a307-791756332473,42.211656,-72.642448,413-536-2978,10849.439999999991,84
fc71bedc-af13-3a7a-8c85-f84072daaef0,42.455723,-71.05901899999999,781-979-3000,6974.639999999995,54
da8756e8-6b48-39a6-b732-32936e9cf099,42.45184,-73.260685,413-447-2351,6070.519999999996,47
c9d7f731-5cad-33df-a72f-9c5bcc16c5a4,42.468059,-70.89126,781-592-8462,5295.559999999997,41
43e1c8ac-cce2-3e8d-8752-ce9045c435cb,42.375541,-70.970646,,14724.239999999989,114
2c263864-8ce2-361c-b5b5-b87a2da9f950,42.338551,-71.018253,617-414-4290,6716.319999999995,52
b3884109-c969-3f73-b5c8-66af1801c6ac,42.30539,-71.28366899999997,,8524.559999999994,66
72119645-cdcc-3b00-823a-b953c061348c,42.138838,-72.755911,413-568-6141,13561.799999999988,105
ec03d306-8373-38aa-b939-51384b8218fe,42.614671,-72.597063,413-774-1000,1679.0800000000004,13
a441cbca-6d65-33ff-980c-d8e58235b7e5,41.738479,-71.165065,508-676-3292,50630.72000000045,394
7723ed35-b719-3812-9c13-e2fa0c685b89,41.617623,-70.492713,508-539-1171,10203.639999999992,80
b6135f2a-c75a-3093-b4d9-db7ff10b4231,42.700273,-71.161357,978-683-4000,3228.999999999999,25
eba76dd9-fb5e-3add-a1de-9ef0ad3449cc,42.129251,-70.908736,781-871-6550,44301.88000000028,344
720e9f03-1073-38ce-822f-714eeb535574,42.327044,-72.67463000000001,413-586-0230,9557.839999999993,74
b722fd9b-6e71-3f88-8961-768ac0272365,42.33196,-71.020173,617-413-6618,1162.44,9
eec97271-a6c2-35f7-88bf-d2ddc173e4ac,42.158692,-71.521419,508-422-2922,7749.599999999994,60
cedfa668-7e66-384c-a5fa-1f8367c69778,41.71746,-70.591824,508-759-7279,19115.679999999986,148
ec255347-40f1-342a-8f39-364490fb46e7,41.758163,-71.21418100000001,508-324-1171,17178.279999999984,133
3be82064-1722-34be-8cd6-9acdd842e4cf,42.376043,-71.11868,617-868-2650,8653.719999999994,67
b910c05e-ec07-3c09-92f9-1d639d058a1f,42.499248,-70.898204,978-744-4033,16144.999999999984,125
7e6578a0-ea51-389d-bda5-6822d503d0f9,42.395317,-71.180284,617-855-2660,10332.799999999992,80
53622c13-f281-3432-8b79-89627a0eedd3,42.261006,-71.008988,617-471-4491,13432.639999999989,104
f37bfae6-33c9-3b9e-98ba-a85f0332ec8e,42.679723,-71.30068,978-934-94441,28156.87999999997,218
7965dba5-cabd-33dc-b2bd-dbc3598d65b3,42.63898,-71.321141,978-458-4300,9557.839999999993,74
535a3173-bc12-393e-9a8f-3ee1f4aa671c,42.323853,-71.142003,617-731-3200,6845.479999999995,53
2e92e3c2-e372-3bb5-9db1-05408d55dd1a,42.125451,-72.649734,413-785-1153,11495.23999999999,90
7a862829-2f0a-38a6-a2ab-4e5635df8b6c,42.33196,-71.020173,617-390-1485,6845.479999999995,53
10f56447-54f8-392a-9613-db06a3d67ec2,42.241557,-71.082432,617-696-4600,19503.15999999998,152
f5a514f1-1d43-352d-9f38-8e9850b4f65f,42.556659,-70.84496,978-745-6601,7749.599999999994,60
4eededf8-4bd3-3cf1-83cb-2313c8d2c0b5,42.376043,-71.11868,617-864-8822,21053.07999999998,163
f35dd75c-6a72-3edf-a649-e105468ca38d,42.376043,-71.11868,617-499-5025,27252.759999999973,211
fdcc5dda-499d-388a-999f-7763634d414f,42.499248,-70.898204,978-745-3050,9686.999999999993,75
1e3948b0-8464-3cf2-b937-c6e57697a54f,42.423844,-71.10923100000001,781-979-3000,19503.15999999998,153
e78cfad6-cc68-393f-bc00-ba462d78ad71,42.375541,-70.970646,617-569-3189,25831.99999999997,201
3ead7ed7-ade3-35fc-90bd-ea33496bfc9b,41.725351,-71.094162,,6587.159999999995,51
c985f907-4afa-3dce-9e53-e752a613a80d,42.376043,-71.11868,617-491-5586,11495.23999999999,89
3056e4f3-2bd6-33fa-aeca-7853b9d3d9f1,42.338551,-71.018253,617-638-6500,4133.119999999998,32
f46814b1-8dc1-35da-a927-ad562428ca7e,42.047075,-71.845805,978-466-2692,16015.839999999986,124
feb41565-840f-33d2-b40d-c39c29758d84,42.395317,-71.180284,781-647-3040,20019.79999999998,156
f55f8e0e-5f75-35e7-9b17-829dabb43fbb,41.594939,-70.599243,508-548-7118,8912.039999999994,69
59acadbb-923a-36e0-ab30-3cd1bdcb7267,42.206676,-70.94584499999998,781-340-8000,13820.119999999988,107
0b3246c5-de61-3735-9350-669fad3ffd0c,41.725351,-71.094162,508-678-2833,7620.439999999994,59
84bc519a-af4e-3aaf-82c1-4e5f0f115db3,42.261006,-71.008988,617-471-8400,14207.599999999988,110
148703ef-dbdb-342c-94df-de3a78812cfe,42.059669,-72.03404,508-765-2200,16144.999999999984,125
277d16ca-654e-3395-8705-0d809588d6b2,42.782945,-71.087436,978-373-7010,12528.51999999999,97
ba10ae09-f51a-31ed-a6ef-44562023c214,42.198708,-71.846006,508-832-2628,8524.559999999994,66
8b99c6fb-24e0-302c-be23-41b39c7716ac,42.261006,-71.008988,617-479-3550,7878.759999999994,61
d7a50947-c431-31f6-b567-e9b374cad677,42.700273,-71.161357,978-946-8230,5553.8799999999965,43
55b35ee5-db13-3eae-ab0a-d7dd1feeb3b1,42.474208,-71.097665,781-279-7040,13045.159999999987,102
0448fdb6-59b3-3eba-aa5f-d22793412b60,42.648044,-71.161751,978-987-1319,13303.479999999989,103
edf99c71-fb91-34fb-941a-5427bbbc083d,42.389071,-71.545864,978-333-5800,20665.59999999998,160
c5907903-97ff-34be-8b78-2ce788dfd1ac,42.307905,-71.436196,508-872-9288,3616.479999999999,28
c0114909-53f2-3ac1-a064-e4e0a1627d70,42.488769,-71.154438,781-505-8760,4520.599999999998,35
840f740e-0a45-3a39-82bc-33413310d0a3,42.452752,-71.144319,781-729-9000,2066.5600000000004,16
495a2033-76f8-3913-8421-73ac96b8bb08,42.053778,-71.935075,508-943-2944,74267.00000000109,577
94125ea0-b201-39c1-8210-3415a7e40064,42.534279,-70.969782,978-818-6350,10461.959999999992,81
b86ee443-559e-3f86-b705-e92458c386a3,42.700273,-71.161357,978-686-8202,8007.919999999994,62
48ebb689-e458-314f-a6a3-d4909f9b5a86,42.12826,-71.8671,508-987-8417,24023.759999999977,186
b0858c02-0fab-3451-9d1c-af96da036214,42.331876,-71.208402,617-969-4229,6716.319999999995,52
7df52d2b-fa4a-3f2f-b1b9-df31bf489665,42.556659,-70.84496,978-745-3050,6845.479999999995,53
38f674d2-8c53-3629-b0c6-83edb04cb8b5,41.897892,-70.62403,508-746-2000,1937.4000000000003,15
e204d54b-9e41-3aec-a681-8a0929a652d5,42.468059,-70.89126,781-592-2830,2583.2,20
8fd08eb5-2667-38c1-96c2-cefa4b52933d,42.383367,-71.42107,978-443-8810,2324.88,18
2bf387bd-8a00-3c1b-a612-5cd758604420,42.338551,-71.018253,617-912-7800,5166.399999999997,40
06f2ec05-b0b1-3fc8-ae67-8ea3d8941da3,42.307905,-71.436196,,5553.8799999999965,43
a5d120c9-c23f-355f-b4ed-f6085cb3e370,42.418722,-71.163912,781-646-3224,19632.31999999998,152
ecfe93af-4113-33cf-bf58-d990407ca145,42.376043,-71.11868,617-492-4704,6845.479999999995,53
7e3d855b-0733-3d17-9e04-39129c4f9403,42.338551,-71.018253,617-638-6428,7232.959999999995,56
3da664ce-fd06-3b9e-be69-9a838a3505df,42.021617,-71.026717,508-659-4499,33452.43999999999,263
ab127ed2-4439-3749-82c5-eedeb7e90a19,42.047075,-71.845805,508-757-0330,4003.959999999998,31
ab94ae9a-ebf5-366e-a92e-b874dd729b23,42.62556,-73.119828,413-743-1080,44172.72000000028,343
81b493ee-bf0a-3a84-9dde-5d35e82e6483,42.535931,-71.490569,978-952-2500,7749.599999999994,60
df23b49a-ea50-3749-8738-d73437e2290f,42.206676,-70.94584499999998,781-952-1526,8266.239999999994,64
c4fc1acd-2559-3301-9e04-f9cc7995fc20,41.738479,-71.165065,508-674-3340,119860.48000000232,930
c1bf7bfd-7287-37cc-9836-cf77704c49a7,42.084858,-71.41057099999998,508-553-3250,5812.199999999996,45
4c1b6514-d636-3c43-92c1-d0ee2adff46b,41.758163,-71.21418100000001,508-379-0012,15111.719999999988,118
8d7d041f-f7a1-3703-80bb-058ff1a4b697,42.388921,-71.24226800000001,781-893-5550,11107.759999999991,86
52ac010c-5a9e-307e-a330-92238d8ccbc7,42.115454,-72.539978,413-794-1800,4003.959999999998,31
1be4b20b-e33c-3222-ba52-ceed1af9f7bc,42.115454,-72.539978,413-304-2171,8653.719999999994,67
2bb9c7cb-3baf-3d2a-9498-dc7db13061d7,42.084858,-71.41057099999998,508-541-9201,10074.479999999992,79
395a9f52-1f2d-35cd-8cfe-35e2771f8921,42.355049,-71.716157,508-335-2452,226030.0000000052,1754
47f33483-7225-3cf7-8996-d4d02d505108,42.556659,-70.84496,978-927-0907,15370.039999999986,119
91f22646-ceba-35a3-9b65-7918ac71c8ca,41.662727,-70.357208,508-428-4095,26090.31999999997,203
ce9371e4-4e5c-34d7-bd69-5c81d9d6f421,42.349617,-71.547214,508-486-5733,1420.7600000000002,11
3db6151a-809b-3539-a615-9eb24297e44d,42.192246,-71.777649,508-581-8703,67809.00000000092,528
6134e689-e6d9-3529-944e-dad9bed20c4f,41.897892,-70.62403,508-641-2490,3487.319999999999,27
2b497431-c24b-368a-8050-a05802d5ff67,42.584206,-71.988737,978-632-9400,7491.279999999994,59
be513b07-263f-3cf2-8ba3-395124d84cae,41.7132,-70.485737,508-888-5272,1808.2400000000005,14
421baed1-a336-33c6-bc62-b647598be473,42.369451,-71.177925,617-926-9000,24152.919999999976,187
0b58af14-abd3-33a9-9e11-f113b98fab48,42.082543,-71.024638,508-584-5280,22473.83999999998,175
dfc8a8db-751c-3ab5-8fb5-db0311f4abac,42.146286,-71.255604,508-660-6699,1291.6,10
69ce6033-3ffd-3f52-8e42-7ceb40f72688,42.423844,-71.10923100000001,781-306-6000,18728.199999999983,145
6a1edf74-50e2-3f76-8f4b-f856c7baf839,42.559673,-71.260947,781-505-8700,28156.87999999997,218
43e238a1-5186-38dc-9645-83eec4357276,42.082543,-71.024638,508-586-3696,7362.119999999994,57
46427ae6-27f8-325c-9977-589515fe2614,42.556659,-70.84496,978-927-7556,3228.999999999999,25
4e8b4b18-b0d8-3662-9198-2c925ddfb060,42.338551,-71.018253,617-638-7480,4133.119999999998,32
7192530a-fa75-3aa5-9fc9-2a18cf11dbe2,42.246872,-71.179462,781-329-9365,15886.679999999986,123
1b3bfad2-2642-3ad7-9332-067c7759245f,42.33196,-71.020173,617-789-2903,258.32,2
6fedc88c-f15b-3123-8c93-46f09544e37c,42.851284,-70.955837,978-388-5700,4133.119999999998,32
17d035fe-312f-3f39-929c-7cbe6b72b807,42.63898,-71.321141,978-453-5736,14724.239999999989,115
69fe0ac9-fc69-3486-b666-e63e7113f530,42.115454,-72.539978,413-732-7419,1162.44,9
ce15a6e8-c94a-3dd4-b5c8-c3f791ac3747,42.499248,-70.898204,781-462-8899,10074.479999999992,78
d7b28a82-03e2-37ff-b57f-cb4e2fcf9bb9,41.661363,-70.812024,508-758-3200,4649.7599999999975,36
d28706cc-8d1c-3a45-8c22-d68b3c3f82fc,42.584206,-71.988737,,11366.07999999999,88
bb180760-eedd-371f-8f88-aa805ffb79e0,42.275462,-72.280158,413-967-6241,10720.279999999992,83
9bb88c6e-32e2-380d-bb37-b8168384f1eb,42.614671,-72.597063,413-774-7979,7491.279999999994,58
340e467f-f407-395e-aac3-b134baf9bcd5,42.63898,-71.321141,978-710-9877,18857.359999999982,147
2191e1ae-87c2-37ca-8ee8-5199d057a178,42.445222,-71.23001500000001,781-648-1360,13174.319999999989,102
70c3fad3-6f38-3a53-b541-551da674dfe3,41.647227,-70.249978,508-771-8114,7232.959999999995,57
83955c7b-1fc9-32a8-9d1e-92eaf49e9da4,42.064731,-72.653477,413-786-6410,14982.559999999989,116
6279eeae-daf0-35b5-bf3a-13ecff27f924,42.782945,-71.087436,978-374-1700,9945.319999999992,77
b936bfe2-13f9-3580-b577-c2864db633bd,42.059669,-72.03404,508-765-2725,8653.719999999994,67
17018075-1091-33c3-9a25-398667ea2e95,42.205416,-71.00216800000003,781-803-2786,5037.239999999997,39
e74cf13a-d212-3d6b-a918-02a1974723ae,42.388921,-71.24226800000001,781-893-1443,19503.15999999998,151
19199b47-ec28-3399-af71-c734e3257794,42.520876,-71.770611,978-466-2685,9428.679999999991,73
5b1e6842-ca09-3521-ae67-3dbf4ff7638f,42.133935,-71.968025,508-248-8105,10203.639999999992,80
76b14f1f-c866-3a62-8963-43ede3765227,42.284822,-71.348811,,8782.879999999994,69
b5419195-63fe-335f-b460-bcd593c70d4d,41.903324,-71.094987,508-828-7000,3616.479999999999,28
dcc3958e-b85a-35fc-9269-d8095313132e,42.061166,-71.643628,508-278-8528,22215.51999999998,172
a9e5d2ef-4109-334e-aaf4-aa09a2ffb185,42.261006,-71.008988,617-786-0066,8137.079999999994,63
67ae3fec-7156-3d12-998e-0171f1cc3178,42.305932,-71.282917,781-690-6412,7749.599999999994,60
d961ae86-724f-39c7-9f15-111bdb2aae7d,42.119967,-70.957211,781-878-2300,40556.24000000018,316
29c84abd-e962-31d2-8c72-032e238a3dc4,42.331876,-71.208402,617-965-6300,3358.159999999999,26
b60c139e-9c83-3008-a6e2-8d297c7c021f,41.633619,-70.871306,508-999-4561,7620.439999999994,59
42b1d034-e30e-35d6-987d-0bf1349c0dfd,42.261006,-71.008988,,13174.319999999989,103
2b3212f5-4f6c-33c9-9a41-8bb9dcd561d1,42.129251,-70.908736,978-762-3754,35260.68000000004,275
8271d144-ba8c-34a5-b6ff-4c0f6b527dae,42.119006,-71.10365,508-584-1900,5683.039999999996,44
942a571b-2724-3493-bebf-6e62610b45dd,42.418722,-71.163912,781-646-5923,9041.199999999992,71
93c3c134-ee53-3af3-8cd9-98b16b28f454,42.679723,-71.30068,978-458-0475,30352.59999999997,235
d54a0753-a666-352d-80b4-a6902e17596e,42.338551,-71.018253,617-227-4366,1679.0800000000004,13
947ac366-b4c4-3ad0-9df0-4c5ed4f11fc0,41.661303,-70.937913,508-994-2400,2970.6799999999994,23
56357d71-3379-3496-85d7-b1038e871fb6,42.376043,-71.11868,617-354-5452,3616.479999999999,28
20ce4a5c-6eab-39c6-896b-9b6f909f5165,42.338551,-71.018253,,9945.319999999992,77
062a990a-2371-3b7f-a019-31423817b70a,42.574174,-70.95051600000001,978-739-6903,6199.679999999996,48
ee57b11d-a539-35a1-afab-d5e283f1e465,42.173103000000005,-71.36375600000001,508-376-1125,11366.07999999999,88
4dbd7271-8daf-3e3f-a1fa-3b34b977dec0,42.064024,-71.248401,508-946-9696,11882.71999999999,93
8edfb78f-6769-3278-9e0d-0b4f2562fe05,42.338551,-71.018253,,2066.5600000000004,16
c40f6b74-8b8d-3759-ac64-6ecf51c6e0c5,42.369451,-71.177925,630-991-6713,3616.479999999999,28
add376a3-c999-349e-809d-1b7424405321,42.63898,-71.321141,978-452-9252,17049.119999999984,133
85f413c0-954a-3b03-b375-e41a15c689e2,42.782945,-71.087436,978-258-4734,5424.719999999997,42
d01e1216-3d0d-3318-bb9e-232816b487b0,42.246872,-71.179462,,13949.279999999988,108
2d8989f4-642f-31b3-84b0-56643ae70b2d,42.061166,-71.643628,508-278-5573,14982.559999999989,116
2163a317-d803-3790-b34b-287b1e305aa5,41.931653,-71.294503,401-725-4888,30352.59999999997,235
551c48cf-1c0b-35c4-bac7-d44a8850fe75,42.418722,-71.163912,781-646-1043,6587.159999999995,51
92729cd4-156f-3404-b877-1da464e5fb29,42.047075,-71.845805,508-765-9771,30223.43999999997,234
8f5acd86-92e2-3ec4-b252-f1fd2f3c2736,41.875179,-70.74671500000001,508-747-7246,21311.39999999998,166
0b2f42a8-a26c-3807-b178-6b56249d330e,42.307905,-71.436196,508-875-4811,5295.559999999997,41
a1e85ea3-07f1-3e7d-a8c9-241800a8f95e,41.562579,-70.587349,,3358.159999999999,26
7dbe3d39-a429-3019-818b-ba297c1c1185,42.499248,-70.898204,617-312-8563,11366.07999999999,89
f56121fb-8f1c-3088-b974-b5bb50ea313d,42.356491,-72.568632,413-259-9118,14078.439999999988,110
9e782b47-1e85-31dc-a29d-0726ce53a05a,42.116244,-71.329274,508-660-1115,11495.23999999999,89
18362426-1324-35e6-a226-adccb56a7a36,41.878004,-70.86926700000001,508-947-2155,198389.76000000443,1540
7b69b367-ad62-31ef-a8f8-0cb1ea5d4765,42.421005,-70.99036,781-289-9331,15757.519999999986,122
76fcc5a2-ce75-3662-8763-1d53b733cef9,41.56651,-70.958229,508-951-6228,26348.63999999997,204
3698647d-960e-3d51-9116-57d7eeae9fd2,42.138838,-72.755911,413-562-4131,7103.799999999995,55
31921623-e4ca-3c39-b467-454bf51d932c,41.662727,-70.357208,,7749.599999999994,60
7cb5bb84-47a8-3545-b741-a87040b1c992,42.388921,-71.24226800000001,781-314-7600,8782.879999999994,68
d11d02c6-634d-337f-b86e-802b1f77a13f,42.445222,-71.23001500000001,,7749.599999999994,60
9bb1f5c1-3cf0-312d-a22a-b9895a960bb5,42.206676,-70.94584499999998,781-340-0154,3616.479999999999,28
cca33ef5-6b78-3960-9c74-43f6ba7b89ae,42.059669,-72.03404,,7491.279999999994,58
31e50732-1be3-38cc-82b7-bcf0cabe2373,42.42938,-71.058706,781-322-5600,4520.599999999998,35
188262ac-4808-37f0-a028-bef4878dc7d6,42.119228,-71.67182199999999,,27511.079999999973,213
7834877b-2072-3d79-9137-d5ee86c7503f,42.520876,-71.770611,978-840-0400,5812.199999999996,45
9055e211-0e95-304d-ba46-875598879a84,42.53662,-71.36183199999999,978-610-6331,36293.96000000007,284
c011d100-b05a-387f-ac50-6461ce543511,42.269478,-71.807783,508-926-8240,10461.959999999992,81
4ce33e16-e1d1-34c4-942e-fe9882200a87,42.33196,-71.020173,617-789-2903,12011.87999999999,93
de941e1d-95b9-3fb4-8657-035745b38061,42.675551,-73.11810899999999,413-664-4088,3099.8399999999992,24
f925ac14-e02b-3e20-a170-957cc9b8180e,41.725351,-71.094162,,4391.439999999998,34
96b62d65-9150-3723-b904-808d4a94d2f0,42.423844,-71.10923100000001,781-395-9916,1162.44,9
39c04253-a6b4-3a9f-a26a-048652aad32a,41.579794,-71.081822,508-636-0613,14465.919999999987,112
52d8e0da-6a42-34f2-a506-dc4af622a02a,42.261006,-71.008988,,24023.759999999977,186
5510a93b-c3a2-3d18-a009-9b6a4b4e6b88,42.138838,-72.755911,413-568-2304,34227.40000000001,266
3b044074-c6a7-36fb-a3f3-33d6b3ff97ee,42.047075,-71.845805,508-943-2600,11495.23999999999,89
d16fc918-93a3-3e44-a5ba-9b102dd0a90b,42.256208,-72.58103,413-538-5620,15111.719999999988,117
a2582f2e-68b6-3e2d-a8d5-5895ae54a625,42.683108,-71.01833,,34873.200000000026,270
cf88b91e-c0b2-3f7c-9a63-dd586130f34f,42.782945,-71.087436,978-374-2000,4778.919999999997,37
c985dcb3-9e2f-3953-9313-a1e1b554cee9,41.725351,-71.094162,401-272-9666,7749.599999999994,60
6c75a57d-a8a1-354b-a3dd-8e015b4c42bf,42.119006,-71.10365,216-233-7679,9299.519999999991,72
a21383fb-2378-370a-ba29-954f254b4830,42.468059,-70.89126,781-691-9366,31515.039999999968,245
c07a0d8c-1e12-309e-bde5-be542a9deee0,41.633619,-70.871306,508-997-4646,16532.479999999985,128
f76ea481-be41-3b19-ad01-37bf7fd77cd9,42.520876,-71.770611,978-728-4957,17953.239999999983,140
c4ace416-3d36-33c0-979e-31c2a6809b71,42.056913,-70.190488,508-487-2449,4520.599999999998,35
e834117e-7adb-36aa-b340-7e01d3cf61e6,41.931653,-71.294503,508-236-7600,5166.399999999997,40
ab135c86-5367-3259-9a03-27af6849d473,41.834412,-70.957166,508-947-4400,16919.959999999985,131
85f6edba-414d-3027-b22b-176bedf7ab9c,42.673909,-71.091334,978-681-4700,5424.719999999997,42
1f59651a-05f0-339d-8ad1-914e0691e840,42.125451,-72.649734,413-733-2127,2195.7200000000003,17
e068fd46-1fd8-3aa2-a8c3-7b36f04f2fb0,42.132051,-71.75031800000001,508-865-6059,18599.039999999983,144
751f3d3b-d800-372f-9e1a-b49eaf3fc2e1,42.275462,-72.280158,413-525-4373,14595.079999999987,113
364cf084-5db8-36da-9d70-34ff6d4218ec,42.462911,-71.364496,,7749.599999999994,60
5fbffac7-4784-3c8c-abbb-a07693477bcf,42.281593,-71.242414,781-433-2110,20019.79999999998,155
7885a92d-8554-3cba-ad43-99bff92bda4c,41.897892,-70.62403,781-422-4654,1420.7600000000002,11
b3018e73-823a-378b-a7e2-1d13f38d3233,42.241557,-71.082432,,22086.35999999998,171
066dc005-2020-39f1-ba27-8cf297e231d0,42.425506,-71.310812,978-355-6321,11624.39999999999,90
1a02b15c-cbb6-3ff1-a75f-2cc715c7dadd,42.62885,-70.685875,978-283-2702,8653.719999999994,67
cd4d0be6-fe77-3b23-9ef9-bc7a742c20ec,42.363534,-72.50729100000001,,4003.959999999998,31
d18b622a-2ea6-31bd-ad5e-0b162de56695,42.224319,-70.880673,781-740-1130,8524.559999999994,67
da17eddd-6319-3bc3-ba41-74581b2f52be,42.369451,-71.177925,617-926-2414,10720.279999999992,83
b377af12-b69a-31b2-9e2a-5036b250770d,42.047075,-71.845805,508-765-9771,6974.639999999995,54
90956cfc-8dbb-3ddf-9ee4-c07939406237,42.376043,-71.11868,617-499-5026,8137.079999999994,64
5c452aab-2faf-3845-be64-809a8aea540f,42.376043,-71.11868,617-417-8371,8524.559999999994,66
a46483b9-901a-3910-8a45-3a88c5954b02,42.418722,-71.163912,,21440.55999999998,166
d6337e51-f70b-3ce2-b1d5-076f429690d9,42.396824,-71.031348,617-912-7900,78529.2800000012,610
80e251cf-8c81-3f8f-8f57-c2f518676673,42.256208,-72.58103,413-536-5563,11624.39999999999,90
13146004-4c5e-31b9-a1f7-417b2ca5b56b,42.211656,-72.642448,413-539-2845,5553.8799999999965,43
08438088-eba2-3f2b-8463-40627f19c9ed,42.673909,-71.091334,978-685-4925,15886.679999999986,125
875a8418-2d38-376e-a1d8-47023ef1e56d,42.600633,-70.883303,978-818-6350,13949.279999999988,108
a1426e15-5384-31bf-ae46-9c5dd4fdb79b,42.323853,-71.142003,617-232-6633,5941.359999999996,46
7e79cf8f-66ff-3696-9f73-172be755ac72,42.390445,-71.101033,617-629-6000,13690.959999999988,106
b2909799-7346-3bc7-a87c-0ae971c0bcec,42.612088,-71.227845,978-851-7321,21440.55999999998,167
45f7c4aa-6dfa-39ae-a373-8f624abf91da,42.175668,-72.572257,413-594-3111,29448.47999999997,228
f4820355-4552-3bb8-9daf-256391a4359e,42.423844,-71.10923100000001,781-306-5100,4908.079999999997,38
36ca8eee-9cca-3c9d-923c-69aa79309d56,42.275462,-72.280158,413-967-2655,8782.879999999994,68
01cf784f-f213-3ab8-bca3-919795beaaf6,42.782945,-71.087436,978-374-1010,13432.639999999989,105
adf4b040-f289-3128-b850-e45445055747,42.138838,-72.755911,413-572-6050,7362.119999999994,57
96a834d6-e954-3441-83af-712bcc7a3e38,42.503227,-71.201713,781-744-5100,3745.6399999999994,29
7c2bcaa5-83b4-30cc-8a8e-3b307a0df909,42.037278,-70.94045899999999,508-378-2058,33194.11999999998,258
b4482acb-058c-3b9a-a8ef-e9ef7c1eb4cc,42.246872,-71.179462,781-329-1400,15757.519999999986,122
a7108ac5-d3fc-37bc-86c1-32bba22d45ca,42.62885,-70.685875,978-283-4000,13432.639999999989,104
3daf5b62-e9e2-3143-9460-9fdf850ef311,41.725351,-71.094162,508-973-7774,4391.439999999998,34
8f36d684-73ee-39e5-b6fc-c8defc98e272,42.338551,-71.018253,617-636-5000,8395.399999999994,65
bd29062a-b90f-3926-813e-cf4027f7df6c,42.421005,-70.99036,,22602.999999999975,176
2591e03a-4c09-3a84-b72f-a7cb8972a849,42.012797,-71.336578,508-695-1444,34227.40000000001,266
60d53ccf-3484-3c1c-8f44-8a11a15f5d57,42.115454,-72.539978,413-794-7045,20278.11999999998,157
4400c886-4e72-363b-9036-15029a943c5f,42.63898,-71.321141,978-788-7344,20148.95999999998,156
e0156d27-bc4e-38ca-a31d-39c9b305d287,42.187794,-72.30846899999997,,10461.959999999992,81
560178ff-fef6-32ed-a72f-ff8a63d92c86,42.675551,-73.11810899999999,413-664-5000,13432.639999999989,104
55234f55-88e0-33d6-9da4-82808f55df7b,42.246872,-71.179462,617-363-8010,8137.079999999994,63
4215bb3e-96a5-326d-96c1-b54744a390fd,42.534279,-70.969782,978-538-4000,5424.719999999997,42
f559edb8-c46a-3fb8-92fc-6c4a23e86dc0,42.338551,-71.018253,617-754-5111,5812.199999999996,45
41a475ce-0175-3355-905e-8352991bf2d2,42.338551,-71.018253,617-859-5000,6845.479999999995,53
e243a3f6-f843-3088-8855-fa268ee5b583,42.411887,-71.690005,978-368-3731,21698.87999999998,168
731e0f3a-075d-37ab-9ba7-fbf1ab2f45e9,42.396824,-71.031348,617-884-8300,55538.800000000585,430
05f9990d-26ba-3601-b6e7-4b4c66eadfd7,42.33196,-71.020173,617-296-4000,16919.959999999985,132
a52a936f-5433-3097-bde8-67e2e2ce4553,42.601977000000005,-71.81586999999999,662-994-9784,30352.59999999997,236
d7c65e24-1d4d-3b50-949f-88930dee0a5d,42.33196,-71.020173,617-626-9300,6587.159999999995,51
d16614ed-600e-390c-a4c5-8f4cf7ea3dae,41.646686,-70.999158,508-996-3991,9170.359999999991,71
ea5419a8-3670-39a7-a49b-0df776df60b2,42.405938,-71.054649,617-389-6270,31515.039999999968,245
d423fb56-ecbb-3630-84dd-72939ad88941,42.082543,-71.024638,508-897-6200,18340.719999999983,142
c1c433e1-9ed4-3730-bd86-d25de4fa96bf,42.396824,-71.031348,617-887-3500,52568.120000000505,408
ead6a1bf-c5e7-39f8-b21d-8f5e6774e449,42.483953,-71.43849499999999,978-263-0007,6845.479999999995,53
7c127bc1-11f9-3b49-8380-5bf7bdc4bff5,42.082543,-71.024638,508-580-8682,7491.279999999994,58
d66fd17e-6ece-39db-a9c4-e11e0c0e3f8c,42.284767,-71.714228,508-845-2323,25315.35999999997,197
81e40e81-e2d5-3c14-9920-d5ede402018a,42.535183,-71.105423,781-245-1900,34485.720000000016,267
5d25ed60-7162-384f-9598-45bcedf375b9,42.700273,-71.161357,978-683-0488,14078.439999999988,109
953c015e-13ea-33c4-8a4c-4a14948fc89c,42.376043,-71.11868,617-665-1000,3745.6399999999994,29
d65460f9-42a7-3db9-a454-e9771027f81f,42.405938,-71.054649,781-388-6200,14595.079999999987,113
2a65f7b6-b39e-318c-8fe0-d2e89856aae0,42.390445,-71.101033,617-591-4500,25444.51999999997,197
75b229dd-034e-3a4b-bf5d-ff3df2669446,42.059669,-72.03404,508-764-6041,5941.359999999996,47
b5f3b7fd-e6d5-3cd1-ac77-a0e9e4815087,42.205416,-71.00216800000003,866-389-2727,12915.999999999987,100
799f4ef6-d0b4-31ee-83e5-1030880f16b2,42.261006,-71.008988,617-774-0600,17307.439999999984,135
7b5f2dc3-4f3b-3ee0-a9a8-a74f9bd7ec75,42.126883,-72.430952,413-279-1435,18599.039999999983,144
5871cb23-b871-3709-bb5a-f518333a7d3c,42.45184,-73.260685,413-447-2695,7749.599999999994,60
e3b0abc7-c82b-37be-9432-f3efc410c4f4,42.742751,-71.178588,978-687-0156,3745.6399999999994,29
27070e2f-37be-367b-92ef-f67225f3014e,42.556659,-70.84496,978-927-1919,10978.599999999991,85
6d72d80a-a24d-3f4c-b9a3-e38a00047e23,42.390445,-71.101033,617-591-6300,19632.31999999998,152
96fa3bc2-4c38-3120-a15f-28f5d80f9523,42.206676,-70.94584499999998,781-792-4136,7362.119999999994,57
a75a4008-fd5b-3248-ba76-3ffdbe2c9dd0,42.578222,-71.084398,978-664-1990,3358.159999999999,26
aae540b1-016c-3d53-83c1-c66be3aa906a,42.076682,-71.47449,508-883-0600,91186.96000000156,708
a1666cb4-3cfd-3ce2-afb3-827434002db1,41.661303,-70.937913,508-973-5919,9428.679999999991,73
bc1782d3-4317-33ef-b8b4-b5978a0592d7,41.633619,-70.871306,508-973-3000,18986.519999999982,147
cf0222f3-f13e-35ec-9645-cff5b59b82e8,41.758163,-71.21418100000001,508-973-1570,1808.2400000000005,14
cdf386fb-f59a-36dd-8696-4be25562217f,42.198708,-71.846006,508-832-9621,9557.839999999993,74
624782b4-efde-374b-a59a-dcd2821c0403,42.63898,-71.321141,978-459-2273,19503.15999999998,151
620bdf78-a6e9-3701-80df-c7814fc6b760,42.115454,-72.539978,413-794-5439,5166.399999999997,40
a6e9819c-e1a0-379c-bf90-23ed94f1dbb1,42.33196,-71.020173,617-783-5200,6587.159999999995,51
6e959a29-9aa7-3907-8cc3-1e116aa64f6e,42.782945,-71.087436,,4133.119999999998,32
a350c701-3b58-3475-a99b-8da8eba37ccb,42.082543,-71.024638,508-427-3000,6457.999999999995,51
836e59ef-f889-384f-8d45-c8293d439dcb,42.503227,-71.201713,781-744-5100,6457.999999999995,50
8fb23998-be0b-3859-a482-b11a65fc070d,42.534279,-70.969782,978-532-6111,7232.959999999995,56
5db33d20-73e9-3928-b501-9496a97194ee,42.115454,-72.539978,,8395.399999999994,65
26d45cb3-23cb-32d2-a052-332cc6a2ecdd,42.299625,-71.52842700000001,508-486-4472,10591.119999999992,82
0ac49583-9a60-3141-86eb-0346bce1fc66,42.376043,-71.11868,617-258-6896,8653.719999999994,67
824a4c6d-cc8e-3c38-8e89-9eec39f83309,42.390445,-71.101033,617-625-0006,29190.15999999997,226
69309bae-a5a3-3089-a731-913baac00981,42.33196,-71.020173,617-971-5766,11753.55999999999,91
6b917120-a4d4-36f1-896b-0929f9bf5d77,42.383367,-71.42107,781-541-5111,4778.919999999997,37
409e05d0-d695-3ac5-b83e-591c57e5c4c2,42.261006,-71.008988,617-302-3343,16661.639999999985,129
c7e65d5e-770e-3edc-87d2-af935a53ed8d,42.534146,-71.038333,781-246-2010,34873.200000000026,270
85dabf59-8670-3b9b-8ef5-9a5da8c498c7,42.700273,-71.161357,978-685-1770,17565.759999999984,137
57f4cb3f-5416-3164-8bc5-d2a789679ed3,41.747513,-70.066223,,8137.079999999994,63
8c35036f-47d7-3e93-9410-e6f7acd9cc77,42.123007,-71.53140400000001,508-482-5401,54118.04000000055,419
d33ab2c1-a8dc-3589-8f4f-e29dfb607e44,42.115454,-72.539978,413-794-9338,5166.399999999997,40
fb0060aa-24f1-3bf1-ab6e-2b944b076c47,42.205416,-71.00216800000003,781-884-6300,7749.599999999994,60
edf14110-aae1-3d91-bbcb-5a2f24c46c64,42.390445,-71.101033,617-591-4500,27769.39999999997,215
dec32d2a-8298-36df-8022-ebb1a24789ae,42.520876,-71.770611,978-466-8820,15370.039999999986,119
43b77108-4547-3c72-96ec-799b063a0b4f,42.33196,-71.020173,,4778.919999999997,37
395511c8-1458-382d-9f1d-7d2f6088a0b7,42.468432,-71.01394599999999,781-941-5002,41977.00000000022,326
95e0bd77-6014-305c-8a2b-cbe96f40b29b,42.211656,-72.642448,413-534-2820,7491.279999999994,58
a895695b-a7a0-3d8a-a3d8-c7428168d48a,42.33196,-71.020173,617-789-3000,7491.279999999994,58
d80a9594-f6e7-3fc1-87fa-5e5efb3ec490,42.125451,-72.649734,413-592-1980,6716.319999999995,52
0370a670-9e18-333e-b00f-8972f4b4144f,41.903324,-71.094987,508-828-7000,4133.119999999998,32
a1c89634-b40a-38db-b362-c1ad9a99772f,42.63898,-71.321141,978-934-8237,21311.39999999998,165
ea523243-7b04-32ab-8d93-3e71a8623311,42.323853,-71.142003,617-363-8010,10591.119999999992,82
371d5d73-07d1-3dee-8fe0-abf82205ff02,42.082543,-71.024638,508-897-6125,3874.7999999999984,30
95661d71-f1b0-3065-a506-1d6bd081cbde,42.33196,-71.020173,617-506-4901,16015.839999999986,124
776ce3b8-fe48-3c2f-8a45-d691d19c4e38,42.323342,-71.646236,866-389-2727,8782.879999999994,68
95f1fe9a-3755-3b65-b23f-b6fdb9cc713d,42.269478,-71.807783,508-856-2500,5683.039999999996,44
78289108-024e-331e-b7e6-fb6c0580179a,42.211656,-72.642448,413-540-1199,17565.759999999984,138
e59ef25b-ec16-3040-a0f1-e974aad7bbd9,42.376043,-71.11868,617-665-3000,11882.71999999999,92
c8bd818d-4128-392f-9c65-c13595b8bdbc,42.742751,-71.178588,978-687-0156,7878.759999999994,61
519b6db9-883a-3582-b5b4-becca85d69d6,42.198708,-71.846006,,18340.719999999983,142
8b5cc350-008c-3f97-ac95-f22004a178a0,42.612088,-71.227845,978-710-6254,14465.919999999987,112
0235255d-a9fc-362e-b6b2-b66b20b19776,41.931653,-71.294503,508-761-5650,40039.600000000166,311
bb642d86-e01b-3087-ae77-4cd9621b3ca5,42.064731,-72.653477,413-789-6800,18340.719999999983,143
206738a3-7e2a-39d2-9f3e-59e4c066c611,42.474208,-71.097665,781-279-0971,3616.479999999999,28
554a16ad-e876-383f-85e2-e4641744175a,42.082543,-71.024638,508-587-5252,2970.6799999999994,23
b03dba4f-892f-365c-bfd1-bfcfa7a98d5d,42.175668,-72.572257,413-552-3250,25315.35999999997,196
8df56ce5-0ddb-3987-8240-462a1e62a9e5,42.601977000000005,-71.81586999999999,978-342-6018,16790.799999999985,130
27f72ce2-5067-3a5d-b6cb-4e597eb27c5e,42.115139,-70.71033100000001,781-536-4034,1291.6,10
00496a63-e8d5-36c3-a4d8-f606b920fae2,41.931653,-71.294503,508-226-0213,15499.199999999986,120
9cc3a583-4463-3948-8a9f-6900e895fe74,41.965341,-71.18178,508-285-5533,31127.55999999997,242
02f811fd-f293-3058-805f-00ca7fa686d5,42.082543,-71.024638,508-897-6030,9945.319999999992,77
1928cf88-29c9-3186-89d8-012f534f1e83,42.158692,-71.521419,,8395.399999999994,65
3b90daef-33e8-3b88-969d-1fc1166b210c,41.903324,-71.094987,508-821-0671,5037.239999999997,39
9f7e71b9-5061-317d-bb60-e5a99609a255,42.047075,-71.845805,508-949-6880,6974.639999999995,54
d7d965c6-deeb-39e1-ab10-a10a7b3d628f,42.405938,-71.054649,617-843-0700,9170.359999999991,71
260d6fb7-e876-3d3e-91a6-d7bd2e731d0a,42.566573,-71.575135,978-784-9325,6716.319999999995,53
912d1e11-3999-3cef-b18a-83ec1245bc11,42.176526,-71.603588,508-529-7000,7362.119999999994,57
ed8982b4-c117-3cb4-8a9e-6d34db106d8a,42.376043,-71.11868,617-575-5570,8782.879999999994,68
f8131e95-1ea0-3171-86a0-6a79cf0896e1,42.483953,-71.43849499999999,978-881-0090,16790.799999999985,130
414de9d3-366b-3562-b78c-055526ae818d,42.648044,-71.161751,978-269-0030,8653.719999999994,67
16ed89ff-8a1b-37f9-90ae-7d3342874744,41.579794,-71.081822,508-636-5101,30094.27999999997,233
37f29053-304e-3f5d-86fa-902eb0166310,42.423844,-71.10923100000001,781-306-6000,10332.799999999992,80
28949dc9-9c56-36bd-acfb-9d356ef9c7a2,42.331876,-71.208402,617-724-1032,4391.439999999998,34
c6db888b-4493-3791-82a5-f3ade8d5bc96,42.187364,-71.195971,,4908.079999999997,38
c7d7d48d-bbf7-3ac1-ad9e-12d29a3188ac,42.269478,-71.807783,508-595-2700,5424.719999999997,42
df76bc71-42fa-3806-a284-af4dd624a519,42.468059,-70.89126,781-599-2600,23636.279999999977,184
7282e4b5-bec3-39c4-ab32-482f6ef0f44f,42.411887,-71.690005,866-389-2727,26865.279999999973,209
fadaa7d4-d486-3b21-a4b7-0f7a119191a3,42.338551,-71.018253,617-355-6000,9299.519999999991,72
f832c6a1-c260-32d7-97e4-5b841c399906,42.059669,-72.03404,508-764-2772,1679.0800000000004,13
c29aa635-507f-3064-b98b-2c10ae7a3c96,42.323853,-71.142003,888-980-0505,7620.439999999994,59
a73d9755-246c-3e55-8d71-f720bc20e2e0,42.396824,-71.031348,617-884-8300,50501.56000000045,393
e4f34df3-65d4-3e95-86f6-87e23a93d20f,42.082543,-71.024638,,9299.519999999991,73
5c900690-e695-3e69-a4cc-5f538ac3a04f,41.834412,-70.957166,508-973-2432,13820.119999999988,107
a6c98be1-f030-36ea-9d4a-a6a534fe6b2a,41.875179,-70.74671500000001,508-866-1003,32935.799999999974,256
01c2260b-21d2-313a-8cef-2f9b37678301,42.269478,-71.807783,508-363-6055,6328.839999999996,49
6afd4187-5831-38d4-a093-dc89d5c739eb,42.455723,-71.05901899999999,781-979-3000,8007.919999999994,62
8a334beb-ae3e-3195-bc5d-1081ce20a547,42.284767,-71.714228,508-845-1436,32419.159999999967,251
28fe8f7a-635c-3276-82a1-cc418e91d159,42.082543,-71.024638,508-941-7268,2841.5199999999995,22
db3b01cb-53db-3540-a965-580a459c3e78,42.126883,-72.430952,413-596-5550,11624.39999999999,90
6a6909c5-55ad-35e4-8f1c-7b0407c5b691,42.50436,-71.064061,781-620-4888,9041.199999999992,71
ea3212e2-5e6b-388f-b1ef-fd3e8f71a037,42.63898,-71.321141,978-937-6240,12141.03999999999,94
d7e72df4-5d7e-3cc2-838b-675fa017362c,42.395317,-71.180284,617-855-2183,18340.719999999983,143
9c8ac7a4-861d-32b5-b7e1-273b08d20cc4,42.059669,-72.03404,508-765-7860,11236.919999999993,87
819ad437-19fa-36e7-86f3-54cacd35989d,41.293416,-70.10216899999999,508-825-8100,22473.83999999998,175
b641f7a5-3f5c-36a9-adc3-2242f8d553ec,42.338551,-71.018253,617-732-6039,4391.439999999998,34
14fcd22b-2042-3307-b5d9-69ea762fa886,42.115139,-70.71033100000001,781-834-7433,16661.639999999985,129
c83ace01-0443-3858-9fce-8aeaffef9dc6,42.700273,-71.161357,978-687-2321,8912.039999999994,69
c23c229d-7be1-3227-b288-9f43b4d907c2,42.376043,-71.11868,617-499-5075,14207.599999999988,110
ef582a20-1672-3ed2-8d76-5093a68597dd,41.903324,-71.094987,508-824-3782,15240.879999999986,119
785e410f-5894-3d81-a4a7-0319d517db52,42.067804,-70.805713,781-829-7000,3487.319999999999,27
3958a993-a5fa-35fa-8cc0-af4eaaf9f6f5,42.206676,-70.94584499999998,781-624-5000,10978.599999999991,86
a91d8332-4ebc-30a5-b07e-baaa9d47de02,42.742751,-71.178588,978-687-0151,17565.759999999984,137
6386e04b-9dd1-3b18-8ab9-9533b4ccca07,42.338551,-71.018253,617-414-48413,1549.9200000000003,12
26770c30-9b9f-36db-a8a1-0383337c6a6c,42.281593,-71.242414,617-754-0650,7749.599999999994,60
270b869f-2cf4-32c6-a9d2-4e1155639a69,42.281593,-71.242414,781-444-1839,11882.71999999999,92
6103d742-31b1-3e24-9552-034b3b85ae3d,41.734214,-70.430683,508-833-4000,31902.519999999968,247
630a681a-a38d-374b-92c2-a6aeb1f4024d,42.284767,-71.714228,508-842-6502,21440.55999999998,167
13beca5a-3f0b-32ca-9340-824bc17fd1c5,42.284767,-71.714228,508-831-4080,24798.719999999976,193
db1d8aa3-3b7c-31b2-aff5-5d8f7a6c4f4b,42.241557,-71.082432,617-696-4600,7103.799999999995,55
61922e36-802e-30e2-972f-611649f2ba6c,42.474208,-71.097665,781-662-6400,10591.119999999992,82
79359695-f51b-3132-8f81-3316b1faabf7,42.275462,-72.280158,413-967-6211,6070.519999999996,47
901422c9-395b-336c-bd61-7d19d899c6f1,41.725351,-71.094162,,6199.679999999996,48
7fee9f69-bbb3-38df-ad31-7b8e0fa981ed,42.383367,-71.42107,978-579-0009,14724.239999999989,114
e70b0cc7-ea2a-3561-a7d2-0b1e1445d31e,42.648044,-71.161751,978-470-1616,6457.999999999995,51
0d2574ad-981b-3f91-a62c-ca6bdc466733,42.323853,-71.142003,617-278-1700,14724.239999999989,114
ca424203-bd79-3a84-bdb0-1144382a31f1,42.582607,-71.720464,978-582-4587,23894.599999999977,186
47a5a67d-a994-33e2-9465-f41f9ee425d7,42.700273,-71.161357,978-946-8455,8395.399999999994,66
b03fc3de-c3d4-3b22-bf49-505681e1ab98,42.246872,-71.179462,781-237-5585,8524.559999999994,66
3f5657e2-decb-39ba-8e66-6792c9c0b02d,42.323853,-71.142003,617-731-6333,4908.079999999997,38
648fb45e-8fb9-3a16-97ec-be8a9272b389,42.423844,-71.10923100000001,781-395-4761,23119.639999999978,180
cdf89e08-0a8e-382f-bac9-1f4f46330a5d,42.33196,-71.020173,617-789-2740,3874.7999999999984,30
98de572f-c239-304f-8617-0fe8ec947381,42.323853,-71.142003,617-735-8910,10461.959999999992,81
964726a2-0e8d-31bc-b8ea-e6325d91d677,42.307905,-71.436196,508-665-4390,10849.439999999991,84
ac17850e-9ee0-34aa-86b0-7814530f26e8,42.612088,-71.227845,978-851-4683,11753.55999999999,91
64a427fd-12b2-3ac6-9739-c8de163e8c7a,42.158692,-71.521419,774-462-3339,3616.479999999999,28
7827eb8c-3bd9-34d0-b517-ccddbb14b617,42.349617,-71.547214,508-486-5521,4133.119999999998,32
c1431f56-8eaf-30a7-b5f0-95bd43ebb2ba,42.483953,-71.43849499999999,866-389-2727,16919.959999999985,131
1c1c5630-8873-3a41-9191-b149cd005661,42.742751,-71.178588,978-687-0151,4520.599999999998,35
c90d3056-be4d-39ee-9523-1dbaa24470c0,42.42938,-71.058706,781-605-1225,23119.639999999978,179
7ec9e63e-1ab2-342e-bbf6-dc05513d8c7d,42.474208,-71.097665,781-279-0971,8653.719999999994,67
557db37a-c0e8-392a-a082-eeb21958b46d,41.725351,-71.094162,508-973-5919,11495.23999999999,89
dab3f643-33af-3712-950d-14176198d9a5,42.082543,-71.024638,508-897-6250,6716.319999999995,52
6610f0ff-9416-32f8-b128-c3fedb637305,42.564647,-71.164516,978-694-1440,3358.159999999999,26
050053d3-dc28-38de-a7bd-ca63b8aa31e3,42.224096,-71.54048900000001,,5424.719999999997,42
9de9f832-7a10-3999-a83b-6fcb41093e11,41.647227,-70.249978,508-273-1940,11882.71999999999,92
9672176f-be51-3b14-b86a-6310aa016b24,42.241557,-71.082432,617-774-1717,24282.079999999976,188
eeef6fbe-a883-3739-98f5-c8a00d96a15e,42.390445,-71.101033,617-284-7000,12141.03999999999,94
967f48f7-7b19-389b-bb6f-5f4bd766beaa,42.585541,-71.44025,978-323-0302,11882.71999999999,92
d157f29a-3458-3135-8c13-90ce14ec3ead,42.198708,-71.846006,774-221-5135,7103.799999999995,55
86f5a86b-9cb4-3b31-9ef1-4694e3fc359e,42.115454,-72.539978,413-782-0320,3099.8399999999992,24
240588ee-be2f-362c-92e3-b4724a0f27a9,42.597055,-71.3697,978-735-2375,11495.23999999999,89
3c402160-c590-39c1-b9a2-96bfcf3a7a7e,42.574174,-70.95051600000001,978-739-6900,4520.599999999998,35
c7e5f085-09bf-3431-aeea-a02f898ca4a8,42.323853,-71.142003,,14853.399999999989,115
af70005a-233c-3af4-a5b1-5017a8d3be14,41.646686,-70.999158,508-973-9150,7620.439999999994,59
6ade82be-b7cc-34f6-b992-de16d4c1f9dc,41.646686,-70.999158,,20665.59999999998,160
4b637ba0-7388-3f96-8405-a11bec2ff0f8,42.108463,-71.185182,781-784-9212,9816.159999999993,76
25de203e-65ec-38a3-af09-63fda1bb8ba5,41.633619,-70.871306,,48047.52000000038,372
45bc0574-077f-30c7-a450-7f06151d7518,42.219645,-71.216768,781-776-4094,11753.55999999999,91
19bff90b-d431-3ef3-9ada-dc6927356045,42.211656,-72.642448,413-535-4757,6587.159999999995,51
94e3c32a-69b3-323e-9d98-0643b2179c3e,42.782945,-71.087436,978-469-9412,2841.5199999999995,22
04842e49-944e-3779-954d-2657371330b5,42.084858,-71.41057099999998,508-541-9111,17565.759999999984,137
9b1f70d0-e48a-3bb5-8900-6580a13d5596,41.916805,-70.0271,508-349-3131,33581.59999999999,261
03309df6-cdd9-30cf-92a2-f3621d95c917,42.205416,-71.00216800000003,781-348-9041,21311.39999999998,165
725ffbb5-a9bd-38c3-a077-a5181df49b7c,42.499248,-70.898204,978-741-4171,5424.719999999997,42
3cba4ba0-5f38-3377-a162-d81fda610d23,42.363534,-72.50729100000001,413-549-8400,17436.599999999984,136
7aa18db6-5e09-33a3-83e0-a345ee2370d7,42.082543,-71.024638,508-584-8160,4520.599999999998,35
1c6a1789-df11-3932-8951-4ffcb869fe51,41.965341,-71.18178,508-285-9500,30352.59999999997,235
09997977-b00c-3b2a-b5d9-3cab9ea78175,42.246872,-71.179462,,13949.279999999988,108
ebaa14cf-25b6-32ec-b5e5-10d0cfc496b2,42.574174,-70.95051600000001,978-882-6337,6716.319999999995,53
c5eb5ad4-8db0-3548-9a4f-a4f053309534,42.648044,-71.161751,978-686-4343,7103.799999999995,55
c973a7f8-3367-3a49-850d-28de92af0e31,42.281593,-71.242414,781-449-4040,5424.719999999997,42
e66e619d-3f9c-380e-9a1e-ac2e1fd258de,42.421005,-70.99036,781-485-6060,36293.96000000007,282
9f3e684a-6246-3061-ac2f-c68e89b95921,42.338551,-71.018253,617-626-8914,10461.959999999992,82
1749ca08-6bfe-32aa-8ebb-262dd2002202,42.520876,-71.770611,978-537-9327,9816.159999999993,76
43d7bb16-1842-3ebb-b9c5-352e7b2d8a3a,42.45184,-73.260685,413-499-8521,7878.759999999994,61
fa39b515-ef6d-3b4f-80cb-55d6c482aadc,41.875179,-70.74671500000001,866-389-2727,20019.79999999998,155
2f02c665-85f6-39ba-8cdf-430ce2e80329,42.584206,-71.988737,978-630-6460,6716.319999999995,52
d396aeb8-6f2e-3af7-a9a3-c126704b1eba,42.307905,-71.436196,508-838-1000,4003.959999999998,31
8d0740fa-386b-38f1-8a15-7b2e8f9b7b86,42.612088,-71.227845,978-328-5000,36810.60000000008,285
799f61e1-0d7e-3ec4-ba20-a02e677de743,42.246872,-71.179462,866-389-2727,20536.43999999998,160
b74fff2e-4fdd-3ba2-9c47-00c4de8bf730,42.338551,-71.018253,617-789-2740,11366.07999999999,88
a5293bc6-5361-39ee-a9ac-88384d1f10c3,42.281593,-71.242414,781-400-1383,3745.6399999999994,29
bcb413fc-1a04-3318-8333-7b17a5da7ded,42.338551,-71.018253,617-636-5000,8653.719999999994,67
221d8778-d4a5-36de-9ae2-b337017a74a6,42.323342,-71.646236,617-302-4194,11366.07999999999,88
a4c55ef4-74b3-3190-9dda-6b5672a0f8af,42.281593,-71.242414,781-453-3696,9041.199999999992,70
b4a0183f-3e81-3b5d-b601-08fdc2cd6be1,42.369451,-71.177925,617-923-4400,5424.719999999997,42
49276937-eda9-3e99-a2b8-d7ef81921309,42.742751,-71.178588,,10978.599999999991,85
a7966727-f46d-3db2-9c7f-7eb7ef4a148b,42.082543,-71.024638,508-897-2000,5037.239999999997,39
cb9c7385-9347-3d7b-aa02-d7b969a427c9,42.323853,-71.142003,617-730-5337,3616.479999999999,28
a0f92a63-5680-3227-bda4-8e53a5577f89,42.405938,-71.054649,617-389-0045,19373.99999999998,150
febfccf8-0158-3f06-b8df-a110775a1769,42.284822,-71.348811,781-431-0060,6716.319999999995,52
74ffc92f-71c3-342e-91c5-9375570326ef,42.499248,-70.898204,,5295.559999999997,42
9aacfe6a-7af2-3e78-8547-9ca6dcf3ae01,41.897892,-70.62403,508-732-8700,7232.959999999995,56
beee1ea6-0c28-3f45-87bc-3f57e2607d28,42.418848,-72.10659799999999,978-355-6321,9945.319999999992,77
b0005749-ade9-3861-8be7-8243dab881ae,41.646686,-70.999158,508-973-6650,8266.239999999994,64
4dba4389-0c82-3bbc-a8c0-ade3a492d401,42.261006,-71.008988,617-471-0033,7878.759999999994,62
caf3d929-92cf-39b2-b8a2-1b8f4a602628,42.63898,-71.321141,978-452-9700,28802.67999999997,223
a41d04a3-7fc7-3696-9018-346595c6f34d,42.33196,-71.020173,617-288-3230,8395.399999999994,65
c1fc0885-dcb7-33df-afe9-677a840b25c6,42.338551,-71.018253,857-350-4544,8524.559999999994,66
1a369e79-b58b-3e78-9b89-e3c5fcc6bef9,42.138838,-72.755911,413-527-2973,2324.88,18
575bf2c6-5e9f-358a-b425-ce2949c9659b,42.395317,-71.180284,617-855-2000,11624.39999999999,91
4dced991-0bd7-3d30-aefa-0b8a608221aa,42.575924,-72.229618,978-249-3511,21182.23999999998,164
f8f2e50c-ce0e-394a-8c2d-d3d8f543fcfa,42.675551,-73.11810899999999,413-445-7246,8912.039999999994,69
777c1bb4-f5dc-3381-a4d6-e85f0b9808bc,42.673909,-71.091334,978-788-7782,12915.999999999987,100
5d706a23-cce0-346e-8d23-93981f14bc93,42.187364,-71.195971,781-762-9010,9041.199999999992,70
37326c29-db0a-3eb4-a827-8e9fab088ca7,42.062378,-72.498111,413-794-9336,5553.8799999999965,43
82b60627-d0a4-30ad-b931-58efd96093ae,42.452752,-71.144319,,18340.719999999983,143
5ce0f225-3202-3c0a-af71-78ddb9071ffb,41.972376,-70.978773,508-697-3677,12657.67999999999,98
2d8df4bd-9441-3cfc-8537-8b3652ea64e0,42.064731,-72.653477,,5166.399999999997,40
58cc9932-9185-3dfe-8b6a-832abe9fab9c,42.047075,-71.845805,508-943-5132,10332.799999999992,80
64a00792-3039-3d72-a727-e6e23c273985,42.323853,-71.142003,617-734-2433,4908.079999999997,38
08c2224e-2ec2-3f26-be51-b1ae5e7e3d7f,42.42938,-71.058706,781-665-9500,25573.67999999997,200
6d31be8e-d1b3-3e16-bace-b4cb2b955318,42.556659,-70.84496,978-998-4601,5812.199999999996,45
45ce5c35-4097-3c44-a9a9-ab4430328077,42.376043,-71.11868,888-980-0505,7362.119999999994,57
c1ed0829-ee84-3746-98c2-181289b064ff,42.742751,-71.178588,978-965-6002,10074.479999999992,78
0871f090-09bb-3e6c-8381-ca5ac76a3937,42.418722,-71.163912,603-427-8066,17178.279999999984,133
a1708d6f-8f9b-34a3-b991-09c3db2ea777,42.585541,-71.44025,978-323-0312,5812.199999999996,45
1ff2e3aa-8234-3a06-a1f7-c622d7b2c1d8,42.012797,-71.336578,508-698-0055,35260.68000000004,274
d7c6981f-36ae-3a75-898b-d6fabc74a79a,41.594939,-70.599243,508-540-7555,7491.279999999994,58
4ec16668-4826-37ce-9311-49d2b396fa14,42.323342,-71.646236,508-466-8677,16532.479999999985,128
4765a65b-055b-3df9-80f6-1324cf620fb9,42.782945,-71.087436,,13561.799999999988,106
84e46a53-a5b6-3323-9639-b6b495cb7a85,42.082543,-71.024638,508-580-4691,7749.599999999994,60
8b2f7ccc-febf-3303-9dfb-05bf64d92f16,41.931653,-71.294503,800-488-5959,34485.720000000016,268
895f9c6f-e835-3d99-9a6d-6721c24a8b25,42.012797,-71.336578,,21698.87999999998,168
57c7559d-b4b7-3d86-85ba-1ce898f9085e,42.423844,-71.10923100000001,,7620.439999999994,60
281b677c-ac98-3d97-904b-69aa9536173c,42.648044,-71.161751,978-388-4500,7878.759999999994,61
2e147831-e035-37bb-a244-ad56ebe43b95,42.5546,-71.90544,978-874-2662,17436.599999999984,135
d280bb3c-0c3d-327f-aefd-45bce5923116,42.670643,-71.602858,978-433-6317,17694.919999999984,137
80f0cc62-2970-3ea1-bbf9-c98934f59dd5,42.269478,-71.807783,508-471-5600,8266.239999999994,64
d7dd340b-7155-3b94-bc4c-81815eeef699,42.275462,-72.280158,413-725-4214,1420.7600000000002,11
eecf520b-fa40-39cd-a3f1-8d2891476257,42.115139,-70.71033100000001,866-389-2727,15757.519999999986,122
b59a917a-1369-38da-9318-dc1ef9d86c40,42.585541,-71.44025,978-323-0312,2066.5600000000004,16
6c8a094e-67cc-3820-b09f-5aa887eea43b,42.782945,-71.087436,978-374-2000,3099.8399999999992,24
eaecc8bf-2af6-3093-9082-26745a248f0e,42.612088,-71.227845,978-658-9931,9945.319999999992,77
51e3d6ea-1ae4-3448-817a-40144a5f73e3,42.246872,-71.179462,781-329-4579,11236.919999999993,87
f5c68feb-cf84-3dca-80ef-a2236a78a946,42.367858,-73.269763,413-344-1700,3099.8399999999992,24
0b9f3f7c-8ab6-30a5-b3ae-4dc0e0c00cb3,42.175668,-72.572257,413-523-0999,37068.920000000086,289
28449ded-6089-3ef3-9a79-63b560dd4489,42.423844,-71.10923100000001,,14595.079999999987,113
72791e99-8026-3d2a-b8c4-c50e1f42b728,42.338551,-71.018253,857-654-1850,5295.559999999997,41
a5cac4f4-87b6-3b92-8db1-580a628f67e9,42.115454,-72.539978,413-782-1800,9428.679999999991,73
18a115da-1a29-3da6-a671-898b49a908f6,41.725351,-71.094162,508-973-7558,9686.999999999993,75
e69a9636-a460-349b-8676-47f7a1984c0f,42.33196,-71.020173,617-296-4000,18211.559999999983,143
4462162b-2c23-3262-b9c0-707e3f5de503,42.390445,-71.101033,617-629-6220,22861.319999999974,179
b6f7afdd-ce7b-3cb8-99a0-d18b3f4ac43a,42.261006,-71.008988,866-389-2727,17565.759999999984,136
c1c122c6-e60e-3949-90dc-76e84326103b,42.062378,-72.498111,413-526-9924,14982.559999999989,116
82aad3c0-ee73-3900-bde2-4e6573fdaa5b,42.241557,-71.082432,617-696-7601,42493.64000000023,330
8d64552e-b21e-3da0-8129-e1c6d79ba429,41.667083,-70.200793,774-207-8023,10849.439999999991,85
20f65b95-7a7c-3ffc-bf82-7611d89b1f24,42.585541,-71.44025,978-323-0302,32031.679999999968,248
4a0ced78-ddc4-3ee6-bfd8-2145ade2326a,42.423844,-71.10923100000001,978-395-4400,6587.159999999995,51
79926194-0a2f-3879-8fd1-a94bd20b7c98,41.897892,-70.62403,508-732-3030,11236.919999999993,88
a66e7140-19ce-35d4-ba16-3cbb5268cf07,42.63898,-71.321141,978-937-6000,8524.559999999994,66
dc095c40-7107-3657-a6bc-8780c00a8183,42.224096,-71.54048900000001,508-435-5936,6328.839999999996,49
d3c7618f-f728-3a28-bbdf-ae2f6c3ed480,42.307905,-71.436196,603-479-4082,7232.959999999995,56
15b2e50d-b94b-3059-a8a7-9806983fb8a1,42.115454,-72.539978,413-794-0900,8137.079999999994,64
be25470e-c855-3202-8198-2157cf238c7f,42.338551,-71.018253,617-355-6000,4520.599999999998,35
b0360d7f-9c72-3a9e-adad-8c4bcc0c2679,41.683488,-70.510786,508-833-1569,26606.959999999974,206
e5722d6d-2861-37d9-ba68-a25d187e587e,42.246872,-71.179462,781-329-0909,15111.719999999988,117
64c010e9-9dc9-37ad-9517-ca937a503c77,42.376043,-71.11868,866-389-2727,15886.679999999986,123
33e6da9b-f109-3597-907f-6dee1aca9a22,42.673909,-71.091334,978-683-9201,4003.959999999998,31
9e4fd3b4-7a24-3a9d-b8b4-2d7ca4144024,41.56651,-70.958229,508-996-3991,49468.28000000042,384
a45a7aa4-134a-3229-86b8-997fd829740c,42.084858,-71.41057099999998,508-528-5723,25444.51999999997,197
6c675e35-4616-3f04-adc2-a276a6a24e22,42.499248,-70.898204,978-741-9500,15370.039999999986,120
7dcb5cb6-5c36-3c80-9e8c-eca5319ee530,42.390445,-71.101033,617-623-5487,19632.31999999998,152
9047835e-6ddf-370e-9693-6e1a49b4da48,42.269478,-71.807783,508-752-7888,7620.439999999994,59
c78e72c8-63f2-3fe3-a2b1-d3000ff78d0c,42.376043,-71.11868,617-547-7163,3099.8399999999992,24
6fa6fde4-6727-3e1a-8574-6e8a61a866ef,42.474862,-70.96218499999999,781-581-9200,17565.759999999984,136
8d11079b-dd8b-3486-bbfb-52d1052c596e,42.742751,-71.178588,,13045.159999999987,102
280899a5-d8cb-3b07-8236-0067f8ba54f0,42.33196,-71.020173,617-288-1140,19890.63999999998,154
16cc9727-9f60-3f98-825e-4e1264b827bf,42.195951,-71.45343000000001,508-429-4940,11366.07999999999,88
aba8963a-6ee6-3f10-8d9f-16fe178e2ef3,42.559673,-71.260947,978-362-2443,20019.79999999998,155
89b619e4-de26-3949-873b-43a255bf057c,41.76104,-70.701779,508-973-7215,9686.999999999993,75
20d02c8d-34cd-31d3-96b8-8a86203d5bf0,42.388921,-71.24226800000001,781-444-5141,14982.559999999989,116
f66dc930-9afa-3994-8676-0c23f1d3d7a3,42.66495,-71.712025,978-597-9091,44689.36000000029,347
441e7d33-4099-361b-98ab-f71a5d97ba6e,42.418722,-71.163912,781-648-3007,5166.399999999997,40
25a8e9d9-96a8-3e97-8478-2dc024858340,42.125451,-72.649734,866-389-2727,3228.999999999999,25
0862c2e8-823e-3fb0-b162-6838e34264d4,42.275462,-72.280158,,7878.759999999994,61
86ddfcc4-2739-3341-9a65-305e74c5ff59,42.128937,-71.655787,508-372-3510,25315.35999999997,197
a1a0ab7f-3ea9-3fae-b264-90bc1c80a038,42.327044,-72.67463000000001,413-586-9866,7620.439999999994,59
fd2a0280-a31e-330e-a259-7c1425fa2e2b,42.33196,-71.020173,617-282-3200,4520.599999999998,35
fc5293aa-b153-3323-ab5a-086457b72cf8,42.390445,-71.101033,617-665-3370,22861.319999999974,177
999d0c83-deca-38ce-bd80-7fdf15e1cd43,42.452752,-71.144319,781-756-5000,10332.799999999992,80
7bdd7bd6-d521-3b19-81b6-ce2ed80d9e74,42.119967,-70.957211,781-878-1700,52438.9600000005,407
2c3ab661-ba5f-376e-bd5b-b7ebd67fe5b6,42.559673,-71.260947,978-667-0481,26994.439999999973,209
edafffbd-058e-3a96-ae53-81dd93a92213,42.390445,-71.101033,617-284-9418,33710.759999999995,261
9b90bb47-6287-3133-a7ed-441412191cc0,41.293416,-70.10216899999999,508-825-1327,41718.68000000021,326
de727244-f40e-3976-bcb5-617cefc2b861,42.261006,-71.008988,617-774-1717,24411.239999999976,190
a6e8e475-d007-3670-9273-f3944978b413,42.33196,-71.020173,857-307-3300,6070.519999999996,47
271de365-22a4-3f6f-938a-3bc1d1b6372a,42.600633,-70.883303,978-524-0000,39652.12000000016,307
fa56c5cb-6d14-344f-9610-7e7c58d3fac2,42.27901,-72.400468,413-323-1020,12399.35999999999,96
3e03121e-d466-3145-ba6f-83082984c6cc,41.725351,-71.094162,508-679-7734,9816.159999999993,76
6445a2bb-0824-33b2-9e35-f147141e24c8,42.187364,-71.195971,781-278-6264,1937.4000000000003,15
8949e7b9-f8ae-3aec-9bc4-39cd07aa0a4b,42.017302,-71.21641,508-964-5560,10074.479999999992,79
91712a4d-c0e4-3846-b902-1839bb03c76e,42.138838,-72.755911,413-533-2900,6974.639999999995,54
63cc71eb-cd39-3a36-bb22-7806fddf7627,42.338551,-71.018253,617-522-4400,1549.9200000000003,12
24920d2f-9301-3754-9586-f1c7b54324cb,42.119967,-70.957211,781-878-5550,23894.599999999977,186
9b4b04bd-4ac0-386e-94fb-5aead18273c3,42.175668,-72.572257,413-533-3049,49080.80000000041,382
435662a3-a94b-3aef-be0e-f89c9dd8c82c,42.261006,-71.008988,617-636-5000,387.48,3
2196e0d0-ace1-3fc4-92f7-17a7ac2fa1bc,42.269478,-71.807783,,4391.439999999998,34
238ebe0a-20d8-3794-8827-fd8fd9ca837c,42.115454,-72.539978,413-748-6484,2195.7200000000003,17
eda4407e-ae11-3731-adaa-42b1fee1afd3,42.33196,-71.020173,617-506-4360,4778.919999999997,37
ccbd6376-81a6-35c8-93d1-d6d519e417d6,42.078974,-70.93939,781-792-6000,41589.52000000021,323
f5a06a9d-fb83-30a3-95f5-a9f77828fb25,42.247211,-71.991867,508-885-3025,17694.919999999984,137
c7bb6571-b70a-3b7b-8884-af90e8c548cc,41.646686,-70.999158,508-973-9170,1033.28,8
d71ceda9-f23b-3f44-8a43-552ba56a5fef,42.474862,-70.96218499999999,781-593-3400,10978.599999999991,85
1aaf72ba-d48e-3046-914f-413bb4cc54b8,42.695743,-73.22211800000001,413-458-8182,21957.19999999998,171
dc8afab7-7f19-3b7c-9762-723bc420cca7,42.597055,-71.3697,781-646-0500,11624.39999999999,91
d4406386-f463-308b-afda-29de5c058ea6,42.062378,-72.498111,,21311.39999999998,166
ec6cc243-d1d2-34cd-9bcb-a75ee7bc1d9d,42.256208,-72.58103,,12270.19999999999,96
87c3b33d-de01-3965-914c-7c38c6d02d1e,42.495629,-70.83582,781-631-5126,10461.959999999992,81
174d0fa4-1268-308e-9c1a-4b57503b8548,42.307905,-71.436196,508-872-2200,27898.55999999997,217
d6e614ed-c123-367b-9d55-efab8ce71dac,41.646686,-70.999158,,13820.119999999988,107
6653eb40-b55a-32bc-b64c-121d81208713,42.338551,-71.018253,,4520.599999999998,35
2fbaab4d-bd19-37e0-a3b6-0493955ccdbb,41.972376,-70.978773,508-697-8666,17436.599999999984,135
659d9873-1028-3faf-8a3d-5d3c90c22a3d,42.63898,-71.321141,978-458-1463,4391.439999999998,34
ff70fc0a-5a18-34b0-b414-b79c78579577,42.064731,-72.653477,413-831-7831,11107.759999999991,87
e6f4640a-ce4f-3c7a-a563-7943395617dd,42.115454,-72.539978,413-794-7246,12915.999999999987,100
648d2435-dffe-3b45-9474-995925f44c1e,42.45184,-73.260685,413-447-2701,4262.279999999998,33
bcd7d210-e670-3064-8284-69db0a20211a,42.119006,-71.10365,781-344-7673,37456.400000000096,290
edbd9d88-7f62-361c-b7dc-5098f5ce3e94,42.33196,-71.020173,617-787-8181,2066.5600000000004,16
51373f2a-2219-3391-8664-4978665c2546,42.119967,-70.957211,781-878-1903,26865.279999999973,209
309b9155-1832-3aa2-9bc2-e6047060c36c,42.601977000000005,-71.81586999999999,978-343-5270,14336.759999999987,111
23dc471b-655e-354b-929c-ab54b406f5bd,42.119006,-71.10365,781-344-0600,19115.679999999986,149
9343800b-397b-37fa-8572-f882f0455b82,42.284822,-71.348811,508-650-7333,10461.959999999992,81
8cdae3ae-0899-3fe5-a0f9-32ec749fdc91,42.119006,-71.10365,,8137.079999999994,63
a74a9d9d-093c-350b-8ad4-4092eb6d29f7,42.175668,-72.572257,413-594-2141,34614.88000000002,269
e9aada58-2be6-3975-a1b1-c7b6b44ec3ca,42.05257,-72.777353,413-569-2257,29190.15999999997,227
7273fe4b-3cbe-3aeb-8acf-4d7e8232f2e1,42.265435,-72.670813,413-531-9409,22473.83999999998,176
6d39da71-221c-3acb-a8a8-c70ac5984bf2,42.126883,-72.430952,413-598-7770,6716.319999999995,52
d0030d94-f21b-3bf3-8ae7-86494d3a128e,42.261006,-71.008988,617-481-3200,26606.959999999974,206
66fd56b4-abb2-348d-9ab0-4501a66ec4e3,42.269478,-71.807783,508-756-7300,7103.799999999995,55
7d499cd2-65d6-3885-9ce4-95ea11b51d8f,42.405938,-71.054649,617-394-7500,71038.000000001,551
5cff4aae-1731-33fe-971a-8dae2b29bda3,42.062378,-72.498111,413-785-4666,6974.639999999995,54
de1006df-661a-3e72-916a-6a1788db8b8a,41.897892,-70.62403,781-961-3370,9557.839999999993,74
209af0ea-9e59-327f-a924-dbb7cd915ca4,42.418722,-71.163912,781-648-4572,3228.999999999999,25
3998f1e1-5e52-333c-ba89-6aecd41131f4,42.499248,-70.898204,978-741-1215,8524.559999999994,66
f078ba75-7ff7-3e39-9203-2ca08ccaed64,42.338551,-71.018253,617-433-9601,10591.119999999992,82
7d589cca-05e8-35a1-8e8d-8d38256484ac,42.323342,-71.646236,508-393-9000,18728.199999999983,146
ca49c2b9-efee-3730-9c7a-e35c169c89d9,41.633619,-70.871306,508-758-3781,18211.559999999983,141
a95684bd-b222-3e5e-8d18-805e5ae45705,42.125451,-72.649734,,17694.919999999984,138
4ecbf41e-9d8f-3aeb-9b4d-6625c2ff5918,42.037278,-70.94045899999999,508-350-2225,14465.919999999987,112
d8a0c506-011c-3ff1-b5b9-0ccfdf2846cb,42.360427,-71.361099,781-453-8450,8653.719999999994,67
8248dc1d-b8a5-33d2-9568-b6ff30d0a94d,42.211656,-72.642448,413-536-5814,4649.7599999999975,36
5a3402d9-298d-3774-9248-d6016285fba9,42.50436,-71.064061,781-245-0402,8782.879999999994,69
3e4299d5-499d-3fb7-a4d7-1b4df8e29c5a,42.33196,-71.020173,617-789-2045,6587.159999999995,51
abefcb11-6fda-32cb-9156-502aad06f73a,42.331876,-71.208402,617-964-8497,13303.479999999989,103
5a9ded14-4f2b-3d66-9301-02c8fb81c8fd,42.267441,-71.617492,508-366-8836,20794.75999999998,162
3e9e6b3c-0528-37e9-bf33-1c7268c6e865,42.183577,-72.457812,413-370-8699,24411.239999999976,189
1c79174f-2aef-36cb-8551-bf431a9f491e,42.211656,-72.642448,413-536-8924,6328.839999999996,49
e00167a5-2d29-3c79-ba45-54e88c734a92,42.369417,-71.785036,508-835-6221,51664.00000000048,400
cae9c459-036e-395d-85f7-94f0516bbd8b,42.369451,-71.177925,617-630-9778,27381.919999999973,212
b7a2f55d-5e61-3d07-9c48-a9c6c2bf6d54,42.125451,-72.649734,413-794-9110,19115.679999999986,149
0134e913-c7e3-388f-8875-b80c70870d8b,42.675551,-73.11810899999999,,11495.23999999999,89
6a8fc18f-d732-3fde-8519-aeed520c659e,42.474208,-71.097665,781-662-5520,16532.479999999985,128
c85dfcc7-a925-31ac-b271-63c35397732b,42.390445,-71.101033,617-625-8707,11107.759999999991,86
3bb832e2-9bb5-39dd-9974-b07573477a2a,42.33196,-71.020173,617-390-1362,8007.919999999994,62
2d3b6c1d-29f1-382e-9982-d4e5d9fc8c35,42.423844,-71.10923100000001,781-391-5400,12270.19999999999,95
2c5d106d-836c-35fe-96c1-36797e2319ac,42.037278,-70.94045899999999,508-350-2150,28156.87999999997,218
ec5a5cf9-94da-3dbc-b6be-cbf12d667940,41.45716,-70.556101,508-693-0410,14207.599999999988,111
27836bf9-d4b9-3f29-8ac1-fda68caf7f88,41.683488,-70.510786,508-833-1569,16015.839999999986,124
81afa09d-ba9e-348f-9572-46c2547d4427,42.323342,-71.646236,774-442-5695,10978.599999999991,85
73fa0d4b-31c1-3c12-af7f-39065b59ba5f,42.125451,-72.649734,413-737-4718,10849.439999999991,85
4b49e887-7306-350a-958c-c9062f816d73,42.305932,-71.282917,781-431-5200,3616.479999999999,28
6449de3e-a492-3f45-b20e-b956c8b73478,42.63898,-71.321141,978-934-9220,7749.599999999994,60
6aaf5ac4-f72c-3153-bd24-07c0240ab70b,42.187794,-72.30846899999997,413-284-5500,4520.599999999998,35
4066f7b6-d3f6-31d3-848e-433257aab477,42.648044,-71.161751,978-475-2880,12141.03999999999,94
e2322ccc-d412-3a94-86bf-75f68f7f6e61,42.612088,-71.227845,978-851-3121,23119.639999999978,179
2d4f1a17-3f7f-3434-92ed-4e5fb3deeb04,42.495629,-70.83582,978-691-5690,5295.559999999997,41
63ead2dc-60a6-3628-acf8-f49ffaca2dce,42.156203000000005,-71.43034499999999,508-553-7161,15886.679999999986,123
65844c75-463f-326c-b0f6-dc3232e48fb1,42.132051,-71.75031800000001,508-865-3650,27511.079999999973,213
ca960833-41ab-3cab-b1f0-192cf26727d1,41.725351,-71.094162,508-973-1780,8395.399999999994,66
a68c41bc-f07c-3943-bea7-91ab6cb2014f,41.647227,-70.249978,508-771-0169,5166.399999999997,40
34620b09-e72f-33e1-bf2c-0190724aa099,42.447924,-71.776045,978-422-5082,49468.28000000042,385
5464de19-8db1-305c-9feb-77921762d783,42.679723,-71.30068,978-328-8527,43914.40000000027,342
fa5b39a4-e3a8-3235-bea3-eedc6628e64c,42.122956,-70.85631,866-389-2727,7362.119999999994,57
29231c59-e2f2-31ea-8934-4a11c60db561,41.647227,-70.249978,508-862-5560,5295.559999999997,41
06298d60-e0e0-32d1-b465-2455b92414b9,42.499248,-70.898204,978-745-4489,11624.39999999999,90
d5744fcd-dd7d-35f2-b4b5-22207c47f741,42.61176,-71.565269,978-449-0282,5553.8799999999965,43
f8075abd-537b-396c-beb1-ecfdf898e428,42.474862,-70.96218499999999,781-595-7348,7749.599999999994,61
f57dfc4a-d8e2-31e8-bdea-fec81ed4d776,42.261006,-71.008988,617-472-3400,4908.079999999997,38
cd52feff-f9ac-3b03-b6c0-75d987fc11c1,42.390445,-71.101033,617-591-4600,14207.599999999988,110
46f3221b-49d9-3b45-853b-812635e2ba0b,42.474208,-71.097665,781-224-5810,7362.119999999994,58
91dad702-1bbe-3ed2-a366-d108203c00a7,41.75495,-70.616158,774-247-4939,1937.4000000000003,15
69a72503-f1fe-3a57-9e7d-acb6491fce83,42.082543,-71.024638,508-583-6262,9299.519999999991,73
932c442e-adef-3f04-864d-da9baa79d747,42.012797,-71.336578,508-699-7015,31644.199999999968,245
6b0ccc6d-35f6-37a5-9767-1292cb90c5c9,42.520876,-71.770611,,17436.599999999984,135
3feb9381-2ab0-3378-9bf6-94b467a07944,42.338551,-71.018253,617-414-4020,3099.8399999999992,24
65e667a3-35ea-3715-9743-34080e93acf0,42.221851,-73.333044,,1162.44,9
ed2f8c70-8b6c-3d0b-938e-497000cc4b85,42.044307,-70.70604499999999,,25057.03999999997,194
aa383493-9e47-3436-a1d1-f8e5a2d70da3,42.12826,-71.8671,508-499-1760,44172.72000000028,343
a85dd351-295b-39af-8b0a-c195586307b7,42.219645,-71.216768,781-493-6813,1162.44,9
143e1c06-12d4-3a15-b787-dbb15f1fd9a9,42.241557,-71.082432,617-698-8184,21311.39999999998,165
a8f5378d-2005-3778-93e9-ea7c8c90bf6d,41.725351,-71.094162,508-679-6611,7491.279999999994,58
842ce89e-3360-329c-9939-40d3ea4e558d,42.261006,-71.008988,617-376-3191,4908.079999999997,38
3371f289-252b-3591-adc8-3776564b97ef,42.261006,-71.008988,617-770-4400,14724.239999999989,114
23efc2cd-79d6-327e-8935-1b8be6b2b15d,42.064024,-71.248401,781-269-5400,11624.39999999999,90
a2bf57c4-99f1-3c42-ac9e-d1d76316b86a,42.206676,-70.94584499999998,781-337-3424,10849.439999999991,84
d091c102-d402-361f-a252-cf0244ba3fa3,42.246872,-71.179462,617-877-6223,21569.71999999998,168
5d65df13-4eeb-35e5-8e62-f25af84973ae,42.610513,-71.007118,978-774-2800,9041.199999999992,70
dfa4e71c-6548-3fc2-bcc7-d3308d9de08b,41.972376,-70.978773,866-389-2727,43914.40000000027,340
d62031f6-c04d-3710-ac56-773676b762e0,42.184599,-71.305307,,27898.55999999997,217
27a6633a-af3b-3414-902a-eb6f06cc7338,42.468432,-71.01394599999999,781-233-1450,30094.27999999997,233
34031633-e7ec-3962-8a45-e2a8f77dcc92,42.128937,-71.655787,508-234-6260,59542.76000000069,462
ca2eaac0-decd-3e6b-9306-da358c0fcbf5,42.040515,-71.109329,857-444-7026,174882.6400000038,1358
a397dac5-fd9a-377c-a5d9-507362f2ee63,42.33196,-71.020173,617-533-2400,15628.359999999986,121
50f31cd7-e8d4-32e6-9b4d-bcf662abafda,42.742751,-71.178588,978-683-9177,16790.799999999985,132
0fbf08b8-4f57-3d18-b153-90417f7cc2ff,42.782945,-71.087436,978-687-0156,23377.959999999977,181
9a345115-fe57-3de2-a2f1-9ab09066ed87,42.474862,-70.96218499999999,781-593-6005,11495.23999999999,89
2965c7f2-df99-3eea-bd7a-293dac6fcef6,42.445222,-71.23001500000001,781-528-2440,8266.239999999994,65
369484df-e8d5-373d-a9f2-abfd405f73bd,42.355801,-71.862574,508-829-6765,23377.959999999977,182
d9c2bac2-b16f-3482-be5e-595a49f3da48,42.376043,-71.11868,617-354-4690,10461.959999999992,81
43acc0a3-a37b-37b0-873a-b2c324d6d93c,42.125451,-72.649734,413-781-7538,20148.95999999998,156
0ccf53f7-74ad-3c47-b4ab-63cca2333302,42.33196,-71.020173,857-217-3700,12399.35999999999,96
b8e926d3-93fe-3118-ae14-604751bfa993,42.396824,-71.031348,617-660-6700,65484.12000000085,508
d0898332-e443-340c-a0b8-858048a62334,42.445222,-71.23001500000001,781-860-1742,6328.839999999996,49
1a52495c-2e22-30b1-88c2-ca3fa2657921,42.158692,-71.521419,508-478-6205,7491.279999999994,58
b9c4e4e9-4717-340e-99a8-4c3941065d23,42.742751,-71.178588,978-383-3023,4133.119999999998,32
d9a6eed0-e314-3000-aba8-83d425f0024f,42.499248,-70.898204,866-389-2727,7103.799999999995,55
8f216cc8-da93-3110-a081-0ca8461b44db,42.575924,-72.229618,978-248-0442,10203.639999999992,80
5c1f9bbe-14d8-34ce-ab60-d6f395f15e65,42.064731,-72.653477,413-786-1500,11753.55999999999,91
05012be2-c47b-3ca2-abfd-30a74859d1e8,42.050239000000005,-70.867359,781-293-5455,5037.239999999997,39
6a6a2719-c7d9-3475-86e7-7824e402e5bf,42.115454,-72.539978,413-782-0784,8395.399999999994,65
aea09364-11ae-38ff-a577-bbc3effdae96,42.133935,-71.968025,866-389-2727,6845.479999999995,53
b685176a-608f-3b57-9778-f34fc9f486cc,42.133935,-71.968025,508-248-1745,3358.159999999999,26
266eaea5-f680-3a81-ad0c-b79e2c8d6697,41.37295,-70.482349,855-687-7237,17307.439999999984,135
d8488a9c-4c2e-3cea-a6e0-c550cdc42fb8,42.261006,-71.008988,,18082.399999999983,141
f0fda6d7-6e37-3194-b458-d3e510c06eac,42.084858,-71.41057099999998,508-541-8000,20536.43999999998,159
1d4b6a51-a533-310f-90d0-9f96279041df,42.323853,-71.142003,617-730-5337,12528.51999999999,98
16d89462-d8c5-3a07-b525-3edb9f3d474f,42.423844,-71.10923100000001,866-389-2727,6845.479999999995,53
26d23f25-76f8-31d0-a18c-2cb7787596ad,42.261006,-71.008988,,18857.359999999982,146
4fb02ad6-5c7b-3f57-8f0c-5229cf2c649c,42.700273,-71.161357,978-688-4830,14853.399999999989,115
a5a9e752-ef63-3009-9dd0-e9e55879e8f5,42.158692,-71.521419,,4520.599999999998,35
8315e426-e80a-3a84-bf95-94e538444dda,41.71746,-70.591824,508-743-7215,18082.399999999983,141
14987434-9448-35cc-875c-947d69bc538c,41.897892,-70.62403,,645.8,5
c2128582-91b3-31c0-8ddd-988d43cbc166,42.376043,-71.11868,617-354-2275,10849.439999999991,84
bc5849de-341b-3aac-9418-830b0606f297,41.897892,-70.62403,508-224-7701,5166.399999999997,40
2468bb56-3ceb-37c9-8140-14cbe3d36948,42.390445,-71.101033,617-302-4194,35389.84000000004,275
efb4c0f9-b912-3064-b5a3-bb61a6be51c8,42.673909,-71.091334,978-688-9979,6974.639999999995,54
903c4e22-78f4-36e7-b4f0-e4078fb8b63c,42.488769,-71.154438,,3228.999999999999,25
ea73de77-931b-39dc-b8e8-c49d261552a4,42.307905,-71.436196,508-626-2600,10203.639999999992,79
5003f481-9b24-365a-95a9-5eb30411185f,42.33196,-71.020173,617-469-4000,20665.59999999998,160
82da053b-5fd5-3a73-9e39-5e53fff79b15,42.474208,-71.097665,781-279-2158,5683.039999999996,44
82ff180d-fef1-36f4-b6b1-5e3460b972bb,42.425955,-71.45625600000001,866-389-2727,41331.2000000002,321
f615ef4a-b2ad-3d61-ad4d-b9610c5899c2,41.931653,-71.294503,508-431-3600,27640.23999999997,215
efd8d782-cbc6-3cf9-9495-eee606b5804d,42.574174,-70.95051600000001,,4908.079999999997,38
3f44c95d-aa3d-3385-93f7-9b0bdecc52a6,42.133935,-71.968025,978-466-2692,8395.399999999994,65
b9a14c6c-d83f-306d-b261-778e45158c77,42.002634,-70.86370600000001,781-422-2900,32548.319999999967,252
bc3149b7-c6d8-32ed-b4c7-3f6a8ba5f1af,42.064024,-71.248401,866-378-9164,7620.439999999994,59
c55a8602-4824-329f-95eb-42fb28d6d54a,42.206676,-70.94584499999998,781-624-4545,7620.439999999994,60
d52f28b1-91dd-33f7-913d-8520af27b12e,41.7132,-70.485737,508-360-7169,7232.959999999995,56
af25ef6b-3d47-3fe2-bd59-41eef54a7217,42.33196,-71.020173,617-522-5464,10591.119999999992,82
086649a6-846b-32da-869c-28ea384a0d42,42.044307,-70.70604499999999,781-582-1402,23636.279999999977,183
304f7098-0d11-305a-a1ea-dfdd18b240ba,42.206676,-70.94584499999998,781-331-0250,13690.959999999988,106
544b4af0-c75a-3a6a-9bbb-e4cba22e99f9,42.331876,-71.208402,617-965-2468,7362.119999999994,57
30e33c9e-fa5f-34c2-9880-3c56af7b12c0,42.742751,-71.178588,978-683-9177,16274.159999999983,126
883860d6-0862-3a47-a18f-7256563c53f4,42.128176,-72.205352,413-245-0966,80337.52000000126,623
ed353f5c-41f9-3eb6-8e10-47d3db959d99,42.128937,-71.655787,508-234-6311,30740.07999999997,239
e583ee74-a24f-3b47-8c2c-4ffc2eb8dd4e,41.987196,-70.74194200000001,781-585-2172,6199.679999999996,48
7a4b74e5-df8f-38a1-b9cc-db99f0eaa7af,42.246872,-71.179462,,18469.879999999983,143
bb2a67cc-8fbb-3f86-b713-068cab8a36a3,42.331876,-71.208402,617-559-0800,8007.919999999994,62
22d29972-156e-3e3f-b5d9-8b2968d84edd,42.331876,-71.208402,617-754-0302,9686.999999999993,75
f7e424ae-2c24-3b76-8e76-0d1e23f86fe4,42.331876,-71.208402,617-325-2800,11236.919999999993,87
8589e9e6-8f3f-3b7c-a573-eb546f043ebd,42.556659,-70.84496,978-927-5254,5424.719999999997,42
6f9533a0-163f-3afc-b6e9-16bdfb6a0578,42.052671,-71.356858,,22344.67999999998,174
c69d1c9d-3168-3285-af50-8a8106c2aead,42.037278,-70.94045899999999,508-350-2100,14724.239999999989,114
2282dcb7-ad7f-34c4-ab5a-ecd68657815c,41.897892,-70.62403,508-747-1560,2841.5199999999995,22
d84d3023-8cb3-3348-a307-9815cb4f78e6,42.269478,-71.807783,,7749.599999999994,60
fa51267f-96dd-340c-ad1c-76080f4525f6,42.782945,-71.087436,978-420-1530,4520.599999999998,35
fc6361e2-3d6c-36d2-bd4a-6e53df8168ce,42.33196,-71.020173,617-789-2430,25961.15999999997,201
aab93dbd-24d7-3c77-9ba8-24165df892de,42.205416,-71.00216800000003,781-348-2500,17307.439999999984,134
8551a132-55e0-3e45-a900-a344631aaf18,42.383367,-71.42107,781-541-5111,13820.119999999988,108
f985eade-5b89-3a3d-a152-2545eb91b508,42.269478,-71.807783,774-420-2111,5166.399999999997,40
ead75f52-c895-3806-a1ba-e388cd3505ec,42.612088,-71.227845,781-348-9041,12786.83999999999,99
7ce8087e-978d-3fb3-bfee-545f335ad719,42.30539,-71.28366899999997,,30869.23999999997,241
49336a77-2963-325b-b642-7499d4d9a38b,42.331876,-71.208402,617-964-7530,10978.599999999991,85
61308500-499f-3fbe-a54c-75d78c408972,42.164569,-70.818844,781-248-8426,1808.2400000000005,14
8295e380-5eca-3304-9bd9-ee3ce617cdc6,42.360427,-71.361099,781-453-8450,11107.759999999991,86
28312252-e57e-34cb-8e45-6ce36187d68c,41.646686,-70.999158,508-961-0710,14595.079999999987,115
35190d90-3766-33a0-9a20-506785546733,42.499295,-71.281889,617-730-5337,5166.399999999997,40
4dc77050-628d-395c-9ba5-56fc610e938d,42.187794,-72.30846899999997,866-217-2598,6199.679999999996,48
a9a7dbbf-cdeb-3e44-ba3e-533422454722,42.067804,-70.805713,508-210-5964,6328.839999999996,49
f42b6233-9c1b-3dbb-a31e-5705c7500257,42.63898,-71.321141,,27769.39999999997,216
c367410d-28ae-343f-8a79-55b6d6da8d14,42.447924,-71.776045,978-422-7774,25573.67999999997,198
be87eb8d-9590-3dff-a31c-1cf6fc69f3b1,42.115454,-72.539978,,5812.199999999996,45
158fede0-f3ed-3a58-8226-7052ecdcfadd,42.084858,-71.41057099999998,508-530-3140,17049.119999999984,133
8f550f32-7833-32b2-bf27-fe741b758cb8,42.187364,-71.195971,781-762-5542,5553.8799999999965,43
0d307ea2-118e-39a2-8619-7bf9948df58a,41.839798,-71.31804699999999,508-336-4096,5941.359999999996,47
e764c632-fb18-3997-b27d-961fb05ae338,41.931653,-71.294503,844-879-0071,11753.55999999999,92
b5b87953-eb85-32b4-92d8-5e771bd354ed,42.474208,-71.097665,781-438-1800,13303.479999999989,103
b7a23b1f-07a4-31c9-bf78-209a3b13d5d2,42.119006,-71.10365,781-344-0600,9816.159999999993,77
2fdadaaa-8434-3494-80f2-1434a54c299a,42.376043,-71.11868,617-714-4534,4262.279999999998,33
666319d1-a356-3801-aee1-240390b47a8d,42.224096,-71.54048900000001,508-380-2432,10074.479999999992,78
38933c98-0aa4-3116-962a-2fbadbf27e36,42.369451,-71.177925,866-389-2727,19503.15999999998,151
0d3b12c1-5d12-3d76-a84d-9b3aabc22505,42.247211,-71.991867,508-885-3922,49339.12000000042,384
1419a288-9e0f-3d8f-a4e1-3e705f7cbe45,42.483953,-71.43849499999999,978-287-6170,8266.239999999994,64
16f8208c-09ed-3eb2-9285-cafaae007841,42.050239000000005,-70.867359,781-293-3838,26477.799999999974,205
b20d7165-17c5-39d8-983c-4d36368b70a0,42.673909,-71.091334,978-691-5690,16532.479999999985,128
22cffad8-c444-3408-b5c9-6c9e447dba12,42.175737,-71.125385,339-364-8510,6328.839999999996,49
670a7f4f-973c-3cc6-89ea-1e7500163abb,42.673909,-71.091334,,5553.8799999999965,43
2589859c-41e2-3f01-b495-a62e9cb277d9,41.70692,-70.221117,508-362-1600,25573.67999999997,199
880df1fd-27d2-3c49-b3a0-ba9b66177856,42.504256,-71.588513,978-772-8100,8395.399999999994,65
8f9f8d6b-9029-3f69-8d65-0f315f063639,42.474862,-70.96218499999999,781-595-1350,6716.319999999995,52
10523c85-c2e7-376a-81ef-d9dfbb4d212f,42.405938,-71.054649,781-665-9500,31127.55999999997,242
ad8a93b0-5048-31eb-8474-8f76c655f2d9,42.390445,-71.101033,617-284-5130,13303.479999999989,103
dd169833-ba50-3b0a-8a76-c37ed6489a36,42.445222,-71.23001500000001,,12786.83999999999,99
edf8a854-a768-338f-848e-fede8ea0cd76,41.661303,-70.937913,,9686.999999999993,76
aa7ca4b3-4282-3e75-b695-bd31d9ce3b43,42.423844,-71.10923100000001,781-957-1360,10978.599999999991,85
b5627a24-38e4-3e1b-8c3d-14da951cd648,42.395317,-71.180284,617-855-3599,11366.07999999999,89
9fadd6c6-4ae1-3d0f-b02b-72836fdcf4c7,42.455723,-71.05901899999999,781-321-1114,8653.719999999994,68
641a31f4-a086-3978-998d-d37f48dfaf16,42.363534,-72.50729100000001,413-773-1394,2841.5199999999995,22
abdeee3d-7e58-316a-b0ca-22ebde82d3fb,42.205062,-70.74297800000001,781-544-3434,18728.199999999983,146
c3345b16-4ce8-34df-a73f-b548d6012d99,42.499248,-70.898204,978-542-1951,12657.67999999999,99
903d3e6b-ace5-33a8-ab58-63f9fc4fc497,42.390445,-71.101033,857-282-0777,26219.47999999997,203
946b2631-c504-34d2-b48d-86ac2f3b076a,42.261006,-71.008988,617-481-3300,10591.119999999992,82
810d2d4e-7b35-3d95-a8f7-893caaed0e4a,42.376043,-71.11868,617-547-4400,26994.439999999973,210
632821a3-294a-3e71-93dc-386112575a45,42.064024,-71.248401,508-718-4000,3745.6399999999994,29
1962d8bb-c412-36a7-928e-9c68c270f44a,41.293416,-70.10216899999999,781-398-2225,31902.519999999968,248
7f948ee6-129e-3b58-9b45-2f5e5f17303c,42.269478,-71.807783,508-755-4010,12786.83999999999,100
bba0fa54-3895-32a5-ab7f-2d47093c20d3,42.061166,-71.643628,508-278-5573,2066.5600000000004,16
b133d685-f554-3e6f-a1d7-6abf10a5005b,42.044307,-70.70604499999999,,24669.559999999976,192
ca1a6e3c-ff6c-3e18-842b-bb5a0a9206fe,42.261006,-71.008988,617-773-1353,2841.5199999999995,22
3feafc01-48cb-32a5-864f-ea1cf35e2313,42.33196,-71.020173,,4003.959999999998,31
f553dada-79ce-3b4a-a63c-c4a653c2bf1c,41.56651,-70.958229,,16144.999999999984,125
ccb4ee60-f488-3919-8194-641032f1bb85,42.183577,-72.457812,413-583-2274,6328.839999999996,49
f160c1ee-7aea-3565-93c7-9d6a8531ee9d,42.421005,-70.99036,781-485-8222,24927.879999999976,194
2f3dcb6b-dc1b-3473-a322-845ce4d0bd0f,42.376043,-71.11868,617-491-7510,8137.079999999994,64
221f46cd-f887-34bd-87d0-922db90d1ca2,41.725351,-71.094162,877-212-9135,16144.999999999984,125
aa43ffbb-6dc3-3a89-ab3e-4954838d2b31,42.115454,-72.539978,413-748-9000,21440.55999999998,167
2e1c8a3f-183e-3d10-84cd-0cd78f188b4b,42.183577,-72.457812,,10203.639999999992,79
e45f3260-37a6-33e9-a149-369afd48566f,42.184599,-71.305307,508-242-9478,31902.519999999968,248
b5c98288-dabf-31e0-ad04-1c8c72765cf8,42.612088,-71.227845,978-851-4141,31256.71999999997,244
25772c61-6cce-340e-b4fa-d8f97ae19079,42.423844,-71.10923100000001,781-960-6030,10461.959999999992,81
81007b04-6000-3960-8673-87b241510737,42.269478,-71.807783,508-854-2636,11236.919999999993,88
6d83bd1f-0b62-30a6-81a5-00e73a782886,42.269478,-71.807783,508-770-8002,15111.719999999988,117
4fc36562-73e1-34fb-acf7-b55d2d7ad8c7,42.520876,-71.770611,978-466-3212,12399.35999999999,96
b137ec6a-0511-3428-8563-b3b60adf0e8c,42.33196,-71.020173,,13820.119999999988,107
d27961e4-a619-349e-8b8d-8ed5cf6705c5,42.376043,-71.11868,866-389-2727,8653.719999999994,67
26ed1857-4e9e-3cf9-8bea-91cb227c695b,42.418722,-71.163912,617-539-6780,19373.99999999998,151
ce079222-a8b5-3a78-afd6-ae2157dbc25a,42.269478,-71.807783,617-302-4194,16015.839999999986,124
37c197b5-110f-339b-942e-272137f770b2,42.405414,-72.726043,413-268-3616,45722.64000000032,354
441d009a-2a79-31dc-8e2c-9d9345feb89b,42.061166,-71.643628,866-389-2727,11753.55999999999,91
2c45168a-975b-36fc-99d3-d425d68a9b90,42.462911,-71.364496,978-369-8780,9170.359999999991,71
a14393d5-f72a-3e61-a3a8-a2c5889880ca,42.269478,-71.807783,508-425-1955,7103.799999999995,55
6d92e1c5-799e-3e97-804e-fce63c59f4e0,42.564647,-71.164516,866-389-2727,17694.919999999984,137
5f0a1caa-7e67-3777-babb-c06f9cb1b118,42.198708,-71.846006,508-832-0173,22861.319999999974,178
cc017777-8cdb-3c21-bc4d-083ff908c27c,42.241557,-71.082432,,21569.71999999998,167
a8808836-a246-3994-9228-9d62cd97041e,42.42938,-71.058706,,18082.399999999983,140
ea89664d-bd55-326d-bc48-c229547edb67,42.012797,-71.336578,508-695-9550,18857.359999999982,147
e6065c61-7e21-3acf-8929-2955eee78596,42.269478,-71.807783,508-334-1102,10978.599999999991,85
7d1c18d6-348c-38ad-9f85-80b26317abf3,42.439941,-71.601879,978-391-5054,23636.279999999977,183
62638807-39a4-3774-a041-80962639a4b6,42.585541,-71.44025,978-496-1391,19761.47999999998,153
0a2acf19-f848-3475-aa93-12d5b35e9402,42.376043,-71.11868,617-491-0264,7620.439999999994,59
7b76c6b3-c413-3293-914a-fcf8195f32bc,42.42938,-71.058706,781-388-4160,19115.679999999986,149
19e35a1e-429b-33c4-a0da-aff96116489b,42.082543,-71.024638,508-427-3000,2712.36,21
7dfddc2e-12cd-300d-ab08-5ce274188abc,41.931653,-71.294503,508-761-6025,27381.919999999973,213
4ce5f233-2667-3ebd-972f-f339976f59b1,42.211656,-72.642448,413-535-3155,3228.999999999999,25
b0242087-a333-3f2d-b697-3f640bd6ccd9,42.211656,-72.642448,413-534-2845,10720.279999999992,83
044cd66f-76cd-349e-b5a0-37eb3bba3695,42.33196,-71.020173,617-522-3080,1420.7600000000002,11
6a2be1e1-df77-37f6-b51e-56aa3b2e0755,41.846878,-71.24486999999999,203-314-7050,77108.52000000117,598
6a0e7f8e-983f-379e-8577-0adbe0281970,42.305932,-71.282917,617-831-7000,6328.839999999996,49
f31a3dcd-4d39-3f42-bdaa-cf158587d973,42.474208,-71.097665,781-665-7557,10591.119999999992,82
dc9ee08f-866a-31f8-b53e-873b1d240ca2,42.119006,-71.10365,339-364-8080,20278.11999999998,157
cb6674c7-b323-34e2-a65f-22f93533c3d7,42.721495,-70.886637,877-379-5522,6070.519999999996,47
0964706a-e1ec-397c-bd9b-57aaa12b8cbd,42.175668,-72.572257,413-540-1214,5166.399999999997,40
f5ba7f0a-3497-33ca-b1aa-ab2cf04e95ae,42.062378,-72.498111,,16015.839999999986,124
d72e5e0b-164b-3812-92dd-8cd5e84dc22b,42.421005,-70.99036,781-286-1313,53730.560000000536,417
9ecd3150-2279-34b5-a916-457786a81129,42.369451,-71.177925,617-924-6484,9170.359999999991,71
56ec547f-c711-311d-b5ec-6dcc9ac0a00a,42.080784,-71.715992,508-476-3291,21053.07999999998,163
189f595a-277f-3a7f-93fc-f34a642885fc,42.133935,-71.968025,508-765-7886,13303.479999999989,103
8190bdf2-5164-322e-b7db-b441ad26dfc9,42.782945,-71.087436,978-683-9201,11882.71999999999,92
628b00ad-b487-3dde-aad7-a81029a2d745,42.323853,-71.142003,617-232-0270,17436.599999999984,135
36c99c70-bd96-3102-962a-dfcc061c9cef,42.468432,-71.01394599999999,,21828.03999999998,170
db01560b-98d3-3e97-8cd2-bea9ef5967a7,42.30539,-71.28366899999997,781-263-9091,8395.399999999994,65
d97185b2-da0a-31aa-b017-22305331d699,42.742751,-71.178588,,14207.599999999988,110
39cb83fd-b361-3ca2-a2e3-1f7a137cb8ac,42.423844,-71.10923100000001,781-396-6589,21182.23999999998,165
40bfab3d-4778-3e4c-83ab-49a941746089,42.059669,-72.03404,508-764-4885,6845.479999999995,53
7c6d620e-da4c-3f4c-9fce-9b8c059aea2d,42.205416,-71.00216800000003,781-356-4900,8007.919999999994,63
d39432af-114f-33d1-95e5-b02411f12e51,42.356491,-72.568632,413-584-0452,9557.839999999993,74
91957c58-06a1-37ee-b32b-3bcce972dc45,41.76104,-70.701779,508-295-0880,10720.279999999992,83
8cb7cd42-16e9-3112-bccb-66eac4e40e9b,42.605437,-72.292074,978-544-2148,14853.399999999989,115
d43b3462-b839-3dec-8342-ade9226677be,41.930477,-71.046214,774-226-9011,8266.239999999994,64
7814c630-bba7-3304-bf35-1f8bb497e095,41.646686,-70.999158,508-973-2213,33323.279999999984,259
34558ec0-31ce-3264-8250-336159ccc394,42.052671,-71.356858,781-769-2040,27252.759999999973,212
3b18fe70-e14e-354f-a948-bce4fbb4b2a7,42.474862,-70.96218499999999,781-596-3800,8524.559999999994,66
0562bad4-d1fd-3268-94d3-b9850ebb7ce1,42.037278,-70.94045899999999,508-350-2400,14724.239999999989,114
04652f3e-a745-3706-833c-5fcf7a23cfc8,42.178993,-71.052654,781-961-3370,12141.03999999999,94
da742a5b-2c47-3e74-89ed-7c7425a3694d,42.241557,-71.082432,,30740.07999999997,239
7bb4538e-e698-3805-bfd1-05a51046cc03,42.600633,-70.883303,978-867-4095,42364.48000000023,328
9a2a92c3-d4ab-3a03-a55f-15c86b0793dc,42.261006,-71.008988,617-479-1492,11236.919999999993,88
ab907424-6645-3974-b0bc-a644f71afb0c,42.205416,-71.00216800000003,781-849-1000,7491.279999999994,58
f73c5904-9900-3fb7-afa1-e04d84129fea,42.376043,-71.11868,617-491-0264,17694.919999999984,137
a3e2532e-5a07-3df8-8962-253207377b86,42.198708,-71.846006,508-721-1101,42364.48000000023,330
632120c3-d5f3-31cf-a3ff-9afe4d9ef9f6,41.846878,-71.24486999999999,508-336-9200,54118.04000000055,419
8d5a96d3-38d4-357f-9a6b-2b2780587d51,42.483953,-71.43849499999999,,8782.879999999994,68
c8c172cb-6b55-3930-9e9f-de89938ef2a4,42.423844,-71.10923100000001,781-391-2939,9428.679999999991,73
f8a62745-5062-3ec4-b60e-64d6bd9e27a7,42.246872,-71.179462,781-251-3750,23894.599999999977,186
b037701c-67e8-3235-8eb8-c8598d816f87,42.323853,-71.142003,,5941.359999999996,46
3186079c-e32f-3728-861f-78573dcc253b,42.474862,-70.96218499999999,781-244-1950,17565.759999999984,136
1b3f9c4b-b746-360c-b72e-4ee865e290ad,42.082543,-71.024638,,2712.36,21
f1adf34b-c5d9-3258-8a2b-c5104ed7d688,42.269478,-71.807783,,5553.8799999999965,43
c6d61641-fb92-3b0a-b405-979248ecfb33,42.084858,-71.41057099999998,,5037.239999999997,39
cbe7477b-3433-3aa3-bd5b-cd4f76a36f80,42.675551,-73.11810899999999,413-447-2764,8653.719999999994,67
37430a5c-ba15-3e04-aefc-58a22495d3dc,42.42938,-71.058706,781-851-2648,21569.71999999998,168
4d9877c9-5eb6-3db0-8bdb-cd2b01a6b668,41.633619,-70.871306,508-996-1800,10203.639999999992,79
4079f015-97b1-3afe-8595-de976a56c1fd,42.198708,-71.846006,508-832-9392,26219.47999999997,203
380f9fa7-4114-3402-99ea-ac11115641d0,42.261006,-71.008988,617-650-1761,16661.639999999985,129
352f1dc4-77f3-3f88-a263-27da320cd487,42.405938,-71.054649,617-389-7211,28931.83999999997,224
e6188bb8-3630-3704-98ce-c6c94fbfd55a,42.021617,-71.026717,,24152.919999999976,188
9e9ed21f-5e71-3390-97b2-12307d95ec42,42.700273,-71.161357,978-989-9811,8782.879999999994,68
d9a5c569-e5e9-3bdf-92b2-7ba4087a72f1,42.63898,-71.321141,,23894.599999999977,187
44539618-ead8-37e7-b463-cacef9ab36b2,41.965341,-71.18178,866-389-2727,37198.08000000009,288
df03cc02-e4f3-3848-9d9b-90f99d32fcbe,42.742751,-71.178588,,3358.159999999999,26
a0a19473-244f-32bb-9f3d-6f47a22bac12,42.192246,-71.777649,508-865-9960,43139.44000000025,334
f6bec8c9-ea07-337b-b187-59cbf26ba679,42.323853,-71.142003,617-738-0640,7103.799999999995,55
b6164b13-8df9-31e0-8412-f25d8860e21f,42.146286,-71.255604,508-660-0060,27769.39999999997,216
7f7b001f-44a9-3589-a968-3e166b33ba77,42.468059,-70.89126,,9816.159999999993,76
675a968d-6e97-3076-a3d6-769357a6c972,42.138838,-72.755911,413-562-0511,12270.19999999999,95
c496d392-6507-3d49-97f6-6259470f0440,42.241557,-71.082432,617-696-1460,19632.31999999998,153
919d8990-de1a-30e4-8247-9ecb391f9356,42.610513,-71.007118,978-818-6350,7620.439999999994,59
13699291-556f-39b0-b41b-8e263130c849,42.534279,-70.969782,,1808.2400000000005,14
46bfe083-6240-3482-b86e-322497808e82,42.084858,-71.41057099999998,508-541-2199,2841.5199999999995,22
e6adb884-b133-331f-8973-5298bd494bc8,42.396824,-71.031348,617-466-6650,32419.159999999967,251
65611ad1-0a85-34a9-aae0-cd1771691f69,42.360502,-71.303433,781-703-2900,21311.39999999998,166
e04b9ecf-399b-3146-b1ed-bf10da200c0e,42.851284,-70.955837,978-388-5060,3616.479999999999,28
ba46ca24-c787-30e6-a8f4-31b8714d1d47,42.673909,-71.091334,978-794-2112,21698.87999999998,168
b7412f2e-a958-3dd8-a26b-63863fadec33,42.221851,-73.333044,413-644-9933,21957.19999999998,170
a6e87f7e-00b9-3e1e-b142-9761538f3e68,42.488769,-71.154438,781-933-5051,16919.959999999985,132
3e73c50a-68af-3a2b-9118-a34972de1536,42.520876,-71.770611,866-389-2727,5166.399999999997,40
88f1fce1-dce3-3556-96b4-2a943b9af8ec,42.192246,-71.777649,508-865-5858,46239.28000000033,359
6561709a-29af-31ac-a46e-bb7b6dce3b7c,42.33196,-71.020173,617-731-2400,13949.279999999988,109
9fdd56bc-9498-358a-88b8-5c191812cebb,42.45184,-73.260685,413-442-4001,7491.279999999994,58
fa31d91f-dde4-37b5-a43f-df7c7c67c960,42.396824,-71.031348,617-887-0829,63288.4000000008,492
b271d0fd-5632-34d0-aef6-d49180dd7203,42.178993,-71.052654,781-986-7800,8007.919999999994,62
5e112539-ccf4-3bd7-9619-e719877d6f78,42.534279,-70.969782,978-818-6541,12657.67999999999,98
774cf784-d6c2-32b4-a63f-9a5b95a7b834,42.375541,-70.970646,800-348-4565,7232.959999999995,56
dc7015ac-84a9-3526-aea8-a71992bf76eb,42.612088,-71.227845,866-389-2727,21311.39999999998,166
1f3dc953-4fae-3ce1-a760-ce0bcd783c1e,42.281593,-71.242414,,3874.7999999999984,30
8d796253-22f8-3b1a-99f5-b67887b11fae,42.452752,-71.144319,,20407.27999999998,159
ce8a207f-5eaf-368d-ad6d-0e980f85cd16,42.323853,-71.142003,,17307.439999999984,135
5dc3ec70-2e0b-37ff-ac00-1bf6a3798caf,42.115454,-72.539978,413-794-2511,5166.399999999997,40
e1845d7b-a31c-3bdc-90c5-5baf4bc439c1,42.42938,-71.058706,781-338-7277,19761.47999999998,153
b49890e4-ec23-3a96-b347-2041a4b0f0e4,42.338551,-71.018253,617-399-7330,7362.119999999994,57
a6c52f72-b584-34e2-808b-35db08d1047b,42.275462,-72.280158,413-967-6211,4133.119999999998,32
0ac7fa57-a6d9-3afd-a02e-4aff2e125569,42.27901,-72.400468,,10591.119999999992,83
0b52b5ed-6a80-3379-9eef-b12b3fb0f2b6,42.257755,-71.473526,866-389-2727,42106.16000000022,326
f171850e-54c7-30a0-8d81-83648c2eb827,42.178993,-71.052654,,21053.07999999998,163
1d254da0-11b1-3bed-b9a7-b9a5efc8c989,42.246872,-71.179462,781-329-7311,7103.799999999995,55
e8d0acb2-2955-3d0d-967d-3afd0e47bc91,42.63898,-71.321141,781-679-2003,23119.639999999978,181
d703a1b4-f078-3fa6-a712-fad0fd41601a,42.33196,-71.020173,617-562-5432,2454.04,19
5725311a-8750-31fe-b8e8-d2250e846118,42.45184,-73.260685,413-395-7580,12141.03999999999,94
e297d5b0-91c3-3fab-9530-1960881db57c,42.488769,-71.154438,781-756-7800,17307.439999999984,134
b62a2f26-b410-32e0-b1c0-b94161f3a7c4,41.683488,-70.510786,774-228-2609,19503.15999999998,151
e9c98bde-b281-3227-ab05-eaff00462582,41.839798,-71.31804699999999,866-389-2727,8524.559999999994,66
1fecf4a2-1b0d-3ca9-bc54-dbdb47fee44d,42.281593,-71.242414,781-444-5846,5166.399999999997,40
b200be52-8f90-3e0b-8f93-fda7d9beea44,42.09387,-71.544519,508-634-6825,45851.80000000032,356
ab25175a-3068-3c89-9268-0765b157d52d,42.390445,-71.101033,617-575-5690,9686.999999999993,75
f076486c-76c1-32dc-9578-75f1d197a5db,42.132051,-71.75031800000001,,35389.84000000004,275
c2751801-8047-30ce-ba9b-72afebaae76a,42.812358,-70.89109499999998,978-997-1400,53343.080000000526,415
6b1a1cb8-787b-33de-9faa-00033ffdd3c7,42.742751,-71.178588,978-794-0234,14207.599999999988,110
c6256ca2-31d2-3e20-9d63-d68fa8b43ad7,41.646686,-70.999158,508-973-2211,5941.359999999996,46
d816eedc-2b6a-3bda-9ebc-205ca52da42a,42.648044,-71.161751,866-389-2727,18986.519999999982,147
1a5a8c56-e60c-3838-8f92-9ad133d9d5f5,42.261006,-71.008988,617-770-3314,3874.7999999999984,30
6372c274-6c6a-3eef-a7a2-ef044eae7f2e,42.241557,-71.082432,617-696-0022,23248.799999999977,180
a26cf047-c465-3783-bcf7-660c76371dc9,42.601977000000005,-71.81586999999999,866-389-2727,12915.999999999987,100
58b8fe10-e28a-313e-93b0-486d1246c364,42.338551,-71.018253,617-754-5620,8266.239999999994,64
ccbfca49-309d-3b5c-97e4-ce7ba9f0bcc8,42.452752,-71.144319,781-729-9000,7878.759999999994,61
cc3314d9-fe2a-381e-af83-67cf1c87ff36,42.782945,-71.087436,888-237-3762,13432.639999999989,104
8a76529c-96fe-32c6-9b8c-fd4152db61da,42.323342,-71.646236,,10720.279999999992,83
a2e83b2c-3cb4-33dc-b102-82d11ab5eda8,42.017302,-71.21641,508-339-4144,13561.799999999988,105
9aa626db-23ba-30a3-86ab-3f591271b0f7,42.158692,-71.521419,508-473-6320,6974.639999999995,54
a4947955-7461-3a84-8847-c14c3f11ab0d,42.388921,-71.24226800000001,781-290-0100,12915.999999999987,101
d3aa8afa-a62b-3f3a-87d8-f9c6bc64afa7,42.425506,-71.310812,781-259-0166,40943.72000000019,319
0e9c431e-9cd9-3220-9b72-210c74c31b53,42.044307,-70.70604499999999,781-934-0060,6070.519999999996,47
14b42b8b-25e5-3dce-9b31-3f5c80d3876b,42.376043,-71.11868,617-441-0800,6587.159999999995,51
611b2b9d-9a21-3e38-a5d9-80ac5ff06d1b,42.09387,-71.544519,,32806.63999999997,255
6520428d-49fe-310d-a36e-5bc87ce791be,42.445222,-71.23001500000001,,4133.119999999998,32
966a47a9-c174-3e88-be80-b82a7ecf5f92,42.582607,-71.720464,,28802.67999999997,223
65f1f705-f539-35da-b0f3-096ba5025961,42.63898,-71.321141,,25573.67999999997,198
1f5fad94-ed9c-3cb7-a4e9-beefb4d6159b,42.445222,-71.23001500000001,781-861-18182,4649.7599999999975,36
592c7848-5619-3d11-b158-488fb330ee00,41.706123,-70.164823,,23507.119999999977,182
565a75bd-7d07-30e0-aee1-7a539aea2b22,42.158692,-71.521419,508-634-3100,1291.6,10
be658862-d1cd-38bc-b0e0-040a91071a97,42.138838,-72.755911,413-562-8306,23119.639999999978,179
5b13482d-5ada-3d72-a168-9c03555aefa9,42.363534,-72.50729100000001,866-389-2727,7362.119999999994,57
d6fb4e32-31df-3fd2-aac7-0d7de47c69fc,42.178993,-71.052654,,22732.159999999974,177
bc21392f-d5a9-39bc-a847-7d523222bccc,42.129251,-70.908736,866-389-2727,15886.679999999986,123
551732c0-2aa2-3a8f-a9b0-8543e015e832,42.62556,-73.119828,413-743-1263,75687.76000000113,592
e13c8f5c-81e1-37ec-9760-44bef344c690,42.601977000000005,-71.81586999999999,,13303.479999999989,103
a1373332-fa69-3706-bd31-01b96d7ef1cb,42.363534,-72.50729100000001,413-545-2565,13690.959999999988,106
e30fa9d6-6b3e-3609-95ac-94b2b4e5ad91,42.338551,-71.018253,617-375-8644,4391.439999999998,34
4f83597f-ee0a-3278-9887-e10bc0f87d5b,42.585541,-71.44025,,7232.959999999995,56
e97ada4e-9e6e-396a-88dd-422cbb4bb229,41.75495,-70.616158,774-247-4939,3099.8399999999992,24
390548a3-ed68-3642-af72-9d51cac41825,42.33196,-71.020173,617-506-4740,904.12,7
0676d623-4e14-312f-bc22-69b7d10db5a6,42.211656,-72.642448,413-532-1411,10074.479999999992,79
93f650b2-570f-36ad-bd14-1bb58bb5e08e,42.499248,-70.898204,978-741-1644,5424.719999999997,42
2a3e2704-2b73-3a83-a379-9fb294693dcc,42.269478,-71.807783,508-363-6330,4778.919999999997,37
5d4a38f6-6b92-35b4-9a6e-16304971ce2b,42.66816,-72.055644,978-297-2311,21828.03999999998,169
a6cb3dcb-9cd5-398c-9980-82dfa23bbc5a,42.093596000000005,-72.321494,413-370-8209,33194.11999999998,257
5a6c72b5-3615-3fcb-b8c3-470e47c98a8b,42.53662,-71.36183199999999,631-225-7200,60188.56000000071,467
50dec98b-61a0-3d49-b803-0dc181963202,42.838603000000006,-71.011997,978-346-9733,61996.80000000076,482
f7f64af4-602e-3898-8326-7424cf792f76,42.108463,-71.185182,781-784-1177,2195.7200000000003,17
af93a1f9-99ce-34d9-a494-e5826dc7d616,42.45184,-73.260685,,7620.439999999994,59
8618df85-fca3-339e-aba6-2000282332aa,41.931653,-71.294503,508-455-0442,12141.03999999999,94
9c59ac35-6736-37d9-98a2-97dded98111e,41.930477,-71.046214,866-389-2727,28544.35999999997,221
e0d1027f-e272-3cad-8c22-b53cd1ab51b4,42.059669,-72.03404,508-764-2400,10074.479999999992,79
ed049ada-007d-3e21-b16f-60cd50e6d73d,42.158692,-71.521419,508-478-0555,1033.28,8
240b2584-02de-3b5c-af58-4c0a84b248ca,42.224096,-71.54048900000001,508-625-3535,11753.55999999999,91
8257c5c2-44ad-3e47-b138-c9799f72ca7f,42.363534,-72.50729100000001,,7620.439999999994,59
a21c2082-2e1f-39ce-b6a3-45d1a88075a5,42.115454,-72.539978,413-794-1044,12786.83999999999,99
c98d0d3d-8a43-31a6-a107-9ea2cc7f024b,42.564647,-71.164516,978-694-8999,10203.639999999992,79
699a2e23-6f56-3cc0-aa12-dabb592ac3ca,41.7132,-70.485737,508-888-8222,7491.279999999994,58
625ce060-486e-3dfb-a53b-22d09b8a3be7,41.931653,-71.294503,508-236-7550,3874.7999999999984,30
561ae448-2486-317d-b4b5-82287ddd7790,41.617623,-70.492713,952-283-5468,20278.11999999998,157
d3df855b-3e2b-304d-a25d-11cb20d2510b,42.421005,-70.99036,781-289-2266,35777.32000000005,277
f7ef6771-16a9-33e8-ae26-cbcd16492d4d,42.390445,-71.101033,,42881.12000000024,332
5252f578-a17f-339d-9033-9f162c33dbba,42.261006,-71.008988,617-774-1717,24540.399999999976,192
fc3dc3b7-0229-3135-810c-8df26f2028bd,42.367858,-73.269763,410-666-2588,13820.119999999988,107
704dd82a-0208-332d-a734-8a709596e777,42.597055,-71.3697,978-256-1782,13045.159999999987,101
7b5845b8-025a-373d-8bcb-5766fd987452,42.63898,-71.321141,978-670-1300,19890.63999999998,155
bc6c4ef9-8a9c-3873-a8fd-5be867bfeaf9,42.459222,-72.216335,978-756-5100,49855.76000000043,386
1f3a61b1-0985-3dba-9ce4-a6629688dca6,42.156203000000005,-71.43034499999999,508-321-1680,15240.879999999986,118
ecbc2744-976a-3806-b460-eb728830779f,42.700273,-71.161357,413-584-2173,18728.199999999983,146
499561a0-b9e5-3823-b01b-50f5ffecfe7e,42.389071,-71.545864,978-562-0763,13432.639999999989,104
aafc7529-1a22-32ec-a06d-a6c6163c766e,42.468432,-71.01394599999999,781-941-5002,23248.799999999977,180
d264d7d3-1734-3cb1-9734-29c88d09fa03,42.384929,-71.633889,978-838-2330,85116.44000000138,661
1e575986-84d0-3e7c-a86c-2a1ee67d9fa3,42.474862,-70.96218499999999,781-598-2454,14595.079999999987,113
b1ba242c-9d47-313e-90cd-4c588c951852,42.116244,-71.329274,781-769-2040,22732.159999999974,177
6510ffc0-9793-352c-87d5-e8f7aa8b4d5c,42.052671,-71.356858,508-384-2223,39393.80000000015,306
f3df99a3-8812-3e96-8df6-f5d26d15467c,42.62885,-70.685875,978-283-0888,1937.4000000000003,15
51e300b3-a51c-30ee-8c84-b46ab346da49,42.360502,-71.303433,,12141.03999999999,94
000a85c8-ffbf-3b5f-895e-7ce9941b556a,42.062378,-72.498111,,8653.719999999994,67
1baa153c-8143-3738-b1d7-3897d3ca9289,42.338551,-71.018253,617-309-2554,6845.479999999995,53
d9b2515a-3ee3-350c-9f6c-bfd20b6d502a,41.647227,-70.249978,,18340.719999999983,144
33f56fac-880e-3f10-928b-582c7d1f92bc,41.793699,-70.638745,508-996-3991,17307.439999999984,134
08a89e43-2e12-3b82-bf62-4effe340a61b,42.42938,-71.058706,781-338-7753,3616.479999999999,28
29dac58d-a37f-395c-bcc8-886674360df1,42.423844,-71.10923100000001,,8653.719999999994,67
571ec81f-6e54-3c63-84b4-a565ca6b4fcc,42.268426,-71.613309,508-366-1433,6070.519999999996,47
65ecdf62-6f9b-3051-824f-6f58a06fb732,42.726188,-70.983328,978-352-8375,27898.55999999997,216
54613c2a-ebc8-3fb4-b553-ebea4e096d3b,42.323853,-71.142003,617-277-1774,13045.159999999987,101
41de2a8d-e489-3b63-962e-de05066127d3,42.33196,-71.020173,617-975-0110,1679.0800000000004,13
a3bd35b0-568f-3e91-bbb5-e863866e4272,42.183577,-72.457812,413-333-5800,20923.91999999998,163
6c00c3d5-b087-31a5-b8c3-bab14843927d,42.62885,-70.685875,978-927-5245,27381.919999999973,215
b52d08fd-21d3-375c-9771-106db072c89a,42.33196,-71.020173,617-731-6960,9041.199999999992,70
c99d0534-fc55-3d43-89da-a97ca9736942,42.375541,-70.970646,410-666-2588,21053.07999999998,164
e2bfa494-daca-3009-b535-309be5fdf2a9,41.7132,-70.485737,,12141.03999999999,94
fc80cb27-d6b1-3670-b7f7-25ac970937d3,42.601977000000005,-71.81586999999999,,35131.52000000003,274
439831cf-293d-34fc-9626-f8f2e4b5e1cd,42.559673,-71.260947,978-663-8889,23765.439999999977,185
b13bec88-9cef-38bc-91eb-a89720a0b683,42.597055,-71.3697,978-244-0060,29319.31999999997,228
d55e1778-134b-323f-abfa-0fc86342e134,41.661303,-70.937913,,9557.839999999993,74
9d165ee2-5a99-3202-8e12-d7ae0a90c26c,41.930477,-71.046214,866-389-2727,15370.039999999986,119
144d56cb-7437-3e01-8421-cc884103db00,42.33196,-71.020173,617-296-4000,27123.599999999973,211
042a000f-a260-3703-a44e-f63e97de7bf4,42.23416,-71.291167,952-595-1100,55280.48000000058,431
93e5a946-c2db-30f0-9975-0856edda3b9e,42.610513,-71.007118,,17436.599999999984,135
67bc4c2c-8863-3521-bbeb-41627b604131,41.579794,-71.081822,866-389-2727,3358.159999999999,26
52a30b57-1660-3c8c-9f4d-5a38305ee506,41.688804,-70.639267,508-564-9600,8395.399999999994,65
1224d989-13e6-3ac2-a646-5ce653f3bd3b,42.146286,-71.255604,,5941.359999999996,46
af0308e8-31bf-3ca4-9267-5a6161b04e8d,42.488769,-71.154438,781-939-1922,1033.28,8
3ac9b4bd-3fb6-3680-8778-dcd410cad20c,41.972376,-70.978773,508-697-3123,32160.839999999967,249
cdb45bcb-f1b3-3e34-a091-0c9a082a6dc3,42.42938,-71.058706,781-338-8800,17824.079999999984,138
91077658-e3a0-3224-9887-c48e22d96a3d,42.648044,-71.161751,508-633-1276,3745.6399999999994,29
28153f87-1053-342b-81f0-73aa3affd75e,42.175668,-72.572257,413-420-6244,43139.44000000025,334
08a3d8a3-a260-385e-a11f-1b1a10d57ee7,41.647227,-70.249978,,21182.23999999998,164
a0a14713-50c4-3818-b0cb-8c2047f1458c,41.888191,-70.59996600000002,508-833-5180,133034.80000000267,1033
5f178592-5066-33f6-8594-e6f58caca21c,41.6050403,-70.4944565,508-477-4282,0.0,685
829a88e4-565e-3a38-a0a6-94ade6404a38,41.6614745,-70.9425593,508-990-8260,0.0,309
4feb5860-8c43-34ea-b2c8-84ff7ca8740b,41.672608,-71.1635601,508-675-1522,0.0,170
95d68217-d9c5-30da-b406-61fac767fc0e,41.6402886,-70.9274583,508-997-2900,0.0,105
92819cdc-db9e-387e-8c4f-4b2b4e8b2e4f,42.6653405,-71.3038939,978-459-2273,0.0,2443
0d1563c1-d56c-362e-9e3d-d74463ebbe0f,42.0892313,-71.04551,508-583-0010,0.0,1472
0c127383-39c2-30f2-bd62-448ea6fe1385,41.6420636,-70.8889896,508-992-5546,0.0,264
ad933cee-594c-3f13-b6ef-20f89ecd91ff,41.7847869,-71.3116365,508-336-4550,0.0,58
4e916854-3a59-3f17-bb16-7c406148d822,42.144202,-70.844005,781-829-1000,0.0,1618
a76bda1d-f42d-3046-b8c6-021f3db0a086,42.3760766,-71.242893,781-894-8200,0.0,1543
7116c200-6663-3503-8314-1ee16845e5d3,42.6257767,-71.3593401,978-458-6868,0.0,2478
3265f387-6c51-32ee-8f6d-b2a89caa34d5,42.3961274,-71.0392206,617-884-8300,0.0,2244
c63d0602-724d-3d74-958a-a31b1364eaef,42.21004,-70.999539,781-849-1000,0.0,1654
f15cf8e0-db9a-39b1-b78f-8a6a01cf574b,42.060999,-72.5146744,413-525-3958,0.0,1339
ff9474cb-cf9c-350a-a22b-b949ee9793cf,42.0951927,-72.5094159,413-783-9114,0.0,415
cbbee84d-7644-3b24-9f41-e3747f5050df,42.2590345,-71.8139319,508-860-7777,0.0,5105
f1313c7d-3148-335b-adc3-337f15567b82,42.5805281,-71.1438654,978-988-6105,0.0,2171
df5a38ee-e493-3572-8f92-bb695aef9891,41.6624796,-70.3008223,508-771-4092,0.0,1506
e3f1676b-9b40-3544-af4e-17a06bbb98bb,42.2894365,-71.0719941,617-825-9660,0.0,4402
a43fb751-96fe-3496-8750-73f85651866d,42.5587666,-71.1368606,978-657-3826,0.0,1729
b81688f5-bd0e-3c99-963f-860d3e90ab5d,42.3505548,-71.0766054,617-247-1400,0.0,2854
eeca3319-9cbf-382e-a7ee-43986c981135,41.9048719,-71.106073,508-822-2311,0.0,310
6e62e63b-c39a-3211-99d8-8b8f0f06774e,42.3023113,-71.7661395,508-852-1805,0.0,2697
62fa9127-485f-3032-87cc-6576d91fec94,42.5369864,-70.9465423,978-538-4000,0.0,3856
291a9036-ff68-348d-a693-537df0807a12,41.6956586,-71.1530617,508-679-0010,0.0,122
b60f8daf-0362-3c28-9b54-216e7f3e80bd,41.740785,-70.5980121,508-743-0322,0.0,998
d672f853-e2a5-324e-98fa-c6d5f8dfc255,42.3700513,-71.2490152,617-243-5591,0.0,2180
98d42012-384f-39d9-b210-cc654b9441f6,41.722586,-70.0372004,508-432-4100,0.0,1206
27f06acd-f732-3871-be87-889fef7d9010,42.6087525,-72.5857131,413-772-5055,0.0,1290
7ffe74ac-786d-3c6d-bcb9-323352f6149c,42.1463818,-72.5335973,413-746-4006,0.0,1116
b06770b5-b695-3c1a-9685-ae2223966ff7,41.9799756,-71.3329695,508-643-0100,0.0,3809
a9afd4c9-8443-3b5a-a486-07c3bb109b3f,42.1718584,-72.5849672,413-594-3111,0.0,2362
9b5f23f1-c387-3a77-9359-752d26d7f997,42.47636,-70.9125322,781-596-4150,0.0,2299
108ccece-277a-396f-8bf2-1527f74458eb,42.3323152,-72.6545646,413-584-7425,0.0,2815
f7a6cc79-3075-3124-9f62-6fe562440b1d,41.6392025,-70.9815648,508-961-0861,0.0,371
0f7f97f6-693c-3de9-8190-85feaf4632e2,42.3634497,-71.0256963,617-568-6500,0.0,920
700056a6-3aea-3efd-8423-a9acbd38a5ea,41.9051941,-71.0609995,508-824-1476,0.0,362
308b5efa-a9c2-3728-b1ff-d29c5f060731,42.2925591,-71.7603169,508-595-2505,0.0,3086
bbf934c6-faad-3483-a1d2-d2ecb693a0e2,41.5683439,-70.5940062,508-540-6790,0.0,1469
90cf148c-69ed-3d33-aa86-b509c6b0b25f,42.4259086,-71.1113649,781-306-6180,0.0,4311
1aedcb45-c507-3ad0-9010-6583d264ae72,41.7258413,-71.1590845,508-678-5631,0.0,151
