Id,ORGANIZATION,LAT,LON,UTILIZATION
c795d2dd-42d6-31c8-8bc0-ffe8d7f600cc,ef58ea08-d883-3957-8300-150554edc8fb,42.520838,-71.770876,16963
e747102c-e7ac-3c2a-824d-83698ea7cc2c,69176529-fd1f-3b3f-abce-a0a3626769eb,42.375967,-71.118275,28517
fb558fe2-f4ce-39c0-8a4a-1f5e84300113,5e765f2b-e908-3888-9fc7-df2cb87beb58,41.931653,-71.294503,23074
70aca2db-5180-39a4-abe0-2c5eaffaf74d,f1fbcbfb-fcfa-3bd2-b7f4-df20f1b3c3a4,42.700273,-71.161357,20593
046c4fac-2680-391a-ba36-eeaec6eed0c5,e002090d-4e92-300e-b41e-7d1f21dee4c6,42.375967,-71.118275,31316
62fdb8e3-1e3d-348d-b7f8-7ee6c19b1000,ef6ab57c-ed94-3dbe-9861-812d515918b3,41.748854,-70.74053599999998,13795
83a24e5a-5822-3e7d-8b96-5bbacfc02357,49318f80-bd8b-3fc7-a096-ac43088b0c12,42.327044,-72.67463000000002,11692
4308ab8c-e195-3f34-b910-a194745ea3ad,fbf6180e-b800-3ebe-b91d-93d0288c400e,42.614671,-72.597063,4761
4f523ff7-c792-36a3-9316-08db77724e60,8b58cdd1-3d79-3126-8fe0-da2c54d6805c,42.33196,-71.020173,3580
268f1d19-c6d7-31d9-b3dd-b6f2cd7cede7,4bdaa4c2-c664-3089-aee2-7137abbad27f,42.059669,-72.03404,12211
083e4b9d-f115-343e-ab8a-7cf2d75f4530,ecc51621-0af3-3b35-ac3e-8b1e34022e92,41.725351,-71.094162,18135
f59948a6-b07a-3248-9661-60f5924b644b,5d4b9df1-93ae-3bc9-b680-03249990e558,42.211656,-72.642448,16576
03c3d41b-4fe6-3720-86ca-34ac24171ebe,37b4d73f-652d-3033-a16e-d97b9e8b4cda,42.812141,-70.886646,11240
14c57585-676d-3905-8dbe-255f64a5b672,5844ad77-f653-3c2b-b7dd-e97576ab3b03,42.187794,-72.30846899999997,9940
ca47cb17-d6eb-3404-a756-85c5f6b52524,08bcda9c-f8c8-3244-82d4-fc306a7a55d3,42.33196,-71.020173,8880
d5d4aa49-e259-3938-8bbd-d667a2e33bb8,37c0de84-bcaf-3624-82bf-a89b2ac441b8,42.556659,-70.84496,17235
912850a9-9eaa-30c4-a023-6b741c0310cf,4861d01f-019c-3dac-a153-8334e50919f9,42.50128,-70.897502,21656
f4ca0f91-7baa-3dbb-b7e8-9128d954c12a,a0b6ec0c-e587-3b2a-bf9f-248849f29ee5,42.33196,-71.020173,4582
93833f4a-113d-3da6-8cc9-9436e3e9a3a1,4f3a530e-a2f7-3de0-9a09-c0a70a9ab894,42.452045,-73.26054,21226
8fa0a44f-ff46-3f07-b369-d720053f279f,f71ce1a9-cca7-3295-9a1e-c88ac3479b6f,42.349617,-71.547214,12628
a9e22225-d900-3207-8215-e1a91c931c58,c44f361c-2efb-3050-8f97-0354a12e2920,42.082543,-71.024638,21875
e9e8b587-37e7-39ed-86f9-f489f7df8c69,331f4c11-d298-308b-aaa1-d7825b29b57f,42.411887,-71.690005,10826
8be741d6-44d0-3412-88dd-4987e1559f0b,b1ddf812-1fdd-3adf-b1d5-32cc8bd07ebb,41.897892,-70.62403,15557
3b0f6cb6-5482-3eac-a811-bd64bcf4a27a,6be05ccf-ef94-341f-a2a3-1cf9bfde1b18,42.269478,-71.807783,9808
7d3a5c20-4342-3888-aa5b-021d5861f4b3,b0e04623-b02c-3f8b-92ea-943fc4db60da,42.638893,-71.32210699999997,37443
9fee425d-68e9-3d68-90de-dc5abcaa6589,ebc3f5c4-6700-34af-8323-85621c313726,42.138838,-72.755911,9420
9c875a09-93e0-39aa-9260-ad264bbdd3fe,fd328395-ab1d-35c6-a2d0-d05a9a79cf11,42.115454,-72.539978,13079
a1930239-6238-3656-bdc8-3b249dbac34e,d692e283-0833-3201-8e55-4f868a9c0736,42.455723,-71.05901899999998,43948
6ba172e8-ae6d-3c6c-9f49-38096f9d1e1e,d78e84ec-30aa-3bba-a33a-f29a3a454662,42.33196,-71.020173,3890
645222f1-03a4-317e-875a-7285fd2b4d5b,8ad64ecf-c817-3753-bee7-006a8e662e06,41.903323,-71.094984,14838
da0e2a88-a58a-37f2-9102-017a863bd97a,23834663-ed53-3da9-b330-d6e1ecb8428e,41.725351,-71.094162,16537
cd5bf486-f978-3d2e-afe9-7ee9828f4454,44bef9d3-91c2-3005-93e0-ccf436348ff0,42.33196,-71.020173,4179
d410e341-a05f-3cca-bcee-107996f34eba,60457c13-adb2-3415-82c5-86ab5dab5f93,42.115454,-72.539978,11278
c9f5d505-1741-302f-b6b8-6c793401f115,a9f20dc1-5147-3789-bcef-bbecb41c5983,42.742751,-71.178588,11790
6b51ba89-aa57-30f8-afc5-830a643186e4,7fb56531-86bd-3e4a-8619-4df9942da309,42.281593,-71.242414,15614
ac5f3003-aa5f-3e53-a666-0ccfc121fd6a,03347b4d-994e-302b-848b-58019a4e274d,42.269478,-71.807783,9834
3c5daa9d-f165-3473-b985-46c54c77e61c,cb6a50e0-af76-3758-99ad-3200ede03fff,42.33196,-71.020173,4321
dad0bcd2-682f-3b67-ae1f-10ad38f697ff,9a7149fa-49fc-3c87-b935-d29c55808717,42.33196,-71.020173,3671
e9f54a4e-c20e-3443-a6fc-2ab488a1345c,24cb4eab-6166-3530-bddc-a5a8a14a4fc1,42.158692,-71.521419,29375
5b88cf08-3946-3a4d-a7b9-55b9f556236d,e44f438a-601b-30fb-85eb-bfaf8ddcb5ad,42.586516,-71.988062,6862
81952bf7-4bb3-3218-8cc6-eff58152da41,ac8356a5-78f8-3a63-8a1e-59e832fd54e7,42.562221,-71.58484399999998,14907
999d710b-8227-3749-9a7e-89d84b4a1ae3,db0acede-4abe-3c01-8d03-5c68a190d8c7,42.24158900000001,-71.082651,18665
6b47028d-5118-3ace-91cc-a37789612e24,3d10019f-c88e-3de5-9916-6107b9c0263d,42.331876,-71.208402,30329
a13fe0bc-ce8b-3cbd-8c10-b9e84bdc5cad,f4e7709c-02f6-37ca-aeea-8247d74e88e7,42.452752,-71.144319,20345
d76028b8-d23f-346e-abd0-65995aec66c8,12c9daf5-a29c-36c9-ac55-28972463e566,42.24158900000001,-71.082651,18663
073da975-e83e-3bc4-9000-4c23792a2d33,27379046-608b-32f0-9df7-8c833cf5d11d,42.33196,-71.020173,3714
7d25a9d8-d002-38ee-81fb-b9d11f976cab,226098a2-6a40-3588-b5bb-db56c3a30a04,42.082543,-71.024638,22624
c15ce4b4-2450-3502-b1e8-720909e404f1,b7175ab4-bde5-3848-891b-579bccb77c7c,42.33196,-71.020173,3863
ada4c089-6723-34c6-aba0-9958fe63a3c8,d733d4a9-080d-3593-b910-2366e652b7ea,42.33196,-71.020173,4486
bc4a66b7-a2ba-3ad3-af08-2975489d8495,3bd5eda0-16da-3ba5-8500-4dfd6ae118b8,42.18736,-71.195955,21982
5ed53ed3-568e-3f70-9797-49ebdc4a74e9,d5117822-5756-389d-9547-891a372d580f,41.57072,-70.556682,31242
e921a2ed-678f-30fe-a545-2928bb2a7331,f99c74cc-7d1a-3f95-9a33-4a9357bf2f2a,42.269478,-71.807783,11334
9a66596e-2848-338a-9bf6-135ca3049a49,6f122869-a856-3d65-8db9-099bf4f5bbb8,42.503227,-71.201713,17425
d3c139f1-3d91-3792-9588-cd90edf1a0fc,465de31f-3098-365c-af70-48a071e1f5aa,42.307905,-71.436196,20210
47b72c6e-a392-3c7c-9807-538ef51cfbf4,1eaf97fa-9de6-38de-a9c4-6efe5dc574be,42.269478,-71.807783,10011
4595ba46-606c-355b-b386-35f8f4a37d07,80e919cc-df1a-3838-b75e-541564a286e5,41.293416,-70.10216899999999,9516
87f5d889-be28-37ab-988e-47b75310d6d9,8e00f524-3a5f-313e-9542-378dfc61193f,41.45716,-70.556101,2909
34349a54-ff8e-360a-8cd2-42f46877632a,56e0b3b3-4fac-3776-8fc9-7b465eb2fc17,42.19397,-73.361473,3606
d52722f8-b69e-3aa4-a0de-10e54ccd7bf9,161a799c-4894-36f6-8ca7-2a71c8107f79,42.593384,-72.230228,5001
4e6a1e1a-b81c-3b57-8fbe-64d64f0ba960,956ccb85-bea0-30f9-af48-52f5dd95ff72,42.33196,-71.020173,3832
ae3ebaee-867b-30d6-a66a-64501fe5eabc,d7b11827-25f2-350b-bcd8-939fc59851b0,42.33196,-71.020173,4005
e2c226c2-3e1e-3d0b-b997-ce9544c10528,5103c940-0c08-392f-95cd-446e0cea042a,42.115454,-72.539978,11983
13974a99-5db0-3e41-b4c7-c16216ac5250,ff9863d3-3fa3-3861-900e-f00148f5d9c2,42.33196,-71.020173,3422
70edecb1-acbd-3e24-905d-b6d03b86e2b4,72a10c1a-ee7c-3a01-97b1-33f63244c13e,42.503376,-71.272644,12287
5a1494a8-d8f6-349f-9d94-e305d26b2743,1bd44727-a8e3-322d-9c14-a5c529d6ce6d,42.065655,-71.05398,4026
36fb0fca-79e9-3918-849f-b4299ba019bf,be4c63f3-8d38-3fa9-a183-62045b5c85f6,42.32809,-71.11076,3060
98e949cf-a73b-3620-9043-fe1951cda4bf,a7500efb-720b-3e44-990a-0c3edc5a3990,42.2793,-71.1657,9501
ec338348-5a54-3900-9de5-6f43cbaebae2,ae67223f-808e-33d3-a83e-066deebf35ed,42.345066,-72.68291,2486
ada2d3c4-0ff8-33c8-8cd9-413f5188c1fa,05462bf2-25d4-3ecd-afdf-bb3e1140929a,42.3665,-71.05931,8563
a7348772-f651-3745-a956-cf286233db3c,5573d6f9-681b-3f8f-9264-2da0fec29b1e,42.62101,-71.31481,833
10273330-fb96-30af-8210-f52428488df3,5259a506-b80b-3ed5-9c30-83188eabf33e,42.586487,-71.80521,3163
a240e50f-939c-3599-a301-5d9d14d04461,53b25c4b-e95f-3dd1-8e69-d427cdd83631,42.28348,-71.41845,8645
f2149e51-adea-3204-8470-5bc7381b9285,f95eebbf-70d7-385e-8e4c-748c79c6d644,42.613102,-70.66085,745
9db25fa8-d7e2-3ac5-8a04-e1b93854a7d0,c1c0c43e-ca87-3ee5-9549-be3f28afde81,42.580627,-72.623634,1379
2c96791a-f846-36bc-ab46-865ffc246733,e0c85f99-d520-3f26-8dcd-cfbf172afc5a,42.77449,-71.07901,10697
630c056e-6312-35ee-90cd-2191ac6086c4,ed146054-9dd5-3f0b-83df-d29d983039c3,41.651745,-70.294235,4671
c078c464-22cb-30b0-bff7-329b5e98a85b,3490b118-b33a-38e3-b763-f6f8f0039d6b,42.62101,-71.31481,2459
4671a45d-788c-3755-a991-da6e24ae1c85,8881e3ee-e915-31b3-867f-8e2fbe41e887,42.470093,-70.95994,5008
9353ccd6-cedf-3691-9253-2a87739335a8,0b78995f-8b45-34d3-969d-afcc456bb1c7,41.635937,-70.92991,4442
9709f727-e0d1-3582-bebd-5bf9f29b745d,de7eebed-6d89-3e62-b8d3-59d80c664399,42.451427,-73.25195,1458
0964295d-e4be-3495-9cb5-4f4b6663beee,cb72194a-b1fd-3089-afb6-cb8bb61f4f9c,41.924313,-70.656654,5301
1172bace-7077-30c3-a7e2-731c83509682,18f774ab-db01-37ba-95c4-44c4eab47089,42.272617,-71.03133,3376
6ea96756-cfb0-3d6f-ab4e-26af98e3356c,37eb7694-de8f-3407-b95f-1a6a31fb0f6a,42.110065,-72.60007,4313
aa1a78d8-2ffc-363a-832d-7d7f8356b987,d311e70d-86e7-3c03-b115-53892bcf7ef1,42.297756,-71.766815,4153
e0264001-f9da-38a1-99fe-1d441fdf909d,7b50426f-b50b-3d7c-ab22-04a0e1632ac8,42.34461,-71.03728,2032
ffc35f18-15ab-3105-b214-6ac4683246aa,3fbe3da9-8e41-3118-a253-7e2d1b46480f,42.055134,-71.06661,4028
a8536107-5c82-3094-b5b2-730388c23e1e,515117f0-f62e-36da-90e9-a004b40b2260,41.650307,-70.313515,2065
20885d2f-e887-3144-b747-be5d60c76483,5b7aa5b4-aa6f-3acc-bd96-01ce774cb614,42.642513,-71.3062,1896
ceaf7c05-dc2e-37a8-bd73-3f156939ae36,7c530dcd-43f3-3f87-b41b-9f704205e0f8,41.6318,-70.8801,2112
a0c24445-7746-3614-b0ea-5f215e44816a,78dbf052-6958-3c67-af45-b5a450b70fe4,42.139397,-72.62382,2397
75f5f0f6-b1e0-3142-b548-974c5324535a,3a2242e0-de37-303b-bdfc-e160c7eae518,42.265556,-71.818665,6979
91ba1fb6-82a9-3335-b4be-e1e9a92532e4,d5f4875f-6df2-32a8-a01b-47267f47fc49,42.349617,-71.547214,579
041e0a01-8fd7-3a0f-a82c-259bdd1b5106,b7dc82e4-3595-391b-a897-495dd7e5cf38,42.468432,-71.01394599999999,77
225c421b-04e3-3295-884b-972fe585810f,74e00d14-2bbf-3cf3-ae7a-71077abf5f3c,42.844794,-70.841499,205
0b56a162-bcd4-3987-8059-480f1d353400,062ef134-87b2-33ce-8700-2be841551531,41.661303,-70.937913,64
13886eb3-b8f7-3363-b9fa-1e817855b7a7,6725cc67-119b-38a5-9fc8-c104c2b7f993,42.355801,-71.862574,226
cf10248c-a32e-3c9c-85a1-8f3da6c7c461,3a7bb7bb-9e72-3d69-8922-fb46c14a7457,42.363534,-72.50729100000001,57
b0475699-379c-3493-819c-065f5f40c495,c72c73fd-0c2a-3579-b732-130984e4883c,42.323342,-71.646236,55
488dc835-5847-3526-8a0d-a9bf27fc19b1,cb60ed4c-0edb-3595-b0e3-897f1a2b917f,42.175737,-71.125385,59
4c727e08-aad2-3f20-8f37-e62c70621bd0,dd7305b8-adee-34b8-81b5-f14fe05784e4,42.782945,-71.087436,86
7e04a9b7-7e5e-32dc-bff6-6a464140e962,f0268df7-588d-3e55-bab9-e29862a3be00,42.369417,-71.785036,252
7ed6cadb-8945-3de8-9485-a24e0e3b032e,de1376c4-8f27-37ed-85da-6986458442f2,42.770406,-70.872417,227
9d99f3c3-e7a2-3cfa-92fc-98e5141735c3,68bce3bf-f2ec-33ca-ad42-63372ff90d8f,42.184599,-71.305307,55
4aff3c14-6e8a-3d8b-9c42-60b107e9987f,a1faaa8a-237f-32aa-a877-8cd26f1fdc21,42.323853,-71.142003,35
a3be9e56-e9bd-34f2-8e56-87c70244f286,7ae92f6b-21d5-3e24-8265-d69bd2b9b4ca,41.37295,-70.482349,139
79be80e5-1680-3e5b-8f2d-6511390dc0ec,73261f58-9c5a-3dae-833a-92148d5b7072,42.499295,-71.281889,122
863cae1f-161b-3272-ab39-5aefdc3cdc2d,3ef2ad01-b3bb-332e-bd65-1607504c44cc,42.376043,-71.11868,214
a556b805-cbf5-3458-9f4e-1a90eb64eb8b,c71b657c-58b7-33bf-8637-c0e102faf337,42.369451,-71.177925,71
97462c8f-3752-35ae-b9c7-71062b670769,e1053175-7c18-3f57-9814-3e77d8080c14,41.579794,-71.081822,76
0b6414ad-6c56-352d-88cc-d1049ba80409,d49e6f3e-feab-38e0-adeb-6d0cc8a92c5e,42.50436,-71.064061,243
a3d54723-a8ab-3348-a173-ef3bca812733,306fcf64-2582-3906-9311-9cc169d058c5,42.782945,-71.087436,36
6e72b5a6-55e8-370f-88c8-eee45c3ab13b,8784f92c-21db-30b9-8492-eb7fcf75ed2e,42.175737,-71.125385,214
0efbd423-7952-369c-a8d0-9a5057858f8a,eee23eb7-a476-37b0-9811-d57740145867,42.844794,-70.841499,38
26187de4-8a16-30a3-97fc-6b04cad611cd,71b6fd75-d5ca-3f0a-a81e-1fc098c63ba2,42.369451,-71.177925,97
8e3b4290-3cd3-3682-9711-a03abb9fa81a,28f61c08-cdd0-3c54-917c-b248f80b7f74,41.903324,-71.094987,83
b366ee87-bce1-3fe1-8d2f-98b8ad749be3,fa7e6ef5-13fc-32eb-94b6-a2a925e59210,42.556659,-70.84496,75
5dcf1343-bf2d-34e3-9f83-635331c46a12,8b4fe11a-5235-3649-81fa-b155afee498d,42.265435,-72.670813,110
72442283-b19b-3df9-9e78-f1e3c32e5b85,fc0bcb63-569b-3658-aa03-71cf89aea64e,42.405938,-71.054649,296
6db364f8-8915-3272-899f-dcea653a32f3,9395b8cb-702c-3c5d-926e-1c3524fd6560,41.70692,-70.221117,151
95b82511-5e8e-3acf-894f-0f889854f305,dd1f04b3-54cd-3ff0-96e3-a9aec2078301,42.838603000000006,-71.011997,587
41a12a50-1c8d-3b57-8be1-a4be5039a42f,b0bc9a3f-9875-3126-913f-1e1c1a01eb16,42.742751,-71.178588,50
66abbf4f-d081-34d8-a637-31ae5f1a6353,180c8932-47f1-3bf1-9aed-12c9013c2286,42.376043,-71.11868,56
ef85e69c-58b6-3cab-9e0b-fb3ca4e32d73,55d1bc6c-bf4e-3cb3-b917-eac93095055b,42.33196,-71.020173,48
9633cc0d-9934-3098-acdc-497673edf4c5,277aea7a-ec5f-3dfc-b430-e5e68f599033,42.418722,-71.163912,41
2bc9ce06-ef8f-31bc-93ee-2cbee1d8f2c3,6ba40db8-d0f5-3e80-a7ef-7f3d96d28720,42.520876,-71.770611,43
5f3ada31-2001-370c-8f34-5ac0313b0f82,46d76f18-28be-3225-9d6c-8f9a424775eb,42.50436,-71.064061,114
2e18b0e6-5f06-3d97-8486-95738049771c,3b58f93e-c04c-332e-bcc3-2deed308c510,42.323853,-71.142003,19
47d6c9ee-45d5-3d71-abd1-a44f873d7413,3417f72c-36d3-3e9d-b28e-9f7a165c3ed8,42.219645,-71.216768,36
49f06697-4ea0-3ef7-aae4-f2ebfef6bfb7,1dc3e5ea-c4e5-3921-8091-f93f95e6b114,42.483953,-71.43849499999999,64
ab502481-1f2c-3d1b-95e3-83e96434dd1a,674de87d-159a-36bb-96a4-e415aa756ea6,42.323853,-71.142003,67
6ee52695-ce34-3944-ae27-8c516d91ad1f,a0f5bcef-a277-330f-901c-27cd8c39df6d,42.224319,-70.880673,124
dfb94509-60ce-30c3-8178-f5fe16205c99,230b3872-a16b-3c49-b4cb-288c356ed3d4,42.605437,-72.292074,264
2d6f109a-4279-374e-be7e-51b3a7307632,c3e371b0-0884-37e4-bae5-a1be9f99b3cd,41.662727,-70.357208,140
0f4387a0-da71-347b-a3fb-c08a0fc45983,2101d4e0-8f93-36bb-b044-f3ae97394376,42.389071,-71.545864,48
4c2484c0-25fd-3479-a92b-d751850d4cd7,934dbefe-1ef2-3f15-8a7e-0c19766b001b,42.648044,-71.161751,72
2481955a-1de9-3124-8dfd-e5b727e4a238,0b829ba7-406d-3339-b330-1e995b1d72a0,42.474862,-70.96218499999999,183
549d380f-0378-3a63-b8a6-997ecd9f6b43,6cb36205-a8ea-322b-8376-c9c7dc6121df,42.578222,-71.084398,163
9b430317-8261-3d8a-9acd-66c14c5dd8d3,b81e45f5-1cbe-3464-bcea-2ced466c7213,42.323853,-71.142003,23
83f147d5-fb8f-349e-a073-ba7b931a88e2,4388668b-7730-35e0-af95-b996397c4c8a,42.383367,-71.42107,62
8097ef96-f730-339d-aef0-88dd3a4c84b5,ca3fc9ea-baa5-3093-978b-29c0c734e2c2,42.047565000000006,-72.57113000000001,102
1a4a7979-08f6-3539-8339-5da45ba30094,b6d84478-28bc-3ab1-8b5a-c64299f8960b,42.146286,-71.255604,36
9b145208-60c5-35dc-b6d7-622292d5793f,10fb096e-706f-3f84-af35-4bab399a8d11,42.390445,-71.101033,145
62cfc736-d48d-3451-8b46-fe6f40ea4c10,02da9e41-5656-33e0-be62-aff604c958d3,42.33196,-71.020173,53
6a356537-cef2-3ad2-8e60-315507f7f83b,026f9974-8b5a-3925-becd-87b049825f1b,42.183577,-72.457812,109
f064ad83-a211-3bc7-bd6e-ed366aae8e2d,223c28bc-a680-32b8-a654-3c07a81e3cea,42.597055,-71.3697,90
99e0cd32-94fe-3377-8c06-77b679e0737b,20407251-085a-3849-aec4-9ae82cc81ac5,42.468059,-70.89126,137
2e1e86f6-5183-3b03-ba38-357e16e81f17,2e842845-6ec0-3590-8290-0192c1eab1cc,42.418722,-71.163912,112
8cdc58ef-2276-3b34-bdbb-9335bd60da5c,28e1a296-8abe-33d4-8e46-8b1f3c735973,42.122956,-70.85631,181
da8d5bbf-5e4b-3456-bb64-922a557c2353,518271fa-2372-3b99-9b3f-a9ccc3cfc33b,42.09387,-71.544519,325
1dabd09d-45ad-3919-a7cf-e560c034cc1c,819a27bd-81d7-3aec-b990-e79062cd0fd0,42.146286,-71.255604,111
4d9f61c5-e900-35f0-8394-137a2a5af92e,7ff0344c-ce61-36fd-8187-cd0d13af354a,41.931653,-71.294503,59
d8d55c11-cd55-36b9-afed-735c2b5145ae,cbca2a7d-71ee-328e-8cfc-56f35f27d248,42.418848,-72.10659799999999,127
8e6efbe6-8c05-30b8-ba63-d9a813d4296f,befd832a-ba6c-3404-b7d6-a01ee45f6fe1,42.468059,-70.89126,264
8a69a415-fc1e-339b-bf62-eee953955d5a,817f30f1-19d6-3cc9-8713-09309eada809,42.423844,-71.10923100000001,62
fc5ff4fc-6e76-3e46-a45f-3fdaf48e6971,9ec35f20-8d1d-34d6-8663-2ef4d94521da,42.356491,-72.568632,117
57f28564-3076-315a-8f2b-a22501874e8f,bc938b40-d8f2-3c87-877a-26071a128971,42.605437,-72.292074,201
86a0c363-c0a1-3cfe-a529-bacba2ce6722,59a4b308-6863-3bf6-8ef8-0e0f62d6b04e,42.115139,-70.71033100000001,21
f79503ec-f9c5-3af4-8518-c6703f0c0dc6,b969cda4-812d-34ff-b4b2-ec1f0d492134,42.782945,-71.087436,78
f3f4eae1-b16d-3f2e-b8ec-9f3228c14a23,433c8aea-1ab2-374e-a879-7c6fd0d3c4e6,42.390445,-71.101033,324
0bc7a853-3435-34e1-8bae-53b40e60d72c,18493754-0bc4-3653-89ba-fced6e9a2a79,42.66495,-71.712025,752
d225b765-93e2-38fb-aeb8-a73e5959e4ea,8041c7d8-176f-3afc-80ed-e631206c4c65,42.224096,-71.54048900000001,171
4dec49ee-4736-350a-8330-8e11f97469cd,775c7fab-5ca1-3703-ba2d-c297992d97d1,42.656952,-70.60463,70
c2e0d87b-18e5-3cef-b212-d15b0f12f6f9,7e0fcfff-e432-3e12-8c28-1b798687cc6b,41.662727,-70.357208,3
e13264e4-1f49-39d1-a48e-09d4224525d0,291d3ec5-a6bc-3cc7-bbc4-5473f2bcbc97,42.122956,-70.85631,28
ec0f504f-e4e6-3530-8f41-2bfcca1ed804,414083bc-a154-3b45-bfbf-397a568e2362,42.369451,-71.177925,42
03c2e5c0-e8b5-395e-b6ea-3b4b5580b61a,f64a8254-152a-394c-aa57-4a7e88ce99af,42.605437,-72.292074,184
f33dd9c0-0459-38f3-933a-893e7e20230c,d7e1f7b8-5261-3ee6-9d13-3e47f57fa6c2,42.323853,-71.142003,215
24e47b5b-eae5-3f1b-9f44-c4943f3122ff,6b3080ef-1b74-33ae-aae8-5fdca88f4864,42.125451,-72.649734,13
8bd5cbf9-844c-31dd-bea1-b2d5962a5212,5ddddbdd-c3eb-3e78-abf7-850ef1e210b6,42.418722,-71.163912,56
6f45029f-aea0-3c55-8b3a-ea290a76c436,129f29ed-9183-311f-a596-9c762d8cb08c,42.559673,-71.260947,109
f28d7cd1-3143-3f3b-9ac0-56d1d134a755,36f3b4f2-9e17-3b2b-b080-eab3c7fda7fb,41.661303,-70.937913,157
fd7d5051-8f06-3927-b6b6-76debc8015ce,207d191f-2b0f-31de-ab6a-52265042af59,42.50436,-71.064061,43
8257c928-cd98-36ea-bc94-3d37d84f77b7,0de9633c-54dd-39cb-947c-8ab5ecdf93a2,42.573654,-71.640986,653
e669ba5c-5c09-35e7-a405-00fcfb91cd05,819655f8-a4ea-31a7-bd9e-b0ef44654ba9,42.601977000000005,-71.81586999999999,175
f63940b2-0901-3e92-b66e-aa270912e1d3,4409e057-3f33-39ab-92a1-54fd9c2f3a3e,41.965341,-71.18178,143
89a31844-1dbc-3b89-8831-b5fe0751dcd3,1b16712e-c42b-38cc-8f9c-06c60aee8f4a,41.760932,-70.070392,186
6755e8a7-11e7-3ec4-81ed-7e7c616e9858,3d57481a-530e-33ab-9369-ae7dace0d2b0,42.323342,-71.646236,91
3acedcda-5e91-34f8-b0ac-d108cddcef21,58fa71de-2295-33b8-8932-176a72078898,42.129251,-70.908736,282
73c20a00-f3b5-3e68-9c12-0c461486f04a,20a2afdf-7859-3515-ab4e-539ec8bc5f44,42.323853,-71.142003,112
399e0303-c548-3df8-a797-f2040b466aa3,4101f148-1f40-3e5c-99a2-f88cbaf9bb9f,42.221851,-73.333044,155
3b0cfcb5-f4bc-3185-8de3-799cdc475602,f45aa838-487d-320d-a6c4-fc0f4b968924,42.499248,-70.898204,103
fd2ebc1a-ca07-3f5d-89e9-9b226e717078,cfd98299-b454-3431-b2b3-5765a9dd4369,42.388921,-71.24226800000001,60
9ab7b8aa-4150-30ac-897e-5b295ed3d7a3,a2b3ba4e-d3ad-3429-ade3-af77895c8be0,41.987196,-70.74194200000001,170
f97e61a0-1dbe-3724-a05f-09e5a98ccef7,d86bfce3-fbc5-336b-b24e-aef844d6fe3e,42.474208,-71.097665,52
7a947f32-2a55-3033-b083-9c77f955a023,7b4395d5-5744-3cb2-b8a8-688c1a87c1e2,42.206676,-70.94584499999998,22
be814be3-3351-3f05-8793-8b32ed35794d,5e3989cf-b359-30a4-8d6d-158a04628d58,42.323853,-71.142003,100
50ace87c-818f-365c-ab38-1ba0e1f985b4,ff6a07d9-8101-3861-8d58-2bd44631f20c,42.119006,-71.10365,67
9b8dd0c7-b7f8-320d-9b56-2727a2301bc3,6c9e7a79-b894-3260-8ebd-e57350dd1ce6,41.903324,-71.094987,76
151e8f4c-5dd4-32af-8de1-cb68ddf6a632,41d11a18-8aeb-305e-b838-81c5999d66c3,41.594939,-70.599243,60
2a2303c7-5b05-3956-8e4d-aed84aea3227,0df61196-c165-3212-9389-40d4bb4a39cb,42.452752,-71.144319,137
8fd0a94a-0d14-3576-8ab2-835563b371be,78e36de6-282f-3417-9f92-cce7dd0bacda,42.221851,-73.333044,41
12e50c45-c18f-36a7-9ee3-3629c359c2d2,960a678f-5f75-3751-a72e-a7662d051351,42.45184,-73.260685,113
25456aec-606e-3582-b5f9-bce05e235f86,f573704c-b330-36ba-90db-1943dea8d013,41.293416,-70.10216899999999,197
93c72ea7-652c-367d-a933-1ac7675e959a,27ea3751-40d6-3fcc-88ad-4b7d0c710a7b,41.875179,-70.74671500000001,364
6be0bbdb-85b9-311a-80b9-b0b2e5b829f1,ad3a23c5-ee9b-361d-96ee-244364c9b63a,42.534146,-71.038333,239
4b48bd61-7848-3c73-8569-0a551445a56d,755c4fdf-858f-3c62-80bf-5e9ae114c9cf,41.834412,-70.957166,85
139a4a4e-a895-3e88-b48a-58c69171f760,1c7f196c-c1db-37b1-8961-c9ac96267b63,42.376043,-71.11868,114
680f3f36-0910-3bad-abc5-2d0952b381b2,2eede106-3a4c-31f0-93f1-22e30e24a593,42.782945,-71.087436,41
6f2d93d6-36a8-3ed8-8fd1-e5c4642d215a,bffef3f6-1fc7-3881-be74-0678fbe77b5b,42.138838,-72.755911,35
5ed72751-cb84-382c-a218-6a52e2a4d740,1495bd5e-02ff-37a6-baf8-ff4e13600c0c,41.76935,-69.969034,48
94cfcfbd-fe19-33e5-a243-960625ffe399,bc1b82cc-e927-373f-80bf-b90bff6edfe8,42.224319,-70.880673,81
ed737822-4676-3318-9921-4cf167818d8a,2ebd3876-5d50-333e-83b3-a33959b8894d,42.50436,-71.064061,45
6ad98d98-ee21-342e-ae8e-c51a97c110c7,98b63415-bc21-3f43-b5ad-b78fb98c023d,42.021617,-71.026717,30
2c4d45dd-95c8-3f63-ab86-56fba1df5d4d,418083ea-2027-3dad-9c4a-5291d00f3ba3,41.661303,-70.937913,60
fcd9122d-2e65-3a74-9d54-94061b5025e4,fda84fde-4ba6-3521-9bc4-3a1782419ebe,42.369451,-71.177925,25
ad444613-a8e2-3add-9ad5-ae6f4c649985,b77848aa-a063-3b6f-84c6-be1a49c1f645,42.62885,-70.685875,78
d4352808-39bb-333e-9382-4bc42aabe892,c392eb95-d804-35bc-aea0-ccc0bbb8d85d,42.323342,-71.646236,29
ea71398c-ffcd-37f1-bcaa-26993ad6b207,3adbc956-6e12-324b-bbf9-c297cbc531dc,42.50436,-71.064061,73
fce7aa96-9e53-37b5-a036-ff2947e5b4cd,93b9c1c3-c97c-3070-bcfb-87966f028ea4,41.662727,-70.357208,175
caca3ea4-17a8-3ce3-944b-b3faa998a8fa,424452f2-f497-373b-b9ed-573a13b021f3,42.45184,-73.260685,99
542a2846-52e8-3d2f-820f-8cfedab1f0df,898cdd68-0f0c-3bb7-ac83-3ff23764f1c6,42.614671,-72.597063,33
cd84a32b-a8e0-322f-915d-363c3fc71071,f4faaee2-1664-300f-a931-6b4c6f727954,42.108463,-71.185182,81
476472e4-7ec2-3002-8e58-e7a0f9046ecc,364661ff-4fcc-3d6e-89f8-93d2570f6c3c,42.331876,-71.208402,15
f71f67a1-2298-306a-aae5-18fdcb6aac2a,e73f5da9-599e-3c0d-976f-ee2e4421f347,42.175668,-72.572257,244
be3a653c-d29a-3d3c-b96f-015d25f92b1e,56ed0ca7-04eb-35fe-928c-b3f90fea5e10,42.390445,-71.101033,200
27f07d3e-c9ca-3f2d-ab7f-15690c8125e1,e9899e91-ba1a-3497-9b0a-9c3ff91aa182,42.156203000000005,-71.43034499999999,25
ebf5d630-b1cb-3b41-90bd-a4f120858304,54799031-edf6-324e-8215-66500ec5fce4,41.661363,-70.812024,23
d574642e-7436-3090-9762-cc97548598f7,c14ad169-e03e-3914-a3f7-acb69051971f,42.33196,-71.020173,26
34f3e2c9-dfd2-34b6-b6c3-2d838e49b722,1d316cdb-fcb8-3b90-a2e4-079a330d344c,42.323853,-71.142003,64
7a5eed1e-2e66-3bd3-a5c9-9ad4d440c74a,0ab8b96d-8968-34b7-b29f-975bccb6fb70,42.219645,-71.216768,175
bbf9035f-9054-3f18-ace7-ec539b1e41af,9d2bed4d-cd0b-3541-9337-a941d9b94992,42.535183,-71.105423,99
a124a729-71b2-38bc-8943-ec55e7627215,0d768c74-92f5-367b-bd5c-76d3143e82b7,42.12826,-71.8671,136
5bcc9de7-3a6c-3246-9346-44e2b1e7bc60,ae81b94a-0c0b-3478-ad4c-0bfbeb91c34a,42.307905,-71.436196,63
5776c6ab-7f08-38a0-98c7-18f426f8e6df,773f0a50-29d1-3639-81bd-f8b2634270bc,42.367858,-73.269763,353
50a749a6-4879-3033-b958-ef6253ad89d7,6fca7f82-5436-395c-b7d5-df9438fb4b2e,41.70692,-70.221117,80
a6ee83fb-14ba-3261-8258-62aaded7c146,3eb7fc33-e4cf-3696-9be9-e814a1e472b2,42.017302,-71.21641,54
39acf338-b4e1-3234-ab86-fba0a16d8d10,c927f41c-0e3e-3997-bed8-bd53534de138,42.474208,-71.097665,116
a25221cf-9336-3b2f-9a47-188502685139,53fce0b4-14fa-3ea3-8127-6563160b8ba9,42.439941,-71.601879,194
b1eabdb3-c3f7-3d44-85be-47cb984bcb8b,5673dbfd-c695-36de-a209-bf84527a43ba,42.503227,-71.201713,117
8ab963ac-ed67-3496-af5d-67b0033a543d,52cfd6b1-bb25-3447-a32a-3cbb0a7afd79,42.176526,-71.603588,243
1292ee27-f6c7-3d7a-a755-e697061c77ca,6092e2a8-bf40-3b65-9d03-9eb8e7e651c1,41.987196,-70.74194200000001,136
6e059e09-c380-3cb3-a0c7-5282d81abe45,f95a01d8-adb4-394e-a0c2-c6069c800389,42.269478,-71.807783,45
aaabd1c5-57fd-3c4b-a05b-8a2fe555d550,94d65687-ca73-364b-815e-9a82383f686d,42.499248,-70.898204,64
8bd11db9-53b2-3819-9897-b91311e585da,56dbf306-b14b-3649-8f40-76064ddba6bf,42.064731,-72.653477,234
a0494e9e-5b2e-36c6-9364-c58df961978e,db945656-e650-3f97-9857-4f18e117f115,42.614671,-72.597063,52
8cdf58cf-2a87-3cfa-b51c-c49d86fe8c44,3bb806d8-ae0d-37d4-af59-96efcc928ea3,42.7539,-71.015935,188
d8d74f1f-f6b8-3dfe-a82f-aefbd24c42ea,dcbcf94d-c9d0-3c0a-a781-9236447e7826,42.474862,-70.96218499999999,71
f9f7c5f6-52cf-3fdc-92f7-6295a056fbaf,a274f6af-f9b7-3a7d-81ed-13ee3e98e3bf,42.284822,-71.348811,50
003fdaf7-a696-36fd-8f3b-deceeb7a94e4,44c0e821-1885-3533-a7bd-55f275a23979,42.323853,-71.142003,9
af561a85-386d-3924-873e-3424ab311370,9f29ffa8-308f-3999-b711-0882ec108628,42.376043,-71.11868,31
f5765acb-7974-31fa-8d02-2cdc17bb1844,fd583e5b-5756-3faa-ab27-b585f03bd069,41.725351,-71.094162,80
83baf589-1f23-36f4-ae18-cfa19d494c4b,dfddada5-3672-335e-9e49-ad10a4be1391,42.520876,-71.770611,27
33c2fda2-04cd-3618-b5fc-a62e55f1b2d1,4e8f3b06-b00b-33ba-9dce-b016e581ee1c,42.256208,-72.58103,64
7889c08d-70c7-3a8b-9aa6-49b3b14e373d,b5472de8-5039-36d7-b512-a2ff827007d5,41.661303,-70.937913,47
eb57f5ce-2bc2-3359-af11-08fe8f132974,426bf432-a5f6-351f-89dd-5e7b03e0ca0a,42.323853,-71.142003,94
dd0e3668-a87f-3d6d-ad07-d33060fd0a2b,93c97d3b-076f-3314-a816-9b870b039697,42.323853,-71.142003,6
6942591f-0b60-3e2b-9d63-34fd7a332e4c,ce0dc702-7298-363c-bef0-46dc8eee1f6c,42.360502,-71.303433,87
c6d50e1b-c7c3-333c-a446-8615d56d78ca,48f9895c-222b-3082-ab26-0b5220b07ab4,42.125451,-72.649734,243
3d8aec04-c372-3415-b929-46e516de69bb,7d370bcc-dba9-3314-8e0b-4b260b91b53e,42.742751,-71.178588,50
e6109fde-a98c-3d6a-8a96-2f9a53108b70,88d1ec67-f7f3-3795-895f-53814631398b,42.375541,-70.970646,158
60f66197-3457-3f18-8147-fd6091c72f13,6ea37b08-500c-3caf-b600-a7f90785c9fd,42.535183,-71.105423,65
c0572304-9cef-3773-ac4f-97c044c5be22,bf298470-c36c-3a2f-94ef-189c3234d071,42.851284,-70.955837,110
8f89fbcd-316e-386d-ab1c-e7b93e243109,18441415-53eb-35eb-b03a-4053b2eb5016,42.062378,-72.498111,62
57619a08-d5a2-3eaa-9d95-53c3f122b06f,a2aaf487-f3e3-3882-824d-e7bd8d61fcf9,42.597055,-71.3697,85
cea18798-cb98-371c-b1f3-ed40a2b31542,dc94c9de-acc6-309d-b5e7-7fded469c59b,41.56651,-70.958229,213
9b198f5d-64dc-3cdb-b272-a527f82b9964,1840aee8-887d-3b36-b622-15692b0c7be3,42.047565000000006,-72.57113000000001,208
8357c86a-05b5-31ae-bb55-a7060113e5a7,e9a3d0b3-e44a-3b9e-9540-5dd9bfaeee78,42.323853,-71.142003,74
7038c75b-c9a2-3df2-8940-90d8dc6d34fd,f71fcd39-a1a2-32ca-81f7-d211ac6f1048,42.268426,-71.613309,10
aa4ca4e9-ef0e-3e6d-86c9-9bf4892eb076,5d446658-c301-313e-9168-37d171e8a3af,42.66816,-72.055644,101
85d26549-0ec7-3ded-837e-4ea2943e255f,b9b857f6-86c4-3f93-b3ec-ea75879d46fc,42.284822,-71.348811,78
2c8f210d-6249-3c8c-9d03-4bc2c66f8d4b,7901c6d8-4c7e-3319-b16d-1eb3c0d73084,42.33196,-71.020173,65
f7585fec-6e4a-3f58-9d2d-103ea74cefe7,6bb5049f-7008-3a0a-b8b7-03d0c5bb0686,42.376043,-71.11868,99
2118350d-415b-3e2c-b2f7-3f61e0079df1,10b39ee6-5a5a-3ad7-a5e4-6a1c4529a5b6,42.648044,-71.161751,75
7b92d73b-70d1-3fff-b313-2d6fcb9649ab,e43fd7ef-4ec5-3f03-a270-c36158d48829,42.269478,-71.807783,18
c9564ba5-3f13-3276-adc1-991bf97a9af9,ea982d94-d88d-3cd8-900b-6f09a956f339,42.158692,-71.521419,140
f69677d4-872e-3689-ac30-efe7e4af55e4,e447a2df-4bd5-34e4-a5f9-82f9da952fd5,42.323342,-71.646236,22
1671082d-73af-37a4-9c99-689b387a0686,735d39d3-d76b-30e0-909d-df29f162c687,42.047565000000006,-72.57113000000001,55
86e2caab-2ed8-3135-8d93-1f0ccf2dcbe2,9ede8777-9442-3a51-945d-8ccee45acff6,42.050239000000005,-70.867359,280
ce529804-e4e4-379a-969d-56cb2dacac3f,8f7bf696-8eb8-311a-8db0-4948198907a2,42.349617,-71.547214,115
d7549dab-fa22-3402-b4ff-a19b91778374,47e3b2f6-c306-3345-b6d7-a4fe9be25ca1,42.418722,-71.163912,36
bf3a554c-b1d8-3a49-a39a-c5a6a50cfc30,7d42d18c-3a61-3e3e-a6d0-45b896cb5d75,42.323342,-71.646236,54
acce7d10-39cb-3350-9d12-8fbcb4e4b91e,973e7384-d05b-32ad-a8cc-c39191ee9150,42.452045,-73.26054,1275
8b449a11-3f34-3f88-b2e1-3562a7913f99,8064de0c-68e3-312c-a100-e1c63be55fc2,42.082543,-71.024638,62
d492015d-0c39-32dd-a33a-ae9a2c7e9441,7798795a-999b-3042-8b30-baf9c81f54c4,42.452752,-71.144319,187
d8da3508-98c1-35c9-9b80-bc2c294c829e,7fdd295c-3ec8-3fc4-b7c8-3662ec20a4d8,42.418722,-71.163912,106
e2bfb5b7-add6-3a2a-8472-d794df598bfd,7a78e136-f3f9-336c-a1d3-61123212530b,42.605437,-72.292074,131
7acfa09e-efd7-3261-8b96-7595f198409c,a548837b-cb14-377f-8726-3fcd124f8950,42.33196,-71.020173,65
db6a9432-e6f1-348d-8638-50403b3c69fc,9b49afd9-7855-3377-9dc9-28b5d1f4ca0f,42.360427,-71.361099,56
19e3b78f-663a-3464-9d59-2059923528a9,e4281037-446e-3534-8246-43036bfeceb1,42.30539,-71.28366899999997,80
092b10e4-2556-35fb-a4ef-9538ff923972,e7833359-a2d0-3095-8a27-ce49293581c9,42.331876,-71.208402,43
c852ee86-1319-3517-b4df-efe6b8d90f1f,aa273d1f-9643-3aa4-98cd-b105391b27b2,42.062378,-72.498111,42
0147dd39-29c6-3d65-b5d9-49ac7f69d35c,69723e24-a5ed-3203-8397-6027e67a8bc3,42.224096,-71.54048900000001,63
c8eeb464-b8af-3ec6-98e7-9c88aef8e4a6,823ae274-1b8a-346b-943d-4ecf57c3fbbb,42.307905,-71.436196,154
125606e9-113b-338a-861c-42d150c42695,95bfa81b-05fa-3b5c-9df6-27d82253a5ae,42.423844,-71.10923100000001,68
f21f581d-a34d-3d3c-955b-d3dcdfcf80dc,42151624-e863-3706-8442-472fafbf2226,42.495629,-70.83582,194
76cd48cd-879e-369c-ad47-c27e0d9ba808,af2a6f3d-aef7-3f88-81ae-493714aaabb6,42.721495,-70.886637,97
be7ed3c6-eac3-307d-8432-f3a3c3d29e49,145bc458-bc08-3e06-b74e-36f5c3177040,42.064024,-71.248401,79
f1827219-0efb-36e6-8812-682bb8bacb2c,d2edc181-c35d-3d2a-aee2-f16358d1dccc,42.265435,-72.670813,124
b178158e-a770-31b0-9769-7a351353170f,5f3e3a85-0461-3b77-9505-f57767d24412,41.56651,-70.958229,238
9068ceb3-8d01-3a79-a62a-ca8e5223d739,6129179a-8705-372a-b425-9dc187f49ad9,42.369451,-71.177925,107
e99f3a6f-45f0-39d2-8b52-8b2e739d1b8e,8421c992-940a-3c8e-90c5-78ae49c12d4d,41.758163,-71.21418100000001,60
355db062-bb48-3ca5-a059-a1b30badd88c,39c048e6-17e4-38d1-acf0-57b34cf3ac16,42.307905,-71.436196,113
fe09d0e8-f8c6-3de1-8ba6-3acd576fc807,8df24b2c-33bc-3b40-9696-327ad4c96065,41.633619,-70.871306,118
e7abada1-56cd-3529-b8bc-4c13f0d6b84a,6ffe62de-5d90-3cc7-be16-643a7496c817,42.466691,-72.546751,377
ee12e0ca-4ec1-3057-a654-a7dceb7af23e,d9c0e47d-7fa3-3b8f-a4a3-29cc29c9abe7,42.246125,-73.361858,61
393f1b01-8f3a-33e0-9032-aa5788666f2f,d8c003f5-668d-3898-be0c-2cc872609e91,42.323853,-71.142003,125
97f5ccba-61ee-3547-8638-ccbfbd968b42,42a6d2c0-4c41-30de-b401-d24121341258,42.158692,-71.521419,90
c0f6783d-6397-307d-8962-036742b4905e,761e218d-d9da-39e0-9953-b7f089bb82e7,42.673909,-71.091334,46
6dd77d17-8098-333c-bd65-a7b77c314d98,27025636-b4ec-3b49-91df-baf82448b511,42.597055,-71.3697,194
275da714-76dc-3151-bee9-0e1890a5dcd0,65110f22-e3e1-34f5-844b-1d5a772762ad,42.156203000000005,-71.43034499999999,67
5e60f351-3d09-3a62-8173-c7bac679574e,c67e3978-c50b-3a2a-bc2e-582eb830ca47,42.224319,-70.880673,64
10089bbc-0aed-342e-afa0-6286b4436f0e,6a48f12a-6639-315f-a315-186d785418ae,42.388921,-71.24226800000001,80
082a767c-2ba1-3c2f-bb19-b9bcc35896b0,98c716c1-1951-39a3-8c5e-fd57ac194208,41.931653,-71.294503,365
c961ab66-a73b-35c7-b314-341dc01649b3,2299ba38-a12b-3186-a0e4-df3156f452bb,42.726188,-70.983328,26
d8b5b240-fafa-3d72-b171-5edf9ce1966f,6e21d2e1-b52e-38fa-8254-8a797651c2d0,42.256208,-72.58103,93
2142d055-c3c8-3885-81ae-76debf1bdd62,181b6c5a-b303-37f8-91a3-b096369cd02e,42.206676,-70.94584499999998,65
fb5d5d74-e633-300c-a6fa-584a706e9f6c,fcae3c44-95b9-3a38-ba85-2f0385345e27,41.579794,-71.081822,388
e10696d2-4fa4-36e9-b96c-fadaf1fa4c66,32836213-4ac7-3021-aad8-6383f3ced351,42.209151,-71.683644,2081
baa7d14e-b539-36f9-acb5-bcb41c3b7c21,608eb1f9-d988-36c4-a1ec-32345568f6e5,42.265435,-72.670813,122
6f5bdb90-ee61-3f01-a39c-555e3b1d9f0a,65a74939-6441-32c0-bd3e-00b951c968e1,42.246872,-71.179462,185
e87dc90f-6171-3350-a04c-beb6df54b7ec,c4e60bf3-2144-36d1-8204-4247073f3370,42.064024,-71.248401,127
7b68dcfe-b80f-35c7-8d6a-a66d8b532dbd,994e3d71-b1d7-353c-bee4-e111c409ca3d,42.499248,-70.898204,122
4b803fff-f58b-3a9d-8ff3-5f926c996e39,891a2df6-59c8-3f38-8cf2-10f415e2cd84,42.241557,-71.082432,86
7a5b3778-c1f8-3358-b2da-ec8f5aaa4672,f3e9d159-191c-3fbb-86f0-dfd0bf66d83f,42.125451,-72.649734,226
119588b2-02d0-38a2-9eb6-9e973e472e92,95534a3f-dc48-3a8a-8ef8-bb5f95814f22,41.76935,-69.969034,74
19da6c6f-bd9b-3caf-a4a8-cc34b99febcd,b4adb560-35e8-3349-8ca7-564d0bc27aae,42.082543,-71.024638,35
edd5a8d1-927d-3caa-9c75-a94bf8cc41d8,8d8a2e7a-9572-3556-adc2-0cb1479f071f,42.376043,-71.11868,36
62c5d010-6e19-3b41-ad57-f4192c6487ed,efc250d9-d21b-3bd8-aad5-a8b944558eb2,42.534279,-70.969782,53
904ec984-329e-3d63-841b-aa8783da5d33,1057a1f7-e235-3aaf-a52a-7519bfd984c6,42.323853,-71.142003,26
1470c2d0-ddc9-3d17-b5a1-4d0e737a46ba,d3e3c112-3172-3b43-98df-018268eaeae3,42.62885,-70.685875,31
0b441f93-39c3-3032-a14c-032c516b477d,dc4a0b6e-a5e3-3bf8-ab67-3cc89500d31c,42.597055,-71.3697,9
370dc141-c433-3724-891c-f58a858e2d84,3fe0cf12-2a0b-33b2-b80c-45139c7889a9,42.067804,-70.805713,114
fc3562d1-5468-3c1f-8f08-e08af5e345b0,b19f82e0-4f63-3e38-a3e7-111127d0a5c3,42.423844,-71.10923100000001,38
3c6fdd58-a6ba-3f32-a368-93642d8b2dab,473293d9-b54a-384c-9146-05416f9bdac4,42.369451,-71.177925,88
7563e3fe-c0fc-3445-9904-5d54913f3161,d6695482-6857-3a6a-9264-97a8a0147afd,42.656952,-70.60463,44
15d27487-99fa-3ac3-ab2a-65effb623217,650a367a-d609-342d-a540-a99645f509b4,42.037278,-70.94045899999999,159
6750a793-7492-327d-96eb-9dbba4fd5ce0,502a2ddb-e54a-3b43-9ad9-8103221c44d6,42.535931,-71.490569,207
cdc3f899-5921-37b0-a250-e946d08927a7,2b12b49e-7072-3859-b39d-d2140fc27137,42.108463,-71.185182,152
a438307e-1d38-34df-af0d-a0af8fd69fbd,3ac41e13-4fd9-33ae-913f-e650f87a294b,41.661303,-70.937913,27
c349b095-97db-3a3e-90b8-6361e8aca847,e05bdfef-298d-3525-b56b-308f61df7b97,42.323853,-71.142003,35
8b29a67a-04a5-3ff1-bd51-de4290d4b104,e41fc58a-b748-3d83-8813-966823903ab1,42.115139,-70.71033100000001,90
9cbe9c7c-eea6-3511-91c4-a7c31dbe2798,bf5b8173-2d02-342a-b46e-f7814724d0c0,42.241557,-71.082432,33
9a3aee7e-b23e-3b28-a7c5-2aa0e6789052,b3a36503-0436-317f-a5f0-d18aa5629349,42.423844,-71.10923100000001,96
06b18dd4-069d-316e-8a79-d82ec3719492,9be75bca-ba4a-34f5-a1dd-2cb1422c856a,41.693632,-70.105298,86
f70c5394-eae8-3a36-90e2-40b0f999fa58,a0beef0e-b8a5-3261-ad57-356e65749977,42.012797,-71.336578,170
f1af8c17-b123-35dc-9bf3-867a8d26d18c,a2f4cbd8-c8b2-3ab9-9161-d288837a2139,42.119006,-71.10365,67
9c0a4a47-968e-3536-af5e-ebfe75106188,8073afc8-262d-331f-9acd-77dd23fe51ac,42.115139,-70.71033100000001,109
d87e966f-ee63-3571-a99d-9801907a776d,06eff9e0-c5b4-39ed-8273-2f29cf5d3185,42.241557,-71.082432,149
ef41acb0-21a2-3f3b-96c0-9431464e38b4,d25fc46d-668a-360b-b1ec-255794e8d75b,42.246872,-71.179462,62
c24aeb66-d182-3587-b85c-1c2c1e2156a4,6dc2f88a-5158-3aab-ab7c-c833287ef7f2,42.269478,-71.807783,41
32736410-e071-3641-ad5d-a0f5877d8c29,3fc95d1e-061a-3d88-8308-9ed77647aa63,42.327044,-72.67463000000001,21
19b1d421-b3bb-33b0-b6cb-a3bb730e2b91,f572718f-a826-3e8d-9269-07387910d3c5,42.390445,-71.101033,221
aa60159c-a9f1-344f-a4a9-02451cb7bdde,777aafd6-1743-3ea6-89ff-99d9e3608aad,41.706123,-70.164823,156
d26fd376-577f-38d1-b3f8-321b40078c1f,fafcf3db-7df5-3b11-8653-9032850edd62,42.601977000000005,-71.81586999999999,68
e6f36d13-fc7a-37ee-b222-0fdb0f1dcef7,693e76ee-f9b9-307e-8ff3-4fc497594bd5,42.33196,-71.020173,208
908bd6d9-fad3-3ff4-b5de-f6d8914484e4,a8cca3db-f2c4-3f0e-be10-c44c1ab455e7,42.648044,-71.161751,92
6db0695a-9c16-3c80-9b29-19a78cdf67f3,fb9ee7f4-605d-3f61-aabf-c8810d1d3368,42.574174,-70.95051600000001,49
30727dda-6fb9-30b1-9a7d-ce992f8449fb,65583707-3e0a-35e3-8c0a-37df9efe0b23,41.9591,-70.80275300000001,720
ae1cf485-d45c-39dd-9e62-ca3f60ad1d88,ed63a224-2de2-3e2f-8069-5cef058b4b83,42.556659,-70.84496,15
be52dc4a-5bb9-3b4a-99f9-501b010f7370,22f35ea9-04e3-3ea7-92e3-c6bfd6530d81,42.178993,-71.052654,52
3569f8e2-7efc-3241-b003-d962daa0ea99,00036927-6ef5-38cc-947d-b7900257b33e,42.056913,-70.190488,31
8c797383-51f8-3e03-9bed-23ed92094dc0,58bc03cf-cbfc-3c6e-b673-3d3c9e0ccd0a,42.578222,-71.084398,19
f9f81796-d47d-3f64-9f08-4a516ad68361,7b279b91-0270-3145-a31e-6ec1f5d0ca09,42.614671,-72.597063,21
ae4c1136-3f88-3022-b60e-9a596f574c90,b874cf38-9c83-370a-9740-40257f0c7600,41.972376,-70.978773,41
f080e6cf-4d93-36d9-94e2-0c65ac373cef,2cdbd26a-7304-3a85-93bc-9e92c6a91f00,42.390445,-71.101033,177
a2391cc3-a660-32d4-9d66-0a26d24c9559,b74c6b49-6c41-3c34-829a-33c4739872be,41.931653,-71.294503,154
5cb7643b-995a-33c4-a544-5b60b99b6a3b,5b8f3d4e-7528-32cb-82b3-356cbc793d15,42.445222,-71.23001500000001,130
8fc41a6b-a4b3-3baa-adbd-d5024df48791,064c0d80-164f-3f56-aab0-a1e210f07aaf,42.574174,-70.95051600000001,83
75b099b0-60b3-3197-8d3e-a3943d5039b8,5e6f8a00-6072-30cd-988a-a615e9cc3b2f,41.738479,-71.165065,376
d5f8a98b-8c0e-3780-aa50-3109684df9af,18b35c8f-7e8e-3e96-b381-2e2c335d4cc8,42.205416,-71.00216800000003,147
23d3db5c-0d2b-3b8e-b853-d682a3ca22b8,100ae65d-caae-39c7-9e38-facbced961ec,42.33196,-71.020173,58
da8fe214-7d33-3881-869b-fc554012f8b4,036e3ac3-cf03-3aef-982e-cce75baed820,42.133935,-71.968025,40
6a6c3df2-0075-335e-8a51-155bd7b60a18,ce9c2dda-23ac-35e3-9051-a71a04bfeb5a,42.679723,-71.30068,192
3c3cbb76-54be-38d3-811e-b29ce2d40aa4,036c2612-ef37-3468-9424-255570c84216,42.241557,-71.082432,118
5f67b445-20fb-3195-bfb3-eef7bb2cd937,bac5fcc9-af99-3bee-abc6-25c70e5aa89c,42.33196,-71.020173,74
1f327706-290f-3573-a5cd-e96e0c265b8b,438e9d44-1f8f-3c7f-807c-754e714c4e29,42.396824,-71.031348,368
63cb96ad-965c-38f7-a53e-bfbff806d999,4e88e002-7a95-3fb2-965a-8fbb5302e2ad,42.327044,-72.67463000000001,53
d133ec3e-c54d-3780-ab39-af15ee8b38a8,fa705b4d-6d15-3d99-9232-808663837f8d,42.535931,-71.490569,156
c2f5690e-ebec-3b7c-aca0-482f1ec62a1c,db30cadc-72a0-3810-a951-678fb424a606,42.331876,-71.208402,46
3598781e-6aef-30b8-91a5-a4a7e4b59a45,e95e99e4-9db2-3938-a93f-9f80ed2686ad,42.175737,-71.125385,105
2a86f6b1-3f30-32d4-9427-973d6875d21b,93b53dea-dff0-347c-bcb2-0a37f0a340f1,42.376043,-71.11868,116
43b91aca-809f-352d-9e41-d3592e2dc453,7de1976a-eff4-3ca6-ac09-274462ae76ef,42.452752,-71.144319,54
132b0a53-38d7-3825-a9e1-41a2fa33c106,aec53c3f-8025-3167-a079-8c82c2b6255d,42.468059,-70.89126,75
4e1fdd4e-7292-3450-bfad-26f21bbc8d45,6bc15379-df43-3eb0-9248-13481a3bf028,42.323853,-71.142003,72
1a384282-dfd3-3aa9-ba41-d9b39c308d3d,dc8941c5-a7a5-3783-88b9-b32ce05d34e7,42.673909,-71.091334,134
526ef327-02ec-32c0-923e-316d105fdca8,eec6357e-0155-35ac-bbde-15b90a1bba49,42.495629,-70.83582,33
6f231147-0e14-3066-87ca-c51f743ecc9a,9ba4bc4f-ebc3-3c11-b80a-7caa2bbb3836,42.331876,-71.208402,71
6cbb222c-e02e-33d7-b623-51d1b9e7e12b,1ec8b573-30d2-3ed7-aa18-3f3d438f1540,42.33196,-71.020173,53
2a6bd484-afdd-357f-94dc-d202f2017c23,12a3ebf8-88fc-3152-ab89-3c0a0ad2786b,42.284767,-71.714228,249
122d6d3d-be58-3eb9-ba45-cdc008d52157,a856a319-f212-34ed-a1e1-d94fd73e0c93,42.679723,-71.30068,56
f67975a4-fee0-3f25-964f-02cc7b3e14ee,92f41b1c-9859-302b-a6e3-fa0988311b4c,42.844794,-70.841499,40
3ec47ee5-209d-39b2-a238-cbc20a9b5809,fc6d7f11-099a-3295-a1d7-915ed6fcc4b9,42.323853,-71.142003,100
1bd65451-17b6-397d-9302-e6b5669a5bfb,15d43eb9-2b01-3730-9d2f-b232e0c046c3,41.76935,-69.969034,2
0f745ba8-f863-3573-b1dc-85303a5d9bda,4d4f0156-9110-3edd-aa94-53f4d58fce4a,42.468898,-72.48457900000001,279
68e92aaf-f347-3f38-9fbf-e46328b7d946,ea6af3ee-e3c3-362e-aff4-fcf6c259b6cf,42.323853,-71.142003,52
ac0147cd-e278-319d-a3ae-e778d915b368,a1160997-cb1a-3e81-bc60-6c3b22ec192a,42.376043,-71.11868,82
86790d15-f3a3-3bd0-9f3a-bfb31beb8c77,9d6fe7ba-88b5-33ee-80bf-5f37f8e8b913,42.10481,-72.08774,60
3512b1ec-b229-3e3d-b6ea-2c4249a25cdb,3c044e24-776e-3bdc-9062-fb08a16bd7c1,42.323853,-71.142003,109
ed0dc624-f5b6-368a-a693-4f0365178e95,92a2baa4-3c1f-3479-9d37-47bb0598277f,42.355801,-71.862574,128
67826373-d9dc-354d-a17b-271a326d1ffe,ca2ae8f7-a4b7-3104-8728-650cacb67acf,42.146286,-71.255604,81
89e7aff5-9ca5-3d9f-a3e4-09eb6da6e633,8de224fc-68f4-3a8e-9a58-302a81423a11,42.445222,-71.23001500000001,92
2af6992e-0301-38b3-af63-bdaca7c42827,ac9a97a1-04a9-3b38-a235-891f47b50bd4,42.483953,-71.43849499999999,58
c72f406d-186b-34d8-809e-bc7a5df41053,daa4c408-5fc5-32a8-881e-12181e8b8598,42.231947,-71.372963,638
a92b46a5-652e-39bf-8c97-453ce29a3f6b,f5a62d15-650a-3ff1-85f4-f79a19de9a4a,42.673909,-71.091334,53
42b78c1a-337b-37a6-a847-520abd01e6d1,5f6db31e-3b32-38a0-918e-30bab4578915,42.23416,-71.291167,185
ffc10657-dae7-33a8-b63d-04cc6a369589,cb2fe104-f524-30c3-a7ed-22a9e19e4b7c,42.275462,-72.280158,43
d6b5eab3-d69f-3d7a-a926-b620d9f1b4a4,e9b210da-b06c-3bda-afe0-ea8f291211dd,42.62556,-73.119828,319
50f44123-7316-3c17-b7ba-3b7cffa9cbf5,d3b80ad7-9784-3396-8507-4b9064e815cb,42.363534,-72.50729100000001,91
eec3cd37-f2c4-3f4b-8fd1-10ce2854a374,0eba0f93-a5fa-30e3-a452-f54b842d1d33,42.331876,-71.208402,86
2e3d0aee-aade-30c1-8854-465b4409396a,ccafb5f7-0a90-3c10-9803-d2e8798178a4,42.241557,-71.082432,226
15102fa1-8721-3c60-b326-221b47746ac0,d6e720e9-fa6b-3631-8609-353bc9d1a5a2,42.281593,-71.242414,132
74ec9a17-e725-3e58-88fc-2bae44bf848c,3dc9bb2d-5d66-3e61-bf9a-e234c6433577,42.256208,-72.58103,190
63c22eb8-a36c-39fb-ae47-c4ed3b6bab27,763a3f59-a40f-3070-9ebf-a08366f552f6,41.987196,-70.74194200000001,105
c1096071-7bf5-3fdf-b151-8a3e83722eff,3257eca9-a04b-3b75-a6e1-7aab30b21d91,42.614671,-72.597063,65
a808836b-38ff-3f7c-8ec8-cf5464048fe7,b19ac225-3360-3e4c-bba1-05d08fb2df78,42.468059,-70.89126,115
fc6747a2-7e0c-3b12-a54b-5e9cd4a05027,31178140-55b1-3235-982d-207dd27e77be,42.418722,-71.163912,66
c71877c8-4fba-3864-b558-f6c475b3232f,2e5db71a-a3b2-32ea-9c0f-2b698f1d756a,42.574174,-70.95051600000001,15
5d0c4e91-54d8-3da0-acff-1bdda9a0b5b0,bf338d56-67c1-3bfa-827b-c51d8400feb6,42.363534,-72.50729100000001,97
0d1d12d5-23a4-37bc-bbcb-dcd3611eb951,d0ab862e-cd30-3d45-babd-d2cef16f8b22,42.614671,-72.597063,77
21d3a145-6060-32e7-8892-cb1e1677221f,ec446f6a-807f-3230-975f-9e1fe62d8876,42.474862,-70.96218499999999,110
a55d2cba-7c88-3bd0-996e-b16a2a76816d,a7ae73bc-cfbd-33bc-92d8-e4c494fb1f94,41.897892,-70.62403,74
0e2ae3e4-4eaf-38b3-8c55-cef48458bdc9,da799735-2a0b-3a36-8b5c-95e8b5023e06,42.27901,-72.400468,115
351c2d39-c81c-327b-9b0b-d0b0ff96f87b,b29dcadb-a680-3068-a051-4700656fcaea,42.455723,-71.05901899999999,107
751de39d-e311-312e-850b-695ff0074f5a,607264dd-920f-3fe6-a73d-f9b22861d7c1,42.445222,-71.23001500000001,30
642ba6b5-6d3f-370a-b55c-841b368fa9fb,d5dccafd-c5a3-3c51-bbde-c9524691ad1f,42.323853,-71.142003,261
16409bec-e07e-3a38-94ea-54e4f86b669a,351b63e3-b130-338b-aa5b-ae57f49fe0c0,42.307905,-71.436196,55
3b435705-df54-3090-8361-ac98f06d4567,66d9e1e4-6c0a-3dbf-a358-e46aaf99c97a,42.455723,-71.05901899999999,79
0052938b-eef2-375a-a4fd-89d6444c5bbc,6cf7174e-d3b8-365f-b74f-72da86c3ab31,42.205416,-71.00216800000003,107
7ccad3ad-a920-37da-b2ab-7231ee871fa7,699f8f7a-c227-3497-aed6-d0fa5631b172,42.614671,-72.597063,56
0130cfc6-9879-30c0-aecc-02b4b227ff44,2b841563-da17-3168-9c5d-954f3b5717f0,41.670154,-70.06519399999999,30
7fa45a1a-0f35-3a3b-9128-07a1111e592e,bd037283-ea3d-351d-81ed-fdcb4db8ed1b,42.679723,-71.30068,256
c10da493-bb6b-3aed-971e-3236476ed226,6283a0f2-98cd-30e3-a92d-620a208e254c,42.376043,-71.11868,75
b0507c32-f1da-32b6-993a-8de6d5c01acb,e4cf9ee8-af0f-38d3-9422-2110c6f54867,42.376043,-71.11868,32
08bbdcff-554f-32e8-abae-27d05066192f,e9511c80-e1dd-3ecc-81de-1ceb0a66674e,42.269478,-71.807783,91
35b5f7b3-23bc-3a79-a883-e2ae5341af9c,fa120db4-e034-3fa3-a831-d343d5445bb8,42.468432,-71.01394599999999,210
ca2f35d7-1833-3344-8abc-ff4d43c3f68e,f0fdfcb5-779b-341a-be4e-a6445b300751,42.281593,-71.242414,14
de4d9ba6-d64c-3c33-a97d-1708a31abbec,7035b5cf-e87e-3ad9-8872-8c53e265527d,42.474862,-70.96218499999999,73
bf6e59ef-231d-328d-abb3-b6f25665479b,5f6fe06a-a687-3540-8cab-fda5744d8a29,42.375541,-70.970646,346
b67c582b-9c1c-3a69-b80c-859bf65f0e80,99539e93-a754-336f-8dfa-6616c8d5f5a4,42.269478,-71.807783,103
975623d8-14bd-3103-b13b-bc2613925b4f,78d6ee98-f770-38f8-a1a4-47e15afd5a44,42.355801,-71.862574,198
4f4bb984-eb31-3aaa-a6b4-fd2ea507ddfa,2c2aca46-5c9d-3026-ad9c-7620af3f542a,42.445222,-71.23001500000001,50
7044576a-6ac3-3aab-b52a-2611f71c956b,3597e991-7fc3-3591-820f-9d5e84dda836,42.323853,-71.142003,86
d21162f6-7df5-3e7d-a904-6be4a4a81fcd,820b9cc0-50ab-3700-816c-98b323098be3,42.445222,-71.23001500000001,87
7c55b2b6-5264-3014-a856-4ab9ca9da6f8,0aa388c5-cfe9-3563-945a-05aa2bcf1cfc,42.369417,-71.785036,345
77772bb8-93f6-3def-96e5-17676483cbdc,ab2b53d3-1524-30dd-b44f-272e6f57a836,42.178993,-71.052654,53
21eb5b47-2917-34c6-978d-0319722d3a17,2ed2751c-c526-39a9-9247-41d092ddb896,42.122956,-70.85631,6
a4e2a1f4-5bf6-3fb9-878c-e2c87f6ce0ba,d504c24c-6bea-32ea-b569-bc59528c8c9d,42.597055,-71.3697,233
4bcbe00b-7910-3cee-8ddc-01961df691ef,a2879c54-b45d-3af3-bdb9-f1a425583699,42.241557,-71.082432,240
399849cf-6908-32ee-b86d-fb4d23180758,b1e66bcc-ea78-375d-9586-b9c4e9e12d32,42.42938,-71.058706,135
2076ec32-19ca-3ca3-a297-613dbbe91d57,720d923f-7c6d-30b0-ba7a-2f45be843188,42.115454,-72.539978,125
5e97aad6-411f-37d2-9143-06a788f096ef,8ca3c1e6-0621-3023-8b12-bdfc48c8c19f,42.376043,-71.11868,61
a9d7bc53-7d9b-32d8-82c9-6c95d838c06b,6236e299-a751-3819-8b06-a17004bdbbfd,42.468432,-71.01394599999999,423
d2aca7e7-b997-38d9-863f-3cca9e428a2f,eff5220a-a350-3459-bfcc-6f515d1a27a2,42.585541,-71.44025,89
4973f17d-0ffa-399b-9d3f-a51fc40e4632,63b12098-a29c-357d-b1c0-4dcc2f0b6d6c,42.284767,-71.714228,260
6056c2fd-3859-3b07-826d-55cf0f8f66a1,6a576642-a046-3dd9-aea4-eec846398490,42.115139,-70.71033100000001,58
2d889701-6dcc-38e8-8b78-4907dd3b5fbb,ede50b59-c543-36d5-b73d-51615ec5eb67,41.725351,-71.094162,15
00bc319e-4a36-3384-944c-112c33f45e84,72357382-262f-30d7-a630-ca9f988516e1,41.71746,-70.591824,103
e107e5b1-44e4-3f44-ad2b-dc236a33526c,ee7bf296-a22d-32d4-a934-2859ee7c14a6,42.224096,-71.54048900000001,168
66b7b18a-b96f-33f4-a49f-08db99d0d1e7,641bb7d9-b068-3b05-80d8-b830bedcad94,41.293416,-70.10216899999999,186
7a6333f5-1b73-3453-9ac6-e50760289db8,4810c1d2-5d3c-3ab5-a813-ae6801ff7f67,42.078974,-70.93939,145
df9144dc-225e-3991-bfd3-7eac4a433371,7828ee9b-0cbe-366a-a377-a9552b7e8d8b,42.556659,-70.84496,64
85f37ce6-32cc-3a01-aa51-9f1a592423aa,588e03bd-91bc-3442-be9e-66c18ba36c0c,42.076682,-71.47449,872
d95f44fe-b2a2-3da0-8cec-8e6c8dc693d6,361e3569-5d94-3019-a49a-e78a8d76718e,41.617623,-70.492713,47
5e2414b2-88e2-3336-a4a9-d992280b7f4b,227cb42b-340b-3366-88fc-aa711721bf3f,42.376043,-71.11868,1
67c82957-5dca-3285-a9d6-b895e8a43728,d0416884-6f04-370b-981d-ac31633a63c1,42.376043,-71.11868,82
ea341e28-db35-3f8a-8259-e69279388f40,fb436711-54bc-360e-acae-b7f424955bad,42.363534,-72.50729100000001,41
6e19cd09-2478-3f7d-a9ae-c6287b7dc890,b1b59ef1-fcf4-34f8-8fd2-4d51b1586d85,41.646686,-70.999158,156
95fd553d-4333-3131-aa84-7fb7859d7708,26ea591f-d8ea-399b-821e-98d97e88c7fd,42.323342,-71.646236,76
9d1a7fe8-5c22-3a03-9ef1-59c3288fac02,bd6f42c0-b4b7-3c61-9c8e-6e74b211f410,42.307905,-71.436196,69
284c0738-2ca8-38bc-a239-d81c850c2acf,9a887c29-b5d7-3179-ab78-e0b50392a9e9,41.594939,-70.599243,66
5f9bd2b2-fc56-37e4-9c68-9e6e478e737e,b805291c-07be-346e-be67-c92411ccdfab,42.323853,-71.142003,86
2bdae73e-cc64-3e1b-ab52-b05d6f6def94,7718ab22-eecf-396e-8551-6ea961b06d4c,42.307905,-71.436196,5
84348800-9fa1-33f6-b446-f7d993c48d32,b1423e28-2040-3f03-b51c-16a35b0ee7c8,42.261006,-71.008988,190
4bd393d4-cc9e-31d9-a5be-322a23d44e25,eeebd573-1670-38c2-816b-6914b9de5138,42.499248,-70.898204,41
e70d64b5-6b45-3a17-931b-be568bc50bcd,fbd0dab0-e4f4-3d2f-9e4d-1972b21c3079,42.241557,-71.082432,217
66cec4e1-7217-37e3-9298-077795315eda,2c721b48-dccb-31b3-9c66-4c58456d0d69,42.115454,-72.539978,62
ae5bf77b-f474-3b01-9790-2c949802ec49,f0a15912-b437-3e40-a642-ec6d0adc8c69,42.597055,-71.3697,73
7c045694-23e9-347b-b06f-97ad9a9a974e,92fba4ac-ef81-3a44-9921-64c063301834,41.735497,-70.157388,455
80891926-67b6-37dc-a241-ce0cf57cee5a,966874de-c438-32e7-b720-8a798a7c80e5,42.323853,-71.142003,23
562d88d5-568e-39a1-b0d1-f5f14dde848b,24ec45e2-2e5b-388e-ae4d-a20ed0d5e6e0,42.221851,-73.333044,131
a28ba054-fe6b-32fc-a05b-7d8c827f397c,21bef5ae-0501-319b-94e5-b75d71a51910,41.662727,-70.357208,85
a2667a4f-645c-3052-b456-e94b93084d5a,716a45cc-ebc8-35b9-b97b-5512c41b39d2,42.648044,-71.161751,220
1ca984e1-c983-3342-835d-fc12456a3811,c58b8233-f282-3b13-ad4e-923efb2ac061,42.183577,-72.457812,127
b0e5244f-de08-342a-9aa6-fa6a4a1044d5,d85f2cdf-3387-3d77-808c-f300692ccfbd,42.556659,-70.84496,75
59b78c30-ac28-339e-a0ef-c605fbf90e11,5fb63ea3-32ab-39c9-8414-1b88434ac999,42.495629,-70.83582,139
82a86a30-0326-3bfd-a1f2-7462c5fe061c,3ab5b818-5a6d-3d91-9d3c-6a00661bab00,42.851284,-70.955837,109
ccca8e23-9370-3093-a840-790f939d770c,39b645f9-8999-3177-8121-df78e1273232,42.495629,-70.83582,12
04b84d87-e5d6-314d-8a06-87956385e62a,f883aa4c-18f6-30c8-8ee1-881d4bfe00e4,41.633619,-70.871306,152
3b6dd052-5de7-37e1-b9a9-0a5014655429,57d9994b-1a85-3810-a731-27c8842f3704,42.63898,-71.321141,144
04e84401-fde3-3ce3-8370-152f194ba10e,ff917dd4-ffbb-3f4c-b2df-445a7e9d29aa,41.965341,-71.18178,249
f21875b2-763f-30c0-ac93-e170c530f689,290f8d1d-fc6b-38bd-90b3-3c15d56dd97a,42.62885,-70.685875,44
706ed114-9a9d-336a-8376-7a93faa079cd,a64cfa86-78c6-3a12-8dd4-c0acde70e3f0,42.269478,-71.807783,95
500267de-ec00-3c22-82d3-2f88d73ae78a,cfefd430-dc34-3f76-b4ae-deb4117f5c9b,42.578222,-71.084398,47
37bf2b59-b6f9-32b1-b066-3ab83b2cbf4a,47ea3faa-dff6-3c38-8327-7cf93da0bfff,42.247211,-71.991867,269
166c09d4-5758-381d-b0d4-bd10015a9b24,1ae16480-11ce-35df-89ee-78947036c59c,42.323853,-71.142003,118
ff4973bf-e3e3-3a0f-85e4-43c63ba05ce4,188880ab-1930-372a-adcf-e2f1b493565a,42.376043,-71.11868,109
31068cef-038f-32da-bd89-9da2299d1b54,438a54db-5c75-3b76-9357-9028a57babc4,42.597445,-72.555278,218
cde37c1a-6395-3ed9-b649-93ec4ff26407,07e4e7c0-cdd1-3365-99b1-ad765ad334e6,42.281593,-71.242414,108
94b863f1-51b4-3a30-83af-38b1696d48f1,1f5f3cb7-ad8d-3c50-a15d-470d2a723b84,42.327044,-72.67463000000002,40
d160dd60-741e-3617-93e1-31f798a499f4,88f4c047-8a26-3d5d-bc07-90c8114594f7,42.418722,-71.163912,87
bfdbb995-038d-3aed-8227-e2d830c2d665,1f6b6667-2104-3bba-a332-c119f6ffbb64,41.839798,-71.31804699999999,68
9b361e7f-a3fa-3c3d-b43f-de9372422b9f,34a0de28-79fc-3fee-bbbe-7c12a9e84258,41.579794,-71.081822,157
b9b52205-6daa-3b3c-a9b5-19e72e80445c,13afbfe1-df12-33c9-b2c6-fe6d5d37a5e0,42.269478,-71.807783,6
6f42ad79-081f-3c8b-b0ff-5955736bf37c,bf6ae61c-4488-3d26-9573-0a7149886a45,42.047565000000006,-72.57113000000001,158
d6fed11a-1a86-3948-94d1-46b8d7039c39,74a6f0cb-ab2b-3cee-95b2-bdc28b25aa6d,42.246872,-71.179462,93
31eeab2d-9be0-360d-ac1e-f347ddb9db61,f6f5b642-1bfb-3f7b-bce3-f883eb452bc3,41.70692,-70.221117,183
51b1e6f5-0d27-3026-883e-f62e203a26cc,95394b17-2f1f-3c42-b4e2-233704fb9195,42.126883,-72.430952,229
ef1bd147-eba6-36a7-a41e-f27e2b9e58b2,9924cd05-f3fa-372e-85da-0987182a2c74,42.597055,-71.3697,101
8d99c5a6-792a-39f5-9c02-ef2e3daba142,31985528-0987-33e0-b4a8-fbd6cc9fc9e3,42.198708,-71.846006,46
8c35b6d3-32a9-3e5e-ac14-e4e9e62260e7,2054e9fb-ad93-3e40-a989-3de0d1b45c11,42.323853,-71.142003,118
984b4ee0-044d-3df1-a213-28d8159797f7,3f1c3fc9-0901-3b42-acdb-e3c71eefdde4,42.614671,-72.597063,60
4440bedf-6fc2-327e-8669-3ed9c429670a,1aff39b8-795f-3b7f-ba33-72648f3fa068,42.284767,-71.714228,48
e56228eb-d570-332c-98e0-c8a64456762b,07dd0bf4-3cf3-3eec-9251-1acc997b65fe,42.61176,-71.565269,85
a80268ab-fb5f-3cf8-900b-b9008f87dfcf,c6bc7c9c-d513-3311-9168-d48f30d69405,42.376043,-71.11868,78
3cb7d353-1736-37ff-8f16-47366df8f802,1adc3a0e-9d0d-31c0-87bd-abaff7e2c888,41.662727,-70.357208,137
912bd0f6-4f17-3621-91dc-4b27aef749ec,29564e82-e7f8-3aeb-8d9c-1e3fd73ca340,42.257755,-71.473526,47
4d57006a-4edf-3d5e-9f33-5136d3f6b689,d6155326-7127-3791-8031-7704e5d867ce,42.369451,-71.177925,50
07e7516a-2c00-3077-ac26-9ba90e23f3a2,46c3f041-1c3b-3f0f-8d06-464cf87c4bf3,42.468059,-70.89126,70
b7c71d89-cf17-3acb-9e9b-c915bb6ac0a8,f7e2dff6-41b5-381a-a073-a4e7224fdc8d,42.390445,-71.101033,259
52c58cc8-a0b1-3536-81ca-1d3ac57aff8a,6e82ddef-8511-3f01-91fa-c210aefae551,42.483953,-71.43849499999999,75
296c6f38-c404-35ee-923d-17f5b9e740b2,81a2f68c-bfd7-3ca3-b688-6698e6098dad,42.331876,-71.208402,34
d2b4c0c5-8726-3048-9a97-c5b666ab3092,59e287a5-d68e-3fcd-9147-37d797f40705,41.758163,-71.21418100000001,108
d78f8ccb-7bac-32b8-af20-23cfcc5fd68a,6002ae67-ed4e-36a4-9e76-5eefc37255cb,42.175668,-72.572257,257
1f84586f-f80e-3e86-a55e-03adcbbcb6e9,cfefc3e1-bedd-379a-a1ff-33e84c2e39f9,41.579794,-71.081822,105
ad68b757-aafc-3fff-9d29-5b1ccee49455,32cea709-9cc0-3f5b-b6f6-c151ec4e5aa8,41.782888,-70.5321,57
ad64daed-e215-3473-8387-08418c715fe9,b113acfc-6ee8-35b7-932a-cfcf91136002,42.125451,-72.649734,147
b4b16f88-d0c1-392f-bcc7-0faabc32060f,511ccbe8-3167-33f0-9b5b-0748e30bcb38,42.323853,-71.142003,90
d7df9263-eefb-3c04-b031-0c39324d26f8,c0916a22-b437-360d-840c-1b96a2411abd,42.119967,-70.957211,270
f5e72ff8-2efa-31e9-b3b1-9524f8b315b3,86d7276f-ec41-3178-b852-02f89710212e,41.894223,-70.925689,62
8aabc59d-bb40-3464-9f6c-556ed7131430,efe0e364-b8bb-346e-9a4f-57033b6524ba,42.047565000000006,-72.57113000000001,231
398b5aea-3760-3a8f-866b-fc8d1f26293f,d750c37d-55ef-3ddc-a612-90946d8ccc9a,42.261006,-71.008988,125
d7de11c0-cc57-3c16-bed4-b1f60d10265a,5db1acd1-6965-3d02-a4e9-a51b55e91624,42.269478,-71.807783,94
a9b82818-cb68-3478-96ea-d8593e34f681,13e7e16b-beb1-3ce9-8e4d-3e8d697773bf,42.115139,-70.71033100000001,7
4da3dadf-5c70-3482-833e-1f08865eb237,06abb7fd-8e7d-3903-9a91-930965b522cc,41.661303,-70.937913,23
4e63e884-a933-399c-aab2-4e25877c9137,5b886ab0-eee4-3253-973e-7419afc5a2ce,42.376043,-71.11868,100
92e8e4f6-2505-3af5-b86c-a9e37d1602bc,b9febf34-4dfb-36af-b417-c872337deaf4,42.012797,-71.336578,276
86a68ab1-61c5-3a27-8ee3-fe1c6e78de17,9fde1290-67cc-31f1-991f-3228595af4f7,41.782888,-70.5321,66
272f4de7-9428-31f7-8a50-b8704d4ad365,63165d5e-ceed-3902-a7f6-2b9a1dfb52de,42.679723,-71.30068,147
641c8f98-1792-3c61-bb2d-79d6e958faa0,8f85e254-08a2-332e-8847-ef8eb92385c5,42.138838,-72.755911,97
84579654-5a23-3bcc-a7d5-fb5b212a5e1e,261b14f5-39d7-37eb-a8b7-606014d8eff3,42.700273,-71.161357,93
4c69d1e4-a1d0-3b2a-af85-5fc4693e3e05,17858e6e-2c6a-3458-8ef6-2c0dd5d834cf,42.173103000000005,-71.36375600000001,134
22d365da-e125-3cd0-a0ae-994d30bae731,bee3973f-125a-3713-807e-8e9c0f9e304e,42.192246,-71.777649,222
981e4261-91bc-3a65-889f-a0f509c61f5e,efaf2e2d-bce0-3d89-8409-899aa9f459a7,42.418722,-71.163912,60
1ed110d7-a990-38ae-81c2-b62eb7bd77ae,11c2822b-661b-3002-ac35-d27a01d56559,42.261006,-71.008988,159
dcb09d70-d7d9-365e-9fd8-405244dba1ca,e09dd0b8-076e-37d6-b0b3-d098cadbdd4a,41.621629,-69.98195600000001,235
6d2156ce-5c50-3cbe-ba1b-d93fef2bea18,12a62031-bcf8-39d4-b88d-f1353d3de40e,42.462911,-71.364496,62
c8d4836b-592c-3e03-a532-1d442eda4eb0,7a0b9372-1373-333a-9846-0e6c0030ba45,41.834412,-70.957166,58
a2c11dc5-9a64-3f93-a6d7-dddee689e3f5,82a283ca-861f-34a6-9e6c-c3d1c65d3899,42.205416,-71.00216800000003,66
b6388f86-f856-3fc1-be50-9fff60737ce0,583adcd6-2bad-322e-bd4a-39f070c62ac2,42.418722,-71.163912,76
e6da3634-96d0-3836-af43-d6bc86a0c900,e8eb26cc-0992-3470-b297-58a425631b10,42.356491,-72.568632,83
d7b9f210-37f1-3f1b-be6b-de4d1cae0c77,f9178960-388f-3e29-bea6-55e1c9e4eda3,42.261006,-71.008988,54
ea9c4cf8-65f4-31f2-ab6a-6ce7a47ff25f,74036847-72aa-3eef-81ad-d672e3ff5cba,42.247211,-71.991867,194
64284e4d-5f93-3e47-a3bf-820444967a82,8c220acb-0963-3c25-9402-c96a4a0aa598,41.662727,-70.357208,137
b05fbe73-c789-3fb8-988c-1570aefedfad,707bfbf6-85d4-375f-b12a-43ff210ec187,42.556617,-72.517075,262
eb3e0bf9-4d8b-304b-9ced-13b15608c259,544c9eea-d421-300f-a68d-b8226a3885ec,42.115139,-70.71033100000001,41
5042b927-7da6-3afc-8c1f-981321253f62,3e54a0c1-21ed-34ea-9696-e64a09626bcc,42.53662,-71.36183199999999,175
794b11e1-1988-3610-af2e-aa049083e4b5,5aa98f16-c832-3ec5-b52a-2691978cc235,42.421005,-70.99036,266
0c544352-48c2-38fe-bd7d-9900396c4b2a,dcda6b7f-9c1f-325e-8cdd-bf44d9777c69,42.327044,-72.67463000000002,54
0b55c17d-093a-374e-abcf-cfe365c34630,d4ce205d-2ce3-370f-baad-c64401aa3bb4,42.495629,-70.83582,117
505efe42-ca90-34fa-b440-ce5c305e64d2,0e4bf3ca-1a8c-37f0-b4b7-d6b5dad20fb6,42.423844,-71.10923100000001,90
331296db-97cd-3d5b-a3b6-635020f6640d,6444916c-3838-349b-8810-459e49000a47,42.017302,-71.21641,268
cddc3c6f-a576-30e5-8456-484fe084281a,359955e0-ad22-3e44-808d-9f4b6908f262,41.725351,-71.094162,37
8b632167-385a-302f-b01b-86facc7433b7,79938991-9c88-32be-b31f-3f51d2a15784,42.360502,-71.303433,57
b7bf3e50-68ea-3484-a254-bee83669cc97,eb955fe3-248e-3f50-a806-a35ba2092716,42.742751,-71.178588,147
2acc8609-48b3-383c-87ae-661fcba33965,1e1ca470-aa55-3b16-9b12-0ae76e2b1beb,42.323853,-71.142003,92
dcbc8ef0-3a3d-3ac1-83ac-4825f82e01d9,5db1dbc3-3a43-38ed-932a-349815e7fa45,42.45184,-73.260685,45
799ad33a-9f5b-3f03-a10e-ed8cad2a3e51,c9b5e4bb-d4f5-3c60-902d-bd36445df001,42.175737,-71.125385,96
1a66446d-1b4b-39e6-8b9a-f638010d0eb6,0cd85e87-28d9-3f7c-a898-7948fed217e9,41.747513,-70.066223,75
afda5e56-00a0-3e0b-8673-22c512ca3463,5e826944-47ab-3429-9cf9-e8bcad88cdcb,42.323853,-71.142003,61
57296003-369a-3bf0-9f38-97f5e839ce8c,3411f709-55c9-3006-a79f-50c052aa070d,42.648044,-71.161751,83
db4a7473-f2c0-3ae0-ba7d-d78c80ea3a8a,4b562cab-70a7-3a46-bb2c-a1d4b85fdba6,42.376043,-71.11868,59
d8691dd7-c683-350e-bab9-ed82475ca9f4,5a87cea2-768a-3157-8f50-43d6a7791157,41.667083,-70.200793,121
ad3d2b6c-768f-3ecb-b1d7-349987f7da33,a25c01ad-bf82-3ca1-b6fc-37733c6f433a,42.33196,-71.020173,15
cd1d3e19-a68c-30d9-9627-2a2183b9c732,538e03a4-90c1-3381-bd80-b8c4ea67ccd2,42.726188,-70.983328,105
076fc106-3720-3a91-b715-3fb41fa3993e,5f9ea345-9288-3aac-ac0b-5020f5fdb49e,42.303174,-73.233924,121
9f4ca8ff-8663-32ee-9ca9-6370b9382fb3,bf89fd37-b82c-3eeb-b9af-712129f02de2,42.138838,-72.755911,151
2d1115e7-2022-33e7-bf65-91ca5050589e,125815a1-aa5c-3172-acec-6f95df5d4add,42.445222,-71.23001500000001,41
4f767f92-a70c-3deb-8c8c-97abd43c2c1d,8526992b-f75c-3bb8-b003-ca6bc2ff9cf2,42.269478,-71.807783,33
e53d858e-cf31-35d1-8a35-9105687fab73,3553d3a5-68c0-3da6-8aed-37f3bd7209c9,41.661363,-70.812024,110
24a673c6-1880-3be5-a9b5-4765c6eecea2,1f8bf1bc-2c07-3ea6-9782-0a8eb036ba4f,42.534146,-71.038333,253
610610e2-f2f1-33b0-a57a-618a9d17a52a,5f0ddfb1-6ba0-30ed-ae87-481cfbbf5d01,41.661303,-70.937913,312
7ba8b836-ae0c-33a9-b8a0-1c5ce04162f0,dcd24db1-b10e-3392-b6d0-0d894802e5a7,42.323853,-71.142003,114
e55c030a-a57d-3451-b2d6-cb77b95346f5,c9396102-3807-30af-9547-a9f0d5d9bc76,42.499248,-70.898204,95
90994bad-3805-32d9-a126-5c69eaad0838,4b7752e1-73b6-3ef8-b8a5-a9d1430a004e,42.256208,-72.58103,126
034bd67d-1e60-319d-94c3-3e245ad26372,779935ac-770d-3f96-9870-c38771f2c81b,42.369451,-71.177925,177
90d66988-e277-384f-a4c9-b060a9b567ea,6472aecb-59a3-335c-ad37-65209b405963,42.782945,-71.087436,226
679c7cb9-b748-34e2-94a7-8234ca1615fb,14ea679c-3de3-3c8d-abe1-9d899c8f34d3,42.331876,-71.208402,46
d14b8011-0e1f-3c5b-9923-8e6b6708936d,86f868e9-3325-3019-98d9-34ca2dc11f20,42.675549,-73.11810799999998,661
6aae8565-a106-30a8-ba2b-7f3cc128739b,cc648e4d-ae3a-3933-930e-f1f34189eb97,42.219645,-71.216768,130
a1dccd2c-3d97-3f36-a613-f3d3384f6a06,76414819-cc4b-3ceb-b54a-89481b9fb641,42.495629,-70.83582,32
3849ada9-9f7d-3e10-a042-e8267194415d,1607e74e-eb20-3211-9558-1005aac29c94,42.425955,-71.45625600000001,168
56119ac2-483f-38a8-8b8f-c1bfb56c9b18,54b6a513-f524-303e-a801-1ed9ea619b3b,42.673909,-71.091334,51
b8c2ace0-5144-309a-a6b8-37ddec9d47d5,2a07609e-277f-3ecf-b827-c3c4028cc223,42.376043,-71.11868,134
eb96b5bb-0869-389e-8887-25b213b44bac,1f2b3666-5e34-3e83-8a47-076f8f9c161e,42.390445,-71.101033,94
a1d0240e-1235-31ac-9d8d-598a888ad63f,46084d3f-e6a2-37bc-b830-9b15674f7cae,42.247211,-71.991867,159
85d8b2ea-7daf-320b-8061-7a8926e903d4,61e6c104-0f08-3c89-984f-0a05a6577c42,42.331876,-71.208402,63
c4822a22-705d-3055-809e-0782f2d7fe44,4cd7de25-382b-30f8-94d5-e353e3eca86a,42.23416,-71.291167,160
8946f2f1-37ce-3aff-b6d3-2d36a51c7015,772ee193-bb9f-30eb-9939-21e86c8e4da5,42.376043,-71.11868,107
08df4d4c-5ca0-324f-a4a1-4d8a93ee495b,481c475b-f180-398d-a84e-31bfecad08f3,42.360427,-71.361099,37
18772eed-b009-3dbe-a298-709f46f1e51e,e9b653b7-132d-35b8-93b9-fd7e9fd28b63,42.388921,-71.24226800000001,42
2cb74d15-90aa-3a26-a0bb-b29b1b0c8573,fc366e37-d120-33a3-9d13-a2871951a9b9,41.839798,-71.31804699999999,172
1ad335d4-a463-36a4-b523-542d89f45471,9e2e9468-a3e6-352f-a3f1-859d1e84a284,42.62885,-70.685875,231
21c348db-d801-37f3-91e2-f3e5a29b9757,2eb03211-fcda-3ac3-9212-968bc8d92407,42.605437,-72.292074,159
9484a190-1eb3-38e0-a3ff-da4d5c5848bb,b14446f6-e81b-3970-92b3-b0bf78b11aac,42.044307,-70.70604499999999,43
3038f7d4-52e6-3914-8c88-e61761cf52c8,ccece44c-904d-3542-8de8-ac8618edfbc6,42.323853,-71.142003,35
29172e0e-7035-32ed-bb8c-964027429b63,f6cdf354-ad00-34c8-8426-db7e84c16972,42.198708,-71.846006,157
15472f0c-82e4-33fe-8911-783b5955ec1b,291a7431-7eca-35f8-b086-464e4b7ae919,42.331876,-71.208402,38
06ab15a3-ba90-359f-9d93-519fa6f08d68,3a15d607-4759-3716-afa9-e7e455fdb7bb,42.534279,-70.969782,62
3f170de3-5150-3a8e-9592-2b8d136f0bb6,91da9782-027f-3fe3-8413-e37ed7a6734d,42.284767,-71.714228,206
04a4bc7a-faa0-3126-8712-017fb15f245b,789d10ff-bb15-37ed-b02a-61eafb978686,42.261006,-71.008988,89
b75cd6ee-7266-39e3-a384-988fac67eb96,5b0407ae-bb50-3416-9b19-3aa91666924e,42.175737,-71.125385,49
c3bbaa10-3a75-38e9-a5ca-d18f190d09e1,43ffaa09-80df-3fed-a263-024150ede443,42.062378,-72.498111,159
116882f1-b165-354c-9040-aee0222c90a2,8c62ccc6-9343-3cfb-b52d-47477134840f,42.323853,-71.142003,89
8a2eaa8e-2565-3f25-b617-9197e23e2c24,79d518b4-1a2c-3625-95c8-9c2d9840e321,42.695981,-70.83564799999999,82
ecf4141d-168f-36f0-9633-56bdabc03407,d6c83c6a-f78f-3e23-a2f4-444f9519d576,42.195951,-71.45343000000001,117
bdef10c5-ce1b-3342-9385-acbb153cd96c,1d59a532-870a-3adf-b93b-2c792db148a2,42.331876,-71.208402,98
0c34d69b-4cfb-37ff-b83b-f4a3f8c1ef02,46ef6016-71fa-355f-91da-f6482657a00d,42.474208,-71.097665,128
23452572-a527-3482-9fb5-783588a1efd2,09f69020-aa1e-3bd8-b1f1-9b4534273281,42.246872,-71.179462,248
e197dfa3-0781-31db-a2db-deaec35f062c,e8f41f48-b406-34dd-ab90-90f065c7f638,42.269478,-71.807783,42
c58f2ebb-2ef7-314c-8103-25c33d2e2e49,b3e30964-03f2-3136-8347-255d16f65d93,41.70692,-70.221117,140
c0a18b0e-55db-3c99-8ae6-34449c0232a1,734feddf-9ec8-3056-9b64-28dd4fa898c9,42.369451,-71.177925,95
cbeacc05-ad03-3ce1-bf92-4da2ceae3790,b103772a-6c8a-3a71-90cb-daaf69c66157,42.50436,-71.064061,75
30046aeb-a1d1-314d-881b-8cc3d27178ee,49fb5f9c-f182-39a0-a533-a20bf40dfac8,42.418722,-71.163912,58
b5352cde-ffea-342a-a6e5-85f5a6e1ca43,54e918d5-bfeb-3cb6-8efa-38dfcaa384d4,42.445222,-71.23001500000001,71
a6b68c5a-9439-322e-a132-14e84e8e17eb,0b38ef0e-4a17-3c49-8f96-3b290c4b8166,42.175737,-71.125385,21
6ce94f5d-f9bd-3711-afb3-45e81178ff32,10a77849-da6a-3b9e-b332-811bdb8ed618,42.782945,-71.087436,56
079df2e2-5036-3a1f-a387-343fab4631b6,d671d0c2-8451-3b7b-8eca-2143a975159d,42.360427,-71.361099,14
b0ca746d-586c-3df8-a320-beb7d495cb92,ba318c14-214d-3237-aef6-8beb2ca3c0c6,42.695743,-73.22211800000001,171
005ac90a-1f36-3a70-a0f8-a61ffc8ad369,e8e1a2fc-a903-3c7f-9346-87208c1dda20,42.323853,-71.142003,107
e6984856-d0cf-3326-9b78-93ab03e5beb6,f4e1ca57-53dc-38d9-b9fa-f889337a3410,42.125451,-72.649734,96
d31a5e83-745a-3d15-b91f-d385da053c52,38ad5f04-8515-3367-9ac0-82c7354fedf2,42.323853,-71.142003,30
0878c5c9-1716-3d21-9f01-da14fdbb7ee7,d063b3b3-3e73-33b4-8474-7f38cbe0c919,42.323853,-71.142003,62
7e2e9051-aace-33a5-856a-30cda32da777,63f5900e-4fce-3ddc-97f4-1cdfb91b8a81,42.700273,-71.161357,50
435fb2ed-f14b-352f-9c41-bb7129119612,44b38ef4-4a7d-32e7-a915-26db39eeae0c,42.176526,-71.603588,98
1f1a2b36-bd19-32e4-9b46-b347ee289d7d,70021177-52bb-38c6-8df2-ae3d5f5cc0bb,42.305932,-71.282917,39
0e0b1862-b173-3861-84b9-08353532515c,07a59ce1-3a4a-30da-8ff7-ecffd89580f4,42.376043,-71.11868,202
e54e61ee-167d-3c52-9916-cd0d115d4d57,6352f08d-6323-3a16-bfb5-205ac0332cf3,42.33196,-71.020173,89
ed24956c-0972-34af-b01a-f757c1ee5741,16784c94-843d-3474-a1d5-0c443af67ffa,42.175737,-71.125385,61
06fd14bf-6b02-3905-a4fc-690f1a5a1a60,e364b3fb-96a3-30e3-b6d4-e6f16e8ae08b,42.338551,-71.018253,49
c5b2da5c-350a-3000-92de-9e5270540f5e,93a2bf60-5613-37c1-8996-3553ec6b1cdc,42.376043,-71.11868,127
581763f8-9318-3918-ae98-df70d3e01164,8665d0b9-8dea-380b-96c4-8c0a26a99747,42.301969,-73.323024,31
33172532-b7df-33a1-8640-542d660dfda0,9da6be92-05b1-34ac-b110-071e5a42b874,42.115454,-72.539978,32
271b0873-bd44-3d58-948e-baae5b2e0515,cd96a437-968d-3e65-9f0e-89b975450c15,41.839798,-71.31804699999999,178
fde82129-4a7e-3ba9-9142-e000033dc76e,5519120c-af24-3f39-bb6c-b7fc0b50c8e6,42.535857,-73.24113299999999,124
acde388c-20fd-32a2-8189-a26ac25f7b4e,a651c8d0-014b-3e30-8b0d-54dfc4ab20ce,42.246125,-73.361858,96
2e23371b-406c-38b8-be9b-656a526c6b31,5647253b-3470-3452-bbef-a6ae8f0982b9,42.418722,-71.163912,58
cb29771b-780a-3c58-a7f8-a789494a364b,81afbc39-a91e-3160-a259-83a75eea2215,42.648044,-71.161751,93
18bc3e8f-4b55-3572-8a27-6eccc32377b6,435b5e7c-1493-3ac2-9994-30a5f1028907,41.7132,-70.485737,188
9127804b-19a1-399c-afe3-2ba78c44653f,cdabf878-6d1f-3bfd-a266-40efd24af388,42.323853,-71.142003,79
80b46b72-11cd-3a4e-a423-4d808338fd77,45fbe90d-10f7-39f4-9f84-2100c302faf9,42.564647,-71.164516,186
6d54f652-2947-32a9-8973-ce7dbaa4758e,d8b927a2-8e71-3b43-98ae-8ed2c7c724c9,42.559673,-71.260947,119
46775954-ffef-3608-aa92-9ba974682a16,f18084da-cd20-347a-93a9-f62f748ba19a,42.184599,-71.305307,151
f140b9e3-2e2a-376e-b7b8-4f2f96cbdefa,c622cfbd-4815-3719-800f-81587c87161c,42.418722,-71.163912,78
e3b6cb5d-dc23-345f-9db9-7ba983047622,b5bc77dd-d181-3b8c-99b7-74a9d69568eb,42.695981,-70.83564799999999,136
e83e8926-eebe-33c9-8312-4e94688d414a,452a0f37-f2b9-3186-9517-4f15d2f5a3c0,41.646686,-70.999158,79
acf3e7bb-efff-3032-b9ce-1b0ed5d3c8e3,b14a49ae-6abb-350e-b1ad-dbdb1bf1d316,42.284822,-71.348811,37
67fb8d23-a8db-32f9-a1ce-b0f8b6390906,d159306a-230e-3bfe-b736-5cf143276678,42.269478,-71.807783,49
b76e66b4-4b6d-36a2-a6ec-d35a91d7193d,fd88aac2-3678-3b45-aab3-6f73a23c036a,41.76104,-70.701779,32
e85cf0cb-75a6-35c1-a76d-20eccb45d2b3,9c87cfde-bd50-3911-85fe-1fea5bfcf49e,42.183577,-72.457812,123
a141e7b6-9410-3287-a1a2-5a2043eb0caf,e8089e86-cb6c-3e73-b8b8-8a689083ab7c,42.367858,-73.269763,80
34720577-02bb-3dff-b9fc-6e389928409a,420ddbd6-ebd6-344c-a7b4-128c58fb8160,42.556659,-70.84496,99
47abd1e6-7f84-3658-b228-789bd3a7cc62,1c302ea6-4c70-3390-b96e-59ab9d699c8b,42.700273,-71.161357,73
be9487be-607b-3200-bcd4-4e4c22a19d90,68eb10e2-c299-3050-a595-cab343ca9392,42.45184,-73.260685,23
64b64b24-ea2b-3d53-879f-8ded5f2389fe,c0388410-92ac-3f24-9bf7-8015960436e3,41.738479,-71.165065,92
4d3c148f-fcda-32ff-9b5b-ad700c0b4908,14bf7ede-f819-37af-8fd6-6311f46afc65,42.323853,-71.142003,34
c5cc255d-d3c2-3063-8e4f-d020589a63d7,09c5b616-6c19-3895-a8e7-fd5411190e6f,42.269478,-71.807783,66
2942d571-a618-3fd2-ba94-5261465f8c16,d0db9e54-39bb-3e6e-8f4b-b25bfc6fbb7a,42.219645,-71.216768,261
ceb6841f-aa9d-3b87-ada2-fec53278510f,4ef6ed33-fa05-3118-8930-b3c7a077a0ce,42.33196,-71.020173,58
caaa9677-64e9-3f88-99ea-f9396dc44786,7b9038a9-75a1-3429-84ed-8f4c6414f13e,42.597055,-71.3697,123
de698598-913b-3c42-beb8-8a5caee4f34e,d521fff1-507b-3f0c-b3d4-5ae2650e1e9b,42.084858,-71.41057099999998,76
e8fbc000-260d-3505-a01b-32a9d623a8a8,d87bf0e7-718d-35c2-a4c2-13ab7d79d6a1,42.331876,-71.208402,45
5400f28c-f7b4-3b07-9f6d-004dc388d53c,7d31f619-8d2b-394c-8b4c-d0461f04c958,42.601977000000005,-71.81586999999999,168
8262b05b-a7bc-32f6-94e1-687f4ef5a1ec,0ec19075-fb52-34f1-aac6-e69faa871079,41.646686,-70.999158,18
304e5686-06e2-3f9d-8b7d-829cfe88fbd7,6e40c3dd-cb33-374c-aff1-7c40b3bae207,42.301969,-73.323024,36
995c0665-79b3-387e-bf35-e51466308e98,5bf83e18-ef6e-33a8-ad5b-86cb70b4795a,42.63898,-71.321141,95
d91463da-c242-3018-8844-cf651fea2457,74086554-9256-3f1f-9bfb-ef7237391d25,42.601977000000005,-71.81586999999999,148
d4f82286-e0a6-3c84-8475-ed135271414f,7dcb8d17-b58e-3830-b881-e4d123f8568d,41.706839,-70.75095999999999,68
74fb367d-91d9-3cdb-b8e3-8a9164d2885f,0c1e2388-7c7e-352e-a017-3bef1684c147,42.474862,-70.96218499999999,27
5b69ccd1-94e5-3909-b5de-b5c54d4c3ba3,997e28d8-7a7c-35f4-8ffb-c632d6000544,42.474208,-71.097665,25
a72d62d9-e697-3d49-87ad-850855c84a82,7be4eb2c-8859-3161-859a-b6b1782452aa,41.621629,-69.98195600000001,259
dcbd4dcb-29c1-3a40-95cb-259d84886223,24614fc7-51fd-398d-8085-aadc1ac5e789,42.331876,-71.208402,87
efc5636c-288f-32b1-9d47-0dd89b379b13,6bba491a-7eac-319f-9e26-cbb181e1c04b,42.455723,-71.05901899999999,67
476cb342-1ffb-361d-aff3-ada2a92f00a5,78a11f16-e161-3dfa-91fa-16af7109cea0,41.601508,-70.639317,165
e25d4328-b670-3d7a-87d8-75be77be65f0,639e11fc-6d19-3d97-9d1b-1689dbc5d468,42.33196,-71.020173,21
e79f72e1-b7d4-3f72-94f5-79947fd196cc,8faadfc5-b60b-3093-a76e-93bb9b31c96f,42.323853,-71.142003,58
b047303d-7315-36a8-96c8-83ae5752910f,c53c3c29-b1a0-3f1c-8d33-5fa4d8347567,42.206676,-70.94584499999998,70
e0b36ace-5764-34a4-bece-3a341f9d5e01,23ff8b3d-5d05-392d-998e-8797a7385c66,42.700273,-71.161357,53
25634b5d-c20a-3a8e-885e-5175ffdc9d20,fb278911-40bf-3697-962d-08f729b2e7b8,42.331876,-71.208402,53
d4b26005-3175-3bfc-a83b-1c06858c29c7,e301024b-6fe6-3c4a-b0e6-ab929cc18ef7,42.63898,-71.321141,71
65e8977a-9441-3ff8-a08e-59174e1fcf9a,78bea806-a3a0-30c2-9432-80c5095e8151,42.782945,-71.087436,46
4f228722-96cf-3f12-993c-dd00953a4ab6,98c52d20-ca76-3d38-9d19-125b4f45d9ab,42.395317,-71.180284,144
a105fb13-485b-368f-972a-17195f07e997,eaafa2b6-ec6c-3b3c-8474-39dd72378f39,42.445222,-71.23001500000001,10
07edf6ca-48a5-3d39-b66f-11abbd1a5c7e,77169a2e-d2f4-3167-94be-5648db3ccfac,42.198708,-71.846006,86
914a0512-5207-3100-b90b-5adf51346c41,ee1a65b6-9cdc-32ca-a8ea-8c1b1bfca928,42.299625,-71.52842700000001,194
e52a52c4-4931-3579-83d3-f6409503744c,ea4ac0af-e1d9-36c9-b4ec-ec31024335d8,42.281593,-71.242414,55
8e519957-1d08-3ec8-8b36-b3810e88de90,04c1cc59-11e3-30e5-b317-0bf5e765f3e8,42.695981,-70.83564799999999,101
b0f435e7-eda9-38c0-a032-b43345a69ce1,6b8a8c52-7334-395b-a992-d4d6ec628a5f,42.474862,-70.96218499999999,34
703000fc-fbf5-3e16-88fe-033633d04df4,c1771a99-5ed6-398f-96b9-08ba4b252f8c,42.376043,-71.11868,40
f4187413-6c39-3576-8eef-4b8d9439d76e,027988f5-9d2d-367f-a9a4-7daafe78bf61,42.331876,-71.208402,59
216cfa6d-ec74-35c5-aa05-3a5d767f7d6c,f0a1ba5a-6eba-3f06-8ab9-78f214bd9c27,42.323342,-71.646236,20
33f4a70c-6894-31d4-965b-984232fc5da6,9ed9d3dc-85d6-313a-a6ec-ce250200b69e,42.301969,-73.323024,91
efeac726-f5f2-3204-840e-64bc131cec18,5eeacb40-eaaa-3a42-b208-0b257414c2a0,42.609509,-72.74698000000002,176
4834f7de-eafd-31d6-bafd-9e172b1cbbab,664d40fc-da91-3608-8276-e698015c7147,42.395317,-71.180284,83
3a9f805d-64e0-316c-80c8-c37d69789253,21fef6e9-1145-31a3-a8e8-d5b67ed44020,42.10365,-73.359887,181
da345730-5c29-3534-ba71-bb0c4ac8d562,0a22110e-22c1-3679-aff0-f8a849ca8f5e,42.418722,-71.163912,54
78437b0b-58ce-35fd-a27d-d49b268569ed,90e78970-c3ed-39a9-8b9a-97700d39d21b,41.633619,-70.871306,42
6870132e-b065-3935-82d4-fd451e88b191,51f5f7cf-7057-3f45-99c0-7530f2c9fb2e,42.376043,-71.11868,34
d3c43605-ffe9-34d9-ae7b-a36fbc28f929,371793e8-9ddf-31de-ac7b-873de7084a4e,42.62885,-70.685875,37
5003e7cd-aa1b-3771-ac7f-61c193cf3eb3,b56bb2e8-9f15-37ae-9c8f-d5a87f380f97,42.50436,-71.064061,100
ee245021-f43b-3aa2-b6ff-eb8ba79aafef,10968ba2-75e7-351a-a73a-c37a2a8dfcfc,42.64042,-70.77117199999999,347
44a74f70-36d9-36d1-9a64-8fbc268805ac,74e94b82-37d7-3008-8c29-cca612f25946,42.499248,-70.898204,78
931ea686-2770-31ec-b3d1-3067925ca61a,279b2a85-ab64-3dec-90df-fbca8b479db5,42.600633,-70.883303,182
8aef06cc-3a19-30a2-a41f-7e8c7fb9322a,73b36bb4-468a-3ea8-9cfc-ee11ee3d01d6,42.474208,-71.097665,95
042f641e-f723-311e-8df8-4b2e18ec0ebc,b3abd026-7e38-369d-837d-26d8ef20688d,42.390445,-71.101033,156
2a44e16b-5223-3d18-96cc-6a8622401c77,725b1a09-e14e-390a-9313-36fb80e985cf,42.455723,-71.05901899999999,45
23b7433e-78a4-3e24-9b5c-8b0c05b88c68,dfaae41a-b5b9-3d5e-899e-3ad9edb09f09,42.641379,-70.94344,166
26dbd0b9-ae51-3b32-92ed-46cd3d33d6c4,030c34c4-79ab-3598-8df3-f27f73cbc3c2,42.584206,-71.988737,74
ca9b2998-2325-395e-8690-b7467285f70e,1f333977-ac45-3bef-8e02-48c2aff5491a,42.195951,-71.45343000000001,131
ae5a4432-08d3-3a0e-ad84-5b9674e37a32,f6385e29-ec2f-3ed4-8937-0569a8c9d1ec,42.395317,-71.180284,101
4dfa5dab-91f4-336f-80ed-fb9a233619b1,467ed98c-2b2b-349c-9585-c978985e1ebf,42.423844,-71.10923100000001,30
ba9ea9c1-7d11-3346-b41f-6c605315c4fa,e8134182-3ed9-3b41-abdc-9f4a47b23f2d,42.601977000000005,-71.81586999999999,25
fd641551-78c5-3544-9824-f1751218d59a,ed76bd47-87ba-3948-9458-dd75d1a84d4d,41.758163,-71.21418100000001,207
6bebeebd-dd73-3b9a-bfc3-d5e5dab05da7,87150be3-c9fd-369a-af45-52493f8451df,42.418848,-72.10659799999999,61
af2efda4-629f-3c2a-a3d1-49b7db5f8651,c11e7b71-934b-3615-8875-58dd0066af6b,42.390445,-71.101033,197
c1723bd1-6aab-3940-8b49-2eca4fb3546a,5ab09188-b98d-3a83-82d0-4aa782e2b9c9,42.360427,-71.361099,28
466f6712-a5c7-3598-9725-53b05054df63,dc59b61a-f4c7-3b5f-9f34-62c6b675b8e5,42.597055,-71.3697,120
3893c8d0-8f01-3e45-a954-4afb50ce60c7,04cbfe78-0d3f-3277-9476-2be9f8dc5191,42.241557,-71.082432,317
c26f133a-2164-313d-8d76-9c49073890ae,3e4baf39-79d2-3c5f-9419-293af2720a97,42.33196,-71.020173,35
49609591-798d-3b20-933c-cd69d2694de9,72b029e8-8176-3e95-a7f8-ce5f7f47c1cb,42.520876,-71.770611,65
76ed1546-0e61-3310-a035-b6489c5c2244,43de7525-f2f9-39a9-b8ff-9cba4ef56988,42.369451,-71.177925,183
c4091e59-ed17-3b01-9d39-72f3bab9f215,d37c9ec2-6718-3aa8-bd22-90824397a079,42.224096,-71.54048900000001,84
be654286-2b29-313c-bdae-75580223d290,a8e7f9f0-013e-3629-bbcd-ff75dcb46e96,41.706839,-70.75095999999999,21
fd1addbf-df97-316e-b17d-3ffc8d8d36ba,05799cad-f02d-382e-9b80-b0f833d6af4d,42.742751,-71.178588,87
fbdc156e-b90e-394d-9f0f-a3398c9e2e80,bd7e61a1-eedb-34d3-8a48-0511c44694f7,42.499248,-70.898204,60
4216cfb5-55c1-3ed6-9233-35548b62677e,a718120b-955e-3849-b002-186c376804a8,42.269478,-71.807783,73
6518c626-803d-3c8a-b6fc-50c42bfceba8,e89fc67f-7cf0-3687-bf77-b4afa1a88fd8,42.244949,-72.50014300000001,665
00da5b4b-6ae9-3cb4-982b-b7d368aadaee,1aa155b6-e8ed-38bb-aa5a-6a1e429b9749,42.363534,-72.50729100000001,32
7b24bd21-364d-3981-81b4-b0bf6c60d368,fcf80e67-03a6-36a9-af90-204285386103,42.495629,-70.83582,84
0840a235-a582-3129-acdd-93ab2a181415,bcb0536b-2326-359e-a6b9-94c89a6a7014,41.725351,-71.094162,74
d0543b2f-53b2-3581-8880-3318491276b8,690fd371-70ed-3704-9040-a7df10c2f0da,42.564647,-71.164516,56
d246b9b9-cbf2-30aa-9405-611f5178a9bf,ce5885ec-441e-3c4e-8d37-49a648032d3b,42.262428,-70.79888299999999,10
3f00dc9a-db70-3162-83d5-4974c775ff70,226acf3e-7e5e-3bf5-91d4-e3e6bc039f98,42.082543,-71.024638,144
5db89742-4d46-3135-8fc0-0fc90e4fcf2e,f7422183-3c2f-3958-87af-5137e257301a,42.474862,-70.96218499999999,54
52f40ade-1f7d-3d69-b450-e5dcbdfab3cd,e02ac90d-dc41-3c33-bed2-a3e37b65fd17,42.445222,-71.23001500000001,53
bf3c83bc-6b8f-3d74-89fd-f4cf95ab7717,7fb56fd2-71ad-336a-9204-57765bd1e5d4,42.071188,-72.41771800000001,272
f6577d8a-4cfc-3227-b354-9e65c1665a20,b6aba88d-2c3a-3a58-bf41-fd7fe83571e8,42.376043,-71.11868,117
4e040555-85dd-366e-a743-83c290c98157,504c29d0-6f98-3282-a3fe-962df55f7808,42.679723,-71.30068,416
99dc3d79-52ee-382c-b713-1c194955d510,2ef61b04-b50b-33a7-8d6b-26258cd58a6e,42.198708,-71.846006,162
9fac54c0-e1b0-3161-bb04-cc23dd4aaf3f,e3b6c45e-c3d3-3382-b40a-efcfe7383eb4,42.585541,-71.44025,89
f5144bf3-6bdd-3dee-94af-e73c6901f7a8,f0abec96-6123-3475-a486-2930b9fecfe7,42.445222,-71.23001500000001,29
a293640d-619f-39c0-a78d-979e761074cf,841a1423-b723-32c7-a512-161310612a3e,41.758163,-71.21418100000001,130
4e545394-e160-3329-bba7-9ee08475be33,1061b2b7-0167-35bc-916a-3b3207fe2bfc,42.50436,-71.064061,67
98ca1854-b45a-3495-a578-3fcc969e32a6,4abb2d14-7137-370b-b968-c5ac34987f91,42.173103000000005,-71.36375600000001,138
a191e86b-e210-3ae1-8588-0146092bce24,212fc6d4-5f90-34e6-a67a-c6f69c9c0417,42.156203000000005,-71.43034499999999,151
506d3691-eaff-3252-afbe-93bd018736e1,56e68227-f853-3628-ba75-95b20527b7cb,42.851284,-70.955837,131
713c656b-33e3-33a5-979a-46040f27bfac,9f771fe7-4577-3034-a17d-a692f35931a6,42.047565000000006,-72.57113000000001,73
ca2ec871-aac0-3368-8a6d-0b5bd26108da,1055cb51-3d14-3737-b4a8-0203cd752ac9,42.425506,-71.310812,111
003e3e96-b74f-3d8f-b740-42f44b07f9c9,1a8ec92e-9456-3ac0-92b7-9f75ff3611a2,42.356491,-72.568632,99
f4b16cad-d3fc-3754-a7a5-4b6691738e28,442660b2-c756-396b-b8e1-6e19c7f05133,42.376043,-71.11868,184
4aad9516-f508-302c-b8a8-ee0f210ddf68,28708659-b360-34a9-8a97-8a063da6e9e0,42.452752,-71.144319,60
75a6f973-79f8-3243-a79c-ecf8150e41a7,24000b96-f337-3a9b-8244-2ae2a5687aae,42.556659,-70.84496,44
71e9b864-2e58-3c78-83da-d7698e2e65b9,fedeff02-fcd0-3c21-a73e-d0d11a998ba4,42.626223,-70.85723,335
f779ad54-a777-3c7d-b593-5bbf540db350,a35e0bb4-e675-3912-86d6-4cb0e00a4a23,42.395317,-71.180284,77
db2af035-610b-3ed1-a984-8bdd0608d7cc,0cf2bb40-58d2-3f9e-86a2-c4caa24e6c6a,42.338551,-71.018253,35
6fe1fc1d-5522-316d-b43b-1325fccb7b17,4344ea9b-3b15-37a4-9964-c630f7542817,42.574174,-70.95051600000001,60
11065346-2a1b-3ff7-ae1c-62917bcef366,12468a38-fbb5-3959-ae6e-68a43a5207d5,42.376043,-71.11868,17
af07681a-5fa9-3995-bfd2-676306dc8b56,19cbe446-9a91-3340-9772-2eee3a4a1d90,42.269478,-71.807783,90
43d33b79-feab-3a32-a2e6-c1cd9dfa0231,b149f491-c9dc-3540-b1e0-e7e532678d44,42.323853,-71.142003,77
45cfe5a7-5d2c-3067-b574-d422d0af886f,20b1e26d-e074-3a38-b46e-cf596597090c,42.269478,-71.807783,68
7067e0dc-aca8-31ca-a5cd-5457b6d6be29,306d6b38-22df-3d57-928b-0b6325551b86,42.205062,-70.74297800000001,100
fcc12e62-639a-3671-a714-6fbc96230155,271b5492-bf28-368c-bbf4-292a532bd090,41.76935,-69.969034,76
ae2b0744-e6d3-3d96-b6c9-4120bbc0ad60,d52e5070-1979-3e4d-a357-ff7c1b26a07b,42.388921,-71.24226800000001,41
dd720810-2075-3ca7-b124-41d86d63a472,6e9960a0-5efc-31ec-9949-6090b2420411,42.175737,-71.125385,68
b58389f2-daca-324b-83b0-3306def050b6,4530c91c-acfc-338c-80e3-3d52e898cbf7,41.45716,-70.556101,102
7a7b2005-e370-31a1-90c2-5b51b0855de6,a4610d90-cd93-3363-b117-58c92a59a76c,42.30539,-71.28366899999997,71
88a60832-cbcc-3501-974e-555e32ac2fdf,e06bd055-ade6-3128-a009-bfc61d1bc3bd,41.633619,-70.871306,115
db628b3d-683d-3832-88be-265678de89a0,5936c13a-e152-3932-8075-38b7f047f378,42.673909,-71.091334,58
e301ff99-260f-34f6-b575-8d63fdfb2df6,6b53ee2b-1c03-3be0-8224-9b5514a0c971,42.33196,-71.020173,188
3bdf60f9-6bf2-3798-8934-1c4715d62d8a,6ef1831a-9829-3126-afd9-65256a6d5bae,42.495629,-70.83582,87
b23e0462-8a2c-3fc1-90ed-2df84f763439,a44b37da-aa9b-37f0-993e-26e58974e086,42.219645,-71.216768,331
98b7ed89-d708-3e23-a28a-f2f550124aab,d224247d-6fc0-395e-9bd2-b4c325d55b5d,42.483953,-71.43849499999999,87
9ef28b2f-acb6-34b7-9c4f-d2f7edcd543d,b173c490-5baf-35ab-aa28-c30ac2c70646,42.261006,-71.008988,183
8bebe5d5-7647-337a-bde3-bbe029049307,f09cf501-9c20-3a90-895e-d08fe18aa79a,42.205416,-71.00216800000003,54
bf007727-19cd-37cd-adbd-29439c15b5d6,9c4ae2f3-b812-35e1-9aae-2c7b94419a13,42.395317,-71.180284,37
8d7d8ae5-daa5-3f14-b372-bafdcd99a2c7,9b110713-65df-3c8a-9e35-5895079d08c1,42.327044,-72.67463000000001,33
cd432352-e641-30c6-b8d7-69f1e767a38d,a3f3508a-4ed2-3a9e-8580-0d325e3d3457,42.124762,-72.110888,225
a829d0cb-5133-3c9a-abad-254b256fb04b,0378e9c1-ade4-3bc4-aa25-d173aba508a8,42.388921,-71.24226800000001,56
68aad79f-bb21-3649-af14-8d94fa08ca65,2f00d1cf-c489-345f-9747-16b68f881b70,42.323853,-71.142003,117
b18804f7-16e3-33ab-bb27-b846fa8a30cf,06b674fe-6955-3f39-acbb-8943bc8703ec,42.115139,-70.71033100000001,88
d9e490e7-a864-3c0b-92fe-fb98a6a8912f,07c54b7a-99ed-3a14-a8c1-922986a51ec3,42.281593,-71.242414,131
5b3f114a-4e6a-381a-9671-6c2dc24fe4e0,0d2db242-405b-3a0a-8029-8d14804d2dd8,42.363534,-72.50729100000001,67
f720e71c-32de-3cb8-994b-740059534062,af3c8657-15b8-3fee-b656-2ea1f1cb61ef,42.425506,-71.310812,67
c08e319b-1bdc-3df0-b83f-2e8d707ec36f,1b486c72-6778-385c-896f-9cd5339464db,41.647227,-70.249978,31
c996acc4-9298-34cd-a34c-c97be0c6e14d,f2e2f8e9-32ca-3f82-b950-03008f887e4b,42.323853,-71.142003,57
43358be9-96da-319c-a136-8d1e6ab87c4c,84aaa30f-4fdf-368f-8a31-980c21e4b598,42.146286,-71.255604,205
d4788ff4-4b7e-3fb0-9595-37b186274e48,d8b35ea5-caf9-3f76-a6af-691f5050cf49,42.395317,-71.180284,184
6698440d-599b-30f2-9b47-d43c7a01eb37,c13a1610-2c33-3046-9260-b2b8a1923671,42.331876,-71.208402,49
14370453-8ab0-3085-a535-dbff25343f3b,66ebf1f2-1b43-3770-9572-c3702a95facf,42.395317,-71.180284,59
1094a1a9-1a11-3ca0-8115-6c06b378fe77,b8be2ad1-3fdd-31b3-9ce8-8ebaa4ed9863,42.323853,-71.142003,29
bba8524f-5048-3906-90f2-3fd459c8a95e,40b31ec9-f9fa-31aa-a969-696b0ed228cb,42.284767,-71.714228,198
b6495911-9b12-3ae9-90b8-66547f37e118,feb7bab1-f121-357d-ae80-969798e2655c,42.323853,-71.142003,246
e99b59c4-2afd-307b-8b29-7df3be4ff6ea,b7f0f20c-c4b1-3f26-a343-0344e35e9d37,42.376043,-71.11868,79
52473b77-7b77-3607-8fdf-f2fd619619a5,2970d4ab-defb-32aa-8da3-be427619fd84,42.445222,-71.23001500000001,55
5d741ac2-c867-34ff-9ec4-b27006a5c1a7,6aeb37bd-8ad5-39d5-b021-d09c1e55c3d5,42.376043,-71.11868,165
9711c9f0-0d3f-31e6-a584-9a2815f50b86,ad88ea68-1b6a-322b-9f8b-62dc31195ee1,42.770406,-70.872417,269
8ba6bc54-01f1-39bc-b1ef-0bf2481e8b7f,cded94db-6a8c-3c00-9eca-874e428de7f7,42.535931,-71.490569,281
5c4c29e1-fa78-3a5d-8fa3-3592a3323e69,f1d5db16-ea81-323c-80b6-1362d2a30699,42.305932,-71.282917,60
362bb58b-9e63-3547-b983-bee45de6d3a5,b014431d-6329-3754-9849-728a02e7f578,42.269478,-71.807783,86
7480cbcb-3167-3198-8f18-f85f0beb1a4f,d3907baf-4fae-3f8d-b5e5-123ce2bb5cb1,42.376043,-71.11868,185
f271ca23-f2ad-3e75-8766-d6dd88077b42,266a986a-a9b6-370c-bf43-413c37247936,42.323853,-71.142003,29
c6459978-3d63-34b5-b2ba-1438dfe2db34,8e65bfae-f627-32e8-bce0-b44f7130befe,42.219645,-71.216768,233
a831acd6-f79d-3a1b-bf3f-0dee3ac74f30,af8a70b8-1900-33f7-91a0-350f1f59518e,42.125451,-72.649734,135
85d97db8-01cc-31ca-9e80-52279d6ba2f8,d9f1cef1-9753-3fd4-b31e-2fb0baf0b0a1,42.047565000000006,-72.57113000000001,87
4345776d-2835-3fc5-bc8a-aaebdc5bd540,c0a59631-1d7b-39c5-9c12-2cda1977d66a,42.281593,-71.242414,43
1afb7bb1-461a-326e-94c6-1b0dca5cb080,5cff30c6-8828-35c9-9d98-25c54773368b,42.50436,-71.064061,72
31abb947-1c77-3509-9fbf-7d5835c1822e,8d616001-49f8-3d49-abc6-3b73eb5fa38a,42.331876,-71.208402,60
49159182-1306-39ef-81e8-f30a6bfbfd19,cd1f5054-2a98-3665-94db-572a81a2e874,42.323342,-71.646236,29
c9061d5d-f3b4-39d4-83c3-957af41dd786,2c99c7b3-87df-39f4-8394-d3dd1af524c0,42.395317,-71.180284,48
04c05319-5433-3ab3-bdbe-90850c6bc6e7,9e9e83ea-d694-3c43-8c12-f3d113209469,42.115454,-72.539978,103
d7b91264-775f-3abe-a2e5-5455820010f2,751be19f-90e3-3838-a5e4-dd777953ffca,42.534146,-71.038333,397
b78fc68e-e28f-32fe-b7a8-5caf545c51eb,02be0e59-461b-39b8-80da-64686bc34408,42.376043,-71.11868,101
bfdcc4a7-b56e-36fd-b107-22d5c5a14545,568a23fa-2c6c-3789-8ed5-4710599dcd1b,42.323853,-71.142003,123
4c6a00ca-9c78-39ad-9423-ebb514adaf87,a27bf098-5aec-3ac8-b4f9-31342d8f7b7a,42.33196,-71.020173,108
4a969e27-474f-31ce-a6ef-c8612278a739,8e6c904a-a1a8-33fc-be79-27e41933b9cc,42.158692,-71.521419,147
89e5d533-9d52-3710-ac9d-d1eda31511c4,74f30d9f-4d98-39ff-a337-9c4c687806a5,42.612088,-71.227845,101
e772dbd6-d373-3111-9514-1160e1210fa8,f93563fb-7b87-3b97-be7e-7c5bc7301e44,41.897892,-70.62403,47
ec065e0c-fb59-3588-89a8-c0f648182bc2,595ff4c9-8479-3ae4-85e8-ccf9ff88ed0e,42.695743,-73.22211800000001,95
16fe19c1-4ece-34cc-9c92-7c8ff9461e88,9334d14a-9398-36bf-9932-0945c7815de1,42.445222,-71.23001500000001,60
a20b99bc-efc8-35b6-ba73-9f289c71a898,fdc73f71-fd8d-3d29-90fc-c34a9d010a23,42.195951,-71.45343000000001,45
ab522696-d274-3b0a-ae07-26c7f4edb6d9,1ca2afca-6817-3a22-81d7-70b3b1366183,42.061338,-71.245802,243
6476fde4-2fe4-3525-8a8b-23239e9b2b81,ee394632-cdfa-3709-ac47-eba10a419652,42.211656,-72.642448,81
19f6c8fc-3dea-3077-8b7f-1a1c5e742d35,2d5dd8f6-47c2-303a-b5f2-80cd494bba36,42.614671,-72.597063,116
2af0e64d-61e9-3da3-a78d-2b5d5bee85f1,fd88c467-7ce6-3272-bfd7-e445150e5dbf,42.017302,-71.21641,40
2e49286a-0c4d-36df-8274-94956dff269f,ead3fcfc-c701-3505-b19c-b9e8119bcbe0,41.931653,-71.294503,148
4da69538-3060-3714-9e27-abc1a1aa329d,455ea24a-212e-37a6-9d56-767fa6f818d9,42.224096,-71.54048900000001,126
572fdad1-642a-3562-8639-195fd8c11a0a,4ed706ff-0933-348d-9a14-6121280d9db1,42.064731,-72.653477,128
83a63e4c-bc45-32e2-9eec-3037d18c86ef,4f7381be-2b84-39fe-b161-48cda0d3b06c,42.648044,-71.161751,82
29c3333a-2522-34fc-a060-03d56312ef7b,a57fb741-b0e6-39d9-825d-a3267b758ecf,42.338551,-71.018253,37
aa2ef8c4-fac7-3b5f-8838-1d51bd1493a4,b165f308-d1b5-38a8-9fc8-63091a93f25c,42.241557,-71.082432,134
fd9af859-f97b-3ddd-bf4e-5d1bf977528f,c13d88e5-c806-368a-8787-f623d307b61e,42.262428,-70.79888299999999,41
7d2607fc-af68-3a43-93b4-b99aefd7bb8a,a020e11d-5e91-3941-80f8-a985b58ad493,42.499248,-70.898204,53
17dfd184-24d7-3041-b0f8-70d6b191e1f8,4e383e1d-1060-3747-a4f0-d639980ff360,42.323853,-71.142003,102
f3e48bd0-3126-3f36-a1ff-13bb25765c9b,7cdf7420-c927-3f88-9c4b-712077a43669,42.33196,-71.020173,35
fcc01601-c02f-3e39-9f90-267fe7392e51,a92cdb03-8b20-3413-bd32-794d52ef7b71,42.445222,-71.23001500000001,50
07a97fab-b674-3f9b-8031-c57fa17349d9,1a7f7aff-c31e-3eec-820a-7474ae49ae8a,42.323853,-71.142003,32
a828e70d-1db5-371b-891d-6ab84b14eabb,fafbeb88-4ef5-365a-83a1-e1cffd72c9e0,42.429688,-71.512514,263
8f81133f-c8e5-32fc-a366-962a69cb50ca,028b5b8e-40d9-381f-957f-0ed3e4503b4a,42.047565000000006,-72.57113000000001,480
a2d63fc3-155a-3dd8-9148-4fb93eb95c97,15740d88-c092-302f-a2ba-6dcfd5f74890,42.323853,-71.142003,105
8059fd84-9922-3d28-9667-c5b80dd0f58f,4d51cbaa-1dcf-388f-9464-4b39b204fc3c,42.376043,-71.11868,67
b6cdc385-7da4-37a9-9066-6055f8fc31c9,51eeadc5-b8d3-3b02-8630-3561955b3fe4,42.119006,-71.10365,59
e51dbde6-4742-3006-be6f-b98f6af5354f,9ea13cb5-ab91-33fc-bc52-8e9da53c2c3a,42.376043,-71.11868,36
9d66049b-2835-3f5d-a756-e723a24881f6,4e61dde7-77d5-38ab-9388-25fd50eb7239,42.184599,-71.305307,52
d4d0aedd-fe5c-30a0-959d-c2cebdb3b98c,cdef2b44-68c9-33a3-8965-74043edd6fc5,42.126883,-72.430952,87
3608293f-be55-3a1c-b641-16047eda1f74,5ebb2110-3a7b-32c6-adf5-60f42b27af76,42.265435,-72.670813,172
9c889dcb-9f5e-39c5-84d8-0e0a353212eb,e80d507f-003e-34e0-92dc-fb5b6417de99,42.721495,-70.886637,60
1ceacedd-c65e-31c0-bb88-ec7601bee3c9,02c59aef-a75f-33f2-a161-25b01d9a5bc4,42.27901,-72.400468,52
9ebd62b6-8ce1-3c58-8fa0-703f857a114f,fc94963f-5db9-3cfb-8133-f310f61bf55a,41.662727,-70.357208,34
77b058ac-0604-3781-9b45-5906cf0876b4,21a098a1-7ffd-3ac3-a297-c11a67e45f94,42.062378,-72.498111,180
d95932c6-b85a-3a69-b425-a03b499540c7,ff76282f-7968-39c7-82f9-2d86c93990a6,42.311693,-71.940282,284
a18d77c8-7986-35c8-bcf7-cbae3fa46b20,3aa3a744-7d82-38fc-a8b8-87a4f1ab78de,42.559673,-71.260947,73
750d23cb-c860-3378-ba8a-324fc8262ac5,0affdcd1-4252-381c-8ac0-2c83bce05493,42.269478,-71.807783,86
8e096b9d-1dd0-30aa-8269-33fb0abcd291,a04b0d38-3327-3763-8998-3c05ba9c4d47,42.559673,-71.260947,290
2f59921d-2daa-3e84-ab69-f6714bc03190,00c76a84-257b-3728-b782-4b2526a361b3,42.061338,-71.245802,144
7612a9f1-3ac3-3653-9c07-3ec516f728af,ac06e0ac-ff61-30aa-9a9d-7856c2a6495c,42.10365,-73.359887,246
e6b9b66b-3a43-3fa1-8057-9d3179f0c18d,3b3b630d-cd78-3708-bb6f-f354d51b61f1,42.331876,-71.208402,25
a1e5ba65-18c2-33c6-b24c-a3b413f9463c,07259647-96a4-3902-841c-3f5b372a474e,42.369451,-71.177925,70
e2293173-82b5-3558-96eb-63c74624c5c0,c75ad6d9-6b45-3530-bea5-3d5668f8ed19,42.281593,-71.242414,89
beb5dffa-df92-3398-bcb6-dc00a03b7c72,0bcfd752-58ec-3e53-ae54-0d544fb47402,42.388921,-71.24226800000001,19
543144e5-f1bc-31ef-86c4-da90dd0b0715,43659621-b75d-39b6-ae82-01e3c8c9f966,42.017302,-71.21641,277
560ff937-21ca-3a3e-970a-f4a289a0f32a,0e51f39c-5a55-3375-a82b-3215bfd59c55,42.423844,-71.10923100000001,100
c558ebcf-10aa-31b2-8e3b-304f05998505,e3e93266-a032-39a8-839f-d5abbe8cf0c0,42.395317,-71.180284,125
89bba915-84e5-38c7-8ca1-07e92ff39660,8a97561f-c559-3771-922d-8bcf6d9fe44c,42.423844,-71.10923100000001,89
16702051-315e-3d65-8b31-53fed126ddab,a42709c5-4d2e-3911-8054-42830156dc40,42.462911,-71.364496,112
2cb2678c-818e-387c-bbc6-1450e4278647,a0ece72d-53da-33d5-bdc8-07e94801d12e,42.369451,-71.177925,228
4464dffd-8742-30d0-be5d-0e34159dc968,2790978b-78de-3054-b7ec-b9fe16a571bc,42.499295,-71.281889,37
6a2f3153-ae6c-3e06-b8e8-179514f6120d,4340823b-9e04-3a18-8e3b-cb37efc88f13,42.395317,-71.180284,77
26aea8f3-cfd3-3e6e-abea-02390d516479,da4e8e43-7871-3ba6-bb63-900f053dc1a3,42.269478,-71.807783,128
a60289bf-f79d-38dc-bff7-a700bd72dc34,483d17d4-3ddb-348d-af22-84db8a6b8ae4,41.70692,-70.221117,116
02b3f22d-7590-3466-b139-f0c92cb312b8,e613f5a1-7588-3efe-8701-fa9baf3241ff,41.846878,-71.24486999999999,683
5ad0f4cd-8636-3e97-a290-11d7e038fe7a,fa21fe97-a001-3cb8-8100-fee39a0afb03,42.376043,-71.11868,69
8392cbf2-62ac-3fee-be03-eeb64c4ef280,a6c412ac-1c2b-379b-94cb-ed0d3502df6e,42.246872,-71.179462,84
a66effbc-e49a-3cb1-a6db-7ef23ff738ef,0cc09de6-0c92-36ea-9d3c-0460bd258822,42.164569,-70.818844,43
8053977b-8e6c-3cb0-8555-ec849751fee2,5c89056a-163c-33a6-8ec4-bd383ea0cbf4,42.327044,-72.67463000000001,52
9566c2ea-85d9-3656-a33f-5b40eac0fc7a,4f19c043-50be-3ad9-a2f2-ea735e34be3f,42.146286,-71.255604,40
342ffcb2-4b8b-31e7-a6f8-e5c3d8f10cb2,91a53589-2df1-3e27-a3eb-28970c71ae03,41.661303,-70.937913,31
0fcc92fd-dfe2-3ba7-ae27-15b08f945c71,6f7c32fb-ae48-3de0-9aaa-2e50b09abde9,42.445222,-71.23001500000001,24
5b91d800-1c1b-3413-9210-a0880ab35624,5b1a1bab-ff17-3eab-82db-4fa03f8a3b1a,42.851284,-70.955837,139
0fad4d16-b573-3bf8-a8ac-e14b90a9794f,4716ee08-035e-3e2f-a9fd-e3eb63bd0f9a,42.331876,-71.208402,125
5dbd0785-3659-3aa8-b649-698eb0dee73e,a09aadfa-1fd5-31e2-b2ec-b26c57aced68,42.383367,-71.42107,22
b7107d35-1212-30a9-b2b6-b25bf4aa2a9a,452f6ca7-fd6f-32c5-8b98-1d0d4f21db8c,42.445222,-71.23001500000001,42
2983b168-686e-3e2e-b1e1-6d3609c0fcee,e1f57446-8173-348e-a3d0-096ce28ee8d1,42.33196,-71.020173,95
211d1588-942e-3381-9ab7-d29efff347aa,4f66249a-0fdc-32f9-a0e3-7607f283b7e0,42.700273,-71.161357,59
3aa47b6c-33be-3c38-9065-5bb6858423f7,0517fca3-9416-3b31-a5b0-4921fe5bf34b,42.7539,-71.015935,169
7547cd9a-b476-37e5-a4e8-4e6569fb085e,7084b460-d99c-3d71-81dc-09913a4624c9,42.323853,-71.142003,142
1762caeb-9eff-3d7d-a6e6-4e2a9f4af3d2,ef15399c-c4d7-3562-9303-dd0354d8833d,42.224096,-71.54048900000001,72
d670dfc6-e1bf-3624-91b6-808404b8087a,d7b5b9be-bda7-3f1d-89db-619263cf6801,42.331876,-71.208402,36
0d4b95e6-bd13-38d8-980b-663f99bcc5a5,cdb0c43c-aa87-369f-84df-74f22ee278b4,42.499248,-70.898204,25
41c395b0-f9d5-3ee2-b204-52034cfb331a,e0f50140-ce59-3b4a-bead-3f33fa5e3905,42.376043,-71.11868,74
990c95b0-6c6a-334b-907b-bb0cf097d84c,485a44bd-4251-331c-b8da-9e59f3a65ede,42.323853,-71.142003,24
20e899a4-86f9-301f-8cb5-6cdb2de2fd54,588d189d-8c4a-331d-9a57-01bf62b9601c,42.323853,-71.142003,135
891ae512-f3e4-32aa-9639-ea3f9f56a079,3ac1005a-b522-30ee-895e-c94624b15142,42.851284,-70.955837,70
1532d181-85c2-3357-995b-bfa2f6d91b7d,c74ad497-f5b1-3f6f-b880-4f654e3badc0,41.662727,-70.357208,159
898a4d3e-cb2c-36f6-ad13-4e305d4b67b7,6dc4576a-e9ae-3552-8f3f-d28a630c97f6,42.395317,-71.180284,122
3a49d5f5-470f-380e-94d5-2f250ebd9e7f,92fb5daf-0cb4-3126-9715-9d0b8a8e5973,42.323853,-71.142003,65
36c10746-ee11-3e55-81ed-966bd88fd042,50ba6613-2552-3c1a-960d-2ad1d3fd0acc,42.301969,-73.323024,35
2813efcc-befd-37fd-824e-ac6d94b49df9,1fde85e4-d4ad-3df7-8b63-5da077f83680,42.679723,-71.30068,151
251588d7-bae6-3871-871d-522fc06b15bc,825d989b-752b-327e-a103-33079b0091c7,42.656952,-70.60463,93
fb9e7159-ffb3-3e3f-84cd-8a519dd8b1e4,84a84f18-8237-38f0-9de6-27e62d0c11a8,42.331876,-71.208402,112
d6ced44f-5e47-3d39-a1a1-f121a30a2c46,bbb7dba7-0965-3932-b798-94335c6d2806,42.670643,-71.602858,164
b61dff5e-7c54-335b-8058-522f66cd07da,0154718e-fb2d-3969-bbf8-045641fe7dc9,42.265435,-72.670813,117
c489785a-a34c-36c2-9f59-07cb1ab31587,5175e575-a8df-3828-ac48-5b5492a09722,42.585541,-71.44025,131
2a805b7b-1647-3e60-86e2-a22b2f8fd555,ca26b0dc-755e-3d69-a923-4114bd84cb08,42.418722,-71.163912,125
c90c10b1-e55e-3dd3-b167-96703405f651,5cb13578-bfc5-3ff4-b394-26de7703c09e,42.305932,-71.282917,30
c3d29e05-2939-3e08-8041-526732a31137,b2671c0f-9623-3d36-b42c-3cb5f5dea42f,42.126883,-72.430952,74
3d5dea4f-e596-3b89-9893-2119300d555f,11c36a36-8f3c-386e-83dc-cd6622acba46,42.395317,-71.180284,92
ea9f21a2-df8b-3e11-9129-1450c469238c,966910ab-c114-3b9e-83e1-1a8f0c583cf7,42.305932,-71.282917,15
401f4de3-2104-3442-930c-c4327003df44,e7be2bea-4a1b-3bac-9874-3b149652461a,42.425506,-71.310812,154
1ef5a888-3447-354c-a491-df389eaf9cba,5835c23e-ef48-388e-b438-29e6a62d037c,42.247211,-71.991867,335
89ee2d35-b6f8-3054-be46-2f5add79e310,42e990c9-64cc-3a6b-b463-5b306fddabbe,42.363534,-72.50729100000001,102
2b4b7484-11f2-3457-a3a4-b3a9c084c946,e5cedcd0-f663-3812-9b2e-2cd57360d62e,42.383367,-71.42107,57
e3239190-ab7a-3eb4-92c8-6496ba522501,1a5e3f7f-4183-395c-a0cf-492130b46ea6,42.369451,-71.177925,34
5dcc1124-3028-3096-b2eb-effe526d63a7,1687bb7b-46f1-37e1-a4e4-362b30c8d656,42.323853,-71.142003,71
b603b2b6-2163-3d93-83f2-7031ab4bf45b,13e96552-bbc4-3055-bb5a-c6192305cfe8,41.647227,-70.249978,43
8aae2dbc-6f12-3f1f-a3c6-a82d16b7dadc,1fc6d3e1-9576-3f5f-8c0e-e26c42dbf2ee,42.390445,-71.101033,133
c74ed065-7bfc-3210-90aa-ae56ce7e46f0,4d9e063a-001a-3050-b185-3f53e1763ae4,41.579794,-71.081822,85
670ecf78-984a-34a5-85b5-d2b8c043dd10,a3572d77-ef07-3f07-a4ee-de5d1d1fe09e,42.418722,-71.163912,68
52345867-3e7d-3c59-8a70-193e88f83879,e64d1d3a-dad4-33ec-ad26-f9238afc6abb,42.256208,-72.58103,78
5d4fa8b7-8741-3664-a401-6dd9b467ebd1,000ea339-3b3e-35be-b475-bd129c194e56,41.56651,-70.958229,102
29c41d37-728a-3566-b53f-15fab72994b3,a73dc7d1-a1d7-3af6-aa90-af7ffda7b1af,42.360427,-71.361099,70
a55fb8c3-c0d3-3e7f-bdfd-cfde4dd30cb8,4ca82ba4-2e96-365e-8ab8-2ec389f0fd40,42.327044,-72.67463000000001,52
aef409cd-7651-39e7-bd2f-34bec28abe20,a09d2eae-2e94-3eb2-998c-225e928f8177,42.269478,-71.807783,117
b48c48c2-fefe-3e33-8d21-7ba08749e6ee,c994d615-bb7f-3745-a391-b1b4f4748a1a,42.395317,-71.180284,87
610fde4a-f94f-3650-aff8-4c52f68eb317,cdfe3787-c615-3d92-b149-08456485e215,42.601977000000005,-71.81586999999999,282
19a7ba5d-0471-31ec-a66b-d0171bd1efa2,caae9e20-19d5-357f-ba65-48a7e3ce0475,42.445222,-71.23001500000001,88
3c814fc6-31ef-3974-a537-69adc485872f,88b776b1-23b8-33b6-9b84-b5957ce4790b,42.108463,-71.185182,99
ee8375ed-5670-3870-a366-2bf17a28c0b5,d3a5680c-dd80-34c3-bb37-28989b918670,42.376043,-71.11868,91
b8d872d5-9382-3843-bde1-459f5e84ae69,af315820-b829-31a7-8289-3539bdfbd36f,42.418722,-71.163912,42
0417562e-c194-3139-a497-21beb9df70ab,b81ddc7b-030c-3fa7-acf6-4ae14c4a447e,41.579794,-71.081822,238
00be954f-70ac-3380-baca-c4ba5f637d0f,5585b8a7-cdd9-3b8a-b78a-7aaa076a11aa,42.331876,-71.208402,52
695ce37d-ee92-3bbb-b096-a15685b71649,0cfee501-e8b2-366f-aaed-72911a8c9aae,42.648044,-71.161751,65
bcf68cc5-13f8-3242-8b76-9478743ede55,b1516ff8-952b-3f90-a485-e43e29cbf469,42.272062,-71.522795,508
ab88d1b4-e1f7-35e8-b8dc-e9c5c7c1af98,8c51632d-2a7d-3a76-b6c0-6293c9c50d1e,42.367858,-73.269763,68
e7976e0f-099e-3775-8dc2-a0c2ac74482e,d70e4d56-753f-3c43-b222-59b74e018fd2,42.559673,-71.260947,271
24a4be46-c1c8-360c-9d23-1c9fefdeb96a,65cf0576-c592-37bc-8cf0-2a7dba9925df,42.323853,-71.142003,71
c446fe6f-4b07-340e-afde-6246d582ad18,0194f531-e7d6-34a6-9fa2-6c46b51bca15,42.323853,-71.142003,125
24281a3e-ee53-35f0-8977-65656cc17ff5,ebcdaf96-50e8-340e-806f-04cfaca27857,41.916805,-70.0271,54
8bda3488-70c2-3195-b971-19557e6f97e5,23ae9af5-8904-3b84-9ce1-61b0c59646c2,41.793699,-70.638745,46
85d5ef6b-f65f-380c-9e0d-667c5d442b87,e998913b-6a84-3356-a256-44c7629aaca6,42.331876,-71.208402,85
9e1ea83c-9866-350c-9e5b-216134fa5ed9,27f37f20-5919-3d8e-b078-a54519775187,42.047565000000006,-72.57113000000001,101
e06f262a-f7aa-3d56-97f0-7d463dc60882,e0739d64-3589-3bbe-b8ea-808280085318,41.662727,-70.357208,159
7dc79dba-6a85-3b77-8905-43a823893310,76834a5c-65a1-3124-8fcf-bbd2876eddc8,42.323853,-71.142003,65
54d974b8-5dd4-3356-8ebf-2026d670e537,865f3724-67b6-33c1-bd8a-e2e8a1b656e1,42.499248,-70.898204,8
59cf76a1-24d9-3abe-8918-374b334f754d,dc1e80f7-5509-3065-b8be-c8d4630beb18,42.256208,-72.58103,27
b005d2c8-0701-3b4b-95a8-f76680ee0418,789eb815-c0ab-31ca-8b84-0ce00727ad97,42.62556,-73.119828,442
cf76c2fd-a338-38cc-8a5a-0ab35c0851dd,07f10d33-c05b-35fa-94e8-178161ec811b,42.418722,-71.163912,172
72b35683-bd2a-3fe6-8bec-4b0ae1a20f6c,80a83701-6fab-3811-8448-65809f8fae7c,42.265435,-72.670813,40
f346f06f-b766-3917-8b27-ec30b1d210f4,6dfb7375-49bd-3b05-9a6e-7977feb70823,42.115139,-70.71033100000001,161
bbc52add-c39f-308f-be68-d43e7cff6075,9401792c-1e00-37a8-a9d6-ada7b893afc1,42.284822,-71.348811,53
b81d3907-9ea6-3383-aa3b-00488601ae45,411d6c8b-6efc-3066-9853-88f67611432e,42.556659,-70.84496,66
40f0d2ee-20e4-3420-a478-2f818bd0f90c,4b36a80b-43e5-308a-9d3d-f61900863b58,42.323853,-71.142003,132
b72290a5-3f3a-307d-895b-988b9f4bbe81,16da6240-9126-382d-8b6f-fe13a4895ba9,42.047565000000006,-72.57113000000001,54
55ed5250-d313-3d1c-941e-a85584cfe3ac,bee8ade0-a897-3e82-a3db-d8f0d96eeac1,41.7132,-70.485737,60
7c86ec1a-40b2-3a35-a566-09c528955a11,3b806628-1d46-36f9-ba18-e69523843153,42.389071,-71.545864,155
c4b337bf-912b-3c76-abd1-3ef8be16b494,d1af8327-fe86-3aab-b9af-8d3443f72995,42.176526,-71.603588,225
d7a7e23a-1c76-351a-ad86-868070add6b8,ef831c39-d039-3c01-8791-2c0344a389a8,42.044307,-70.70604499999999,201
9d2c781d-0b60-3718-8e2a-8d2b052157e3,8fbdc477-d05c-3d67-96f1-4fbf1b08102d,42.844794,-70.841499,189
9a122424-f6b7-3dae-8040-0f0076bea7cc,b12b6bf7-0cfd-3450-9552-82999bb8a322,42.601977000000005,-71.81586999999999,102
fb7a10c2-a1bc-3c05-bf1c-1e8a1dee366c,123b881f-f089-3c1b-bcec-8b7037d0f377,42.499248,-70.898204,37
963f6eea-dd01-36a9-9fb3-cdfcd35c9066,cfe3a28d-6e30-35e1-af49-25cbcdef2901,42.261006,-71.008988,15
1149fe50-6b28-3778-b593-e7eb03e95226,dee00a71-a658-3da4-9550-4d66d8b26e13,42.265435,-72.670813,42
24067e51-7035-3e84-beb2-e5f523e1e877,dacc8ae8-0665-3d73-acc4-0159f6cbd506,42.119228,-71.67182199999999,58
3a22ec82-0474-3adc-9b11-4430fbcf6409,6a9bde1f-ba9f-3298-8f8a-6a7267e1972d,42.534279,-70.969782,91
d54195fd-dbc9-3141-96e6-cf31d0866c99,33145183-be4b-3f49-809e-05a81cce7ecd,42.584206,-71.988737,59
147f7c30-6ed3-3d2e-a897-08970d69085a,da40c5d2-2914-3a09-8351-5f6a29fdf635,42.33196,-71.020173,147
86aeeaa5-25f6-3e50-a433-fa2219f4e7bf,266f0172-9a04-3eca-9102-72702a2afff4,42.33196,-71.020173,38
6009f4fe-5512-3df4-81d3-59febf9b5d44,819670c7-a9b8-3572-b97b-d6330f81fd5b,42.138838,-72.755911,56
51ddf1d8-1a9a-3264-95e8-add2031847ae,337fcc9c-e7b4-36d8-9040-8506236f4bdf,42.62885,-70.685875,126
d69820d7-2dd3-3d63-9909-a0c7bd2915e0,dd946032-957c-38c3-9112-5d5b6c8db8eb,41.646686,-70.999158,101
111dd87d-5cd0-320f-a209-765173f5fe83,ecef129d-fa59-36a2-8f2e-123cf8e52915,42.206676,-70.94584499999998,112
a16d4216-26ae-3f05-9032-45a1bd54bac3,ccdd9f7d-8010-38ae-9607-a951a6f2084e,42.597445,-72.555278,257
8a7f5616-c00d-3fbc-a169-864336356522,6ccb2ecf-9547-38e7-8c26-ca43a891df53,42.376043,-71.11868,61
c707c128-62ca-3fb7-bb42-30051e7d7ebe,47a48a73-79df-32e6-8596-dfd44f2279e9,41.972376,-70.978773,149
33982ee7-de55-3ae8-a523-96c666602783,479d8764-9f18-300e-8695-57c43e37cf4a,41.662727,-70.357208,65
0e7d460c-ef6d-395f-bcc2-77929d18c9f8,fb4de8e4-bc32-3d08-8e0c-8c65da812da5,42.331876,-71.208402,65
7ca105f6-fc32-3928-9269-3422ccca20f8,649c29d9-b26d-3e6e-8948-cbbb66957544,42.376043,-71.11868,49
59c08e03-ce95-3e12-a61c-b3bb1f93110c,3fc0df86-10e3-3e02-9014-c8123ec39886,42.115139,-70.71033100000001,6
ca60a58e-1c00-3cab-b2fc-37f627fc3394,7fdffaa8-9ba1-3785-8fbc-33c59e94497b,42.742751,-71.178588,75
b34add8d-934e-3cae-a51e-2b3a0f190caa,404561f7-7d54-3521-84db-bd836275fa9f,42.42938,-71.058706,117
110325dd-a10f-3d2a-930d-f2cefd676fe0,9d73e9e1-4826-3ee7-bef6-717056636ceb,42.376043,-71.11868,38
3f08eed5-4e59-3721-84af-7945785a5b82,c7aeb7a2-215e-3825-bcb6-02267c7e82f6,42.388921,-71.24226800000001,114
4984a76c-bd84-3932-a883-5ec168ed923c,1ff3f88c-3e37-3a4d-9f9e-41c97cc2354a,42.064731,-72.653477,278
b6a26a2b-e190-32d3-9b2d-9ff702576375,0d6269d7-d51a-3bf5-ba28-ad4090e2a88f,42.241557,-71.082432,44
a3cbc860-331c-3323-a4fd-ce570b120b03,5805bacf-66e9-364d-929d-8a43c454420c,42.323853,-71.142003,52
849e5184-4e60-3a9c-bec7-e7306a695527,bf7a1f3f-2d9b-329d-ba36-b89628abd8f5,42.474862,-70.96218499999999,24
cad54b7f-ffbd-35ca-ac13-439c1e169780,5f3a820c-2d15-32cf-85d7-b7dbf71cf3c9,41.56651,-70.958229,45
9916cbd5-0a89-3ab5-a142-62253fd39d9e,db6b935d-f8bb-3512-9871-143284ce464c,42.205062,-70.74297800000001,54
98b3177e-5ce6-344a-a169-36b2a5e29b66,58911022-7e7b-3ac3-a569-a6ea5578cb39,42.418722,-71.163912,126
4b66570d-fb40-30e9-bbe5-26efe96e9185,11dca0c5-67e2-3a4b-b818-7e534a4cd890,42.323853,-71.142003,181
80b81f3e-d8c9-3e17-8f60-4101a983892e,c49a0fc3-4ae6-38fe-ac3d-aa6e9cfe9899,42.323853,-71.142003,40
af81640f-247c-33b8-9995-7406d1f3b71b,86827dbd-3582-3fdc-8eb9-13f6b428d228,42.284767,-71.714228,244
205c3164-c7d6-3fde-9a30-adedfccb8988,f5364bba-190d-3067-8dd2-67bffb6c5f56,41.647227,-70.249978,150
38a0dc4c-7941-3441-a442-e98206b9a1cb,44390bbe-d8d0-36e5-8d8d-b68aaa208b56,42.307905,-71.436196,113
99a5a0a9-597b-3d2c-a774-84784de43452,2a72671f-f4c3-3260-9593-da40473f9afe,41.734214,-70.430683,88
f215d82a-a504-3d3c-9429-f68214f66a55,066ef32e-eae6-34a5-8968-0de987db6a15,42.33196,-71.020173,98
e29b6e4e-60e0-3995-8e12-579bdba4d044,75e7eec1-652c-3e70-b381-df743403a7a8,41.897892,-70.62403,55
0b1ea618-9753-3f09-98b1-31e3858f7697,ecdc917d-a909-3a96-81b7-d6463b45afa5,42.175668,-72.572257,174
402fc463-2e48-3316-b1ae-c49550f2a285,9ad15150-45c8-316c-8a48-4028fe09b338,42.423844,-71.10923100000001,163
11cd14ef-0bbd-31bc-aa01-145c330407a2,efb7289e-5b25-3eb1-a837-584a5dd5f5b8,42.360502,-71.303433,158
ba8a88ff-2307-3f1b-ac25-83fbeaf4e9e3,8803abc5-0a80-387a-8940-c55df4af1696,42.61176,-71.565269,43
b3634d8b-b9d6-3dcc-8fa6-291f0e5ef0f3,f5ad3535-8419-39b9-9421-0ee7bc3b26b2,42.123007,-71.53140400000001,210
fbb43178-fdad-309c-94af-1fda31ebc4c8,85b93cf6-c5f2-3049-bf37-0f7bd8b4fb10,42.187364,-71.195971,93
18f1b200-efea-3378-b68f-e9f9f1fb7508,6f8ad572-8023-3796-8582-e3ebc6113fb7,42.535931,-71.490569,455
6db1463b-dafc-3a67-aaa7-ba4b00ce2d3d,2d5e2cbc-95db-3528-aa20-b378686144a2,42.585541,-71.44025,220
0d9918cf-bf50-399b-96c4-d040db9e4fa8,1ba1db44-8800-306d-abea-7e29954a65aa,42.052671,-71.356858,122
80cac73f-ab8e-3e72-9f09-c6a4b2319744,6e3af015-b415-3e29-a9b6-42206feaa2c8,42.455723,-71.05901899999999,152
ad27a337-9485-32f5-999b-b53b67857d29,3fc6ac81-4751-300e-86de-4568318e4cdf,42.331876,-71.208402,82
c0d45de0-e4ca-3eda-9e04-02dbe7b22afd,cae39e80-0c7f-35be-bfe9-1793d2905abc,42.474208,-71.097665,92
1a405e65-a36a-3d11-bdf9-8c784a74e057,ae4a7e33-3d01-3494-9465-28d1f847ebd3,42.017302,-71.21641,159
735a780f-defd-340b-a07c-fc656fd1bc17,dc34b00a-ed8c-3c95-9286-8612fa377810,42.224319,-70.880673,88
8c1c9858-ea15-35ff-bb2a-247a4a9c7a1c,9a29c81a-8036-3cab-a1a9-bcc489911c38,42.452752,-71.144319,35
90158534-bc28-3026-9540-c81adc1ded71,e04fe0dc-e319-3833-9c46-707f2abf9669,41.7132,-70.485737,99
c1642551-f071-351c-804e-0723ba6a4b81,85451f3c-02a4-34c4-9223-ba726d3bba5a,41.662727,-70.357208,148
9c088233-5f7a-37a7-b6f8-cb444948414f,41ac57c1-38f4-3b47-aa49-bacf3180b8df,42.656952,-70.60463,95
598231a0-1ecb-32a3-9584-9c15ae90f0d8,61799595-d67f-3cd5-926f-b753002acebd,42.556659,-70.84496,47
8bf78f65-42c5-3ebf-aa16-e54dc3fdb12c,2d2fa7ad-0824-3ced-9dd3-804c1024bf91,42.331876,-71.208402,38
9fa5a099-a562-3bad-b847-70f359af4bad,619ed134-e733-3eeb-8690-1f5e7be6042e,42.376043,-71.11868,52
51ff7cd7-15da-388b-b873-56442d5d1f57,124dc16c-7456-33df-8231-852ada43be15,42.597055,-71.3697,121
58362f58-ccaa-35d4-993f-65116652367c,3ad44914-0d76-3fe5-a307-dcfd45d2b957,41.834412,-70.957166,174
99e6ca68-0a67-39be-9ecc-05e484d64ddd,d89a8f94-0755-3988-a0d4-64bb37fd705c,42.609509,-72.74698000000002,112
5e96620d-9b17-3c63-ace6-d5c97bf69949,9b61eeb6-2970-3ff9-8bce-bdf1cb23781f,42.452752,-71.144319,130
f76b6be7-637c-38ca-999c-b38c65914054,984fe9f6-06e9-3d7f-826d-c9ee0b3755d0,42.63898,-71.321141,255
ef8b068b-56e5-38b3-bb6c-46113f7a25a7,42b37ebb-560c-34e2-a166-ef4e03ca0522,42.455723,-71.05901899999999,145
32195f8f-d9ff-30fa-aa0d-d847b6d275ca,fa2fddb2-58af-3e52-b9b0-e42c35bfe84a,42.439941,-71.601879,59
5e5a2669-11f6-3b29-8e18-9ee67ff7cdaa,a6a2fda6-cdcb-33d5-9438-b73c1bc83c3d,41.7132,-70.485737,66
4bc8d21b-3ac0-35e4-a0dc-4e711b466f0e,122f0348-0144-39ca-a07c-e753c7a6dba2,41.839798,-71.31804699999999,118
e6073b6a-c1ef-3f75-a6d6-bd0bb8d646fb,c7b763e8-052d-3730-b00d-dec9a948c4cf,42.50436,-71.064061,62
02618dd0-b8d4-3357-87d0-a2975973d12a,c222a03a-69dc-33f5-a5ca-aab8174e6525,42.395317,-71.180284,72
c803b312-6dde-32aa-a7aa-767480d26a47,42b121dc-0634-3067-9e79-465562a2b74e,42.656952,-70.60463,134
2eee93fa-cf84-36ce-ba16-09ebc0e7b0e4,502dd65a-e826-3bca-89bb-448b81ddbc15,42.140346,-70.997861,700
118272d8-77c0-3c86-81ad-469195015dff,3e3a5594-7f8f-3ebb-9bd0-8b63d69a822e,42.206676,-70.94584499999998,84
a5b3a3fa-f5bc-314d-a447-008d5f0cc494,fd7e071a-f849-3bab-9e17-cba7ab618780,41.70692,-70.221117,151
2a30c947-a1b9-3f05-b404-bafb5f2a6a29,b086a64a-e56f-3838-91c6-4cbdccf1a1b3,42.360427,-71.361099,46
1230943e-95f9-38a1-897a-a078cad4b6d4,3268c752-41d7-3633-8e13-e6a44469cb00,41.661363,-70.812024,94
39ec8d15-4cdd-3e15-9471-723b376354cb,ef9a7283-0fe1-30e9-85ba-075cdd70d21d,42.064731,-72.653477,221
cb5a65b4-6e72-3b81-a020-c82a4f596325,cd1de71e-98d1-3cba-8fd2-2b20331ff03f,41.661303,-70.937913,192
f5042358-477e-3fc0-86a4-209083faba1e,b99591b9-4e95-368c-a797-58d9adc97ac6,42.246872,-71.179462,86
4abb41e2-2f25-3f72-8efe-eee2ccef348e,f56e2e77-f6cc-3041-9968-efae88afff7d,42.556659,-70.84496,34
1b6620d0-94dc-3bc5-8bb8-836fd8cdcb74,4471b385-a75d-35a1-838a-30a0909de267,42.626223,-70.85723,358
083ce253-1c26-350b-9962-795b36cedbb6,3a8fa4ca-d3b1-3e18-8ea7-f00375ef6cae,42.388921,-71.24226800000001,205
7407d30f-e459-327b-a294-921257c9d26c,8d004a05-5391-3e80-82a9-d51d28ccc405,42.675551,-73.11810899999999,74
c9aa079f-8f90-31f1-943e-a4256cc810f7,0754a3e7-2228-39c5-a5b2-5f1a8e1681db,42.648044,-71.161751,38
48905126-be27-38e8-91bf-98fa19300990,e3ed789e-462f-3e75-9852-0aaad71aee63,42.349617,-71.547214,31
0348d644-9dae-307b-a0f4-6ed722306dc5,d14619f6-09e0-34fd-b0d7-8fe33efe69c8,42.187364,-71.195971,35
91a9064e-2f40-36c7-abc1-23d39c918405,daad70f0-5913-38ff-af69-3e160a44b949,42.679723,-71.30068,322
500599c5-39d7-308d-8c1e-83611c37a74c,bab94f3b-9a56-3c60-b0dd-8929cdf06b53,41.931653,-71.294503,45
04175181-6c90-35ad-aefc-352e6e2e4662,7d6d69ac-5aea-3c5f-8216-f32b5eaace5c,42.146286,-71.255604,63
67959d85-8466-3095-91b9-beaecec30415,5a3f6cb5-f5c1-3fb7-b905-373c057c3e50,42.084858,-71.41057099999998,61
4eef19f8-6a79-3c61-86ed-8727af2f3b08,ca0fa05e-2347-30b2-b251-b2e7cd77fda1,42.535183,-71.105423,64
7754da3f-21f9-3a64-a231-f61b98cbcda6,01c02123-5d0f-3ef4-ae1c-cc91518f729a,42.405938,-71.054649,177
4a8ad208-9dfb-3028-8277-6ff4d8a5e251,159f077a-8598-357d-99e1-0b32412cd0fd,42.241557,-71.082432,163
9103850b-a001-39d4-838c-2d136189d92e,d66e6187-fdbe-3177-8c49-263188954452,42.206676,-70.94584499999998,57
5fb365c4-eacd-3f65-a9f4-875b8f3a8a2f,ed3977f3-b6cd-3ff9-8a37-4e2c299b52d8,42.205416,-71.00216800000003,63
cfacace1-68be-3a9a-b5b9-d118187a3d8e,07a51772-6382-3b4c-a26f-98eea54008f6,42.281593,-71.242414,61
935acb8a-259a-33dc-99fa-8780ff96bfb8,9e3dbdc0-b9c2-301e-845a-bbfe1c67c304,42.648044,-71.161751,67
83ff5dc4-9615-3aba-8c56-0c7b79b85fef,e9713fb1-1e6d-331e-8a3c-4cd83db9fb08,42.125451,-72.649734,65
c817bb6c-5dd5-3253-9434-0d1018450e93,8f8511a3-705e-341a-b7b8-b536f9fb376f,42.452752,-71.144319,115
8f99d214-25c3-36ba-ac35-18d06dee2b3c,172cefe1-0b02-3fb2-aa53-ca61cdaec115,41.633619,-70.871306,143
270c533e-7a2a-3019-a3a0-51e79637615b,b9dd3b5e-1247-345c-a155-791443c5b6c6,42.376043,-71.11868,108
97cd9538-7de7-3bbc-b499-0f426d671df8,0bed4337-f9ce-37a0-a677-7b9c7d05e65d,42.256208,-72.58103,133
1ee282f8-94f5-32ce-89f3-1ec4d9f982bc,36ed10a2-6bfb-32fb-8426-eba5689a5f28,42.261006,-71.008988,25
ce81b771-5e30-3292-8e6c-2ecabd6f16f4,866f38cd-af49-36c2-a073-ee031c7609cd,42.535183,-71.105423,202
99079ceb-3776-35af-aaff-7999bdf85cc3,9354142e-d6cf-306e-be46-9db82a1942a7,42.30539,-71.28366899999997,142
e5c608da-654c-3993-9b3f-c57c90bab7d1,7ac7519f-7a1f-3812-83e3-9fc1a6723e3b,42.082543,-71.024638,68
79ba721c-ac33-39a2-a244-9ee8a3961ca7,a6f376c9-4d26-3791-8c25-fd10c3ef9245,42.376043,-71.11868,55
ea48c45c-9cc1-3f1e-aa67-263b53f93e76,ac69a419-e1e3-3db7-966e-608ad8e4dc4b,42.269478,-71.807783,5
34dde58d-885d-36e0-9f6a-09ffc38557ed,f7abeb22-2b95-34af-9439-27b8ea1cae83,42.445222,-71.23001500000001,67
48f6378a-9faf-35ec-87bd-56b5fe6a655b,0a1eb679-4d4c-3352-a997-70ae4574ddb4,42.462911,-71.364496,48
f23122a2-0de7-31a2-a304-5bd8577807ac,d7951884-93b0-3a1c-b974-ae7f4f5efaa7,42.175668,-72.572257,341
99b1a924-1f58-39a4-a7f8-a923aea1c49d,d94c9186-7bed-3d24-88a2-d5bc92d92737,42.376043,-71.11868,116
f5030c81-1dfe-3f0f-b7be-d485b23af31d,bdfb91b5-a041-3e99-99ae-3042ff8c11ba,41.747513,-70.066223,35
ca336456-cdb2-3167-881f-660929f9a4a4,405c1042-e54b-3ff3-a5f8-d6a0dcf03518,42.198708,-71.846006,187
6e754322-dcc9-3b61-a51a-5b401e575803,219df2c0-8053-3273-8292-56b5659e31b1,42.224319,-70.880673,12
dd7469b1-2358-31cf-ab2d-1f614d6fb849,114457d2-dcae-3d16-9ac5-2d6c878e82ba,42.851284,-70.955837,129
5a1b7432-6d6a-3606-8d71-e22065bbe677,a0541bbb-46e8-3293-9d1d-08246756db63,42.390445,-71.101033,110
aab36515-bf88-32bd-8c2a-d33ab76605ff,0c1e0f20-5940-3d5f-9347-69c88bebd116,42.269478,-71.807783,123
1b63f2d1-2f51-35f2-8cb0-5ec48836d110,830037f6-93ec-346b-b051-87d94c39dae9,42.269478,-71.807783,31
d37b0973-ead6-3313-a0dc-2dc3eaaa48ad,828ab051-b557-3813-aae6-1a80fd4c1d30,42.673909,-71.091334,73
28b49760-5e46-386f-81d0-f50bd2d04be7,2afa55ee-ae98-3419-b872-0b82ce782393,42.305932,-71.282917,15
1639a06a-0807-3d03-a24e-d7d0e46f52b7,f0736136-c454-3785-855e-902861306c90,42.597055,-71.3697,108
4fdd5ffe-93b5-347f-884e-cd2b496f6992,f178140b-e29d-39c6-bca4-c961e77acde2,42.360427,-71.361099,72
b61ecb49-71c7-356d-8731-de940e47c289,ad9db4c9-4722-3c71-8fb3-cc3f3af057b1,42.488769,-71.154438,18
1707fd1f-1eb1-3299-9a18-5223661f8f29,db6c9e2a-949f-3ccb-87fd-a2eeb0bdf5f1,42.683108,-71.01833,167
d7d7b69d-30c9-3884-b523-7a2498d07d07,42eff9fe-a834-387e-a063-4c5a5ca30ee5,42.338551,-71.018253,45
db44ff9e-3648-3d64-8bef-ba3ebc34f46d,c4728462-561c-3d54-aade-309236aa8495,42.323853,-71.142003,143
223a66ad-c612-333e-83dc-7e70f7a53205,09970bfe-ef0f-3c7d-a71a-74e42a8d7e70,42.534279,-70.969782,100
718bae67-e4f8-3e6b-8e0c-c10b85d908aa,7a88db40-6c11-3652-b00d-51f466934ef7,42.395317,-71.180284,43
24ba47ed-47f5-3892-8ea8-02e276c952d8,7278633d-ddbc-3987-826f-6be9e96303e4,42.574174,-70.95051600000001,24
dc80bcae-05db-3d34-8bc0-27ad4f35d29f,dfb1ef71-cbff-3be9-94c8-0e0e0a70c284,42.307905,-71.436196,79
690b6e64-b3d9-3ad4-9369-d246e9e08093,650d7638-4e89-3d04-bd42-c651ab3c81a4,42.082543,-71.024638,30
b1ddc10b-5c7a-353f-ae4f-37544e2b629e,c7d7c1c3-4bf9-3a1c-90a3-ff1c748e6a88,42.488769,-71.154438,93
bee0fa0e-dd90-3391-b69a-0c60b6ce501c,0845aff6-90c5-3cf6-9f52-73557e9979c8,42.338551,-71.018253,75
d7fd1abb-e6c5-3ff8-a154-9d06779d8168,f5259ffd-9acb-3311-992a-a3cfea7195e3,42.503227,-71.201713,121
5a29363a-cf03-3f58-a075-6d8ca05e8b4c,82345720-9dae-3fb1-831e-71305f2cd38f,42.376043,-71.11868,43
0f166424-4236-3b2e-b314-bc5704f3534c,868dafa6-7955-3f40-a3bc-1380942fb9a6,42.418722,-71.163912,51
eab89515-0fd6-3710-9008-85dc108861b0,b76d86f7-5e55-3d50-b910-2491c1a39d6a,42.205062,-70.74297800000001,35
483e0a76-6d66-373e-964b-602da2af3430,90dd3724-98b1-3b27-8543-515b1e039e98,42.269478,-71.807783,67
743a2411-d743-33ce-af97-4789a7b91095,2d2c6145-767c-3b49-8dcc-fa3298d1cd67,42.597055,-71.3697,237
016b4f1f-3e60-336f-a927-d1dff16f45fd,db6e0cea-70b9-3cab-b8fe-1bd1b4b649c3,42.421005,-70.99036,219
d7693d47-b1d2-3ac6-a1ee-b2cb3002ac00,37be5852-3585-355e-8219-e3618f24dfd5,42.534279,-70.969782,66
65f73d06-0911-3620-8c15-6ffba0469045,bfc315bf-0b95-3a8d-b1b0-94ffdf55c58e,41.646686,-70.999158,100
93dd363d-3ea1-359b-90d4-08d9af3aa8d3,f8b6079e-fd68-3058-bd49-46dbba220a3b,41.594939,-70.599243,74
a75060b3-907d-3335-81c2-7a7093aac89f,2898db6a-62da-399d-b1fe-ecca7d2bc1f8,42.782945,-71.087436,32
cf434a99-c001-33d8-9330-393f07bd8c95,928b8862-119d-3482-a6a5-d8b4df7abde7,42.331876,-71.208402,85
d2129f39-2a8f-3e6c-9c28-434b4dfffc41,188537ad-f726-37c2-bcb1-b91c39d40de3,42.047565000000006,-72.57113000000001,392
22b936fd-806e-346e-9ba4-d698e8a8c1dc,52128369-a1f9-31e7-91dd-3072d102d792,42.63898,-71.321141,145
8fcc15a8-2fe4-3941-b798-071ccfffcf13,5f6d0067-17cb-3327-9690-86f6f6bbdc3e,41.758163,-71.21418100000001,160
5fe9a744-1b85-332a-858a-b05ffadfb390,f0f10d00-33fe-3e9b-b00c-48574f6b874a,42.445222,-71.23001500000001,28
b32b8f8c-9408-30b7-a757-6db466b1d653,737ae7be-959b-3c7f-b998-de3c90996c38,42.405938,-71.054649,202
1eb66fdd-4434-3895-af5a-d27fb05e43a9,2269bc9e-cade-3aaa-a2e5-fbd322cd2ad0,42.375541,-70.970646,134
0f2b4baa-bf4f-3c23-9373-899cd64eed33,fd47cf46-1315-35a2-aede-bf7c8b900145,42.488769,-71.154438,103
54165905-b6bc-3b5c-9254-1adfea5e3a88,026ac617-d544-3fa1-bdb8-7edfdf503b1a,42.355801,-71.862574,116
dc314f0f-1119-38b5-84e6-e8f4ce3f9962,99b48a5d-5659-30c3-883c-56f603e6f196,42.851284,-70.955837,144
cd1fcc95-6570-3a4d-ac59-453e3ad12636,37a78ec3-505f-361f-b6fa-aaafed77cd01,42.679723,-71.30068,77
c0923887-54da-3bf4-9388-e6dc58ca94cf,5bb5a253-d554-333b-b92f-2baa527fa548,42.115454,-72.539978,56
82cc2372-8059-3a4e-b98f-ff54738b48e9,945768aa-2200-3476-b042-993a9df74c65,42.231947,-71.372963,462
48941dd6-e783-39ba-bd29-a89540560bbb,74818344-d9f5-32ad-b922-8527e2e5dfda,42.184599,-71.305307,58
cae28390-60e2-3395-8386-e0c79bc416b9,dce6ce7f-7e6e-3035-aaad-46379b6d0bf0,42.211656,-72.642448,145
0d8cdb19-a308-36c2-91a7-d1309b06506b,f7a9cc0e-5ad4-394b-8179-3ea3dd11df9d,42.323853,-71.142003,44
39114bb2-024b-3c28-82e9-0c6e52c5a86b,48baff70-a0a9-37e8-bbbe-8b4f627def5f,42.363534,-72.50729100000001,46
e0f28a2c-961e-358f-90db-e24bd24ecdf0,00b14d27-ca1c-33b6-ab79-b636bf184d1a,42.09387,-71.544519,137
1a59ad6b-86a1-3e14-9286-f219b417ba21,8aca2cb8-800c-3bac-9a11-fc1c9899e0fc,42.246872,-71.179462,152
ebed29bf-122c-36e4-9357-820029e649c1,08a94aac-7e11-3a09-a3e4-c2869ee66eee,41.57072,-70.556682,212
cc41c3d6-3c25-36e1-ab91-79a1f656306a,20763d7c-e939-3957-9426-5b8ef94fb409,42.323853,-71.142003,85
a9e5b548-1fee-36d0-991f-97005d83744c,62b0b608-98d7-399c-bc4d-ff78143e82dc,41.916805,-70.0271,191
a441a1f3-15e8-3fea-9b20-296a8e625e00,89eca556-ef39-355d-9c10-02e6eeadee93,42.376043,-71.11868,64
1a02248d-182c-331c-b70e-9b7db6296910,411735bd-f830-3011-a59f-c3f84a1f042e,42.459222,-72.216335,242
f6df533f-37ad-32fb-8ed8-83543108962c,c4972dbe-5f07-30ba-b02e-12c8d7df4e9b,42.269478,-71.807783,36
58d2bb65-e6a8-3ad5-a711-d51ffe08a074,58f5b392-6bfd-3c4a-bfd6-061e7cf396b2,42.389071,-71.545864,60
e4637052-7114-37e2-86df-8c614dc3cf95,01b15863-a685-3c50-b9f6-54ec8cd5fe02,42.158692,-71.521419,35
7b717d03-9e9b-35c8-94bb-a9631791d422,affa7e59-3e50-3559-bbbb-e8a2e89e4b7b,42.164569,-70.818844,69
2599b082-54f3-3468-89dc-2b04ebe54b8f,f022c152-0035-385a-bf96-307024125878,42.323853,-71.142003,105
79748986-7ef7-3805-ab7b-430160b9c334,8a31a7a3-30cb-3cd9-8baa-025cae6f4e4c,42.108463,-71.185182,29
c604d39e-e578-35bf-9534-50602224cde2,5bcf4dea-3588-358d-8649-95f775a9d440,42.369451,-71.177925,178
6523de04-7ccc-378f-a6f0-a08d6a96a45c,752c9a64-7f1d-3b8c-8e49-89cca13b3b9f,42.673909,-71.091334,23
8ffc4873-2948-3a1d-80e7-62cf876cd324,ff5d5c5b-c000-3466-9693-86a0460f6d82,42.376043,-71.11868,108
8424caab-b9f9-36e5-8c74-649c48afdf69,d9db4afb-7e45-3b04-871b-9d55a318ea88,42.183577,-72.457812,201
eb764a50-93ee-3754-ba00-76c902f20cef,3fa9a0ff-345f-35ee-a2bd-97afb93423c0,42.597055,-71.3697,152
cd968494-587b-3cc2-976e-69eb5207534b,10d84729-47a2-3992-8d3c-cabe300c8eb6,42.115454,-72.539978,152
78e4dc32-9f20-39dc-b4c2-791f7a4eded7,359e389c-56a9-3207-8a8a-b4876a4bfeb6,41.903324,-71.094987,25
bb70ee56-7d26-3b5c-a494-a3ebdf3f5a98,9d958afb-18a5-3976-80f6-fa3ccfbe3432,42.504256,-71.588513,152
77f346ac-bf1a-38cf-9001-1e2e4ef5984d,a30bb886-a567-3d82-a3ab-8bf1f45bc55a,42.504256,-71.588513,37
c00e5573-2359-3307-8142-3f7d204e0eb8,437d6bdc-a404-373e-82bf-d96ada8685fa,42.675551,-73.11810899999999,30
a3748ff3-f600-3f42-9182-47f840dcc82d,2a02cf03-5b22-30df-aae4-33f12583be21,42.082543,-71.024638,154
8f145aa1-c3fe-3547-a4f6-40954e70c22e,dc06cdaf-5f20-387c-924b-d1af9780e15b,42.363534,-72.50729100000001,31
2cd36579-a288-3285-91cf-bf9b7f162ef1,82bcfece-3847-3e63-a546-9220864cbf2c,42.323853,-71.142003,91
8d1e1f45-00a4-36ab-a6ae-bcec34fb240d,4b74b5b9-b645-3f1b-a613-3d8c1fada332,42.360502,-71.303433,156
ac1590ab-0559-37af-a050-3dfe8c6b5f7f,e66dfa0a-99cf-38bc-a2f9-fec2eb84a195,42.261006,-71.008988,52
6c9060e3-c2aa-3d89-a907-a851460aaee4,27a44976-5577-32f4-be7c-0bc97487b7a6,42.047565000000006,-72.57113000000001,205
49ee5cac-58c9-3a0d-8e2d-e1c9256e04f2,8747120d-78fa-3d5d-987e-bdd9674e63c6,42.462911,-71.364496,87
ba176152-7f64-3e12-b06f-95619a6d9287,e268d966-c51d-355b-90a3-edf1748d0b67,42.556659,-70.84496,89
65a01502-7063-3264-aff9-b6fb885516ce,7427f59e-0268-3e23-a1f9-30d732eb3a68,42.462911,-71.364496,45
cbad9582-0368-3779-bdf9-48ec5162c21e,27fe2736-8b86-385a-8120-e5b179493df7,42.33196,-71.020173,45
a2750f61-e5a9-3962-8956-2573f0e3bb15,cd488a71-266c-3967-9bfd-7fffc77b5dc7,42.770406,-70.872417,221
54bb5885-0642-35f1-b0fc-3d3129b5a9d0,28f04c66-b641-32bc-b5bb-44aa61cfb9eb,42.33196,-71.020173,74
1d98b534-4f23-38a1-8a2a-b047c844ef48,10ea2025-d6eb-357a-96d2-1359bdff79e6,42.742751,-71.178588,56
1534a433-3c83-3478-acfa-f7f6aa97b1d0,223bac2e-df65-32f8-ab52-a8b064c00f15,41.579794,-71.081822,182
1767aed2-cd27-3298-bd95-cf156e3ca37b,2b86fb56-c59b-3b8e-baf0-f01e117777e9,41.594939,-70.599243,43
270515f5-f78f-3413-aa29-b60ad679f703,c9c9bbf0-c1c0-30fe-94d3-a908a24ebb48,42.039991,-71.53240600000001,357
1f5577c8-ea16-3a6b-a2ec-eaf94dfc3fe3,9b85cf38-ccfb-36f8-82d9-3aab7a24ac0b,42.395317,-71.180284,88
124c13b3-95fd-3d9d-a1a4-561baeb04959,3a5d5eab-0fa4-3ffc-8877-d88e78fac7d3,42.695981,-70.83564799999999,39
5773b45d-e79b-3f31-a636-0432b3a03bd6,eac6460e-a50f-3846-b343-f6908a7e90b4,42.675551,-73.11810899999999,81
e6a95c7b-224f-356a-8ec2-82831dd5aa20,f341b9d9-cd82-3510-b4f2-06d2f46d3455,42.256691,-72.158169,325
8ba0c2e2-a5e9-3727-a053-e28137d0314c,4fc15b92-8d23-34f9-80f5-010f1c0e1bdf,42.331876,-71.208402,37
8f79aa44-4dbe-3bfb-8547-9a34bae6feb5,b79002b5-8d21-3ec3-a6dd-194140d1aa0d,42.452752,-71.144319,82
9539db17-0e71-3e30-be46-c4212835eeda,b8dc71b2-c5bb-3a22-845d-ec6053397e1a,42.474862,-70.96218499999999,32
62482129-6f39-3e82-a5c1-951e2bdda706,78fdac6c-2d81-3ec5-a4ee-c17b22988a32,42.770406,-70.872417,177
6f276bde-5666-3144-87f4-2b5cf5055ee8,f9d47b3e-ff35-3557-b526-2130d704dc42,42.064731,-72.653477,87
29d7e4cd-0bd8-36c9-b4f9-1450f49e2f47,9e8bb343-5589-3b67-a99a-abfb8f771cd0,42.327044,-72.67463000000001,101
98afbb4f-a4a9-3fd5-8adb-7b384e4994f3,5ff7960c-f292-3861-87a4-7eb8095bfed1,42.679723,-71.30068,166
02372bba-be4e-36c3-87b1-6fa3b20bc25f,5e7e506f-1a50-373e-9885-d7343b436273,42.206676,-70.94584499999998,182
44be3529-4974-3b89-a14d-31b21e7cf81f,57af70ba-946b-3109-89a8-82481c300705,42.238427,-71.91234,1883
1241c1d0-185c-324e-845c-cb209930c920,b62ec063-db18-3670-97d2-417affeaf1d6,42.284822,-71.348811,130
e0b140c9-260a-3bf1-94fa-ccb07591d0f7,0bac2d2f-e91f-343e-89c6-c0456b974959,42.601977000000005,-71.81586999999999,214
08b65f38-97f9-360b-87eb-3e054cbd3bcc,afbcb709-9e27-302a-bfe7-b9d7e6872267,42.700273,-71.161357,29
b387ddff-33a8-3616-85ce-cc49d0adae66,c908bdbe-5dcf-3e20-9205-ac67a60428ea,42.376043,-71.11868,36
a27f5870-0d6f-3a12-98b9-7a14bc04babf,392f8025-35d4-3fde-808d-dd35e93ac76c,41.931653,-71.294503,70
e9d6249a-2863-3436-b4a0-f8e60fb0f61b,227059b2-fe7b-306a-beda-3b7ca2754b06,42.175668,-72.572257,287
8f3a81a6-fd96-33e4-b563-04026e31d9b8,a7820d57-a83d-3e6c-b174-aded52ccf3b2,41.594939,-70.599243,58
3d5c07ce-4620-3547-8a13-13c1a620a4ba,d60a2b97-57c0-3ea2-9efe-287dc8dfbf6c,42.125451,-72.649734,114
6176c15c-1fa4-362c-bf19-ca6bb93b0d4e,6dffe5a9-5380-3a07-98c8-5e9ba17bd7f6,42.421005,-70.99036,303
c6159b7c-a161-3b98-b487-53924942fe33,9f2ababd-de5b-30d5-9169-359ffb46abbd,42.375541,-70.970646,294
f62b8dac-e205-3292-b3bc-d4653790c22c,8979fc79-bab8-34ba-b7a5-016443c958c5,41.56651,-70.958229,371
892bbde2-20a6-331d-ab97-1b38aba72854,e9c676e4-d684-3ca0-bc88-fbcf12ca1db1,42.323342,-71.646236,93
5bba4595-5edf-357d-bc2d-62d6b391a71b,58448b37-5f73-3de7-b8e0-2500c6b73c97,42.082543,-71.024638,38
6186d41b-2cbc-37bb-a281-4369577bbc7f,a7eeeb8f-a542-38c0-8bca-71d9c5f7f681,42.338551,-71.018253,69
95feec54-1f25-3b7d-ab3b-dc49c4a4132b,4917759b-1f9e-3733-af09-132e8a56641a,42.275462,-72.280158,95
b4158e37-fc67-3a0c-9f23-674272dc9a75,67ca2f4d-63b0-3182-b862-ddec66ee6bf4,42.499248,-70.898204,40
0883ea4a-71c6-39fa-8171-32665d1ee4dd,08ea9944-dc3a-39c6-8d79-bdca0c94746e,41.646686,-70.999158,99
65b6c763-a192-30e9-95bb-dbe462f4c715,49217e85-301a-379f-bf39-8e7b798c8579,42.483953,-71.43849499999999,53
0a51de6a-290d-3357-a149-b8c07b1339fe,dfeef2b6-c1ee-305c-8d8c-bfda54e0fdc4,42.187364,-71.195971,62
d0cb95df-6195-3f2a-922e-60aeb192d7a6,84f83737-bab1-3db9-8753-f70b08565e92,42.331876,-71.208402,76
973ba11f-b80a-37a9-af34-6674bae53f2f,0bfbae86-ec46-33e3-8dc5-bf2f47cf563c,42.323853,-71.142003,19
9676bd10-c59f-302e-a21e-ddf1f56da8ad,6b940712-1ccc-3d2d-ba81-8e44b78406a5,41.931653,-71.294503,22
8ba822f6-a9b4-3c80-a2a5-c43c36f591ca,a55c6a21-4d97-3005-997a-872786db1344,42.673909,-71.091334,97
edd62da1-2521-37e4-81ba-6e7a9019c989,f04e56a4-1e5e-3947-954f-3d8b5cd424ac,42.331876,-71.208402,59
0fc7d2e5-ed33-3e3c-b57d-e75b3dd72863,8a68f537-6489-3f25-961b-17eae948ac37,42.499248,-70.898204,88
537d56b6-9008-3d46-9f20-4fc175e78db2,e960a4c5-58ec-3993-8fc2-2f7f4fdcf9ce,42.305932,-71.282917,54
32376312-28be-35a3-a4c2-b4c754ca327c,8f8260f0-4852-3f09-9d10-b3308a2e86e6,41.903324,-71.094987,42
e01bc948-4da3-328a-abf9-5a32e2e9c897,00ac14cd-e37c-310d-a310-e4dc0ff80f43,42.122956,-70.85631,159
365e4b3f-b1d5-3930-b3e4-b97c6f8f9cda,0f4f2051-b1f7-3e83-854a-5bff136057b4,42.395317,-71.180284,37
2bc20aee-9057-3ebf-aa0d-695292a7eede,977d8935-61d9-3e88-9c38-17f15536d65a,42.241557,-71.082432,298
8dfc6a7e-44ce-3aff-96ba-bedeb05df065,a0e3f669-d53f-3554-a7d5-144f422a342b,42.396824,-71.031348,547
6a696df9-c849-326a-815e-cfa6b862d76b,4b322499-4ab0-3811-b1a5-88d16de33995,42.468432,-71.01394599999999,164
f5edde1b-02ab-36be-b24c-17ba1bf3c9fa,7aa1bf5f-a78d-3d1b-8220-87cf6839c005,42.064731,-72.653477,59
ae28163b-85ea-30d4-bf4a-2ffe594f3d3a,519d41a1-0b82-3e6b-b4fe-6c00b050c881,42.047565000000006,-72.57113000000001,170
53bdc0b5-f9b2-3446-88b5-748e59b4a11f,de5f6395-ed2b-384a-b764-9ff5e5e6e1a7,41.839798,-71.31804699999999,211
1167e81b-ea71-3952-a1c8-56951948127d,00717240-296a-35b2-a336-8e3d9f085fce,42.323853,-71.142003,71
286a4c54-9917-3b0c-9ba1-5f4f450d116d,81d48546-7545-3eb7-9543-0be8579e6ba1,42.323853,-71.142003,43
43a53dfb-18c7-30e5-8cb7-d2c7d2e593ae,45fd49b8-43c9-32c8-a5cb-774703b4edc5,42.50436,-71.064061,67
b3863040-6ce8-3e82-af85-d153add8ccef,4a36e7c2-9c93-3475-820b-c09dbedac509,41.70692,-70.221117,99
349b90f3-8407-31b0-8065-cc4e1997fa4a,c78fd2bf-1131-389d-a75a-c5d3f7b1b8ef,42.405938,-71.054649,255
d2b18ae0-fc1b-3130-a7e5-691882ad5813,11b3bd54-31d2-3bf8-9bbb-13e721c03ccc,41.987196,-70.74194200000001,92
dfb68193-9be1-34ac-98dd-58e7edf90377,86492428-5235-3b43-8a61-ec9226d28668,42.499248,-70.898204,59
a3c15896-a0e1-3a20-b662-9b0cfdfde93b,20d66892-61a8-344c-a5ce-06ed522f6c42,42.597055,-71.3697,56
0cb51cce-2e67-3336-8199-21dbb5d76054,c701b651-52fc-3067-9f4d-ce7c5e72b95d,42.052671,-71.356858,93
9815344e-3f34-337c-9e3e-091d4fb06ec3,09b12738-8d19-3f48-bb86-1f0f0d3b5117,42.158692,-71.521419,55
12732d64-7b96-31fa-a248-7f9c695b35aa,ec000aef-606c-3d72-b54d-22248b3069f9,42.610513,-71.007118,69
246ba0a0-881a-3551-ad6e-8d441ec4a8a8,6549e15c-e37e-3877-b954-2d503c8a7e93,42.575924,-72.229618,56
7565386a-96a9-3fac-afdc-219663a51b43,5c94e977-6b9e-3627-8a71-fcc187bb9dbd,42.241557,-71.082432,141
1489698b-4e29-3d58-9a40-78868be2f374,e80228d0-1e28-39a2-b665-6596a5567c24,41.75495,-70.616158,215
68c31b80-b1f7-370c-86f5-da33c4e0cfce,3ad8f3a6-047e-3ade-8ff6-6ad9901e53d3,42.369451,-71.177925,92
de11de05-d8fe-3457-8a93-0980a034659d,759663cc-0b5e-3e2a-98b3-e239ef48af01,42.331876,-71.208402,31
b8c2d488-6417-3fc1-ac70-02c78e158f5e,415bf5aa-ea38-3685-a13c-e68fcc89b344,42.30539,-71.28366899999997,134
28ba4367-0855-3bb4-bceb-4663e4475328,bbf58fb7-10bd-3691-a136-ce8bff01a353,42.499248,-70.898204,87
fd743597-85f5-32a7-ad40-9bfcb44f1433,cd713027-3ff6-30c7-a8c8-5ffb817e3fb0,42.323853,-71.142003,78
da6d0ffb-3df0-3b4d-a0fb-f57efc8b00f8,f6f34b31-46d0-3b27-9278-9824a163b5c3,42.62885,-70.685875,8
c6c79be6-5a7f-38e6-bb75-34b7663cb085,3fe9027e-146b-34e0-a9a5-6c061465c7ba,42.62885,-70.685875,74
4fb53692-a264-32a1-aa4f-aff85c162f28,628b343f-2360-3994-ba84-1291d2a2421b,42.323853,-71.142003,40
b1e5a5a7-95f4-365a-b0ef-c797b4130240,a8f4e282-acfb-3d89-b94f-9c44af857ea0,42.156203000000005,-71.43034499999999,136
321b159f-d1fc-39e9-b467-fdb38f3fbb4d,aa045e28-f063-33e2-9dfd-a97271140c97,41.647227,-70.249978,74
3ca25927-aa7d-3957-8c41-79453d032a57,2d65194f-890e-358e-96bd-ae26070f196a,42.246872,-71.179462,110
cf122115-b410-3e1f-bda2-5f60c54b2666,04f553c5-5858-30a6-b318-f1e07a89c8bf,42.468432,-71.01394599999999,135
b46cda9f-1890-33e9-a6d0-bff1ac40e35e,b8b67095-c4ea-3eee-9b55-27e3ae911b52,42.206676,-70.94584499999998,19
99da9beb-e5b3-38da-93a3-a7d8d415e037,de5903f8-3276-375f-8488-2ac9b0fe28c7,41.930477,-71.046214,129
218b9e8c-f749-3e90-bcd3-816574c4adb0,b319d976-616a-3f5b-8ef9-8d47c51af146,42.578222,-71.084398,88
8ba09f3f-0cd1-37f9-a21f-89415bb25110,66a5cbd2-ba64-3e19-aa65-d586e702ac16,41.725351,-71.094162,69
470850ae-8b36-3706-bfa0-4f208a843d14,35a49dfd-7ce3-3ef2-bbb3-eab67a5f26c3,42.559673,-71.260947,148
fd04e223-dfe6-3dd7-a2d6-8dc021f8993d,860f29f2-5cc3-302b-b387-a8a29f3f17de,42.423844,-71.10923100000001,151
513b2da8-35ba-3849-a827-aca662e7961f,d8cd2410-bbcb-3665-98f9-6ea59a8690f4,42.369417,-71.785036,288
66848001-66ff-33e2-bff6-d775a61283ba,d7fc64a7-cbde-3199-b63c-15b4b559e0e0,42.564647,-71.164516,195
973d0136-4499-3dc2-90fd-4ecbf450d447,b19add35-ad10-304e-b25a-f71442ed4eb4,42.564647,-71.164516,52
15eabc75-6f28-33b5-91da-247ca5bf9933,349f186e-2a34-3888-b2ce-b2f6de9cdda0,42.338551,-71.018253,36
8822d344-1935-3cde-8ff0-720f218c1556,296bb552-36f1-3e49-ba6f-68f360a20fb4,42.418722,-71.163912,201
d104e8f6-3373-34ba-a88a-56ffe28f14d8,b317d440-4e62-3315-b396-cd9f72355bc5,42.27901,-72.400468,109
04aed277-92ee-3cfb-952c-4d4c01f68218,d32bd7bd-4211-34d8-a08b-b1b2b810d41b,42.63898,-71.321141,116
295fe474-fc8c-3dba-92ac-71890d271792,1e8ab91e-eace-38c4-a7fc-c2887cab6523,42.597055,-71.3697,14
1197d7f3-488d-3ca4-92ca-3520b7d2c94a,79a41d78-328b-3acc-93f5-ef362b67cb5b,42.395317,-71.180284,129
bd4f290d-df81-3dce-b009-0d91696d9d94,39245aea-583f-34a8-a898-d79be91e5f48,42.395317,-71.180284,47
f2dd2d8c-5489-375b-a6f0-d5b5d16ce449,f68874b4-37ae-3db2-8fc7-169ff029b5e3,42.495629,-70.83582,163
4f417686-72e9-37bf-b1c7-ea296d77a5b5,1c064e6a-e1a5-3124-b294-68ae3a9d6487,42.284767,-71.714228,299
ca791df8-d68a-37a3-9f3e-8465b4ae6fc5,117ab9bf-c2a0-3311-9ba3-2bd7e35783ed,41.897892,-70.62403,88
3ccc06b3-d091-39c9-a330-6c0365db572e,3bdd7318-5a9c-3ecf-ba3e-7163a602bdf4,41.579794,-71.081822,218
9d2571a7-6d70-386a-b68c-f6a856ad68db,c25d89ff-e9d0-3326-9d50-3621c666b313,42.224096,-71.54048900000001,44
4174995a-1481-3a04-b493-7ea1b64dbfb5,9cbba625-cd1c-3b19-a562-1b1ddc91674b,42.447924,-71.776045,212
a2f45735-108a-3acc-9778-2a7568de89a5,6cfa1cb7-35fc-3389-998a-06e0e8c62116,42.395317,-71.180284,9
a8c7484f-5721-3afc-acd2-e624264be8f0,d86e15fb-290b-36d8-ad51-b32ceda12b77,42.198708,-71.846006,72
e38ed39f-2b81-303c-a566-7b21d9dcb920,6fc8f100-c1c5-354c-b7f1-f1738eee1633,41.594939,-70.599243,73
b4ca8f0e-ffb2-37b7-b297-e2432f70a761,54c733e3-c0ec-3003-aaf8-0e5675ac6894,42.224096,-71.54048900000001,24
83374fd2-aac4-3a26-b587-10509eec1237,c743fa07-3f3c-3254-8182-004a0ef74700,42.376043,-71.11868,38
12eff1ec-3829-311b-8bfa-57d00ef0c1d9,c9ac997e-b091-3824-82b6-f274073087d3,42.265435,-72.670813,52
b7ee8d3f-9ab7-3668-abd4-419f8e8efcdf,2cbe9c15-f5a4-36df-ab3f-55fa63b23e18,42.115454,-72.539978,183
2204f239-ae56-3157-8b10-c5120e19c505,cd69ff8c-fdd4-3fb7-95c2-51fc3c311b02,42.812141,-70.886646,4
4d5cea85-83da-3689-a1fe-d73e452c03d0,2e2ea0f1-303e-306a-9dd3-fc5cfc219785,42.125451,-72.649734,143
28f4fb63-165b-3d67-8858-13c54e8789d3,f08274cf-f44e-359e-b07a-f460df6393cb,41.897892,-70.62403,133
9b5b1b83-cde8-3fde-b990-69a8220bd76d,6ab74476-d3dd-3f9c-b828-0819b5e368a9,42.158692,-71.521419,33
52478d8e-131b-3503-b3bf-f62189ccbbfe,e3ddbb51-193a-3ade-85c8-3c6684ea55ec,42.082543,-71.024638,108
41696e86-f7e2-385e-bd4b-e5a25d0e9c64,4a412207-48fb-3424-9ae1-b66d5ec67913,42.675551,-73.11810899999999,82
58968dd6-e459-37b2-ba7b-f97459f64d16,e2cd3124-b48d-3035-a2cc-c17e991a9dfc,42.474862,-70.96218499999999,86
49bb8685-4350-3d0a-bf13-2dbeb96e9c21,7974d54c-32a9-396f-bf43-a6a055b3a0e5,42.125451,-72.649734,55
aeda17e4-edd6-3b04-a116-d13c3bca0e9c,2c290400-0b7e-32f3-9759-0ff44c5559b8,41.841572,-69.988926,72
eabc6b24-e5bb-3add-b583-70904aa2a0a7,f58a1933-f2ef-32ab-bbd0-f49a1d13aac7,42.307905,-71.436196,24
efca5ea1-bf02-3bd6-ab87-e000e5faf0f8,6581392f-f0ae-34ae-a479-f66c20ece551,42.499295,-71.281889,110
78c56727-bba5-3b68-a6c9-a7fa05bb32e9,4b4d5880-b0ad-3246-9804-078e99f5bfa8,41.894223,-70.925689,81
4c9f6eaa-92f1-3ed4-9e4f-88ba55028828,1022db40-9516-337c-829c-5d551dd6a84c,42.211656,-72.642448,38
617f7a4b-d6c4-359e-8dfa-135168419dbf,5d6e3168-eea5-3184-a442-bf114b39f29b,42.851284,-70.955837,47
bbcaa248-cf15-3066-9e20-30bab4094ab1,371e3122-1bc6-3d09-bfaa-c9b0ce99c60f,41.834412,-70.957166,110
09c77aa8-7801-3001-9013-561c69389c87,89ecd13b-a934-313e-8942-8d7c68258066,41.725351,-71.094162,68
e00694d9-1330-3fc7-be72-58002b38df6f,f1a7c0be-ba37-3c71-8d8c-9525458eb4df,42.63898,-71.321141,85
89012fca-d93e-309f-bf42-766d67709af6,842c4f70-0e77-3c53-a535-3626a172617e,42.488769,-71.154438,32
bb1fe663-2799-3e53-9096-64077284cc0a,d8df16c5-a6e8-32e1-88cc-235f9a17b1cf,42.535183,-71.105423,50
e768c7fb-0cbe-36df-8410-4e8ad69b3dcb,549c5368-bb76-3b6d-b345-9247f29ac119,42.33196,-71.020173,70
3b2f1a5c-8adb-3548-b018-95cead4d10c6,b51c5e64-22fd-3d77-9399-476171cfbdc8,42.383367,-71.42107,22
c86431f7-f67e-3822-99a3-6945008062ac,e3e21773-000d-36cf-bafb-deede85942f3,42.455723,-71.05901899999999,72
0a2c4693-fd3a-36bf-a266-317fca485fa0,ac610a93-bfe2-3fcf-a704-1b3da48acbf6,41.594939,-70.599243,85
36aa805b-8a7f-31fb-97ad-fc30676db985,0900e0a0-828a-3dc9-980e-5c532084f3f9,42.356491,-72.568632,54
4e1703a9-9fdd-3300-a38d-f55ca21e383e,9b776579-6ffd-3e53-b545-fcea3de001b1,42.462911,-71.364496,56
ddc98d8b-4370-3ea4-99e1-7917fc09f906,c630e3ac-3fdf-32cb-9749-5dc53cbbf9c6,42.42938,-71.058706,162
3d1f8d20-4918-3701-bc72-042955103bb1,f93e59e2-c0e4-3118-a1c2-3234c6dde120,42.040515,-71.109329,1552
71782a4e-faed-38cf-9917-7550658694b7,001d000f-be37-3cf2-9339-6b613dd0117d,42.564647,-71.164516,119
6048d07f-da7a-3bfe-bc33-984cf13e8bc6,1add350f-0189-3caf-8850-8a828ea2226c,42.198708,-71.846006,213
47f28b9e-8c89-316f-90e1-cad62555d983,dfee549c-64ff-3b59-9215-0321df1cf40f,42.037278,-70.94045899999999,150
de94ff91-7265-3f27-8236-93d9d6e4a706,fe45b7c5-7658-3236-9f4e-59234293b022,42.331876,-71.208402,97
25be4975-d1de-3655-902b-ce9a581da697,73288f92-dc03-37c3-9020-b1a8ba81da0a,42.176526,-71.603588,181
35d6b233-4f72-3966-a28f-f97efccb0397,e52013c2-006c-3a0c-ae92-5fb3dd048ba0,42.27901,-72.400468,95
7d1ddee5-b8f8-3bca-8bad-4c6a7f46483b,b9b83645-4097-35d9-a73e-a613c6d8e147,42.307905,-71.436196,88
28f0532c-0fbf-3d3b-ac24-3f25dbc63053,aa729ce2-e7bf-365d-9e70-5b028bb40edc,42.499248,-70.898204,192
a1e2ddd6-f87d-3b47-942b-3736f379560b,6ecf1212-bfc6-3bfc-9868-0b7eca2d6e2f,42.021617,-71.026717,444
675afcde-72d4-3205-8cf1-f5f1e3b01abb,ecaa7797-8477-3c27-bd35-398955eb0880,41.747513,-70.066223,57
8e6bac61-35b8-37d9-b835-5c46e4d80107,6d292afa-3f27-3fa6-945e-cdce925a8062,42.369451,-71.177925,92
3a62998c-1723-3d1f-b97f-63c163494abb,a5b34470-6569-3a43-9c88-494819740db2,41.617623,-70.492713,30
d5442598-1168-33bc-835e-1cd7cc4dadd9,eadeb4fd-c28c-3933-b6d1-fc0ae5d4af2e,42.226949,-72.74158800000001,316
d43806a6-94a4-35c4-839d-bb2922948d8e,b0c10db6-0961-3327-98c1-ec76e3602c60,41.667083,-70.200793,37
09aafe84-85cf-31c6-a45e-3f3ef55fe564,a13434b8-a3c0-302c-8bb7-34c50fe8feb9,42.082543,-71.024638,18
d0fcd3ac-1e7c-3ff0-806b-ebef71437d5e,b9b970af-5b58-37c7-9bf3-8031e609bdcb,42.281593,-71.242414,88
13dcb222-e00a-31b3-9648-43e1755828bd,6909b0b6-1423-3aee-b9c9-c089fbfe26fb,42.474208,-71.097665,192
8da3449f-7c29-32f3-bf46-dc70baace8ec,b78d0530-5767-3825-876f-866e32ba27e2,42.597055,-71.3697,149
eda7c636-2e5a-3534-803c-ff51b8930906,e3ea96b6-f856-35bc-b7af-fd08ab6d085e,42.338551,-71.018253,44
55cbfb66-3cbb-3e69-bbf5-a66e064b2c8a,60ff6a54-c97b-3af7-8e7a-84df868cb747,42.183577,-72.457812,197
d04d55aa-4258-3ca2-b81e-0ed0e595c452,214935b6-3ba3-31a9-9d96-56095ee9654a,42.390445,-71.101033,192
89f512ad-8d80-3b51-bd1c-ec807e0744cc,47e04b6c-d8af-3f52-8ae6-b92a72c49bae,41.903324,-71.094987,87
012fe73e-2ddc-34ff-a20e-eac8087ccb61,0c2ebd4f-fe13-37a8-8e58-8496d000eb76,41.7132,-70.485737,86
e7167447-7871-3af2-bbd5-351eeb0976a5,a10e9636-6751-3a9d-848d-6257572cee3e,42.284822,-71.348811,64
7a984a57-c7ff-32ea-bae2-c42cc39f5eca,993d7018-68b2-3b21-84de-6813a8b2afd9,42.338551,-71.018253,44
e9534e22-6980-3c5d-ac7d-28c2024b36af,5b71ba8b-8442-3899-afb3-0a3ec7cdd492,42.338551,-71.018253,36
1c94a299-1f87-3e38-9796-d10f1ae96e9c,e3ee28a3-6512-364f-bebf-c309d3a6be37,41.633619,-70.871306,118
d51d7ddf-19f0-340c-ad3c-40b788d2d951,589dd8ac-9a74-3022-a97f-6cf26288f383,42.851284,-70.955837,48
1fb9112b-9a53-395a-b300-6cadc6a80bfc,8cb85283-8b7d-39fa-924e-61582cf6828f,42.012797,-71.336578,139
4cf9c5c4-564e-32b6-bf61-83457f4ec7fe,a6eec296-0e77-37f5-9e1a-f47a4725ad6d,42.281593,-71.242414,58
e6a4dc80-a74b-3dcd-9b85-16d803e97ef2,9f912a5b-b833-3fba-9e66-ed3f72cfccaa,42.455723,-71.05901899999999,43
effd3527-2ee9-36d6-adb5-ace5674949ef,a0ceb697-865b-34fc-b24e-fd22edc5884e,42.047075,-71.845805,122
62447b57-5abb-35bc-986f-406f47124fa7,40f010f1-83da-3593-bd0e-1b4af04b0927,42.534279,-70.969782,51
d67cc4d1-53ce-384e-b8b7-f7c719c96c85,28229c98-293f-3394-b36c-2511306abe6c,41.661363,-70.812024,62
95e44d3c-a172-38df-b0ee-1bfbe6662395,1c0908f9-695a-32d9-80d2-eac924de1b99,42.205416,-71.00216800000003,60
1b7c367d-4857-3f2f-82bb-69e78dc0ef2d,1664cb7b-ed77-3557-8605-c09ae240b13f,42.695743,-73.22211800000001,76
ed54ebe6-224a-3049-babc-45d3b34e65e8,88b48efa-fd39-3f7a-a554-3d2c84465f71,42.33196,-71.020173,68
cd1259e6-e9c5-3939-bda8-978feedca242,14a359e3-f04a-39b0-8613-5a1cb3f89e9e,42.556659,-70.84496,110
a4a339b2-e84c-353c-958a-ce5f737dff61,892ee718-0948-370e-bd42-1373bcf3f6c0,42.323853,-71.142003,106
f662da49-534b-3c7a-8799-d5f05b1da0fc,57a4f22d-ee7b-30b0-9ac7-23ab9e72cab9,42.175668,-72.572257,125
576a6154-c278-31c6-9698-a2afae325088,bee99f4b-dbff-334b-ba02-f90f8e199aca,41.601508,-70.639317,210
aa5685b2-5122-3a88-870f-714921c349d7,94d03dd2-29ee-347c-99e2-9a62181d5b10,42.452752,-71.144319,85
f754e3d9-071d-3ca5-b180-9205ab7183f8,6e4e0ab8-f77b-3ea2-9f88-c3804f9e3c20,42.62885,-70.685875,141
483d698a-16b4-3d33-92d2-62782973b7b0,b2872674-997c-30cd-862d-eeeb72a4a7bc,42.369417,-71.785036,106
e2fbe8c5-7408-385e-82d8-552473e3c8df,af697ac7-5112-3c05-9ea7-01e65d214259,42.195951,-71.45343000000001,103
c54c91ea-2d79-3ffd-9f2a-eb75c57744d4,a3b850f7-4b96-35a3-851f-9073e10671a0,42.164569,-70.818844,65
f56fb393-e98a-3402-af47-e914f5fafda4,e0eec05c-8ee7-357b-90c8-9656b914ccc8,42.468432,-71.01394599999999,161
d69bdab0-5ff9-32bf-8681-f060f9348065,41201aa8-36b4-36c6-94fa-808078c2d84c,42.376043,-71.11868,108
3533b513-ff44-3843-920a-1fff612f172d,fa340249-2990-3217-9d24-d69a3c55b349,42.609509,-72.74698000000001,75
c0ea38f1-3408-3771-8130-cae2398f7d36,08ac2a19-6348-39e4-b621-f29abe2fa5c4,41.76935,-69.969034,45
0d38ba00-e659-3866-a461-a861a408bb4c,3819de45-a3b1-384f-8d96-395fbad93934,42.488769,-71.154438,58
fe26897d-bbd6-39a1-a6d6-997b9c49ab7c,2cbcfc43-4c0e-307d-b38d-c9424197f5f2,42.356491,-72.568632,69
45735bbf-972a-3e19-a8ca-de0c6f9473de,ee1c0809-5fd0-3e71-bb98-209a7822d495,41.704066,-70.15065,130
8713cba3-6e29-3ba5-aa03-8a94f73282b9,d23c9cad-df99-3783-ae80-e1825b02d209,42.323853,-71.142003,12
dca840c0-cef6-3b70-9376-dd53c321c286,96abedd4-9708-3412-8219-79713986805d,42.483953,-71.43849499999999,11
7620340b-ede0-3626-b8fd-cdaddc410217,cf765ed5-2de8-3583-8916-b8367f5e47ac,42.122956,-70.85631,66
4a4ac60d-a4cf-3c65-b07b-0123fb4e8089,4786ed54-9ddb-3063-b578-370787aef828,42.116244,-71.329274,219
ea3e0904-99ed-3dce-8540-ceb580dab982,c187d348-3778-3298-9965-cd81fb8100a7,42.331876,-71.208402,4
be09016b-b42b-3e26-be5a-71d9b89337fa,5e0f8851-859c-31ab-974f-23faae480f71,42.455723,-71.05901899999999,132
67c1975f-552c-39e8-99b1-f8404be5f902,a30d0a34-dbbe-3bae-a6f4-fe753bdcf178,42.360502,-71.303433,15
dfd1a1cb-62b7-3b46-9309-2b52ac260956,d803a2a5-9c27-38b7-b193-4fb0749819b8,42.284822,-71.348811,59
26eaea5e-1601-34b2-9790-3f6dbf10b4f7,f7d09361-3f06-3381-881d-104239e98d7d,42.499295,-71.281889,68
0e8dc7de-0260-3408-9fa0-af882beef0f0,164d13cd-556e-3703-a210-ba21be106f2d,42.33196,-71.020173,119
61f06352-36f0-375b-a9e0-cae77249a517,edae9e47-1783-37d3-b970-b6c47325b490,42.323853,-71.142003,94
34507a99-d4c3-33ad-9c24-52b6fb277bf3,841c16ad-a4dd-3d41-8227-d8202c5699fa,41.579794,-71.081822,333
18844cc0-1a07-3064-9b74-8793c100ab34,24f54a69-3831-3f27-be74-95f2e87cc2de,42.679723,-71.30068,226
c5ca3599-c221-31e3-9244-b2c87a762453,f390073f-8d65-3e72-8ebd-fb8b465d324b,42.261006,-71.008988,83
7ffcb146-6f00-3b7b-97c5-fc1fb1b01a86,0d2d2990-b98b-3276-871c-d1a43bff6140,41.897892,-70.62403,54
5bab7210-196b-38aa-baae-a39f3271ff86,5f4a882f-d246-34cd-bab0-ff808f2ecd5d,42.578222,-71.084398,97
e55aed24-0e4f-3ca3-982b-5e0c6ce4beb4,040a0487-3bd7-3dcf-bb33-7f11abff16d4,42.246872,-71.179462,145
ba6a4114-462a-374d-b57d-99d0d487dadb,02ac6866-d3a6-34b6-b677-4ad855456cf9,42.323853,-71.142003,72
e29560cc-2e1b-3a27-9ddc-9fd9d5712792,631ef0f1-9f4b-3e15-a436-448ab97e5dc0,42.597055,-71.3697,122
ca6f2741-ebea-3dea-8352-95df1091d2ae,f2a4daeb-4bf3-303e-9d97-fbfdee750d3c,42.017302,-71.21641,137
a94b63d5-9f0f-3eef-83e2-bc958d763244,783421ae-905a-3082-ae86-cb958fffaa7c,42.782945,-71.087436,98
e148d684-6e50-3712-a5dd-cbf333d62815,246c0770-421c-3d8b-8c21-b760f2824047,42.284822,-71.348811,15
7ecd5d67-a1b6-3cf8-b309-c000ecdb02c2,66e57e95-78f4-38b9-bd2e-20fadbc2e34a,42.601977000000005,-71.81586999999999,82
45e96745-2692-3bce-842b-ebc3d6d3290d,381810b7-3f4a-3617-91d3-febf2f0f2fbd,42.535183,-71.105423,36
31084ff4-46f1-3813-a84a-e777987f730c,a36e6754-382c-3948-92a7-6c1429835714,42.369451,-71.177925,66
f4807021-4995-3181-bab2-6838e491539e,ef97dc62-756a-337b-8ad1-46bb6e8e2a5b,42.187364,-71.195971,57
f2d3239f-ad1d-3c1e-8fd3-47764bb3742b,53ece30b-27b6-3430-86e5-c8e3f1d55082,41.562579,-70.587349,175
b7184a0a-9fb3-334d-ba23-c62c6d43d553,a40c8ae2-043f-3ac3-8da0-dc75b6e7900b,42.323853,-71.142003,137
494ab328-9f10-3fbd-9c96-6366d142e4cc,9473c85d-4979-35a3-bf0f-58a99b1f8d23,41.667083,-70.200793,180
5eb2b847-ea19-3769-a337-af42a03852b8,0babcc2b-4567-33fe-aac0-cbc75fc404fc,42.205062,-70.74297800000001,164
fbd94eb9-357e-3090-9d9f-32a152f32819,a8eaffeb-659d-30e8-9dda-d30e4b3d297d,42.323853,-71.142003,28
939d3f22-6204-301f-b664-920c97ed89fc,f7b0e439-02e7-3906-adda-9cc3df2d9777,42.63898,-71.321141,37
8157aa78-548b-33eb-8b26-7050c8f45ef7,8d630e77-1bc4-386c-8f3e-2c12c286ebb4,41.661363,-70.812024,41
9ade6951-2c25-3a06-bbf5-dff97aa02c03,adb6cd00-f5e7-3c07-93bb-f88c090c6c04,41.75495,-70.616158,154
55f2f272-8afe-31b4-823c-874597fe2a46,f512d9c9-7968-3c8e-a208-4e4515ed5a57,42.10481,-72.08774,205
af7b4848-9151-361c-9387-e633f97b9ce9,fe138591-e607-3574-a5b3-f3a3ba94ba85,42.125451,-72.649734,304
5841035a-032b-3caa-a198-5c5e6bf9a8b6,e13b3283-5e8a-3431-960f-b4e78e6ec8b4,42.648044,-71.161751,53
9a9d27f5-5f50-36f4-bd01-ea7bab95abd2,443ba81a-59d6-35c8-ab98-f88f9d3a59a6,42.418722,-71.163912,91
9aa765e1-7295-37d0-b483-96d80f09d070,5005bebb-60cc-361c-87d1-d96c3d6a751b,42.178993,-71.052654,151
dcb1dbfa-2e17-38db-9bf4-b640793b2bd6,3318f35e-2b30-3a08-bc2e-94e948d8e6de,41.903324,-71.094987,29
ef900be4-7b5d-3aff-8021-65033296b740,c6afc967-7e17-3838-aae5-8174cd80f63b,42.323853,-71.142003,18
6f3292e9-433f-3c7e-abc8-9065208a73eb,8af39394-b83c-399d-b1dc-56931ecf1ed8,42.455723,-71.05901899999999,88
d07cfa24-7df4-352c-a269-69ab7853e046,4ab5506a-671d-3728-b39f-09ade78e8776,42.367858,-73.269763,137
94af9d73-1809-3d6f-b791-3b9a5d686492,825c9254-2ca4-335c-8abf-b33dc19e796c,42.375541,-70.970646,192
3b391f7c-735f-32c5-b435-4dbd80dba327,21ed1061-d809-3fa9-a1bd-bd0b1a108a41,42.42938,-71.058706,29
053f53d1-680c-352a-a9d6-30ec57a5405c,c26db369-5860-357a-ab71-7023415a401b,42.262428,-70.79888299999999,187
a6f536b6-e73f-39dd-82f8-2b958bb6deaf,26bdd6ad-b522-359b-b641-a2a74ff9ad63,42.10481,-72.08774,49
fd317836-5e92-3ec5-b062-1365e6c1689d,2f0eac5d-9b36-3530-984e-28f24e44b7cf,42.520876,-71.770611,26
f031e3dc-5671-376f-a28a-5e825b209bc2,32dd69c8-377f-3760-b969-8742d583217e,42.241557,-71.082432,144
dcbc8fa0-30a0-36da-8438-ab16d54b4da2,43ee324a-90df-3edf-a08c-e4749a110ba1,42.395317,-71.180284,60
80c77914-7226-308e-afa6-fd6ed6926174,eb1bae79-29b1-3f43-90a7-5a2ab3db3e23,42.307905,-71.436196,53
7f9a4860-232a-3eec-81a5-1795880a6e5e,fe843b89-91ba-38d8-9eb1-7ca8de595986,42.338551,-71.018253,18
bee36862-d826-304e-80c4-ac086e571877,9cd6fc0e-a9ce-3abe-b9d7-c3473ece284d,42.205416,-71.00216800000003,55
3f0bac4c-e8ac-3f60-97b3-7d880900c41d,bf24493e-af15-3c15-a7c9-f3c377b8cc24,42.62885,-70.685875,97
b33cbae2-d337-3a2a-a5dc-173c463f659e,378aa01d-387b-35b2-9802-4c04698ad498,42.455723,-71.05901899999999,22
67d6aca7-cad3-38f6-8499-656667bbdd2c,669ed757-88f1-3986-b55b-b49e1964e0e7,42.261006,-71.008988,21
4fc5a774-b34f-3fa5-b97a-d8db10333877,f7fd8ba5-ee6e-30a5-b8cd-9da08d485b8d,42.047075,-71.845805,146
90572cf0-4801-3bf1-bbd6-e327ef9ae30c,eb3d672f-1e4c-3da4-a185-d6c3af0275b0,42.556659,-70.84496,18
6e409e87-0b12-38cf-afdd-56f568f8c46f,4cc15176-e35e-330f-8b66-198ee174c65a,41.647227,-70.249978,30
4d0ebcc6-1176-347c-9ce3-d37f245e46b3,0ad49cb1-6abc-34e1-a94c-ea3050595660,42.369451,-71.177925,201
243e3b50-11b3-3330-9af6-b9de6ad2d392,2173f843-fdea-317b-bbc9-3c9f82f8d277,41.667083,-70.200793,149
c3f946ef-b676-3911-8500-b311740e18fb,2c545949-d2fa-3ced-815b-bec5407c3042,42.198708,-71.846006,66
aa2b08af-d486-3d9d-8740-e2253a58cda0,d0187e1f-95ab-37fb-8852-58389ad7f105,42.224319,-70.880673,85
de12e6af-5331-3056-95d4-d4243f5f182e,8ec3c125-a4ac-3872-9307-91817e2979e7,41.56651,-70.958229,88
e6c38ebf-454d-3db0-a9a2-b27abf3ae788,88ce3362-6546-325f-a540-1b7c93040d54,42.439941,-71.601879,53
68c5107c-ee9b-3ccb-bcc4-60eaf483d1d8,899bde3f-0ba1-3667-9f0d-5afbb78d6d83,42.445222,-71.23001500000001,47
bc3c1dce-1c4d-3d9d-b8f3-e3a5f2eb04d0,8fc48197-92c4-3868-ad3e-d177a8e0fc23,42.673909,-71.091334,69
af4d6a74-bd89-3b73-8687-391a71aca735,8383a576-10a5-37f6-9707-3c88bf1c9b9a,42.445222,-71.23001500000001,98
f9b2fa12-20f9-3837-bcc7-a3e95d19460a,55cf4059-5e57-3442-8072-cf46084b1d2e,42.578222,-71.084398,115
6dd4fa4d-03e6-38b5-b52a-4af12ddd8048,f5c2ed46-d994-33c7-bc9e-c723b8ad24a0,42.421005,-70.99036,161
7bc66ccb-05c5-39ff-b54e-f2fc514ea84c,eb622180-121c-3c39-81ec-b32d1eea719d,42.261006,-71.008988,74
5fa05ae4-7355-3a95-95a7-1469c2bcbdc1,ca5666b9-de6d-3d28-8a91-2708e3352640,42.323853,-71.142003,161
311c6fa1-44bf-35a5-829b-f3cce6f083bd,159c3f19-dc48-34d0-9e19-929a9959fcb5,41.839798,-71.31804699999999,78
96e062ff-c60c-3b45-b808-71ca98cc4d50,a2295b1f-c81f-3d81-8eec-33e1ec1a2593,41.894223,-70.925689,31
a34db4b6-338c-3165-8a21-af7af039b4dc,ee90394a-4b0a-36a5-b5a1-e35fe54d3a83,42.844794,-70.841499,182
bdd5e4de-2816-3eac-97ad-d5a956582007,61b47b41-0b19-3bc0-99d3-b58924900135,41.841572,-69.988926,98
ed54ec4c-f4f9-3ccd-8868-da482f0f44aa,a3d316af-a158-37b2-bcc6-b014ddb08fa9,42.246872,-71.179462,98
2a498435-39a7-34e8-a20c-550da1992623,1312039d-7a48-3783-bd3a-b908b870af50,42.331876,-71.208402,75
74be4aad-f167-3947-bd8b-41a3f01ee54e,aceabb62-e1a4-37da-841e-19ec59436fd2,42.474862,-70.96218499999999,94
8757ba5d-085f-3760-80de-0681b1764526,840a713f-0bad-35d2-a1b5-f5c01783c4ce,42.323853,-71.142003,53
498689c9-99e4-300c-bbe9-8d414e0aa70e,086887d6-b07a-3673-9654-b0828b06f2c7,42.205416,-71.00216800000003,114
e73cb81f-7727-3a43-aca5-12e7ea15e3af,064f3064-2914-3e8a-9965-bab663a6f4d3,42.614671,-72.597063,87
c2566525-0502-382c-86de-51f1567b4281,3558f56e-43cf-3a49-be41-889c38a31d89,42.323853,-71.142003,84
5b463551-46ed-3a37-9c86-f83683a268b8,491c89c9-1f40-32f9-acaa-737c9fd64345,42.601977000000005,-71.81586999999999,16
d43f92f8-43a6-3163-a889-cedc5c3fe736,84fe0b54-8409-3664-bc8a-0b501e1a0116,42.331876,-71.208402,50
7a4b093b-3e7f-3856-a9ce-0126dcbc6ca7,c72d4717-c134-3926-80b9-912bc591aabf,42.389071,-71.545864,68
e2aaaf53-f4c2-362f-aee3-b8b2e0e24930,52e8e01a-31f8-3c1a-bb3c-783c917e9a99,42.395317,-71.180284,49
7d355093-d968-3424-9903-faf2e671b5f4,48cc6105-501d-3dfc-bd75-05697a1d40ec,42.462911,-71.364496,54
9890310d-1ce3-3e27-94e8-883eec811333,185be925-7c80-39be-b4d8-246161e01541,42.499248,-70.898204,62
05789d21-cfa0-387f-b4a0-b630e3b3ea48,18e12f21-3c16-33c1-b493-bc35a00f713c,42.331876,-71.208402,145
d5ea035f-7b32-31d7-9d8c-60af17e09c38,a0739c15-6ea1-3c5e-9828-979a9eef50b3,42.376043,-71.11868,82
c742d5b3-da77-3965-805d-c6bfbd940d9b,3c60eaca-9a03-3f0e-881d-9717d13018d7,41.897892,-70.62403,18
8eae5fd9-afee-3215-a299-2d5bd13ecd52,5db9c918-9e4d-38bb-a94c-2c031fcb6fb0,41.718217,-70.901151,1254
ebecc386-8b02-37e1-af54-334e6f79cba7,1a109958-31dc-3cbf-9b84-9c020cdef923,42.369451,-71.177925,98
39d2a38b-1c2f-396e-bfe1-c29d7335da89,b351c698-b522-32ef-a50f-8ab5c2b8b0e2,42.584206,-71.988737,27
95b69374-3514-3653-9016-ea442c266ea1,61319efd-e5f0-3906-b925-328678f48c5b,42.474862,-70.96218499999999,108
3f1082d2-131d-3eb3-bf69-306300162ec8,8f9540b9-ccaa-35bc-bae8-0e34d856f4ff,42.323342,-71.646236,111
fadbd5c9-a5a6-3012-b424-be1fb8ddbaf7,5299f972-1486-3d32-8a58-3456066e2bdf,42.376043,-71.11868,191
9ae45b9c-d5e4-31bf-b199-e19429c4b5f9,7a4839dd-1728-3344-8a9f-40d4f1095053,42.673909,-71.091334,141
4e8113ab-c247-386c-a633-e2246f827194,2acbba3a-a8a8-3fb2-9e35-1136bab5b042,42.224319,-70.880673,107
85adcd40-83cd-359b-bcf9-306a0ba24af7,7ec9aa7a-fb94-31f3-9050-f1b6d9ddb5cf,42.284767,-71.714228,348
88d9ffa9-6085-3ca7-9d8a-dd4c199ea0d7,27570e73-7b1a-3820-a78b-5fd01e997f6a,42.614671,-72.597063,62
176f980e-00f2-3b96-91f2-28ccaf43b54b,2f707b82-d76c-3a80-9678-4b8fa4f2a665,42.376043,-71.11868,67
c73c2008-0ddf-385b-8350-118d130b9d66,8d8be980-e91c-3aa6-a10c-d2a598b6c5e7,42.125451,-72.649734,174
e9611579-adf3-3ac7-abf4-6c6c1714bb77,151d212f-8299-313f-88fb-3a7b3c6d416b,42.323853,-71.142003,109
8812486a-04c3-3a42-87e8-ed2754ca0659,dc5be6b6-9c5a-3cd2-a790-c034ae3855a7,42.63898,-71.321141,81
dc4740ff-2268-31db-a46b-c682859fcef5,e4c8ccb5-0b84-3010-a4f3-46d5d455329c,42.648044,-71.161751,183
a98b7b74-9c98-36fd-8b95-ba8951a3790f,04b0900a-2ae4-3360-b9a5-1b3eb2bdd8a2,42.371648,-72.412488,223
d3c0bc67-53f7-37aa-b3b6-e375ba542a5b,7b16a000-ec3a-3f2d-acf4-bf1d6130c39a,42.481395,-72.589793,65
3393e10e-6b41-3f1f-9c5c-9343442b8018,6fadab74-5f38-3f14-ad60-9617dab64c08,42.369451,-71.177925,75
310ba360-d5b6-3689-9800-dfc65679a3f5,aa9ec1e4-ad1e-3233-8758-9cdf784d3818,42.33196,-71.020173,177
e16a059c-e592-30ad-8a63-bad26f9df290,1323b753-623b-3177-9904-8829f1fc7ace,42.383367,-71.42107,51
62084c9d-f448-3506-bb80-21298d0efdf6,4603b6f0-4716-3e92-a154-4028ed5cfef4,42.125451,-72.649734,355
50ad6922-41e3-37cd-bb6b-51bfc4cb409e,c1414e2c-48df-3428-92a4-ac36114a2a45,41.708597,-70.031856,502
372cf124-90b4-3a24-8d96-de5804fcbef8,9be53aec-ec1e-3681-bdc9-6fe0c25ec904,42.462911,-71.364496,164
74b932f8-ae40-378e-9997-85279ae2b660,1017998c-2b8e-32b5-ab9f-098700c2092d,42.221851,-73.333044,55
7eea4557-2435-33f8-8633-a060d5028a5e,e5ec9cfd-a9f4-3ae8-bd09-387586f21eaf,42.119228,-71.67182199999999,72
772a3683-ed16-3a77-bd9f-199d57f0dbcc,6cd92968-eb86-3d27-b3cf-05a3987d2cba,42.355801,-71.862574,198
613dbb37-75fc-34e2-bd43-7ac08369bbbc,3956291a-3345-394a-9588-53b6aa6def35,42.323853,-71.142003,48
d3f20457-0640-3264-b507-d77470618a9f,09825e33-18f3-3238-b028-1047fc257abf,42.601977000000005,-71.81586999999999,151
35c33430-7981-3f5f-8fd0-e4dafe27a7ba,ca8458ed-e6c6-366e-bbe6-82dad8f6ef29,42.211656,-72.642448,144
ace2b458-b243-3c7e-8dea-8bf71adaff54,d71ace90-0787-39a4-a884-6b23118a7f11,42.395317,-71.180284,92
b46d3b56-d764-3727-afd0-3d14466968f9,0ace4c03-6649-39df-859c-d8598c2b213f,42.411887,-71.690005,104
ad0266fe-a71f-3021-9863-fe3fb4f4d207,77ce5075-fee8-333c-8505-2c32ead72e3d,42.683108,-71.01833,98
b3528e10-85ee-34d3-88d7-74062862af05,ff3a40a6-6fde-3c12-9eb1-3ebd11709ae3,42.323853,-71.142003,24
1f74b1f4-3360-3327-8f90-fe1da615e24e,dfaa68c4-d3ff-3d23-8a29-235efa0b19a4,42.50436,-71.064061,120
ccc5c64f-ad22-3799-ba82-335645a94111,63078321-b0d6-3081-ac76-f38f594256ef,42.178993,-71.052654,175
b31e6e60-778f-3573-87bb-0aa484405166,ec4b7d26-c955-38fd-91e3-5fdc08483859,42.612088,-71.227845,77
9b1ae449-f4dd-3acf-9c0c-62812b6a2c50,58fe1815-1e8a-38ed-a91a-17d4ef18c8d8,42.257755,-71.473526,509
fc1eb328-c3d6-3493-b290-20659164496e,f40a5937-6041-3d7a-a77e-f45343d7febd,42.504256,-71.588513,11
119b89f4-aa68-36f6-91a4-57a23f2cd8ea,4a003d1d-d190-372a-a5e3-8828d4f3eca7,42.597055,-71.3697,67
dcf9c1e4-9527-3976-a5c0-d5a7e279ceb4,ce64c7a5-020f-39d2-b11f-99fd46da1acc,42.047565000000006,-72.57113000000001,148
316dfea3-69dd-3afc-aa4d-983ce6cee69b,15061f9f-9c5a-36ef-b506-6881c61e5c6a,42.63898,-71.321141,72
87e62b54-c79b-3d92-8fff-a152347f3415,a900d50b-71a9-377d-9aec-3a8f84bd2de9,42.63898,-71.321141,25
6063c74d-d661-32cc-9ed5-15568ea91504,adde722b-08fd-3126-89de-266acc35aeb6,42.641379,-70.94344,66
622d1f15-b794-3787-a60e-b2a6517176dc,53d1f084-05d5-3817-aa74-0310984f43f4,42.084858,-71.41057099999998,158
a68cedc3-90b0-3390-907f-0169c2670f3b,55f15a5c-f9c2-31f4-9a7f-1c5f832db6b6,42.423844,-71.10923100000001,112
058595e0-6c69-397f-9058-3e7bb2538355,e482f478-8c5b-3b33-a4a2-8c9368861673,42.261006,-71.008988,8
37cfec16-8bee-3fdb-bf87-f67dcbd02b37,33cc0874-8bc5-3233-a287-9436ac374724,42.206676,-70.94584499999998,95
a5b45240-5eac-32fe-abdb-b6c24eac33bd,4a52148e-3f36-3c19-8964-28263bf687d9,42.468059,-70.89126,129
d9e7c9b2-591e-3635-b8c4-3c00aea25546,5ca28dc1-d399-3edc-84ae-d11aa8c7ad6e,41.594939,-70.599243,3
89f408f6-204b-35b0-a824-a560eba0c4ed,64e185f8-f4e2-36ba-ac9d-d4de5632f58f,42.338551,-71.018253,51
3ffdb7b2-974b-3c33-9a01-45ddb7ce945a,22c7fd9d-aa55-3069-99d4-c15f769f87c1,42.338551,-71.018253,141
54fda9b9-d37c-305a-9bec-cffe29e0dbb1,1c9d42b8-078a-3606-bb78-f42a9040b2fe,42.782945,-71.087436,26
1ac21a9e-b4a5-3cff-819a-e001070b1654,7a76e1ca-f4ac-3220-923a-c0fa0ea2e6c4,42.367858,-73.269763,124
0b04da37-6455-3ccb-ab5c-fb2e66a39f14,cfdd8c47-ad93-3108-90d4-5acd3a787966,42.42938,-71.058706,155
2328e74e-c5a7-3974-bb6b-71eacbc2ff3b,9f1e8d45-bb02-32cc-aecb-4b0190101e35,41.931653,-71.294503,30
79c40da9-49d1-3f30-97ca-401c119cfa70,c1d216b6-3673-3609-b5c2-a7ba2e69484f,42.062378,-72.498111,147
494820fe-9a73-3dca-9b7c-5a77e29e0ee7,9e0ab3c4-6a7a-36bc-b190-7ab958f01774,42.503227,-71.201713,68
ed351903-c50e-3444-9fcd-1d4557bbf554,7c9f1afa-2088-3011-86cf-a7a34dc09c44,42.556659,-70.84496,47
3e518e64-d6fe-3018-bda5-68ef7a474815,d6285fcc-e90f-3c92-bcc2-e17bcc40935f,42.146286,-71.255604,70
58b6780b-053d-3ad4-a1b1-9b889e04b62e,7e0dbcaf-70aa-3da4-9780-5f31d0e23b6d,42.246872,-71.179462,68
9405382f-a21d-3420-8ff9-50c71d140d00,bc941f55-238d-3a11-baa5-bc2079b5cf58,42.418722,-71.163912,72
04baadc9-bd24-3c38-aa6c-75acb54ea1b6,d4a755fa-5274-3a85-94e8-ef01196afbe9,42.183577,-72.457812,373
ee1bb285-eded-39b4-8143-0594f2bd92b9,0ea7ecd8-bfa7-346b-9c59-f85cd15618bd,42.597055,-71.3697,52
856c04b5-3c3b-3a49-b6bc-d7ddf0a4c114,8b607111-30ff-3014-bf43-3a9d61993538,42.375541,-70.970646,144
5141e1b0-28f1-37c6-8fe2-d2289e135966,b2c1f8da-797d-30bc-a6ce-ecb58ec1dcf4,41.930477,-71.046214,252
48e4c056-9b74-398e-b1c2-24206b7887f6,a1bedf73-1a07-3f12-b93d-1c0aff4fdb8e,41.903324,-71.094987,149
7fe17c5e-a427-3554-b788-bf50854a84e1,7957294c-8793-322f-9d77-5d9b87d54abf,42.323853,-71.142003,125
a1d4565c-e00d-3862-838f-54f6e6552afa,252ab022-9f25-316c-b0fc-ccc5240c5a7b,42.42938,-71.058706,52
517df073-10e5-3b93-a9b1-91647503dce8,f473c8bf-89d0-37ca-9808-aa621f91bc97,42.312354,-73.388044,156
0c19a747-84ed-3087-9201-8d40dd87a642,cad09f44-4aea-35ba-8979-5c7d7a11d340,42.323853,-71.142003,51
4b71e290-3741-3e9f-a4ae-f5e063cddf05,286d4416-5342-349e-adaf-b813441d5fab,42.187364,-71.195971,11
b399e814-98fd-3538-8f82-27936a31206e,2208e9a4-b4a1-301d-acfb-a9e8ce6d4d13,42.389071,-71.545864,103
f4ae6fdb-bc72-32c3-86fa-22486c44668e,97f75470-a07d-3a24-8736-beb4921995f0,42.327044,-72.67463000000002,74
4abb472f-f361-385d-8908-cee70e3c81fd,6b854c9c-57a1-36da-a82a-7d21680f5abf,42.206676,-70.94584499999998,16
707c1b77-a18d-3bfc-bf47-d9072935c3fa,01ef8441-3845-3e44-a44d-6fb086d9c944,42.082543,-71.024638,96
62957f4e-140d-3580-a9dd-5212c17d5500,ac6eef33-a7ca-3528-94e3-ca7358a3a586,42.418722,-71.163912,45
0cf0ec61-2520-373a-a26d-176cbc20ebaf,8cd3f2d3-de14-32c6-8ca6-3c92915bc860,42.062378,-72.498111,107
786fd3e1-e2f9-3f31-abfb-393a71709ee8,aca3d40c-7504-3a35-91f6-082e42751c52,42.047565000000006,-72.57113000000001,173
f0c0efe8-081e-3bc6-8e6b-ecbe728440fa,f7d3a509-bca2-3b93-80b7-97ca6778a089,42.24188,-72.146863,530
fbe4f4df-ae97-33f7-9709-8d1d2e0571d6,eb202f89-722d-3e19-8085-e5cbfe96c5ba,42.63898,-71.321141,223
3f123820-ed56-36a2-a45e-47a4e84575d7,ea4b4b79-85fe-3b92-82ca-09d2e731c55b,42.390445,-71.101033,286
c8d49cad-c77a-3068-86ac-c52133c4cd98,e322df98-0326-3e19-b466-16721e6686e3,42.395317,-71.180284,66
22f36ca6-6604-36cf-9e96-10221ef5ae8b,b4ee442b-fc35-30bc-8be0-0a62c5d7640c,42.782945,-71.087436,33
fe252e7d-dfb4-3ed5-88cb-5e6c40c0778a,165cd7ef-c3e3-3ad0-9d30-3cc20a098cbd,42.395317,-71.180284,81
76ca89b6-d26d-3a05-9268-9f2365dc580e,d344c3ca-e7bd-3da2-81e0-f4ef43e0e4cf,42.331876,-71.208402,47
24c1f5bf-422c-383e-8d0c-1dc8053df52c,9e28776c-2cd0-3f91-a942-e0a6974c9f0e,42.173103000000005,-71.36375600000001,22
b546ed79-1afb-38df-afa8-070bed3d09a3,c03afdc3-c4da-3d00-8916-e4fde08e187c,42.63898,-71.321141,22
49c9681c-0888-367a-b779-79ee622d2c9c,df5a72fa-fb57-3a95-b115-665b3e2f0aa3,42.284767,-71.714228,250
0af28e4f-936d-3a1f-b121-c685734d129f,00c3b57c-731b-3715-a32b-bc633c42f76e,41.782888,-70.5321,55
2a785652-605a-3aa3-8b99-ad5bf0f5c3f7,c3824d8c-8e94-3f97-8fc8-31337215f727,42.323853,-71.142003,52
1f0cf193-244b-396c-a6b3-c30e530f074e,eb41a4ec-fbbe-336c-9987-cae575551845,42.246872,-71.179462,156
acae1640-2afc-30aa-836a-e892591f3c23,56481b98-5a0e-3ecb-880c-46adccf61b17,42.62885,-70.685875,147
6f652412-5094-3834-b163-27b2c918c5f0,2c8bb256-f256-3a96-8166-500370fbcbcd,42.584206,-71.988737,71
c1b0d316-88ce-39e5-b720-c71db9f69fe1,8caacd73-57a5-3f59-9873-a495a1aa6dc0,42.679723,-71.30068,203
2c63206b-a901-30dc-8967-88e3db46314b,7079c74d-901a-3992-9bd5-ef306f5d908d,42.323853,-71.142003,23
2457ceb0-ff5c-32aa-bbb0-2d9a815bbe30,b2549b86-863d-3ce9-9500-d7a55db0948b,42.455723,-71.05901899999999,64
d554ea52-6c23-3d28-bb0c-eb3e8b818edc,ac1ac88c-b00e-33b2-860c-55401c15a231,42.331876,-71.208402,94
1711614a-15a0-3127-9d47-92fdf5b033b3,c08f0bbe-b345-3a17-8b7a-cdfc9fcef2a4,42.504256,-71.588513,42
d52c2bba-fcc3-3abb-aa9d-45c10076aaa3,221170d0-1e4a-3843-8851-9e22fa209be2,41.734214,-70.430683,20
3813776f-06a6-3b35-961c-c59108631e8f,b7014371-9dc7-35d8-a0fc-18c34bb21932,42.474208,-71.097665,48
20215ed5-10b6-3e29-b588-91154b747d23,7c7a9347-af7c-306b-b1d6-22ed8a2bf626,41.7132,-70.485737,40
3b242246-0b69-36db-a6a1-b06413ba2be3,1a6f8d33-8fa8-33aa-9203-202f7c57d02b,42.082543,-71.024638,36
7f404b55-1a7a-34bc-836c-ab7b4b5f4dde,c284b6e1-c269-32e6-aeaa-880c89b20217,42.33196,-71.020173,34
643fece2-ef08-33d8-9db4-bac7fc13dc0a,14bf92bb-7bf3-351b-8bd4-c2bc05eb8932,42.360502,-71.303433,163
95e2e41f-7aa0-35a2-b91e-923b21a11539,47d8c4f0-874d-3180-b9ef-037a41f22a11,42.323853,-71.142003,158
fa850975-c365-3773-9a38-1e4d14dc1a40,9604cfb0-e35b-3b6a-a4de-c3c6efdf47eb,42.601977000000005,-71.81586999999999,198
aa435c02-8bb2-33e6-b977-58bfbf5e1472,736e46b6-b4b1-349d-b09f-234bf60df305,42.284822,-71.348811,8
c910994e-2e4f-38d2-80f0-3bec5917cf68,cbd54293-3879-3da8-9a4f-9c5d8dfafdcc,42.331876,-71.208402,71
ca3f756e-9a58-3bae-99f8-8098a6c723e2,5283c00c-bc57-307a-99ee-d1d2903e2608,42.534279,-70.969782,22
0ed146d9-21d0-366b-9270-6fbbb0ac9388,ad0153f5-e973-3689-ae26-d0ca420b53f3,42.474208,-71.097665,30
4b82c9dc-22ad-367f-ba32-d64c25039ffb,2f845cb2-d763-3e4c-b22a-3ae2322eda00,42.452752,-71.144319,207
8bf1426a-d71e-3006-9eec-c8eb5caa4067,7e16c9b9-bbfd-3394-9571-56ab9653675f,42.62885,-70.685875,24
40559df3-a2f3-3a4e-a640-97b935bcd897,5e912b42-5e81-3ad7-81e3-1dd00ab5320a,42.375541,-70.970646,39
3973e7af-01f4-3b63-88a8-063316ed557d,4086dff6-39dd-3878-ae27-9867eaea4788,42.742751,-71.178588,77
a6bf45f9-c886-3319-bd4c-3ca264263787,500ac1cd-8b69-3e9c-a449-5066f9968462,42.119228,-71.67182199999999,21
167ffc40-73c8-312b-8161-5737bc6d41a2,8780bc76-4c8b-38cd-b355-434a3d8f51ba,42.062378,-72.498111,112
71c21f35-4bf9-36e8-81c9-22c6b3235dcd,308b225d-2854-32ed-9b01-ee5fb2a8ecbf,42.423844,-71.10923100000001,36
a8f07fff-8399-3e0b-84a0-ed1830a32ff1,590b2d45-0b5a-3808-9c23-df02f87e81ae,42.33196,-71.020173,222
b6c8c78e-4601-3dda-a093-8e63ec601367,84cb4d64-8af5-3057-8d4a-59a3b3961a7b,42.269478,-71.807783,83
497aa4f7-f2de-3c7c-9d08-ae57e957d190,8b24ff48-d0f2-3b84-9f73-4dc90cd2ade1,42.452752,-71.144319,65
9f401f01-58f0-3be5-a174-8973e091250e,47daa3df-3877-3c51-916b-d6650d378c50,41.70692,-70.221117,95
94b1e031-06fd-3d2f-99cb-af715a970dad,12ace70e-91ed-35c1-a943-afb8f4976c0e,42.499248,-70.898204,50
d065f651-6c13-32b6-bcb3-2443d20296c3,9b3c647e-19a8-3017-9980-cb3c0160f3d9,42.097282,-72.05503399999998,750
fa912f28-b2d1-3d58-9515-070fe0bf77a8,2d6e5156-b21f-3503-989b-77157d8ef69a,41.661303,-70.937913,65
9c6c50d3-23d7-3ca2-8204-bc815710b6d6,6773849b-83c0-38e6-9e33-0c1ad56a22ba,42.388921,-71.24226800000001,120
a8791226-cf9c-37ec-8b8a-5d8d1b1000c9,901b8ebe-f338-3aa4-8cce-5fe855e466c2,42.047565000000006,-72.57113000000001,236
016d1f7e-afe6-3286-a7a4-2a5fcceeac7d,a9ca5601-5c6e-3d00-90bf-df4fbb005e53,42.851284,-70.955837,36
28f2afc4-0af7-3f3e-8e8b-8f29f6455d18,4ca1bde9-84f1-320d-86dc-39bf90ecdd19,42.695743,-73.22211800000001,124
6434e206-7769-3f8b-8d03-270a0874b584,a4d9807c-ee1c-3cd6-94e5-c46ffae90643,42.445222,-71.23001500000001,97
d483eb08-cd3b-3942-82e9-f1f9c48aff50,bfeae2e9-89aa-3d5d-b41b-ebf0082b09cd,42.146286,-71.255604,38
d292bafa-bcf6-34fc-855f-9b8b69325172,933a4f42-4962-335b-8576-f032b2a50ce2,42.187364,-71.195971,67
20ac6629-e887-31a1-a782-d2bd74beb7c6,35e71418-a7ea-3693-8ea3-6544d35784aa,42.205416,-71.00216800000003,120
c0174a65-321d-3ce6-8948-fa887f869ec9,fe5c8573-70c5-38bf-82f9-830c68014ed1,42.246872,-71.179462,24
59a98051-75c9-399f-91d5-ff909d758789,9d274f97-5860-3640-a985-9d831e33136e,42.474862,-70.96218499999999,116
62c9efe1-f455-35ce-b7c1-04af697b34de,e95b06ff-595e-3c87-b010-fef72ed3e357,42.183577,-72.457812,135
4761dfa4-b380-367b-ad12-c777c50fa1c9,672b797e-2e9b-395e-bde4-e5b464fe6011,42.597055,-71.3697,60
1474324c-d2b5-3d9d-8fed-8de7fed7c895,04700cca-5b7d-30d2-ab01-a817886b51e4,42.376043,-71.11868,84
b0b0fef1-1cc9-3948-bbf4-cfee0871adcf,63103d90-2e0a-3230-8b20-2a844e1ddd5c,41.931653,-71.294503,57
57a77f82-ab4c-322b-91cb-cf77bcaf1635,465e5df3-036d-3efd-ba82-e6ddf5e91949,42.42938,-71.058706,4
b91568bc-9e2b-3962-ac27-0c2f55e03f67,6d835890-2a81-33c5-a2b2-781b66f2e1d4,42.601977000000005,-71.81586999999999,58
a9d8e4fb-9be4-3ed3-8a5f-95d7a1a4c3b2,0e8d5c0f-bbbe-375d-818b-46288ef57579,42.195951,-71.45343000000001,275
87706263-ca27-33bf-a8a8-e1c8d9ca8ad1,6437978d-a516-38bb-83ff-e5f9df19610b,41.725351,-71.094162,34
85f85d40-e734-33ac-b7ad-4fddcf689dd1,4cb17abf-8742-3ee7-a704-80e14d589049,42.520876,-71.770611,60
155927bb-583f-37a5-9c5a-9f2ae5bb6d1b,6aec8f74-601a-33f4-bad8-ddaf92be0fd9,42.187794,-72.30846899999997,65
76118e2f-4a6a-3db6-9ea8-8fcdda4d150f,e8d33a84-cad5-306a-9982-b011e4da175e,42.224319,-70.880673,73
4298ac56-9dad-363a-a29b-cb88860e552f,20e38469-4542-39ad-a078-40e4707db6b9,42.331876,-71.208402,41
e39ceca0-8aa6-38df-8a2b-950c704cde9d,784f7070-3603-3051-b960-8ec5b78b0e71,42.390445,-71.101033,139
330eee85-d046-346d-8e43-275bdfc7a45b,1cd98585-a69e-34d6-9d0f-85a9140a26ac,42.556659,-70.84496,68
c4406446-e1c6-34e8-826a-f171dd7f6570,f2fd3dd9-c924-33e8-bf5f-ad34316959a4,42.369417,-71.785036,150
daec2ac2-e19f-3c81-8eb5-95fa357f6f17,19353af1-a123-363a-b726-5e09f1871a19,41.725351,-71.094162,53
be08ace7-0fd0-3323-a575-6370667d0a01,25aa4b67-e34a-350b-aa84-1e31388dcabb,42.241557,-71.082432,26
c36fe6e2-bd0f-3336-a04b-3933bf5424b2,9546ab9f-de65-3391-9337-c0ca6cf27419,42.695743,-73.22211800000001,62
a74d384a-b64d-3f2c-9a27-bb64cd7a54d6,2dc7a6b2-bee6-3ae6-b3fe-4117382d73ee,42.648697,-71.919896,309
e38dc580-73e2-3d32-84d6-29e62010bdf9,2fffd695-0ea1-3e43-a3aa-ad31dfa2009e,41.897892,-70.62403,5
81fcfacb-54f4-36ba-ab63-0923c1198dc5,1eb4269f-7fec-3680-9473-35d42fe70b2d,42.376043,-71.11868,105
3bcac822-3e10-3cf7-8602-46f133a6cd02,b48d30a9-60f0-3dcb-bd77-6ead636fee17,42.376043,-71.11868,33
48c4b073-2757-3f98-9bc8-3753facd7dc0,6ecdcd2b-90cd-3dce-b852-73497b83b561,42.376043,-71.11868,128
8621f113-a9c9-3910-9de6-6e763002b767,46f3696c-cdb0-397d-aee8-498859ac3a84,42.33196,-71.020173,109
5be5d5f3-66a1-399d-9bc3-a129a0bf45c3,f0158f5a-0e0d-3130-8e1f-bfa66e0306d6,42.369451,-71.177925,82
4eafafa2-4655-3a02-a809-ab94b3ea741a,8ac5197c-8c0a-35e3-9393-cf4a10ce66cd,42.122956,-70.85631,48
a8ffebdc-c698-323e-912f-a12902103e69,20b096dd-6658-378c-9355-c230621ddcc0,42.261006,-71.008988,51
c1dbdc11-783e-335b-960b-e4934088ef76,fb28cf4c-955b-32c7-906e-4b9ad6f5678a,42.140346,-70.997861,624
05ba0b67-5503-3521-976e-d5ebf1a0d672,b90e9038-9cf5-3553-b886-4c04afd2c6fc,42.673909,-71.091334,41
55568946-9d57-38a2-bc5b-d343594e088e,cc7a6111-68b8-3217-a711-4c89aab02bb2,42.641379,-70.94344,117
2a93140d-61ca-37f4-a373-65b527eacc9b,49ed83a0-c4b4-3f28-9aa6-0058ce347992,42.578222,-71.084398,174
37b28225-6238-3213-bd7c-0d0d5eb51827,4280a520-966f-3a69-8f11-b1cd1079f1a9,42.390445,-71.101033,133
09c1a76f-513c-38fa-8540-325023981097,ca70a789-a381-3017-aa54-d8778ad35065,41.725351,-71.094162,28
4da7a868-6698-3835-afa9-f01a178cf4b6,f24ad3f5-fda8-3ecd-a6b2-bc8155666b52,42.156203000000005,-71.43034499999999,130
d9b3679b-23a0-359b-a9c7-9e4aa24a4d9e,1f1f6e6b-1ca7-3d0a-8bad-2c9fb1bcc4ee,42.012797,-71.336578,75
c8f9a984-8a9d-36d1-a552-f14264c1ca72,96a4bbba-d12a-367e-b635-a7df9440999b,41.56651,-70.958229,268
ce728214-8f52-38ac-89b9-7df3df4340da,31196748-e7b9-34fa-86c2-cd511fbe672e,42.056913,-70.190488,23
3042d9f6-9468-30f9-915a-6ebbdc31d132,73162ed1-25cc-3181-80a6-60e9310139c5,41.57072,-70.556682,177
c0fdfce8-0154-3b6f-83f0-14b21953d08e,a311cff8-ee06-3573-ba5a-42e96e52b0fb,42.395317,-71.180284,48
13875e8d-21c3-3d37-866f-ed0c250bdcac,c5e66058-52dc-3bc3-aee8-d59287cc86c5,41.725351,-71.094162,49
dd2817fb-9b35-33ec-85c4-a1ebee9e16f7,f4f12501-41cb-31cf-870b-ebc86d930490,42.078974,-70.93939,447
f37b6d45-6216-3519-9f75-e770def56bc3,8f8497d3-ddfb-304f-b226-a55ef7ab2792,42.115454,-72.539978,22
97ef7c52-9a5c-3f82-a4e1-29000cf22aee,b7367199-f783-3a8d-8227-f38a2ec18d06,42.284767,-71.714228,221
0e35f4ca-04f9-3e01-ab87-87e5677b0d2c,f7846797-2c3a-31b1-bd00-5f950c3d8e51,42.556659,-70.84496,130
cea6cd56-6dd5-374d-9425-0c57bde654d2,6f30e0bc-bef3-33e0-a1f3-400d919f7c59,42.5546,-71.90544,157
b45df880-1f39-3d1f-ab4d-b30cab86414b,d9aed10c-3655-3a5f-8727-ddb14d964cf0,41.965341,-71.18178,123
c853c7d1-20a5-3738-b0ad-d0244c65ff0c,82ee9d10-54f5-32aa-803a-1c6f80f4d74c,42.33196,-71.020173,104
3efb5cd2-19c9-3452-bbbd-6dec66626ba1,ae14cb98-56a5-3fb9-bc6f-d3d9949e958c,41.670154,-70.06519399999999,55
0db85be8-d4d2-331e-908a-cd173672cd13,aeda79cb-3b94-3c59-898e-2d0ac9cdecba,42.184599,-71.305307,67
222dc498-bf8d-3f9f-be38-1b7a6804fd9a,207fb60f-2e5b-3656-bed2-d5bb48d37e41,42.369417,-71.785036,176
1d60387a-f85d-3c32-8f8b-9de9c12baaa5,75bce424-82dd-3c8e-9a24-8bb2b2939174,42.421005,-70.99036,183
ca1f246e-8a10-3a93-8d3d-4f187f4efb9c,c0ce3155-ec7c-3244-a1ce-2f20b7e76bc4,41.45716,-70.556101,101
470c3bd9-abba-3c2c-8a4b-a85d4059d3ad,6069f204-87ec-36e2-a5f6-da4a54993f39,42.044307,-70.70604499999999,399
7bf67e3f-195a-33d1-b4fd-70e8ff5f4ccb,dd432573-88bf-3127-bbdc-0f03d81b5780,41.394406,-70.656447,317
eced1aca-0b27-3462-906f-7b0db1ecf328,72996eab-51e4-31c6-9670-f4c1d8cc7f63,42.221851,-73.333044,35
05cc4164-4dc2-3f6b-9bb7-02a4388eb741,3ae19a8a-e2c4-3d17-abca-63c5cb11c1fb,42.195951,-71.45343000000001,33
e757358c-a33f-325f-837c-503056a8f44b,234084b8-b4f9-3574-8868-75a346eace92,42.269478,-71.807783,13
e2d336b3-2901-38a6-b199-3b3a3b4c475a,5a87c07f-51fe-3c8f-b92e-b0e54fd5a955,42.63898,-71.321141,38
10901e68-019f-3b6a-90c0-e973abd8d2e2,d6fe4d69-bc30-3804-80e2-fe989a82e951,41.930477,-71.046214,110
e7e153c2-895e-3e14-959e-f1180a85dcc1,37e31981-39c0-3b07-aa39-f5c68f248d6b,42.323853,-71.142003,85
4fb6e1cc-7a9f-3b2c-8ccc-c385584dd962,344d7b4a-22aa-30ef-86ec-28f644111304,42.246872,-71.179462,119
1cd51619-e802-3b17-b111-4ea219a1f536,29437dd4-1165-3098-a113-d55d1150ecea,41.931653,-71.294503,320
e018a01d-c8a0-3ffd-a246-7c29f60a26eb,ae9c7f61-367e-37e4-ab3f-5ea22c9be92b,42.445222,-71.23001500000001,36
da327817-fc84-3cee-b9d9-4b41ffc45e1d,f0b67611-acad-3532-a8c5-b22b4d4cb753,42.695981,-70.83564799999999,155
959a4f0a-e7fa-3add-bae9-d6fc218eb484,7f3a2ebe-e3b1-3c14-a626-f6d9836d3e0b,41.662727,-70.357208,48
60bca0a4-d20f-3215-9ac3-914a54d183fd,51683799-aeac-3bff-8309-a448a5116e29,42.261006,-71.008988,54
04c0fbea-2561-38bc-aae0-e00976cfe021,e8fb216f-ef0e-3667-afa5-a9b55fdcfafb,42.376043,-71.11868,21
c0a74b4e-e562-3b6f-bd1a-5b7ddacc0bc1,d20a8dcf-9072-3b14-b3e3-f376eb169147,42.445222,-71.23001500000001,95
eb057428-ee9c-35e6-bdef-92ed8e8137ed,9947a8a4-1b3e-3f26-b2d0-41755a71195f,41.646686,-70.999158,91
88afc0e3-2f9c-3d70-b131-5cb8716d1762,9bff32d8-7f37-37d6-b42f-54bd509e63ca,42.176526,-71.603588,235
2117186d-992c-3295-85c0-c3b3c3bb018c,b22423a5-4142-356a-904a-28908292a5cf,42.268426,-71.613309,42
b7fc3101-bf0d-3f56-9264-39994f6c3782,f05dd4a6-8aa4-34de-96d8-ca02006cdf38,41.70692,-70.221117,180
615e6637-0061-37d3-98a4-7bd47c0dac9c,fe1cf3e9-941b-3828-8067-efb34673a686,41.667083,-70.200793,56
fefd1672-acdc-3326-9cc6-5dd76cf56601,ca257730-17e5-3d19-95c6-275bb49480aa,42.33196,-71.020173,109
51b6bb2f-d0b3-35af-ac08-af05e4202b36,0507f525-c041-34d0-b731-f39f2b7239c0,42.677091,-72.453876,577
a1b0cc2a-e167-3105-96db-247e41baee04,cec2cd99-6c3d-3286-b692-33adf5f01285,42.597445,-72.555278,43
98467f57-3f1f-3775-9789-19888b0af8a1,0464543f-4ff3-363a-bf9f-b86f128d973b,42.205416,-71.00216800000003,39
51bec2c1-9640-32e0-b6dc-12fd72ed4401,aeec578c-ddbe-3241-bddd-db7f09806b4b,42.281593,-71.242414,52
45032e6b-5e5c-326c-bc7c-8b20ed2d77b3,7f7c08c8-1c39-3b26-bd34-5122a003dd91,42.405938,-71.054649,462
f61aa7d8-e92a-31b0-b288-cc9ff6a21326,e49546f1-daca-3ef5-856c-71c7c16bf8ff,41.662727,-70.357208,167
e0277194-38db-35ee-8fa4-01abdb95802c,2fd69f6a-d011-3e4e-9fb6-39710404a5d5,42.369451,-71.177925,86
875a05fc-8726-3bbd-9fd3-e2fe13503f89,9c38597b-9549-3a65-86c5-860c4da55416,42.675551,-73.11810899999999,139
90ed3d70-99eb-3418-aff4-481d9a1826f6,ae8a14ef-d89f-3eac-b6ee-30e163f1c41f,42.564647,-71.164516,251
1af867dd-d171-38a3-a8a6-9145dda5e17b,6c2b5594-7306-36f7-bf4f-462d5caa3ed9,42.331876,-71.208402,66
7cc58810-201c-3a49-a492-7c23feaae0d5,9b1be0cc-0469-390c-bf61-105cfaa91024,42.187364,-71.195971,66
e25b0da9-4399-37ab-8888-3f28fd7789f7,7136f05d-6f14-3fed-b3c5-a5cf2a7ab12d,42.695743,-73.22211800000001,54
91cbe604-5933-3520-99d6-b196852535d7,25983810-54e6-36a3-a1f4-c9fd1b4119b1,42.376043,-71.11868,37
3643f8d8-d0d0-3c51-8b08-1256cf5ecde7,97e440d3-3e76-3ddc-a45d-c2e7a17128f4,42.418722,-71.163912,47
01847ceb-caf7-3fe1-8f80-e401f3084fca,880106eb-a35a-394b-9683-d0debe2eeb12,42.284767,-71.714228,90
5766d1f4-b018-35fb-b4a2-1ba2539bea38,41c0f06a-5539-31a5-b831-7d9a4276412a,42.338551,-71.018253,71
44aafd13-b99a-3d11-a37f-bdd7789dd60e,5465c26c-010a-31f6-b4e1-6cf2657fc6bc,42.187364,-71.195971,64
fb51a224-aff1-35e5-bcee-0d832bb7c4a0,d552d342-c4f6-3da1-ad80-673bf27c58ba,42.269478,-71.807783,58
6fb197dd-1723-3d8d-b344-76d6075f5444,8ce019bb-db8d-3daa-93a0-491e9c629686,42.338551,-71.018253,35
187a2441-2a4a-30de-b8fc-647e3eafa71e,3736f71b-4b15-3e9b-8578-8256538f0ac1,42.742751,-71.178588,204
c251a7a9-0e58-3cad-9d7f-35de8f346a8c,9aab4d91-54fb-3743-915a-de41ad413ed8,41.930477,-71.046214,26
7d890e9b-bc40-32c0-803e-8ad46b37dd16,56090ab7-1f97-37ff-a434-194f9c6e5510,42.679723,-71.30068,327
7aa33345-38b5-330c-b331-b85c5b8c1621,73d98ecb-893d-395e-bb19-fc3b685b3c57,41.76104,-70.701779,65
8edc0709-c388-31da-97e2-d44bba2777d2,31980d55-1f5e-3d91-90d4-467897589940,42.284822,-71.348811,53
e51f549b-fcf4-37e1-b8b5-055adfd5a7bf,e36a2696-9536-3406-b927-3b768368b7e9,42.742751,-71.178588,197
2801e5f3-0127-3a8e-bf4b-0d53d0e52f23,4541291a-e567-3605-bef4-f5b2bd337e89,42.452752,-71.144319,70
913dd0ab-3518-326a-bc41-32b9e6ea370e,5403f5d8-1960-3afc-9984-4b70c279b6bc,42.126883,-72.430952,89
c1cb1a73-c46e-3fba-a986-ad5ce17ddf20,93e8734d-d9a1-3972-ba46-476f89b58e23,42.369451,-71.177925,382
8208b632-8531-3dd7-8eb6-b3a7805a662a,4e5f7214-13e2-38d4-9f42-c3568f26891c,41.987196,-70.74194200000001,87
cb410a3a-ad13-3b90-a95f-e94e5de6506a,39b9ef7d-9747-3600-9162-83afeb9fce25,42.115139,-70.71033100000001,70
5a93de87-e19d-37eb-8cc0-a767ce404482,e6df9359-9976-31de-987b-c110e24410c8,42.125451,-72.649734,34
9495785a-fbcd-30ad-900b-1f7bd516d962,56bf7e7c-5ef4-3c8e-92b6-e3b66c999be7,42.082543,-71.024638,142
b95042b5-6d3e-328c-94a8-00b67348548f,406745b3-482d-3eb1-9e8b-c10f911980fd,41.725351,-71.094162,74
ea325b81-33e2-3384-a4d1-4f15b71b7790,3a24d987-a062-3e25-bc8e-d674bb3b467e,42.108463,-71.185182,83
f6beda63-f92d-31d9-83ff-5d5f30c36cbb,1f645c13-be73-3c42-9b77-e1257a5d9d41,42.474208,-71.097665,67
a42242d1-32b9-328e-8735-d4d343e79cbf,1526db4c-93d7-3ca7-ad7a-318424e18285,42.241557,-71.082432,636
6729a40b-729c-37dd-a1a1-638ef4a5d4ef,e466586f-6b1f-33f9-9fc3-f73423cc407e,42.323853,-71.142003,87
0c3d069b-449e-3db9-aeab-4508e6eade1d,4e3d8199-a3b0-3957-8037-9868914de356,42.126883,-72.430952,108
86fc12ac-907f-31bc-8721-b5502f29d82e,e31728d2-e211-354d-9bb6-798887761da5,42.425955,-71.45625600000001,218
852cc491-7114-336d-b8b6-669dcc3884eb,67116907-26c1-3467-8729-7f19043b9dec,42.183577,-72.457812,90
02fad851-f0a6-3b7e-89a0-3f7013909baa,909a0f76-d1bc-3354-a883-82d002a29123,42.534146,-71.038333,267
10b09967-5ebf-3e24-8ba8-a7ffb747bc59,73087250-f785-399c-916a-4815188f9753,42.468059,-70.89126,112
acd83b8b-6006-3d36-984c-a28a3aa2894d,9dd6b488-2cc9-3383-a460-09a6523ce78c,42.360502,-71.303433,199
00157011-bd5d-3600-93a7-bc61e2988e29,6d764f44-0f5a-3f7c-9bb1-f9ffe015fcc1,42.323853,-71.142003,139
cde644f5-f229-3719-9b9a-db6f1594f51d,b77d7fca-9eaa-349e-a76e-f8798c641009,42.556659,-70.84496,115
58fbb38f-9cc4-333f-847c-b834d8da7e3a,d32d8049-07fd-3692-9c16-1915fd26afad,42.468059,-70.89126,81
b87f7a46-b857-30f4-9176-135b6c14c595,c5b7a5d1-49d5-3043-8052-33c7752205f8,42.256208,-72.58103,96
6756b91d-d187-318b-8d6b-bb003158479a,eb4de48f-6c0a-31fa-a3f5-6b51ce85996e,42.115454,-72.539978,29
9e511a61-aeb6-3323-aab1-b142263587d1,222b33ea-4ace-33a6-bb73-3121c9c895bd,41.706123,-70.164823,173
12b82df8-4297-37f9-bfc3-5ca4d92029e6,ea2056db-8ca2-3afa-8799-22d89243493f,42.388921,-71.24226800000001,312
7ecef3cc-e7b0-398e-af18-f797b00a38c3,338371a3-840d-3b81-b349-65ea623a71b9,42.269478,-71.807783,63
49046244-ac29-317c-ba04-5ce9cc1e1e99,2e14b5bd-c2ad-3830-8e19-ccae877d76c0,42.115454,-72.539978,32
f28a9efa-861d-3021-832c-2b17537b9962,14ef3da1-8343-3a2e-901e-9adc753b81b7,42.064731,-72.653477,101
8bd54495-4e0a-31c5-aa92-a31e5704376a,ea04cb4f-a20f-3ae3-a938-79a5ffb2cc86,42.421005,-70.99036,103
4e0724ab-6180-312d-a98b-d58ffff2758c,cc4e9a4f-50e9-3447-8c69-bcd35f240d06,42.782945,-71.087436,68
b1ca35c0-564b-367f-a38b-1a1b9a03e9e0,fafc870c-ada6-3652-9533-a5acdbd24682,42.534279,-70.969782,93
3cc05723-a40b-3e45-993c-8b529752f5b2,20417c65-4950-3a66-b972-15fb309ffe55,42.125451,-72.649734,151
bfa21538-0503-3fef-b264-64c7ace3cd0b,5fe323f6-26da-359d-9529-7aeb672adc77,42.269478,-71.807783,39
ac5f91f6-1dd8-36b7-b73e-70050495dd06,dc7528db-e371-3640-a00f-603682f18bcb,42.115454,-72.539978,79
3dc47280-4ab9-3731-a3e1-d0e2914fca8f,6d765585-016e-3358-b20c-ff051f58ba6c,42.679723,-71.30068,402
06d8eec8-2969-3f5a-8532-ab35372fe05c,0e70b7a4-3f06-37ca-99a7-90eb55f969a1,42.206676,-70.94584499999998,72
a5db3ba5-99d5-30fe-8b62-21f9df974432,36e0f7c9-4ecf-3296-9caa-8ecba069659f,42.307905,-71.436196,30
1c095059-3e65-3f6e-969b-6228eee82582,c7aa0e46-5ba7-31a2-8c89-a6080f4a0b69,42.246872,-71.179462,68
177c40e4-0c62-3af6-a267-8df8a4bf7ed0,3785a91b-ef8c-3628-b673-5f9808b05616,42.63898,-71.321141,87
2cc33d89-7929-3dbb-9d3c-b534c623a350,322bb3c4-becf-3394-a425-02f834a24721,42.474208,-71.097665,39
16e5defa-7f2f-3e4d-ad7d-e9dd877b2d89,51fe5cd0-ac71-32ee-99b9-f5a37ce37467,42.33196,-71.020173,89
ed6f9c5f-5682-33c3-9955-5eeced5d6d76,6ad683e2-8401-3bfe-9d9b-4fa263d2d92f,42.323853,-71.142003,196
af5728d9-5371-3c10-bc97-6f0dc9b15846,803900db-4482-31c5-bfbf-09aadf86b43c,42.269478,-71.807783,10
f42abd6b-de6f-3079-81db-d13b34417f13,a91ade25-2311-38cf-80ac-3d5270c0051e,42.224319,-70.880673,51
70d1e5f9-6b61-3160-9766-227cfb58f25e,442154b0-69a0-3a0f-a745-fcebe4b4b475,42.338551,-71.018253,34
b38ab0c8-70b4-3aa6-9f15-f220dafe0f89,e0ba4ea4-4658-3465-8ed1-171d87ebf9d2,42.575924,-72.229618,46
b109da6b-4fb0-3485-89b9-b7c8b120d8fb,e7336029-59d9-372b-b675-fe2cefe7129a,42.423844,-71.10923100000001,105
b09c9eff-3ff1-3734-83e2-71f62c555ca3,a5df828a-4492-3d65-ae26-7db65e214a96,42.601977000000005,-71.81586999999999,108
f47122b4-dfae-355a-8aaa-908ebd9e14f1,187674f4-8252-314f-a97c-d80acf51d977,42.071188,-72.41771800000001,397
a27a79c6-e47f-3066-acb2-06b8dbbcee14,f716172c-e9af-3a5a-8d69-d55d1915ae6d,42.474208,-71.097665,23
06e271da-b442-3e2b-9b9a-ac26ddb63601,87f6941d-90f6-3c1d-b443-4038458cf8d7,42.257755,-71.473526,297
916936ef-3918-3137-bacf-3d558af0a74e,b77b5215-4471-39de-8ea9-fffc8d82d4b1,42.205416,-71.00216800000003,92
17e02cd2-e523-34ee-b213-d01f2b25b8ff,150aa536-7e63-34a3-8e88-a5c266306a91,42.601977000000005,-71.81586999999999,159
96d1e5ea-30fe-3f8a-974d-3e2a521fa87c,01186ba6-bf1e-353f-ae4a-703e5fd65af0,42.648044,-71.161751,74
7ff1f94c-06e8-31ea-8292-7e4d93c2b6dc,836ab8bc-9c78-3d9a-bab4-395e87cbc3db,42.50436,-71.064061,68
d77140ec-c975-305c-8a0e-7041433a147e,aef37af6-e500-36b8-b89f-873372229685,42.323853,-71.142003,111
d0af24d4-ff3f-3a08-a5f0-2c85dfca45a5,d93d9c2a-5017-3d3f-a05d-4daf23bcf3a8,42.158692,-71.521419,46
abb856ae-7721-34f1-8c1a-9ce908b83842,0b59187e-7835-3ccf-ba76-f3ced345408b,42.578222,-71.084398,169
922a9eba-d58c-3af6-ba31-08a301c63e54,710bd567-d324-36eb-9966-706cf6fe4e36,42.281593,-71.242414,116
5a43937e-b721-3c41-b1de-cd186f309d73,77086f18-2eac-30ee-b79a-b0a03eeea49f,42.082543,-71.024638,53
b552f00a-b271-398e-87fc-54201f230f10,3ecebc72-8f87-3506-9f1e-b848bc16a154,42.445222,-71.23001500000001,55
630844a3-0b87-304e-804f-dec36555469f,af69bab8-9c23-3fdb-871e-80206637a99d,42.742751,-71.178588,127
d5d8118d-1d33-3830-82d3-c72424bd8c66,561e4677-fbe8-3798-88c6-f2dec666099f,42.503227,-71.201713,2
6e5be322-c05f-3f10-9ded-488a5762bb5a,527fd92b-5372-3dec-9363-626a186a92aa,42.369417,-71.785036,416
ec563644-f7f6-3b32-a629-aa101daedc65,2badf6cf-7a73-30c5-b32a-2803eee5d2a6,42.047565000000006,-72.57113000000001,97
5c7c7ce0-9cdb-3500-b867-5b68cf7357c9,c10a84da-abe0-3fca-93d8-66f2f87232f7,42.187364,-71.195971,71
83afda83-fbbf-3903-9c23-e51e42c05ac8,66745ade-e31f-39c0-8f61-f93f8419465b,42.63898,-71.321141,140
0e7926be-2e96-3db6-87dc-d1aad26e88ed,06554ce1-b5ed-37f3-b3da-8493fc33b115,42.452752,-71.144319,212
44e5e4bb-745b-3e2b-b1cd-c5c1bc66bb50,ac2a2d82-16ab-311b-b983-64755b91f63f,41.293416,-70.10216899999999,81
729f5bdd-fa66-39fe-9051-8916a04a6406,c70cfaad-1251-3193-9495-060db784e090,41.662727,-70.357208,44
572403c1-90ca-3599-91e5-f469e279e1ce,658d9b95-2b0c-3be1-92c7-5c1e38b24a04,42.499248,-70.898204,53
819bdde9-5d82-3433-9512-3e8459b8055f,c02ec60f-531c-3f28-8641-45a1b7a23de9,42.499248,-70.898204,90
4d3c7647-6102-39b8-a776-8d45853ed0be,4b7031f2-b29d-3e53-91c7-9efea466df77,42.445222,-71.23001500000001,57
c24989b9-b6a2-313f-9f72-eb2a7a306867,1fe7468f-f026-362f-bc47-87f8feb01e6e,42.211656,-72.642448,64
a49c48ec-f6ca-31d2-98a5-8c11c83ebece,ab216106-828c-3aef-af9b-b40c5bd8fd2a,42.138838,-72.755911,13
9c7b956d-f9ca-313d-97d9-0527a8074480,f9d686d4-0133-30a3-ab72-80c9e93921f4,42.140346,-70.997861,510
a3bc80b9-3753-3e10-a55e-2b661f027152,8e0ad255-977a-3d33-b553-46d6d6b7ff90,42.782945,-71.087436,140
92244998-e045-3fa0-b549-ab03559b3eb6,c0dab828-5db5-3e9f-8529-cf7dd1d1ed33,42.396824,-71.031348,604
ec864463-508f-3a12-94b7-e94ce3bef8e5,ab5bc14f-acdf-34cb-8120-cbaf3fe7d488,42.064024,-71.248401,68
e904270a-e86c-3f98-81e4-1a0e6d4ac6e5,f53797bd-470b-31ab-a25a-821704bbba12,42.044307,-70.70604499999999,77
998346f3-b1c0-3137-b1a9-f23f7b2fdfa2,4e361f0f-f13f-34e7-b7c0-6a3720887572,42.721495,-70.886637,161
7d1e29d9-ec21-3ef0-8d66-70d2d1082796,d91b3c27-bee2-3006-bb9b-9079ca04900c,42.395317,-71.180284,61
7b2958fc-102c-39da-9d20-250cf028e578,483ca310-2bbc-3e6c-bee4-e4ed67210611,42.376043,-71.11868,49
a3034dcf-1d5f-3156-95ce-e0333e2a9015,fcd15e93-542d-3d61-873e-df6dbf9e6090,42.452752,-71.144319,128
03209c5c-48ad-301d-935e-4f61857c1e8c,65aaae51-c318-3391-847f-8e6f90ad654e,42.574174,-70.95051600000001,22
14e4ed3f-804d-3b7f-816d-6cdbe6fa720d,71c73f1f-f232-3c21-960a-4e55f799d7bc,41.930477,-71.046214,274
2581e6c3-c206-37bd-901d-a838ad5ec770,f3c77d29-3f99-361c-9675-a37743d6a4a9,42.520876,-71.770611,101
bc190e65-1cef-35ec-ae1d-29b9d965174f,5be1c847-bf4c-3f57-a0fb-57ea06b4ee9c,42.610513,-71.007118,266
0970217c-f3be-3330-b25d-30f1639dcb8d,d141d0e1-558a-317e-9bae-6c1f1122f9d5,42.012797,-71.336578,232
43d40afc-29aa-3edc-8feb-a3bc4df5ec97,fb751424-8518-3c5e-a44b-bf441041c11a,42.284822,-71.348811,25
1ca20114-1352-3b0c-af28-4d9a9c776985,de36f40b-6ae9-3c9c-8327-79d800f086f0,42.323342,-71.646236,19
0f7c122a-a813-372e-8ad5-ccd62e2062da,b9f23794-79ac-3432-8ab0-9e0f67781595,42.63898,-71.321141,66
c9d9b45c-a64b-3762-b7ce-330d4f942ab8,d418e534-66d8-3098-95b7-3ef920e5d4a8,42.219645,-71.216768,197
2085c45d-972f-3aec-8432-9cb71aaa71d0,493f37ef-f692-30bf-bb53-035739168eb3,42.695981,-70.83564799999999,71
f505eceb-b45f-369d-a796-3b56939ecfaa,b9b400f9-1c95-3d0e-b6e4-15d5d33304f9,42.138838,-72.755911,79
e9abb68b-4ead-351a-95e1-df69aff0887d,a765c05e-ac8a-391d-bab9-3d70749cd6e8,42.455723,-71.05901899999999,53
eac8fc80-df0c-3d67-9932-d31850a9cc02,8ba86aab-d837-3747-bd08-a88b3f9c2a45,42.126883,-72.430952,224
f1c3d28d-d4f9-3ebb-a27a-4a503bbd00ec,3cbd7164-6546-377a-b65b-07155b3325c7,42.331876,-71.208402,48
e99200cd-41d3-3b5c-9c14-f67acf1abcd1,9b8ffe27-746e-33b6-8ad0-917a5416cc57,42.33196,-71.020173,78
97b5da12-b789-3d44-81b3-3b377b653545,88a8715d-6a5f-3730-a889-73c754de34d8,42.63898,-71.321141,52
fe826348-a8ed-3a3e-963b-785782740d95,bb1a1c5f-ce6e-3851-be6f-ae72f1a80c7b,42.556659,-70.84496,84
9aae5e4b-fb9f-3ee3-9719-7e0d762b796a,0401b17a-7c0d-3c0a-8b3f-65cfe61043dd,41.661303,-70.937913,36
91dc7083-f058-3347-89d4-9e45b5c9c745,38e0b661-3b75-39d0-9623-dcf66dc08554,42.566573,-71.575135,144
6c5a5d00-d76a-385a-bc33-a4f48a84860c,b95e60e9-ef17-3c9c-bcd1-612c5cd41e59,42.376043,-71.11868,127
3aa5bf98-2ca9-38d8-9807-f7d3128ac86d,3a634d51-3890-301b-a1ef-7564687dc8fb,42.556659,-70.84496,63
f97b21a5-4fc0-3024-a8b6-e8250084a7df,be7675dd-033d-3169-95bc-66fd6f61f4b0,42.119006,-71.10365,89
43651433-9f02-3f71-97f1-1df0ab2402fd,3f6b47c8-cace-367c-9d78-c518c184365f,42.206676,-70.94584499999998,129
c80877ac-c7d7-3fb2-95de-0da475756889,5c185a88-b90c-354a-a23f-e7a9d35bcb4a,42.30539,-71.28366899999997,43
838a241a-7e2d-30b8-aa3c-ea9957052716,9265b9e0-9d1d-3b31-ba11-432886a3f892,42.284767,-71.714228,29
8e09ea49-3131-3bdd-9246-a7ae5bed8173,275b520a-a99e-3487-a376-84949b47a338,42.423844,-71.10923100000001,156
c3bff9a3-777b-3f86-aca6-16fd6884c19c,7517e2f9-f8ee-3767-8a0c-afc8899a7207,42.303174,-73.233924,204
db8f1456-4b36-335c-9e57-577af39b1c93,aad90de1-23de-3239-bbf3-a22a9842cc31,42.082543,-71.024638,59
83e05e16-0103-32f1-99c5-752ed7b3478d,7cd41080-4493-3749-950f-e90421b3fd6d,42.323853,-71.142003,73
b4cf24d1-2160-3bd3-9f65-fdfb8bf9c416,24859bd7-0620-374b-bc28-880516462850,42.124762,-72.110888,233
87f485aa-4114-33b6-afc5-748d96a1dc50,a0ae74ad-bde8-3358-bf11-3005f4bb7127,42.119006,-71.10365,160
b0c821f8-045e-3cf8-aeed-0009540991e7,72351ad3-b298-3122-87f8-65da6a7651ca,42.175737,-71.125385,61
198b3f76-2c77-37dd-a921-f2424df1ef7b,32d25335-b5e3-3e02-8d9f-58f46e151cf4,42.389071,-71.545864,262
b02ed8ca-4d1b-3ba8-ba8b-e4d7c5298710,6f72fdcc-46a5-330a-b956-d915dd5cbc0a,42.42938,-71.058706,148
a4ae0ca8-8b06-31da-a22c-90b87326918a,7452908e-09c3-357d-a3ef-08985d232218,42.45184,-73.260685,91
048cadaa-a163-3cbe-94d4-42c74d8f03de,52df2638-433f-3325-b8d2-29f30dd1ac07,41.617623,-70.492713,70
89a2beb9-33f9-350d-ad79-50d17963c993,5181acd0-4c26-3172-9068-138966873eb6,42.192246,-71.777649,435
29e321f5-4cec-3a65-b610-6af183f16939,2ec2b7d5-fd68-380d-b369-23fc98731d69,41.758163,-71.21418100000001,91
cf250a97-11f7-35b0-9eb5-872e53a62bdc,04bf2908-8de0-3839-b762-90b687fb2ea1,42.483953,-71.43849499999999,86
40827b4e-a477-387e-814e-c18b743cfc67,a89e8167-1067-34b7-a9ae-5eea659e7345,42.388921,-71.24226800000001,135
32bfed65-08a8-3954-bdf0-a555ac425782,8d99f121-4a71-3d6c-b31b-22665da28817,42.323853,-71.142003,160
53378d70-fcaf-39ac-a199-88696c3de9ae,8233620f-a2f9-33b1-bbef-4d008ca8470a,42.224319,-70.880673,139
3f880fe3-a10f-3ff3-9fea-f27b82dac9b7,b503f336-fecb-3359-9b5b-ab536ea685a2,42.50436,-71.064061,78
7d3150c5-74e2-3a02-a52a-90d5da3c3f7c,36012097-4635-3c0e-be0c-df0570a6a081,42.584206,-71.988737,25
43cbbffe-e999-37d3-8b81-3589cace565f,f6c2e178-9469-3297-aa75-a4a5ff3d91c7,42.612088,-71.227845,125
6855cb46-ad19-3720-bc85-6124e9d93a30,8fd634b7-e011-3a69-bf1b-231cd3797bd9,41.45716,-70.556101,76
d536cbde-a842-3ad8-9ee6-e65e9cc7a607,49576e6f-f875-3d69-89a7-1bd016f0b33a,42.257755,-71.473526,231
b108aaa2-6178-3b42-a0d0-b641bff0152f,1832b70f-c3fa-34c2-be72-cda87ae32067,42.064731,-72.653477,147
59c95c1e-9b60-333b-a1e8-9b450de6bae5,2e312abe-0c32-37d1-b05f-441684fb8000,41.661303,-70.937913,66
99b78aa6-a529-30cc-acda-302d53f36ef4,9098c4b0-6b32-35c8-8094-9adb8dce7390,42.340233000000005,-70.883301,84
e5a84a23-7038-34c1-a183-81935627bb31,19921811-5c03-3d6e-9303-b4b3732c2612,42.305932,-71.282917,10
5b0394be-f62a-3c5e-83ca-85779e0a1b32,dbe5aa48-c568-3233-8412-9be07882e20b,42.269478,-71.807783,27
6a125b47-e6f4-32eb-9343-c8d2d6d8e555,1fbd1294-e7f9-3606-9c9b-7fafc519710b,42.115454,-72.539978,117
fcddf284-9983-3ccc-9c7a-70544566381b,1df56535-d4b3-3192-8c29-36f122fccab6,42.389071,-71.545864,37
dbe9eba7-d294-3e13-8567-8c70e97726a2,263c7652-4bd7-3ffb-a63d-3c2e2cae36a1,42.084858,-71.41057099999998,188
2c6b08cf-0e34-37bf-9447-2823cc00073e,2a4518d8-7014-3404-b2e9-1c30c76b6a12,42.390445,-71.101033,229
ff845cfe-aa89-3f3c-8470-6cd13cad40da,2a13b9b4-e4fd-318b-a01d-cc96ca048cd7,42.261006,-71.008988,115
951f4e82-643e-3e6b-bc0e-5f33609a24df,7048f223-5fe7-3864-a96e-b9acc08cc8c7,42.844794,-70.841499,155
26fe5185-2e18-3d28-a29e-b35969c1a849,b220950a-23a8-3882-9190-8ab9e57d9213,41.903324,-71.094987,119
b0522506-cb4e-3e24-b5d4-bb94c34a8c7e,5967f731-1aa6-3049-ad99-3538b014b304,42.221851,-73.333044,62
547d73d3-2da1-3cc0-9412-57321e0ae9d0,0cd03411-0b0e-327d-aea2-d9b426ac1d67,41.56651,-70.958229,202
aade2b55-11f1-3f59-9c26-926e346ef837,1a1293a3-0151-3bea-96fb-268effe14d7f,42.268426,-71.613309,54
a3d19a63-5af8-31ff-ada1-e6e28b5d630f,eb39dca7-a51b-3f72-a276-89fb9f80002e,42.080784,-71.715992,298
5b62ddd0-b31d-385e-aa48-d6a8c2d2d44a,c10901b3-5d41-3638-84f7-3da6ea434c2d,41.594939,-70.599243,37
f67f10ae-0e4c-331e-8b47-6dd7a8cb566c,a30a1a8c-ab69-3697-8b88-e46d25c81ce0,42.574174,-70.95051600000001,37
9ffeaf99-a75b-3251-85fc-359a7310dbca,f4b46389-b2b4-3bf2-acbd-1ec20401ef4d,42.474862,-70.96218499999999,111
f0377086-5c2f-33b0-b3ca-ba79f53d2dc0,3344450e-b132-3c90-894f-2b9028411ad8,42.700273,-71.161357,40
e5079582-f139-3090-b2e5-f88bf4aef8b5,eed74a67-0fc2-358d-9bb7-ac47a85b9c35,42.63898,-71.321141,59
9f05fdde-3d64-3402-9e22-6863e0fda1b1,abd13c9a-fc39-3fac-9de2-9cd307fe49b7,41.293416,-70.10216899999999,157
8cf22483-08e9-3ea9-ae20-ae830a0c90e4,99157068-4f0d-3906-8723-d8b7fda349f5,42.679723,-71.30068,166
233b1710-7abd-335b-afb3-6e49f99679f3,7781e606-766a-38d9-ab6d-8e20da4ac431,42.323853,-71.142003,125
28c91702-18f9-3602-857b-44d73ab2b90a,9de56a33-a10b-32e6-986c-b9576eb3e933,41.562579,-70.587349,61
2321e933-e5f8-3afe-a11e-8c4620bd0d32,83c37d3e-1355-3248-85ed-296e8acb5f04,42.246872,-71.179462,153
e5f88530-cb35-365d-aa92-432d32f8e2f4,ca0ee331-1d07-3a4a-bf5f-36c651a211fd,42.33196,-71.020173,20
10d9088c-133e-38a8-b31c-b64d287bd1dd,48cf768f-97c2-3cac-97f5-fbee0c17cd25,42.338551,-71.018253,40
0e192dc9-9da6-3c21-8bfa-0b9c7fded40c,68cee1fa-8311-3f11-b2b5-07aae9231c35,42.411887,-71.690005,369
29673757-6b5f-32b5-b604-46871987164c,1cea3a10-4773-3dff-b49b-f3cd0b484d1e,42.499248,-70.898204,66
059733fd-038e-3709-b51d-f09562dcee32,2fd9eeda-5a13-3ba5-aeac-06be0e7b2d23,41.688804,-70.639267,148
7270e7dc-5f78-3cd7-b1d4-fc30efe62cff,23dd1b80-def1-305e-9855-6fde0339158e,42.63898,-71.321141,49
5319219d-ca60-3c57-b8c1-bd6050776f7a,53ea9af5-720e-39f5-a6f3-0d886b4d4570,42.205416,-71.00216800000003,112
c1b7facc-d417-38f0-abfe-03578cf0bcad,76b94432-b789-3726-955c-5652111b2e2f,42.503227,-71.201713,45
ca48d7e0-4338-35c7-9505-a777b5ee580e,36df9172-8c2f-325d-9bf3-b7f7338e474c,42.256208,-72.58103,79
7335be9c-1d7a-307f-a0c5-c053dc47f94f,d9257790-84d3-38bd-8a78-a3d9c581c8c5,42.284822,-71.348811,44
c63c0315-57b4-3393-84d8-c46722a85fdc,6e8caa51-afee-3613-ac75-ad049c87958d,41.972376,-70.978773,249
e16236b8-53d1-3bbc-a437-15a2c85078ce,641c80f2-5f38-3fe8-ae8d-1d96687c699a,42.05257,-72.777353,374
d1f553e5-1a8d-368f-95b1-9afb67c62bb7,c8503473-91ae-381f-b49e-dc633a30fb5a,42.175737,-71.125385,204
c249a380-ed42-34be-a492-776f69e40bdb,fa656117-ba45-3969-abe6-815d81cdf6d0,42.281593,-71.242414,43
97aca2f0-e6c3-3a5c-94bf-1d5c300d7db3,1d9793e4-b135-33d8-b90e-521cedb608cc,42.582607,-71.720464,259
f5167825-4832-3380-bef4-55a2a55eaf2a,b64e856f-b90d-300f-a8cb-4f458389f80e,42.390445,-71.101033,265
08d1948e-61be-3797-b821-bc9aaca4113f,cc7f65a8-6edd-3dd5-8999-a3f06a5f21b5,42.062378,-72.498111,207
5a891026-cd53-3bcd-8f31-e1816eb090df,d496ec27-3707-342f-b8d0-562687e9e740,41.688804,-70.639267,73
a8595620-b6a9-32fb-8e36-ee63512e0e5b,5465c0e6-2534-361a-9e74-5dcbdeca2d2a,42.495629,-70.83582,114
5d3074fb-fc7f-338f-b278-b77817876c01,e794df8b-d3a6-3f83-91d1-2001572a72da,42.206676,-70.94584499999998,88
8356f6ad-9a13-3c37-98b3-813a07730c7e,bcb26f1b-a37d-37dd-8819-c5dd6b6d9f74,42.021617,-71.026717,162
a8ca1823-45cf-3489-bddc-785bc87605cb,df03a923-84cd-3068-9882-487ee0eae2e9,42.648044,-71.161751,31
aabac283-1e59-3d32-9ddc-29f03dec1e77,3bd17675-986e-382c-a582-8fbd32de1064,42.63898,-71.321141,170
1ea23b41-eb44-3458-bf19-92b8110e92b0,e380d6b5-8dfa-398e-9498-2e7e57b0972e,42.262428,-70.79888299999999,96
f6bf2068-21e5-3652-83a8-9cd64396feba,67f862f0-9a48-3bf8-a95b-cde4979ae062,42.468432,-71.01394599999999,78
fd10c015-878f-39a3-8053-d1fe85211fb1,64151c5d-5722-30c8-8d92-aa59cb6dcfc4,42.158692,-71.521419,60
2828b6b2-cd2f-3c1c-9b98-1b374a41c612,5c55766d-e058-3b97-80bf-f6d69875e984,42.281593,-71.242414,88
1d582853-1241-34f7-b64c-50d3762aca2d,297e845b-327b-32f5-a78d-5885ab951c05,41.738479,-71.165065,400
9e6889d1-ba0d-3f62-a17e-0db983060e40,1c9f06a8-38bb-3d07-99b2-176d626bc4c2,42.012797,-71.336578,244
af30e8ab-c7e6-3809-9599-88e393769117,aeb088d2-fff9-31fa-a081-aef2d585e089,41.579794,-71.081822,82
f37b2c3d-eed4-3f42-b61e-7a1b3ad1a17a,18880276-6c57-35e7-bd08-c1f86549b7cd,42.205416,-71.00216800000003,38
1568988f-367e-3847-b544-c4ae40689ae6,a988d57e-cf42-3ca7-974c-8e73877083ae,42.261006,-71.008988,97
495cf00a-8e2a-3c1b-9d55-2b23c3e5d2c3,e7b1c64d-6e41-30d7-bd3b-5e171fbc7744,42.45184,-73.260685,35
905da331-41ac-37b8-8b88-b09b6d3467f6,d9242200-7588-3df0-8ff0-61a45b07c487,41.718217,-70.901151,1127
414188cd-123c-3ee5-97f3-b53094899a47,b0d46e53-6b47-354a-9ddb-9ed9302ae9f5,42.224096,-71.54048900000001,145
a63e39d9-3e8e-3d91-9e47-760771861170,9f599d0e-3035-3db9-9499-4283ae8eaf70,42.411887,-71.690005,67
6558e7f4-59c3-38c8-a888-681be1b62ba7,2d2e766a-9f37-3888-84a3-4b9d0dd617d2,42.138838,-72.755911,272
11633455-87f3-3f1e-bef3-c0bb56eaf529,4c6c368b-e4ea-3cf2-a4c8-dd2cfa905849,42.742751,-71.178588,120
11f31ca4-a23b-3e96-b32e-b9d134e4270c,8de13ae4-0690-388e-b0be-ebda7bbafc24,42.468432,-71.01394599999999,324
eada053f-8b55-368c-80c9-fdf7e32d5e06,630fd121-46d1-30e7-8a66-d5c08d43ec93,42.418722,-71.163912,47
ac916117-6bd6-3767-8710-b707278069e0,40e2b485-8b21-37eb-b619-11c586ea7548,42.146286,-71.255604,74
30ce8ab1-8cab-368d-bd1e-f356431b02da,a21fbe89-efef-32ae-bedf-3368fd42408f,42.574174,-70.95051600000001,49
b3b6c7ee-2234-3eec-b68a-6920bf29c4ed,18473570-fa27-3388-a254-12325e3f4113,42.601977000000005,-71.81586999999999,184
24aa30d8-b09c-32a9-a613-69b21efd355f,492d0ba4-6fa5-3c26-be48-daf9308caf55,42.206676,-70.94584499999998,39
95d61ba8-94f3-3b78-aa7e-86d091a44293,585ca21e-00e8-3c7d-b21f-70e863497cd2,42.340233000000005,-70.883301,60
da2de9ad-dd00-3237-a6f4-bb5d5e1ffa47,b96d72a6-2414-3527-9421-a4b40d4b721d,42.241557,-71.082432,305
4e6a7294-9236-3799-b8fd-f17eb881fb98,3580b164-4e83-307a-a5db-ca8085101d58,42.474208,-71.097665,105
7725fc45-0451-3ab2-8254-27aae0af0d78,c45acc18-8f1c-374f-8f31-434097ffe510,42.323853,-71.142003,72
de26c00f-1ac7-3b6f-a30e-57eb85e655b4,4546473c-afe5-3569-8066-00e1fe785348,42.42938,-71.058706,227
21b354bc-c1c9-3937-bbd0-1f7ea1695720,0adcae32-d793-3d15-9a5d-d59c40cdc32e,42.50436,-71.064061,117
119e6e1e-4638-3803-8859-63cbd9843006,be6bebd2-6550-3ab4-a81e-97adc328af38,42.455723,-71.05901899999999,18
7457753d-0ea2-3379-93f1-8781695b22ba,5445cc47-4b0f-37a6-9223-418b20a0693f,42.299625,-71.52842700000001,359
fb52f469-1eb5-3b8b-86ff-182e07673b7f,00065b1c-5e71-3da5-907f-e9fc33eddbbf,42.093596000000005,-72.321494,516
14e8a81c-1b31-3e5a-9d3f-11aaf69dd5be,9a6b5abc-68be-3ee9-a7d4-52f615318596,42.241557,-71.082432,96
df07d6a8-5ae3-30a5-a560-8ad966cd8262,2081b743-fb07-3f55-a1f0-1d4334fbb37d,42.017302,-71.21641,92
93e7d249-904f-3354-b9c1-8a7229b20b37,d6f70545-31f4-389a-903e-adc1279e5ecf,42.119006,-71.10365,69
dbb2ef07-05e6-3893-9653-bf3756f131a7,c4fae5dc-ed58-338c-8639-d1967012ab27,42.418722,-71.163912,102
051543b2-2a3c-3ee1-bdc9-e59b6d917c85,c1b667ba-5964-304a-a10c-6d090e75b860,42.33196,-71.020173,53
1596204a-0b0e-32c2-a9db-c05dcbb0de28,c9216d86-bc94-32af-98e6-3efe8e0bb31b,42.256691,-72.158169,237
4b730394-56cb-31e3-907b-48124d304809,50654b55-65e5-3fda-94c1-a6909b912217,42.447924,-71.776045,84
d9d73720-d0dc-3361-916d-e9a1def1a8eb,5fc5349f-9ce7-364c-96ce-9a27873204e3,42.468432,-71.01394599999999,426
ea6e8323-120c-3514-8851-cb25516b1c80,ac49e33e-3594-3285-8b45-a0e98c3dd883,41.987196,-70.74194200000001,78
a1f6f0c2-6a5f-363a-8fd2-a81676f8483f,c2c9a655-efd6-36f5-af9c-3dd46c1f7a03,42.311693,-71.940282,295
4baac2cb-c451-3e8a-a66a-3e9e2e446d9e,78f24216-8805-3436-ae9f-53aa1cb276b7,41.930477,-71.046214,31
b524e8f3-488a-3228-8a13-aa0a4447f4be,baa6f347-9f26-30c5-8539-3dc015beedd5,42.187364,-71.195971,30
88fb381b-4e74-368e-95c7-1604e72842e7,3c459c2e-dd57-3035-826e-e58822a09bb8,42.564647,-71.164516,172
27baf5f8-7fff-3159-8bce-32007c5eb0f3,20035438-faf9-3434-b171-8bf6dd712735,42.390445,-71.101033,89
b92f62b9-c05d-34e0-9d59-a3a5b15875b4,816b0379-f752-3a7c-bcc9-b4a29653122d,42.062378,-72.498111,41
8526cfec-f90c-34cd-bc2d-1abe417117e5,df307868-cb89-31d5-8894-1ddbc7f7fbda,42.429688,-71.512514,468
54dfd2f4-54f1-3f62-9084-b337be2addb3,ad2e928a-bfad-3ec0-ad3b-d3baf5048032,42.503227,-71.201713,65
9b5c01b2-3f15-35f2-aba5-680412040f67,a5207d31-ad44-3807-9b19-03da35e04294,42.158692,-71.521419,47
65d70917-1426-39b5-b0aa-0a7ace177b61,d698d921-afb1-3c4f-845e-a1710187c4fc,42.284822,-71.348811,68
5e4d476c-1f0f-3199-98f2-857950a287e6,e9396f5d-5d9f-38e1-9f01-14df52e277e5,41.647227,-70.249978,65
667352f8-eca7-38bb-9d9d-f7c0aa29b893,49bf5812-29f3-32c7-88de-329eb3864885,42.05257,-72.777353,524
7226394c-d74f-383d-a417-27cf749454e8,03b9694a-0380-3bb4-9878-4b260179ef63,42.246872,-71.179462,202
9f026362-4681-38e7-853d-1c8532a685f3,26f6db90-c68b-36e2-84d4-4bc34f61f4a6,42.564647,-71.164516,138
b166e454-b39a-3bb5-a2c2-1a90569a79d4,9aad70a5-7d3c-3907-8177-b56f43db7005,42.610513,-71.007118,89
c38b59b8-8b95-3b73-93f9-a75536e3d61e,99bf348f-27da-3998-a51c-3116f8cc7f20,41.931653,-71.294503,50
de0e7b25-2090-30c4-8906-5da9dcd6c4d5,a88ffeae-5f8c-31a5-8940-721a44591084,42.355801,-71.862574,143
73d4dbc1-39fb-31ef-a04e-0531ba57b436,c4aa5da1-049c-327a-ac70-caea79514b36,42.574174,-70.95051600000001,93
c10eb247-3edd-3b6e-8c16-a4342d4b99b9,02da61f8-334e-3033-b13c-80b74a947fb1,42.488769,-71.154438,29
8c7e89ab-437f-3937-9d2a-3eeb58b0df13,c237e4cd-adeb-359d-910a-c5173d5e762e,42.388921,-71.24226800000001,104
68aa705c-ec62-326d-9ee6-9b6ec3962003,a012f4a2-ce37-3ffc-b5ba-5acbd5975469,42.851284,-70.955837,102
6cafbee4-671f-3ab9-8187-0650acce0bfe,1976fb33-5ea0-3308-82a7-df537365de28,42.535183,-71.105423,66
83f809c6-1481-3a0b-bd91-9e0ddb31ed7f,5658e650-d352-3802-a515-531fb7169b15,42.356491,-72.568632,53
a1c4d8d9-dc3e-3fd8-8757-bab157b1b316,cc29d533-313f-3dc3-8163-30f6b804cc62,42.534279,-70.969782,100
98abbe5c-6140-3cca-9603-81ece0d95947,97cc2f81-ed68-37ff-ad8a-37dcb0849589,42.331876,-71.208402,64
b65c4af1-709d-31fd-af7b-98852652adf0,f87dcec8-ac58-3712-bfd3-58b4b358a12a,42.33196,-71.020173,118
ca0761fe-d30d-3497-928b-1e794d4471ff,25863dcf-f0f3-3bff-b6a6-7e300c068f07,42.33196,-71.020173,35
a4794000-0f74-34d2-82a5-bdfcec639b9e,4fef7da2-d425-37a0-a7fc-4ed10f6afc68,42.421005,-70.99036,116
2e8dda35-dcc8-3718-835e-f8220fbcc08b,2db889da-7f59-3bdb-9f98-4d40f24a2540,42.116244,-71.329274,122
38b7392b-cfe7-3f68-b87c-bb497ecbbd71,0269fb69-594d-3cb3-a711-3c391e96f434,41.834412,-70.957166,42
ce7433dc-f7db-351d-9a7c-634d1cfea5c5,8114ba40-cf04-3c1c-9d25-ee5d58bab117,42.205416,-71.00216800000003,72
d99cc221-1522-3c51-a68a-ccf72d34577a,fda3acf6-ca1e-3622-a3f3-dee5bf7749b3,42.178993,-71.052654,95
aefeadae-09ec-35d5-ac38-f23535a54d0e,2730d749-fd01-33e4-a950-72b30169c510,42.205416,-71.00216800000003,35
2318edce-c23b-3fda-abbf-66480666a8ce,5865a96c-0de2-3dd2-8c69-6ae31cabf407,42.261006,-71.008988,206
cb738992-5435-3238-b084-a0d974e2a069,e2c52e44-ff5c-3548-8cdf-a22fc3fc7981,42.307905,-71.436196,45
251799c6-2228-307e-b88b-2b4e80fb871b,27e68156-6498-36d3-a70d-8cd73f34cf90,41.897892,-70.62403,114
cd0e97d2-48b5-3846-8579-8078db1e489f,cedf1d8b-c543-30ce-9475-78270638e419,42.556659,-70.84496,54
1d96f606-046b-3d0c-8f40-9b53f2f474bd,0f905f08-f2ac-3fae-b1ed-37e0130abd94,42.269478,-71.807783,59
4c7fc163-ef33-3aec-9148-4db1a26473e7,da03cd54-f758-3328-a315-eb74bf45c4ed,42.084858,-71.41057099999998,117
f207854c-14b7-3bdb-948c-dc871640d35d,609fac07-24f6-3226-9b18-dfced9b2adf6,42.269478,-71.807783,36
45734ead-f45f-329f-91b0-46d3dfe65a71,b10cdee7-8421-3cef-a191-364fadeffd9e,42.33196,-71.020173,104
eee6110b-bd8a-3c25-8c70-1c940e6fde41,e6bb8889-527a-3cf6-a671-6c96239ba7ee,42.164569,-70.818844,85
2b7336be-42b1-34cd-811a-7dc5a2f3dadf,a1331f5d-b18b-318a-b376-81d14db5983f,42.670643,-71.602858,388
882217e9-f98d-3d9b-9855-dee3f4b9a887,476a6290-43dd-32db-872f-9c7ad4f04d56,42.468432,-71.01394599999999,96
8ff9a6e3-ddda-32bc-b0fc-5c317f39bc30,ba5bd9fc-2f16-35db-83a1-5d6b4f585f99,42.62885,-70.685875,80
7b0c82ed-5a2c-374b-8b06-8cdcec707981,c4aa0990-a6d8-3d5f-a6d9-f640761ec82d,42.468432,-71.01394599999999,89
4252e6fe-3bd7-3ef5-ac75-fe4568902f2c,3e8fed1d-b032-3042-948e-2a320b945649,42.445222,-71.23001500000001,20
b99f8366-1059-39b6-b2da-38f1e0fc20f2,42155e5d-1678-389e-bf85-3af30a5700fa,42.284767,-71.714228,154
8cc8481e-0ff4-3dfe-8db6-44eff8f08fe2,5994383c-0e58-3f7d-ab03-114a9d5b0021,42.488769,-71.154438,13
e2876f9c-da22-33ea-b0c1-34381877f142,a10f00e4-2521-3cd6-8cfd-7e5b20048852,42.164569,-70.818844,77
3e00286c-2a62-3b92-8cb6-ba45b220c6ec,fb10e721-8a1f-38a9-881b-665feabd8832,41.758163,-71.21418100000001,88
af15adf5-2801-31a3-b8eb-1fb95b2cd4ef,95bd7def-8211-3967-9f4b-8de39f9c0bf8,42.187364,-71.195971,69
1df7b834-7d6f-3d1f-ae09-7e4d0e4f4c97,7cf88261-a2fd-3156-b396-6ec0641abc2a,42.33196,-71.020173,138
e751b974-6cf4-3d75-a0d3-0674874645e2,1776755d-7040-3d15-b588-d67de0149d76,42.314078,-72.777977,714
00055fcf-e5bf-36ab-8120-1eee34fa0a8c,3d98a940-6fb3-34af-8854-97ae5b045ea8,42.323853,-71.142003,67
79eb46ae-2b5b-379e-819d-9fc3497f10fc,ab2c9205-7101-34df-bdbb-84ac18fa33bc,42.423844,-71.10923100000001,100
57f50a3e-85cf-3735-a2c8-a981d0006807,40dad8ea-2b20-3ea5-89e0-2ddc0d51b3ce,42.115454,-72.539978,23
bac426c7-495a-350a-8bf0-564839b0a180,678bb3ea-12b1-3476-b8fd-07a7c7376daf,42.017302,-71.21641,39
18724e40-f78d-3b98-b29c-cf48239959e8,b13e475a-5977-300b-825c-87bdaff11d89,41.647227,-70.249978,71
862c0c99-da4c-3478-9072-12d3f372faa6,4697833c-eccb-3805-ae2b-b464f87e1c0e,42.261006,-71.008988,122
617a8c8d-4861-302d-be9a-103bd1da21ba,8205e567-db57-3f4c-9daf-2d5b409eebb4,42.700273,-71.161357,136
df5891ad-f49d-341c-9b55-4e6a6fbd6802,ddd36418-49d0-35fb-882c-45d12c8349e4,42.520876,-71.770611,36
54a43af8-9961-3c6f-bc6f-9243f4a5d45e,2d8afc8c-9d35-3e5c-bfaa-da963646d830,42.597055,-71.3697,157
ec20cf04-b4bf-3439-8df6-8d4e4ef93679,1be0f903-835f-3472-8ddb-ec66b56cd4aa,42.195951,-71.45343000000001,64
7d2ace0d-92f3-3578-b588-e01efc7c17ee,2b70d27f-4d03-358a-8c90-9da210c78172,42.474862,-70.96218499999999,81
6578e309-4f21-3291-85ab-06df3e28333f,ae072d0e-0be7-3627-ad1e-8be87110de63,42.499295,-71.281889,134
4f02e0b3-d646-3f92-bb42-2abbe36e7d57,21f0e30d-6c39-37cd-a963-1853cb645795,42.261006,-71.008988,197
01c8a14b-7af8-3754-ab65-29ce4e49efb8,85a17c88-2aa9-35be-8eb0-1d265a64fcb7,42.782945,-71.087436,33
262980f5-cbcb-39e9-b3fd-66ca24bdc31b,6eb642c6-9c0d-35a4-af6d-a29b6bf0f59e,42.226949,-72.74158800000001,220
e43361b4-6181-39a9-a16b-43ce3c0bf1ea,0edf8992-5b46-399e-b893-bad48709e8ca,42.844794,-70.841499,82
13fa96d2-cfd7-3181-987b-a1f816b3719c,ed03dc2d-0567-3395-92df-4c18d4993565,42.405938,-71.054649,497
f7a875e6-fe50-38d6-8561-4bb4ba3063b5,f2a15c32-6f8c-3760-9c6d-07f9304df038,42.474862,-70.96218499999999,61
e4ff76cb-1db5-3a85-a482-46ae5cc0923a,994af828-ab29-31ed-bc6e-e441c1aed486,42.33196,-71.020173,75
3f3a6557-993a-3b7b-93fd-68cca55c1340,dc4038ce-46ce-3540-8beb-506b56b14aa5,42.454125,-71.87754,297
0dc9440e-4b8d-31e6-b146-276fa11e0326,d9a0f7fc-61df-3052-b0da-6339dcf4b3b7,42.133935,-71.968025,280
e9acd785-5550-3607-9de8-584f0e6ea468,586a18da-302b-3bd7-821b-3acffd3a9025,42.30539,-71.28366899999997,45
0623a69d-9c81-38bd-b88a-09d7ed272fdb,f3079beb-eff8-3817-a339-889120335756,42.369417,-71.785036,165
e6992bfd-4c11-3670-812b-8e3e3417ddc8,7828e5ea-1d0c-3cb2-a168-cbca730c12ee,41.791736,-70.75787199999999,456
f321dccc-bcbe-35b3-becc-ab3b2772e683,5b6cc27c-536c-3e5c-a05c-b743e7132452,42.206676,-70.94584499999998,76
b38e20dd-5689-3827-949b-7182a32439bf,4aab2639-bfd2-3987-b372-c54395f7c0ae,42.418722,-71.163912,119
436b6ad5-e736-33c5-9632-f1c87b048fd2,c17db94f-4d24-3c3a-bc46-ffc9fa86e212,42.246872,-71.179462,49
2a08214c-9c4b-314f-a935-80b904565c3f,c60b66d8-ce80-3d94-b4a7-2d97367a801b,42.61176,-71.565269,170
a417ade5-19a5-341d-9f3c-782e441880fb,e9e2998f-97d3-3f88-8ee8-82660c5ddfce,41.748854,-70.74053599999998,280
14f45da4-2db4-3bfe-bc39-36215ba16f9a,9c79fc9f-bb9a-3688-8081-884489fb66f3,42.064024,-71.248401,133
113b9b97-45f5-334c-8a89-1ef888264e37,75ac3572-9c8c-3e6c-b960-51716a14a483,42.499248,-70.898204,98
7398b740-4b79-351c-ad24-6e701b1e25cc,3f184cf6-7894-3394-9d90-cf8ff5c7e6cd,42.108463,-71.185182,134
196f6d51-f757-3a3f-9448-06961e73eaa6,fbbf379a-2cf8-3818-b3ff-62f88d68ce77,41.987196,-70.74194200000001,56
fc044284-de68-3ea5-aed7-7e3ac63d85d4,2b88ea9c-c3a2-30b1-85fc-3f4cb3019ea3,41.706839,-70.75095999999999,62
84a7c58a-1ee2-3390-ba01-3f7c17134039,ef3ba8f6-dfc8-3bc3-b630-dfceb54940e1,42.241557,-71.082432,90
236038fe-3a09-3ac7-b415-b5a77de9144b,be82172a-e898-3b0e-8e57-218acbc9c657,42.044307,-70.70604499999999,78
6817699c-9514-39d9-ba7a-ed4b25b1bf69,83188445-c098-3b9d-8223-ef07041c1985,42.597055,-71.3697,114
f3e53b64-3745-352d-8e9a-2e773d9fe19c,3fe0fb59-f52b-3323-8fea-d05ccb31a177,42.421005,-70.99036,96
d4212906-b149-365e-acce-c8ecb776eec3,0ac2db30-f3cf-3db9-a0ac-236e1b382b70,42.261006,-71.008988,88
bb0b8b55-e5bf-3544-943f-5033ee432832,bdbe5a28-66cd-37af-b959-ecb293bc6908,42.700273,-71.161357,69
e5661986-7fd7-3ac3-a8ba-307c9eeb5ebf,127d0b28-580b-3171-b52a-7dd93083d1de,42.423844,-71.10923100000001,102
58f8133b-22e7-344f-acae-08f5022eabab,a73cfcec-4977-3efa-8352-8f37a9e5bdba,42.390445,-71.101033,135
413a07fd-3ac6-35cd-a8e6-eb9d17d403bd,bf2f2ad5-a590-340d-8092-4e0355d30f36,42.455723,-71.05901899999999,72
8ff85486-8c42-388e-a5f0-3c520d2f1581,5d5c77b2-f5ef-3180-8966-7475a3f4642a,41.617623,-70.492713,60
61b86b96-f84e-3cb1-b4d5-f56635576f37,ddc7190d-25d4-31fd-9eae-3a4ef512c259,42.33196,-71.020173,94
f24c95b7-28e9-31f9-a11b-d92070e3d5b1,0adbfc92-86b4-351b-9c0b-de45963055de,42.119967,-70.957211,130
dfa7c1a1-dcec-3f66-8a3c-550bc0aaa065,af53dd55-d014-3c53-a196-7821b6dc2a3f,41.56651,-70.958229,63
36efbba4-6619-317b-9342-e31d80cd2fa8,62b534eb-cbbc-3c46-9f95-ef4c35a6b359,41.617623,-70.492713,127
e3641289-40bf-38cf-8fb5-6ed6539a6d55,7af15bd8-12c4-397b-8018-a1dd2c1085a7,42.241557,-71.082432,218
2098682a-c565-3674-a53d-fb944197b973,4afe828b-d23e-3b89-afa4-f2fa00720415,42.535857,-73.24113299999999,320
63097824-58f4-3459-b3e6-2eecf36daf7d,524d48e4-dca4-3148-be1a-c6a4c7087ed5,42.084858,-71.41057099999998,243
c41df499-ae1b-396b-bc8f-4cc4b3ca56ac,f99e1ab6-356b-3d7b-ac1e-43282af0f318,42.612088,-71.227845,133
c24d0650-c9a4-3699-b3bb-3c68a1fb70da,e7ebe10a-fb5b-3ebb-a53c-479e26da27f5,42.305932,-71.282917,35
390a594f-9730-3bea-b45c-8f1617aa599e,f03d4e07-ce1f-3cd8-b666-97fd4ecbe1de,42.575924,-72.229618,85
430b7ca5-e2fc-39f8-9ec1-63ff10b99c83,a753da29-339c-3004-8a03-fe9b98c04d80,42.452752,-71.144319,88
80a3afd4-f75b-327d-91e8-cba1640b1a14,934f4ea8-157d-3c1e-806b-7f8a9ec92a84,42.256208,-72.58103,256
f8aeb875-0bcb-3536-ad5a-4f86ffa172fa,81d97677-f9f6-30ec-b5e9-efba1615787b,41.782888,-70.5321,206
f42fe177-c2d4-36db-8b6a-552c14880782,04c749da-634e-3e9e-9806-a5052635370e,41.738479,-71.165065,519
a9a0756a-bb56-3258-bc0a-dfd3c83078bd,5a42df82-d0fe-3caa-a454-11a30dfca65d,42.33196,-71.020173,42
c3cb84d7-4b56-3c30-9876-e4b2ecc726d1,436239dc-a195-38e9-bbb9-663fe338c0c3,42.27901,-72.400468,91
0fd12f38-3956-325e-bbb9-39d4fea4e758,bdea7937-8a09-3972-816d-98dbc1b47c0b,42.175668,-72.572257,418
386a7710-7efb-34d3-84f0-06dedd16e1f1,1d2e3ec5-b659-361e-902f-f0d92ca9c751,41.662727,-70.357208,7
503119fe-cec2-3140-96a6-326adb51c719,313016ee-d594-34a4-b180-6053dbfef778,42.597055,-71.3697,48
2c7c8aea-959e-3c87-8de5-079cffb8b524,4c8ab5ea-8f75-3a89-8c25-853811d0f9b5,42.115454,-72.539978,50
d0be5319-73ba-3edc-b95f-cb043399c7f5,2a1d6d3a-985d-31a9-94d4-7447457cf2b7,42.012797,-71.336578,141
199b96c8-4731-37ed-ad6f-d5784d066560,2a994f69-042f-3e02-a223-acabc117d94a,42.002634,-70.86370600000001,255
4cdb96c1-f469-3573-9043-c1ba43462ea9,b3633532-6445-333c-82d2-d2575d840abe,42.224319,-70.880673,155
85e45d20-0109-3240-8abf-fa2cc15cc4c5,d54ee3e8-ab72-3b86-9193-52d3c0a62d9f,42.462911,-71.364496,35
5f53e510-5924-3f3a-a399-f7a0072a157f,d8a8566f-d94f-3f66-98f9-3f3eb22fb6c1,42.742751,-71.178588,79
e5c2dfeb-2d91-3a0d-bd18-85522389c712,3ea5b336-3cb9-379b-8a93-327c92d5c646,42.700273,-71.161357,115
0061a7e1-1dd4-3500-96ba-8999c8a3cadd,a7d76183-97c6-3804-93aa-7919103d1c6c,42.468432,-71.01394599999999,333
bd82bc0a-91d8-3b8f-be09-18b418b5f8ec,8b372f3b-8269-325b-99c1-b7e8b581ae34,42.307905,-71.436196,76
902c096f-da8f-3cf2-a490-98bbd23235aa,aa7c6dc9-941b-30a5-b26c-a4d52076bcec,42.648044,-71.161751,95
2b7be6f1-76ca-308c-89e0-affc82315d9d,740b5dfb-075d-3b29-8052-55d810031939,42.27901,-72.400468,106
61832ad7-124f-3988-bdeb-6a2cd5f52469,e2d35592-abcc-351f-a2d4-3fa262538e31,42.782945,-71.087436,172
00fa5609-9d6f-380f-9d26-d740adbe9744,a005fba5-3abb-32ee-a26d-afcde0315ead,41.662727,-70.357208,263
37e783b2-2991-3489-a2e2-ce3c567a41b0,0ed718c4-40b8-3766-93b7-26340d316499,42.303174,-73.233924,151
9abbbcf1-5c9d-3dc3-8ec9-d150cf3d0143,97179142-2148-3672-ac5f-9381171147f6,42.488769,-71.154438,66
224f8a4c-b541-3771-b89d-feddc3265a66,0034b3d1-3272-316c-9121-2667387007c2,42.742751,-71.178588,59
4339ff6a-5c4e-3215-816b-d0b8d85feb07,2fae7095-f7b6-3502-8163-90fa64f6b57b,41.834412,-70.957166,112
43049910-3ea1-36b2-9dfa-e3922c57a404,586d90ae-7754-30c2-996b-9e62e75227d3,42.267564,-72.06687600000001,1377
5fe6df36-31dd-315e-97f1-02ba2d7bd71f,10f2ca93-5e73-30e6-8bfc-da69039cc127,42.224096,-71.54048900000001,223
885c7ca4-aeb9-3843-ae27-d1e9011baf43,fef87045-3268-3411-a5e1-3f2687440985,42.610513,-71.007118,192
53acb378-a012-3e00-9a13-6dbb3683c514,04831a0b-4b17-31f7-96de-88a95271d2f8,41.972376,-70.978773,53
597ff40f-5d54-3d80-8517-1e68ed19c559,df03c022-3869-3737-b15d-761ed8fb7538,42.206676,-70.94584499999998,35
a0664c83-17a3-3afb-bd6b-9e01e96cc311,d810cb87-d968-35f9-820e-e0bccf3c0467,42.305932,-71.282917,136
1f1a8487-855b-35a9-9338-630ac4585c0c,75129c95-6874-320f-a066-c232963ec3ce,42.307905,-71.436196,108
c7bc2df1-c532-3607-852b-0a70f88e0452,95199bbc-9339-3835-bfa5-2a5ca6b28de6,42.305932,-71.282917,14
2f78e96d-ecd5-3a67-ac84-32fb8f404f44,3e259e26-b940-3d73-b9eb-201e266b9ebd,42.126883,-72.430952,54
c03b261b-fa59-3a2b-93ec-132619aab76d,1803cc03-7913-3aac-9187-5c27ca8607e4,42.556659,-70.84496,51
299bb7f7-a567-39d2-8e65-0aeef97217fd,5f5140f3-df3b-3af2-bc42-a671fc6a5a28,42.129251,-70.908736,366
ce80466d-08e9-3967-8859-07b64f178290,92377c0c-4047-35a0-86dc-870e614099ea,42.670643,-71.602858,400
4495b421-885f-3eaf-b470-8dc4f9828ecc,37bb2c25-7cdd-3516-af31-2890349fe018,42.269478,-71.807783,36
b48637dd-6efd-319f-9035-79a284089b4c,141cb98e-6812-3da4-bfcf-cb14eb345a00,42.082543,-71.024638,69
9fcf5d76-de25-3fb7-abdb-e3bf71a7bd2b,73819875-9953-33ae-b064-52981173cb6a,42.305932,-71.282917,31
e3d1d806-bd79-3bbb-b33e-2ac9541ce618,fec69aaf-68b9-34aa-8f17-f651ee67b771,42.612088,-71.227845,252
b8a245a1-de55-3ff1-ad90-633d8411c1c5,3278c48a-aff0-3325-ba4a-5bb3eae5304c,42.390445,-71.101033,57
04978919-481c-3cc8-9c21-176ea0ee7376,88e4e804-522f-3b0a-bd56-4668452dff5e,42.175668,-72.572257,321
0d1026ac-3194-32ca-8d0f-f3b007f2dc0a,cd78e27b-c9fa-3144-80b5-c67a7bf4ceca,42.067804,-70.805713,332
1e1e589a-c46c-36eb-8242-459540130f2b,297e1559-3ab1-3ef0-b269-bdec39f26a10,42.327044,-72.67463000000002,110
18079840-e840-304c-b5f4-b252575ec4e4,56a5fff6-d948-32dd-9f2d-90f1a46a5149,42.269478,-71.807783,51
21d94bdb-3b9d-3c68-b19d-b3c89f591898,08061cd7-a7b6-3ce7-a74b-0296560e57b6,42.331876,-71.208402,50
1f4c00a6-140d-3b74-b2cd-296af1fc93dd,ee643956-0707-3655-8c92-eaed0ec0fb12,41.738479,-71.165065,202
c74dd42d-2fc7-37e7-905e-07135f93a954,6c8d3b5a-4441-36ec-a8d5-d49adca16bbb,42.269478,-71.807783,61
690d12be-e5c1-35d4-9008-5af5bfe8495f,c47a0e8d-2047-307e-b72e-ae461ed1aa42,41.903324,-71.094987,28
9b99f227-af87-35db-bbe7-cebfac6b1a7c,f28ce7cd-867f-3431-99e3-ab62ed072852,42.421005,-70.99036,268
29be833b-1f7a-3053-9b6b-98db5f2ea48d,c1f6df80-fe5e-3a72-bdbc-7093801ab4ad,42.578222,-71.084398,195
766670f5-5357-3de1-bad8-10fcc90bac9d,1ba2e1f6-bba6-3b63-911e-ee8b83730080,42.423844,-71.10923100000001,122
8d46ebb8-1075-3050-b94d-0f27e4318168,a0acd405-3ff0-34d3-9025-db6860a659bd,41.646686,-70.999158,65
32476722-d25d-3aba-8528-65d8b4454d7b,fbf269e9-dc84-355c-b1de-8873a0e28068,42.62885,-70.685875,145
3c0c5d10-357c-3ce2-80d9-00d2e7d60285,60015aa6-4ab9-3aff-b72c-e1bea873597e,42.125451,-72.649734,96
e31a0e58-a4a1-3c20-acd3-6e0f863eff30,e46b96a5-54e4-34ab-89d1-54645eb2ce6e,42.206676,-70.94584499999998,45
b72943c3-8ec5-3d43-b65a-7e7b4456c045,6c455375-25b6-37ae-9f2d-2c2130fa845a,42.256208,-72.58103,52
3e70a812-54e4-3ab8-a3e5-47b67eff049c,e93c1d51-6721-330e-b9ff-95d2087b6e6d,42.782945,-71.087436,34
1e2bea80-1e22-3b46-b679-2c3149abfa96,9b9ceab5-ab59-3135-970f-45fc218e884b,42.33196,-71.020173,140
f22f7d0a-75b9-324b-972d-b584a6aad39c,58dc1aed-824b-30c9-9f6e-67c20cee0a6c,42.675551,-73.11810899999999,14
52936a18-3b4f-3201-8287-1ab96bdc7e24,e77320b7-d6f9-3218-a39f-81d6e344a6af,41.931653,-71.294503,254
983e5d15-ff29-3277-970f-ab4af6ccafcd,b1782f9b-dbb7-36cc-9a9f-d82689a7e27f,41.646686,-70.999158,81
75ae2c3f-df02-3de8-81e5-6e3d40538d05,bf24f5a7-6c7e-3e72-b31d-aca37d5fca33,42.084858,-71.41057099999998,165
f28b9174-72b9-3158-9f11-8ca45e2cfd8e,1cf35b8c-ec81-3f61-b821-3b9bd05656ab,42.053072,-71.752241,435
ca6b8f13-d76d-3d5b-80a5-09f9ea9565fe,173fa89c-f765-3117-8fb4-141a54f4b96d,42.700273,-71.161357,112
ffb5fe6f-f203-3e34-a89f-b7485c890ed8,ecbce38f-199b-308d-b53f-90a4b62271ef,42.115139,-70.71033100000001,54
8409b7b4-39a9-3158-88df-d9074d8943b5,3436a0ee-a02b-3a27-883e-3d588af835e7,42.455723,-71.05901899999999,60
e31c42e7-4b0d-3c7e-bd71-1ef81a5c2627,5eea8ebc-8657-3681-a781-b01da9aacab1,42.246872,-71.179462,73
72a9163c-bde6-3a8e-8e71-5c65f0008c43,ce3e8f0c-4256-36a9-81e6-da05c5226103,42.284767,-71.714228,154
6ccabd06-2615-3856-ae35-7484d6874cb9,afab4f90-7459-32ee-b0e2-8098e831667d,42.578222,-71.084398,125
743edf00-3efe-35db-a594-ded69ac797d9,39d74afc-b103-34df-8571-dde59b8701b2,42.45184,-73.260685,128
e28197a5-b9a3-3c5a-bbe4-05deeb5304c4,68d3d96d-1cfc-3a8c-9985-bbe0457922de,42.175737,-71.125385,52
c9e6ff05-c05f-39d5-ae8d-9c7a15f2c8b4,621d65f9-71e7-331a-8abc-619959ca90d6,42.175737,-71.125385,33
e4119999-bb3e-339f-a899-b3ae0e217771,3ed98587-8c4c-33b4-9cbe-ec7fc451d2b6,42.64042,-70.77117199999999,223
0b35204f-f4c1-3a5f-aec6-d8e68f557297,0be7e592-fd37-398a-8f8f-7b0d6ed751ca,42.405938,-71.054649,169
3954fd9f-4f5c-3d70-8456-6b1bfef6b50a,cc55a45b-da92-3627-bbdf-2334698c7739,42.211656,-72.642448,81
a3106a63-a45e-3988-a174-4ace7d9b7fe2,03196bec-0c19-35bc-af2f-dbefb979cf6c,42.241557,-71.082432,357
4f4cea97-6d5d-3da6-b8d3-387c284a2333,045f8f40-8a09-3de3-90ff-3d4783ae8a7f,41.71746,-70.591824,124
2b428afb-be93-307a-bd90-98a04040de11,8acdc9ed-79b4-378f-9f2e-73841f346a69,42.047565000000006,-72.57113000000001,276
46ff79bd-99e0-3034-8250-191859b0b44d,71420873-b305-3b85-863e-9dd40751465f,42.115454,-72.539978,139
38cd2daa-f1bf-3d41-90da-5f252ab80198,9e2804c2-dd28-3eeb-a5fe-c24d79469ee2,42.597055,-71.3697,100
08b89491-3a84-39e2-8b9e-e1f5e92df436,128846fb-8f17-39ca-9bc6-f65e0d3aa34e,42.421005,-70.99036,257
63148086-baf5-3fd1-8e90-e1c01b0a3100,61b5df88-742c-3ed7-aa4e-c681665bf99a,42.559673,-71.260947,155
ca500964-9abd-33c2-ae45-7d78a13f51a2,060d4631-3566-3d04-9205-2827b0f87c2e,42.396824,-71.031348,495
9ce4ca61-5fab-3521-b224-642585293dfb,28f41db3-feb2-39c7-a230-06c4ea4ac70a,42.187794,-72.30846899999997,23
c19cb518-1e65-371d-8432-845c6526991f,f14c80d1-186a-3f01-b86c-4c3d4c10b387,42.390445,-71.101033,314
026083b6-ec3a-3383-b100-d4b18d64fc9e,200fda80-4f41-3747-bfb4-5db70c2e3868,42.125451,-72.649734,103
eae75d08-9c6f-3b83-af4b-32f035438618,4a9de4a4-b2ea-30db-a41a-cfe4831650d7,42.369451,-71.177925,44
6f3ae376-f0ae-331c-a146-a8bc42c8ab9f,bdd22eca-f670-301a-816f-d7496f9a4f86,42.12826,-71.8671,238
c59a1d10-27f0-34f6-b646-d429f52b0cbb,54f6fc59-7709-310f-9249-1e92d0464b00,42.578222,-71.084398,214
d558ee81-0c00-3b85-b37a-8dc7e08a9d03,8f0c35f7-110c-3529-93bf-d2f1da436200,42.064731,-72.653477,85
91f18695-b2a9-3d58-ad93-3309192d7e90,badf8786-3500-3828-8da8-7efb361040e5,42.164569,-70.818844,60
d1a07c74-0da9-3a83-b3cf-3bca329c061e,7edbe23e-e109-318f-a0a5-f84b73a3e14a,42.534279,-70.969782,38
9921edeb-e573-3246-80d8-4cfcfaa9f44e,3574e4eb-6db9-3ebd-82ef-8e175ebb7845,42.564647,-71.164516,174
cbce2787-df38-3d45-a1f9-61e012c3c93f,c8941d2f-cb16-3485-9b6e-e12db3bf3645,41.562579,-70.587349,81
243f3fcc-ebb7-3612-b0b7-d4041e8f579e,100b141b-3f51-3916-97e3-c6a74f0eda16,42.021617,-71.026717,180
df7cc901-3ec2-369e-89c8-3407230c3631,15f294ed-fa83-34ad-a6e9-9af44f43e603,42.082543,-71.024638,88
eec36995-5559-3501-b962-4b06a81f90fa,870c851a-1a2f-3a4d-b01a-6572b6f4f042,42.241557,-71.082432,74
59789159-5127-3f21-b6e5-b45e278c4d1d,682d6a3c-36bf-39ff-b4ca-6c0af054c7d0,42.62885,-70.685875,73
0d5be9a6-ea99-35a3-81bd-3c3eb533fe58,911053b1-92c8-3fde-b7e5-4b0a7970974c,42.363534,-72.50729100000001,88
fcc09fac-b245-3838-990a-7643d791597c,f74cc006-4808-3122-9608-a657726b7d21,42.115139,-70.71033100000001,81
7ae37fd9-9723-3f7a-9984-a8719b8c19bd,af1cd5f0-7b52-3b1b-b207-e497fca9715e,42.388921,-71.24226800000001,104
147e8142-ccc8-315a-a954-45eb929ef49c,ae9c5def-3186-3c7e-9474-0e2bbc76500a,42.390445,-71.101033,231
3fb6c653-08d5-35ce-91b5-7cf6085fd533,6732396b-4891-3ca3-89c9-bc55cf462878,42.418722,-71.163912,104
d6f3f6dc-9373-349a-a468-43c9f1c55e18,8b4b677d-7657-3423-9604-b1411b0bd7ea,42.418722,-71.163912,52
53685db2-cdf7-3520-9d31-31534d7be989,75198e43-d0eb-3238-b867-d3c5e96a50c5,42.383367,-71.42107,16
52faf49f-39b5-34df-a795-6c84a263f689,c9928575-774f-3a63-bdf0-ce99213e6a27,42.520876,-71.770611,58
a506aa35-b400-3dde-b6e9-de715c8641d9,85a35717-da6e-3d79-91f8-b73bd935d370,42.499248,-70.898204,47
9e5a8dbe-4633-3bac-95bc-5cefbf098c51,71563592-b688-3ac0-8f7c-58f804689ece,41.662727,-70.357208,234
f3e4f5b6-abc4-3d00-b7f2-59593e46f726,317b4c11-0445-3de4-9079-7436349286e9,42.355801,-71.862574,193
a206ef3e-4cb0-3925-a326-a79242569296,2cfd240e-3280-34b6-96cc-daf60ad5d14f,42.132461,-71.054013,697
61f62789-44cf-3096-adee-6035ad9a26c9,82233603-8bae-31b8-9681-6c58b95f09d1,41.725351,-71.094162,59
9c82a2a3-413b-3c68-91f9-64644fe39c64,fcb3d1bd-3f39-3b21-a60e-cc8e59e9e99c,42.390445,-71.101033,95
e922d3bf-f7cc-34b1-98cb-b5833efe75db,8ac504c8-dda0-32bb-84ba-ac4054249e8b,42.782945,-71.087436,119
0195bdeb-8ff0-3b5a-865b-861a3f59b6b3,d7a5b414-4f73-3970-9816-042c410874e2,42.183577,-72.457812,163
d107c01f-6b1e-309b-afab-cff4479e9637,ec4d78b1-5947-3274-ab29-1a733fa41970,42.267441,-71.617492,260
a4ded99b-542c-36f8-bff0-df926f573f8b,36c06fcd-daf1-3e5f-869c-f0af0809c8c4,42.42938,-71.058706,125
4afc9793-f3b2-343b-8e13-cfdab40a21aa,42a836e3-7889-3d7c-b80c-98f1ecb1ae65,42.742751,-71.178588,133
d0bb8ccf-7ef4-3245-b83d-64ee5313e3af,0fad13aa-142b-360d-8730-56777abc3e9b,42.047565000000006,-72.57113000000001,200
8d4d8374-c3be-3710-8dff-07ae42b5e0d3,d2a4bd57-1be2-36e9-ab40-fcfb1d35228b,42.700273,-71.161357,90
21c1fa4f-cd67-3be4-b1e1-33c550421d66,a8f9d89e-2e7b-31b9-8055-c7bbb71a5b4d,42.42938,-71.058706,228
45d347f7-2b5a-3ba9-bffc-5c3084aeace5,de004a50-64ca-37eb-bf70-d5589fa7999f,42.405938,-71.054649,268
af59ea31-bf58-3532-80a5-4a8ab9fa107b,4706fc4b-7f42-39ce-925b-42befb4a2bf2,42.612088,-71.227845,59
5dcd1801-e6dc-340b-99d4-7f00d00ac86d,f842c306-8746-31a4-a740-817ff64d755b,42.052671,-71.356858,162
17fa86ed-71be-362c-8cd7-32dd87b43266,463296bc-5a7c-3412-b888-eec038ac8e1b,41.738479,-71.165065,394
c31a8f9a-636e-3780-a44e-d1f99ba90139,2a01f15c-e34c-3b5c-850f-7e4a965561d4,42.017302,-71.21641,97
d952465b-42c2-38bc-9145-015cdb8064a1,05466cb7-f3c0-3bcd-8f9e-421e6547cb51,42.782945,-71.087436,140
fbcbe078-4f09-3526-83df-2e8f66bf6a95,b84fd170-71a9-3989-bb5b-b0810f6f5410,42.483569,-71.675585,263
e65f5b8e-227b-3849-8226-d6df15a6069a,d948f0cf-9e57-349a-a42c-c4eeaf974bea,41.931653,-71.294503,110
793e34fb-ea17-35b8-a35a-4320aba14958,4923d713-e409-30fe-93ed-349d6588ef4a,42.269478,-71.807783,67
403ef6ff-5b4b-3e7f-abf2-ee7aee4b39bb,e682a95b-3bf9-30e2-93fd-82ec4201808d,42.499248,-70.898204,63
57f9ee53-d8a4-3cc2-bcd2-409938b784d7,ff038275-29a5-32b0-918b-fae967a15738,42.123007,-71.53140400000001,245
83f33e15-55b0-3b6c-b8ad-eef403981fc7,d877ae2b-1320-3f54-a507-60cf1c5d5c33,42.700273,-71.161357,46
df4bf3af-89e8-34b5-9455-ed919e38a1cb,c3cb8431-f347-39cd-a26b-dadc38da9fc5,42.269478,-71.807783,40
9c46e198-9340-371a-9698-f41995b7b8bb,addb7e46-903a-307e-8c93-211a08d567e8,42.604845000000005,-72.078823,217
897b37a8-ea23-3ed7-a75e-5795d390e9a4,5bba1a73-d276-3664-81ca-d6057b5b19e5,42.584206,-71.988737,33
56f3a8ba-97b8-3e9c-a529-3c9203e74990,205d602b-242c-36fc-b4c7-1b21da68de32,42.178993,-71.052654,171
1cdcce0e-f80b-3766-9daf-05b790b806fb,6a76e4f4-0938-3078-8561-943669a44f6b,42.064731,-72.653477,83
754610a7-13d1-3a37-8bfd-a3392d09e3ff,842a065e-d670-3f99-ab33-1f1b2ac73478,42.488769,-71.154438,40
df87a3ef-d260-30f2-b889-4ffd91b538fb,7072b5a8-243f-30fa-a229-0f98f101b575,42.673909,-71.091334,26
13e9bdcf-3632-3c1a-923a-7b6365e89aaf,d274fa4a-665d-3edf-bbee-4357bf9fcf7e,41.725351,-71.094162,36
7c410f82-3dd3-3614-9b82-85b6fd102856,b4fbf217-ac7b-3ecf-8c1a-d607c1d4f0db,42.183577,-72.457812,134
8cdbfca6-eb8d-3a11-adc7-4b16755a39b8,fe1f500b-42ed-3a07-82b7-2dbf36420387,42.535183,-71.105423,87
999ba10e-23f9-39b3-960f-c22954df0281,6b8c3c74-3579-364a-96c2-4f518cbdf3d5,42.673909,-71.091334,73
fb9e79bc-6f3a-3fb2-b52c-7f0122ba2a42,c92fdf3c-5959-37a1-b12e-b668d9552fdf,42.349617,-71.547214,30
ceae7386-e25f-3e83-a9b0-209686bc3d4f,2de5e3ae-7d0e-33aa-9f26-32db17b00518,42.782945,-71.087436,63
49881c54-5669-3888-a799-d923de2983c1,396de9f4-6276-3b5f-9e79-3b886916b9cc,42.33196,-71.020173,102
75e00baa-a2af-3235-991c-fecb0f91caea,c988b6b5-0e79-3f8b-a3b5-103bdccf96af,42.405938,-71.054649,428
5ca77afb-fc76-3935-9870-19065d424171,4f0a1843-c819-3964-a2e9-2dab906b84bf,41.738479,-71.165065,413
a28fb18e-18b2-376e-a7c3-953c57f08848,f017cfb0-99ed-3c5b-b98a-9356bda3de8a,42.119006,-71.10365,45
b0ad1f0c-88d9-340b-b5a8-7809074f33c5,f9953306-dff0-300d-9b9d-7535f1a4dc15,42.63898,-71.321141,137
0b5dc09f-850a-3431-90bb-6e65776ec490,72617006-1a09-3d4d-8951-a90efae33fb7,42.742751,-71.178588,65
a648b4de-66dd-3ab7-a19f-3094d9957900,a2aa3931-2b4b-321c-b199-d6efdecbd327,42.423844,-71.10923100000001,18
514117da-8e37-374e-8af5-03330e691d46,150d4bec-d11c-3014-8818-45127743725d,41.838061,-71.07761500000001,1601
3ec7894d-70d0-38fd-826d-6dd33bb33af8,8701d298-d21a-37d9-b8cb-748ecca3b3dc,42.851284,-70.955837,53
5b444160-659b-380d-8566-f81fba64a46f,e23d9fdf-52c8-3168-a479-a339b5985ce2,42.164569,-70.818844,34
bb9fee94-820c-3dd5-b0ac-d493558a4403,ba55a743-95e4-3d49-98c9-fa5a0aeb6ad7,42.164569,-70.818844,83
d2085695-91c1-356e-b86b-6df795a7a181,7dbf8d9d-fc47-39df-9e54-649d6eb4f8d3,42.33196,-71.020173,56
4080c6d5-1f0f-3adf-9e1c-d4e7e7267587,e2a663d3-7fe3-32b5-8c77-c957f04843e2,42.679723,-71.30068,140
458eebf5-0594-3110-adc0-fb995e36ba06,322815fe-2d29-3fb0-9466-f66d4dd5796d,42.219645,-71.216768,81
2f6cb2b7-f1e8-3580-b3bf-f324426beb77,30b4f3d3-716c-31b6-805d-6e9a19433f6b,42.383367,-71.42107,144
47832f42-0e8e-3282-a8e6-97683eb2e9dd,e993c5ec-0388-3a43-a38d-e3b0a8049529,42.474862,-70.96218499999999,45
900b9987-35c1-34b6-81fc-2030e5f2d7e8,a0cd0d7d-bedf-3eb2-8bc2-6499e5452043,42.452752,-71.144319,191
de7fe7ac-7147-377a-8fa5-eb9b62fb8e5f,c751d105-cb51-3156-9c01-f66ede8a9948,42.119006,-71.10365,113
4116f26b-6043-3dbf-903c-3a8ef78fc638,bc31e46e-89ff-307c-bff7-89264b60ab58,41.45716,-70.556101,29
dc1868b3-3e77-3800-8d54-23e6df0b665a,09a25fac-6e26-3099-a620-38874d9ae705,41.617623,-70.492713,48
f2a19d2c-7793-3d75-9c71-152d8d24cdca,20169b35-8e4c-3124-a736-8e5da9c1000a,42.146286,-71.255604,57
3a7925ba-cda6-3b65-8571-7a38de0d63bd,f2b1ba87-95db-37e7-8095-34148678aed8,42.356491,-72.568632,80
6e745172-7293-3927-85d3-8771866e9f76,058f3334-93bd-3ba4-b50c-a431464ecc63,41.621629,-69.98195600000001,160
76a86e97-afcb-3f65-8642-4886ef851b21,85b02c71-bf0f-365f-a04a-7cf20a974e4c,42.178993,-71.052654,64
b8bc1edd-7514-3fb9-b53a-7686171b05fb,08a7a201-23a7-3794-88cb-3e67dc0ca6b0,42.323853,-71.142003,70
1fb39e31-b797-3a88-a22b-423a6940fbad,22161150-62a9-3839-9a7d-24f8417de078,42.187364,-71.195971,49
fdac5dba-f1a5-3695-b753-86e4e2e4b072,01523a12-2582-3d28-8ad0-499bf8e10454,42.683108,-71.01833,95
2a0bce06-d8af-3e05-a5ee-a191af62d245,5706c92d-4ff2-3c9e-a7bd-87efabbb9e1d,42.679723,-71.30068,120
e075346b-e3de-3592-850d-806433c3fa27,9ec912a1-ecfd-398d-9598-2eb62511975b,42.418722,-71.163912,68
096855a9-9630-317a-b890-833cdc84f6db,927eb0a8-c2d9-3c94-9741-4ce636ae4b06,42.061338,-71.245802,80
edb329b2-2fa3-34cc-9fe8-7d1f29b3e2e2,111a0f3f-830c-3966-a8d7-19066f77a5fe,42.367858,-73.269763,106
7c5b02fb-7a29-32e7-a5a0-a76bf7bef9e3,fde2b034-57ff-3377-8a26-f8813d30318c,42.585541,-71.44025,117
ec411459-6a3c-3759-a983-0c8a0f051adb,6e7e5caa-cd2a-39f4-a8f1-ae3849f2469d,42.323853,-71.142003,114
0094e3c5-dd4e-3c97-a9df-748363d39eb4,309bf71e-f778-34c6-b5f6-8b04dccb336b,42.122956,-70.85631,42
1c6496cd-c837-35a7-9865-9f488c071ec7,f90cf2ac-d428-3efa-a247-6c92373a5996,42.376043,-71.11868,26
da133cda-1a81-33d3-86dd-d06780c7dae6,a169e166-6db0-3ae6-93ac-bfcba0271b9d,42.33196,-71.020173,106
105a6d08-0f8c-389c-82e0-f42b82be7d80,ecf470ef-4528-358c-9c35-a99dc2d4a9de,42.445222,-71.23001500000001,138
15726c51-6e1b-38ba-a275-f6b8426e3bd7,1f81e515-13a6-3108-ada8-3364041d6653,42.574174,-70.95051600000001,75
0b11f9e9-a68d-3f9d-9b80-bfa0fd3e4871,bc43d0e3-1e93-3129-b411-b4e6cfc45024,42.499248,-70.898204,125
849d7339-34dc-3f52-89db-7e48d582f833,e47f45c5-4046-3f5c-a384-4b2be04177b6,42.376043,-71.11868,117
4fb09761-cc8b-3044-84e7-bbce0feef2fd,d67076df-aafc-3cec-9060-f87af7bb8c49,42.405938,-71.054649,60
ad9d1344-4a66-35ab-9a30-7b51c623b684,e7701776-6395-3d0e-a314-50de600db578,41.70692,-70.221117,134
ae6a95bc-08d9-3a9c-a5bd-e552e9d195f5,63b76bc1-924b-37b9-b45a-9d7b445f6ec6,42.535931,-71.490569,268
69d9ac1d-5d2f-33d0-aaf6-0e5a6264a221,cc1ea87c-8030-33dc-8414-818c04ca9e79,42.388921,-71.24226800000001,152
9d1da252-98fa-3cc4-bcf5-43d4e05ee317,2567a7b5-eed4-3251-9936-8cd456261e24,42.119967,-70.957211,478
c5c9a6e4-ede4-3aff-88ec-b6d42dbd6cbf,219754e0-e530-3e9d-a496-987d1d7c8705,42.468432,-71.01394599999999,219
d25f358a-5e9e-3874-b91d-eced0bd369b8,9cb9c46d-64f4-3f51-9cbb-f16b27e8b771,42.175668,-72.572257,483
eda3f09e-5b8b-31a7-9519-20299273d714,e9aebd7c-d425-34c9-b73b-5d9052f737bf,41.646686,-70.999158,90
759a542d-3c71-3e12-86c2-f0239089aa22,d2ba9e1b-e40e-35cf-a5db-43c23085b67b,42.158692,-71.521419,150
32b6da58-d5a7-33f5-b46d-fed4ad3a147e,88a103f9-8486-3619-a47d-756669b258d0,42.62885,-70.685875,162
86e27c55-5ff9-3b13-8dca-36b4e977d7b2,e20b66bc-e239-3b8d-bde9-a3d60a4ea27d,42.156203000000005,-71.43034499999999,91
55e56a6f-d220-3a3e-bf2b-119889e1bcd0,fabab181-7986-30c2-9fd1-b22aceaa0d6b,42.455723,-71.05901899999999,66
df29134e-b309-3b1a-8233-0a277b83b3dc,a47ac040-7f95-3c74-b14a-afc7cf78361f,42.349617,-71.547214,139
0b93b4c1-2814-3c61-8783-7e1a65848445,39f0d0e7-798c-39cb-b2d3-73f6cb7dfed4,42.499248,-70.898204,81
b717c852-3c39-3610-9a8b-21e5e2b922bd,95fc9ceb-0603-32ef-96f5-2879bcf795d4,41.562579,-70.587349,19
dcc83027-a5dd-3dee-a7b2-219532c3dcd6,d6ad3c27-4d55-3dc7-ac0c-46eccfbde4e6,42.349617,-71.547214,82
2794aa12-7237-349d-b283-2a2b366cb519,9f45296e-fdae-3bd8-a39f-203097f67847,42.269478,-71.807783,31
45d6d2de-1042-37f5-b47b-c78ed6b0a389,5e9cb3b5-e586-38b7-b621-5eac9a6aec60,42.067804,-70.805713,55
c67a842f-0b72-3503-864d-736738d822b7,0062a6b9-da12-3306-9ab8-08d5274892ec,42.574174,-70.95051600000001,86
3bf1e907-02ed-351b-9f9d-0d99f997c0d4,d1b0d71e-938e-377a-ab38-5c60f7ebb7d9,42.119967,-70.957211,268
615f3a5d-5142-3492-939c-e12c45f11bb9,6e0ddf7b-3aed-3426-b330-f8273486fc7c,42.610513,-71.007118,20
5a48d605-d521-3374-bc6f-99f98a4fc3fe,56009a3b-88bd-3894-a333-a946761e7699,42.047565000000006,-72.57113000000001,93
13679a46-6211-31cf-a0e8-54892019606e,4a1c5788-d5c9-3306-a691-d5ab7725c49d,42.146286,-71.255604,184
d46c09a6-3612-3871-a267-591b065abe85,a06c5c41-c336-351e-973e-56695f62e9b8,41.903324,-71.094987,128
12f36bcd-8894-3e3f-a39b-7efb64f9f4bb,f6217309-da20-3d63-bd16-33250ce11e66,42.224319,-70.880673,94
92033d5c-5294-3353-95e3-9fd7e0391f71,e2dfe21a-f358-3353-af76-a43dfcaae4f1,42.33196,-71.020173,41
82e25326-3441-387a-a3ea-2f379d594ca4,c76fcaf7-ae7f-3999-ba09-aac5d80e11de,42.601977000000005,-71.81586999999999,82
890f7623-0a81-3e95-bc24-abd92c68969f,3e738ec0-03d3-3bab-8420-dba82a8d3a47,42.269478,-71.807783,67
1411f006-cacd-3395-8883-38297668e0b3,6a2e1a05-cf61-31bc-98b9-622c5c70fdc4,42.269478,-71.807783,28
8fbf7e08-ea99-33ea-99ee-7f07d5428b48,d74bb44b-c6c8-31ce-a319-08aa325b71c2,42.488769,-71.154438,64
6983f882-1794-31b2-a5e3-733d7f9f4736,b41f43a2-7b1c-3a74-ae87-c01f4431a99f,42.178993,-71.052654,115
44b2ed9c-c170-30ee-9937-2bf895362b4d,3e996505-f29b-369c-b5dc-cbeecf19328d,42.224319,-70.880673,46
2a63e91b-457d-34df-901f-c013ae169001,43118573-48f9-3d27-b5d8-3089535539fb,42.178993,-71.052654,121
9e95b937-4807-38f7-9b85-2f692fdb5c57,bc6a4461-00f0-3ad8-8e14-d0f9dff1183e,41.646686,-70.999158,58
e09c19d5-b9f0-31a6-aa9f-e270588e22fe,101218d1-91ab-36aa-b58d-c0bc85db26e2,42.383367,-71.42107,212
464db809-2835-351f-97fc-00bbea0cc91f,18f848b4-507e-377d-90dc-250529de54f4,42.115139,-70.71033100000001,143
216716a4-5594-35a9-a7f5-b820b0affd10,3d09fc75-2c98-3e97-b417-e17a6b977935,42.122956,-70.85631,25
b18fab50-7d92-3ad0-890a-964f1ec060a9,f3b73817-43cb-3762-8353-bcfb64aa9b10,42.132461,-71.054013,995
f2bec0b1-e276-383d-93a3-7c4e635b1f21,f8d44d91-ad4c-301a-a677-db07b8d818db,41.662727,-70.357208,197
89d88d4c-e74b-3e80-a6c8-c7006477d969,2c3e6615-030f-35a7-aeb4-f32bbb83af26,42.198708,-71.846006,141
9ad00fe2-7dc8-3b7a-a453-a736d2b5504a,db6bd9cc-7e09-31e3-bc02-7138105c7661,41.738479,-71.165065,302
48e01e95-d038-3eb9-9fa0-98814f92defe,addd95be-90e0-38a3-9374-7eb592db58c3,42.742751,-71.178588,38
cce5c0c3-232e-3c15-aa6f-702bbb581cc6,cf787aee-85f7-3eb6-8c68-979e57dc232e,42.844794,-70.841499,63
a1f71311-55ae-3bde-bdb4-0642ee45b794,27d4e863-778c-33af-bf36-1d5189b84558,41.293416,-70.10216899999999,73
6c804952-5b93-3543-b6ca-53b8ca83bf86,448ad6f9-2331-38dc-ab08-ae3c8523f143,42.468059,-70.89126,84
2ad29754-2734-374b-9364-2de798754626,6d9fbe9f-19d9-315e-9acc-f55abdaddba3,42.499248,-70.898204,100
8dafb487-f5d4-3038-bbbe-ebd3d8af6e7d,24bcfc89-997e-3a62-a6c3-83ed31af8901,42.390445,-71.101033,174
30a960b6-b33c-334d-abdd-2a686ca1bf3f,914801e1-8fc0-3c39-b292-e9f9e022dcd0,42.782945,-71.087436,43
8c3e4f61-1ebc-3b40-81d5-73242a842836,616aa60c-0364-3315-ae16-7133ae5181bd,42.50436,-71.064061,97
8d682d11-7c50-31ec-a50a-1fb01404e07a,7ecb0a57-e409-3e2a-b9b5-90ad98e81c57,42.418722,-71.163912,58
01e92f7b-1f55-3806-a325-5ea5a9b84863,a257a71e-5197-33d8-9915-08b8e55b793e,42.452752,-71.144319,99
8ca4b7a9-7ed1-357d-a196-5216314bb056,d7f47dad-65d2-3783-a15c-943e30e41df9,42.356491,-72.568632,60
fde9b9a7-1825-3a04-8f3d-062a2d704a7b,3c8b233a-6c05-3357-b6e0-97306efcf971,42.388285,-71.969865,462
ac31aac6-77de-381f-9af8-26ef54998d68,18c9efe7-ec0e-3c35-b58d-738000e2036e,42.061166,-71.643628,103
df465356-68a6-33ba-95da-5f82df1b1a38,772b7fd3-c914-362f-974b-8f6301620b1a,42.395317,-71.180284,146
9f6bccde-f8b2-3475-888a-e30e5ec0eb95,3d7afe44-caf1-3223-ad8c-fa03f3049ef2,42.284767,-71.714228,100
972c604d-9933-33ba-905a-9f4bd00f7afb,75bc27b3-2841-3c4f-9069-13bed81bfa6c,42.430995,-72.642437,321
7cec3717-35f5-3de5-8c38-6da94c62a050,bd8121a6-06dc-31be-93fa-a87e9529b7c2,42.133935,-71.968025,90
c2763fee-273f-3b69-9e85-1ba2657a5977,e6cb1370-6713-385a-8501-b9d1ac1471c5,42.082543,-71.024638,77
3090c8b8-d884-37d6-aebd-fc43a97162fd,42c5a8bf-8e61-3c9d-aea6-52b39de8c1d8,42.742751,-71.178588,67
2463cc34-fd8e-3286-8ffe-4b54d00c51c7,1d338369-5e39-3e2e-a5d1-25811f387339,42.376043,-71.11868,140
ec1eb551-c753-36d0-a053-a6051b8aa32c,a5279ffe-ed11-3c48-85ac-93eb2e3a37d7,42.119006,-71.10365,132
c28c5d2a-ecd6-3151-ae3c-eba6b6663850,b6cc5a2b-26bc-32df-ba4c-622162a8a584,42.504256,-71.588513,120
5262876e-5706-31fa-856e-d280aa4403c2,a1990b63-4dcb-34ff-a398-7c405998740d,42.700273,-71.161357,22
5d0eb83f-388f-3e6d-9488-246c941e0c5b,34da1272-2634-375c-a06c-854c2b265dc1,42.566573,-71.575135,67
ede37a88-6606-35ce-8ebf-7294b8ec3847,002e2835-8925-364e-9942-1616fee0946e,42.281593,-71.242414,101
d1e477c2-f3a4-3c22-a536-dc9f4e56c0bd,f145bf02-f5f9-36d1-82e2-8c7863f95673,42.534279,-70.969782,63
5ab4b937-9c11-3197-aee7-e424a0645fe9,04c878b3-7f98-3a42-8e7c-ac12f1b79f85,42.205416,-71.00216800000003,147
805a455f-ce8c-368c-8b54-6b60c51e69c1,bdea333f-75aa-3da6-bb15-c02294f7775e,42.076682,-71.47449,342
fdcb28dd-abe4-3a49-9e26-740607ebd8df,822a6b9f-da15-3cc4-8436-ab61474f19fd,42.66816,-72.055644,145
3db8f12b-461b-3be0-bd24-3b3807aa7eeb,aab10ef0-26bc-3c95-a668-82bc87494cd1,42.585541,-71.44025,14
749aa2e0-9692-3daf-abc3-0617c060c3fd,26cae56e-4ab7-3af6-815b-96c5cab3ceae,42.499295,-71.281889,129
ac839fd1-052e-30f8-9378-6ffcda89e68e,2f2fb5b0-eeb9-30e2-a3f6-b16c54daf208,41.706839,-70.75095999999999,97
bafe4a5f-a8ce-3eee-bda9-ef392e334d22,8e7be35d-c07f-300c-bd19-ffd1933e3e8f,42.119228,-71.67182199999999,160
fa7c43df-9c0d-3cb7-832d-9bf7fa218530,d0450ed2-7925-3288-970e-34eb2412042c,42.488769,-71.154438,18
5d7e74af-766d-3e33-9054-8d621f998a3f,b4ad3a53-b080-3f70-9395-fdffd3ef2c9e,42.126883,-72.430952,282
810b2ce5-ee6e-33c9-810c-70add36c2c0e,b760f74a-154d-3af7-95c2-aca2793c04ed,42.307905,-71.436196,51
fcb3d2e1-8368-3642-9cbd-ba7174b832b2,5a5794d7-84aa-3346-9dd4-202e7059dd68,42.63898,-71.321141,149
227bddc6-f0e5-3595-8f19-4012bc7d0d0a,c19b68f5-1d65-34f6-934a-2164e13cb866,42.067804,-70.805713,92
b7397a22-1205-33f3-961f-893e70c4eb22,c21ec1c3-0a39-3a6f-9a58-7a9ef6674fec,42.173103000000005,-71.36375600000001,11
3ea483bd-afcf-3353-b72e-318f3e50b8dc,2d9ae0d5-a477-33ae-b0f2-10a76a0dec27,42.503227,-71.201713,162
eb3e10ff-7d64-3cef-877a-1449144348ee,ab1c8dc4-42a9-38f9-a663-2f21f25b54a6,41.894223,-70.925689,31
a6b086e9-c488-322c-88db-7722cf461811,f43ccb73-d283-3d31-90d3-58e65ef30d0b,42.349617,-71.547214,698
c47ccfcd-d43b-3bea-9f0e-5967e9960aca,c7459800-e42b-3144-a934-59585c9eacff,42.125451,-72.649734,249
cc49279a-d6fc-36d4-bf5f-ed20671c4dd8,721db17d-064d-3781-a57f-84525b1bbd66,42.534279,-70.969782,63
e0b5ba63-ebf5-3abc-8e90-9fa32be20adb,84bdd93a-847e-3a6a-a121-b47247198077,42.206676,-70.94584499999998,83
b8fcec3e-e728-3b22-b60e-43e7bfff9bef,2acd3148-fcd7-3092-8cac-60cafaeea43e,42.53662,-71.36183199999999,330
61962c56-444e-3e44-8ae2-65616bf56839,f6c2b64d-f11f-3472-8fbd-d51b47f00987,42.452752,-71.144319,0
f269136f-3ed2-3bee-a055-2811aaf9241b,f6c2b64d-f11f-3472-8fbd-d51b47f00987,42.452752,-71.144319,0
5255f749-897d-3872-be13-c5c73997023e,f6c2b64d-f11f-3472-8fbd-d51b47f00987,42.452752,-71.144319,209
677fc2ff-0597-3762-a9bb-18276098fa2f,f6c2b64d-f11f-3472-8fbd-d51b47f00987,42.452752,-71.144319,0
d06595a3-f058-304b-b5a9-267dd8eba476,4086c6cf-66f8-3610-a1dc-d66e53f67990,42.675551,-73.11810899999999,31
b9eabdfd-74ae-3042-bcc8-260caaba7d27,f75d0f64-ce0e-3e37-9671-4d29d4ed8c81,42.323853,-71.142003,68
02878550-b408-3455-a2ed-57a283dc5473,4409c5e7-33d9-3c5a-83f6-28da324a5f22,42.037278,-70.94045899999999,150
f033cf2b-d3d8-3d41-969e-c6a217e12f50,1194315f-86cc-3c84-a983-15c606369aef,41.903324,-71.094987,48
7ce747cd-f4cc-3b05-aa5e-ad39638827dc,a50de302-a771-322c-90cc-fde2ca9ed1f9,42.535183,-71.105423,7
6bd272ad-f4cf-3e39-b8ab-aa577c86badd,a0e968f3-04d5-3aa2-9f35-4acf973178a2,42.520876,-71.770611,154
b1c8ccc4-15aa-37f4-bc63-311354c7e77c,c70f789a-e244-3048-bbb7-c786d3f5de9b,41.70692,-70.221117,171
7985b7f2-2d44-3564-b0c5-cbb209626ff9,3ce346d8-9c09-302f-8028-bc24362d6074,42.12826,-71.8671,182
e1292fbb-26ed-3d9b-87d4-c02c9faeccd3,f5639b29-b611-36e6-8a5e-3f563eb21fad,42.331876,-71.208402,67
c0461086-b8fa-3772-b0d6-7fd64d7474ac,e558a841-bed0-3621-a3ee-714565723765,42.158692,-71.521419,37
d511e02b-98b6-314b-9999-79ce5f431c59,32a3df52-42fa-34f3-971b-5e0e24abf3d3,42.108463,-71.185182,47
78f8601a-2ffc-304e-b259-f9a1d19ce1aa,e949fd38-f011-3e21-96d8-e0a4a3003daa,42.047075,-71.845805,57
c32dc9b4-06f9-3b13-9069-72fc99283288,462a7426-bc7c-3914-b007-243f6088f23b,41.897892,-70.62403,45
7f3efbd1-89b8-377a-bf6b-30a708961a7b,772eb155-3d8e-31bf-a659-161f32d45dd4,42.305932,-71.282917,32
a0afac8e-2365-38a4-ad1e-3927477dc5fc,c0d7e651-6997-304e-95f6-4d023e3dbfb8,42.187364,-71.195971,37
e79b2da5-e8ae-3b13-84c6-53526bccae90,b90570c0-c0d6-3c37-b373-5589fa23f584,42.206676,-70.94584499999998,205
b5367c02-509a-3dae-b592-039dbbd32c7f,55be545d-7a9b-3c8e-a163-b12f38fd030a,42.323853,-71.142003,45
f29d5540-4f3a-3566-a323-e49e83603e8a,ca4c6eb1-f07a-373f-8cd5-15ff8ff8540b,42.556659,-70.84496,72
ccbd0745-37b2-385a-83f3-e0d0d50c9ed3,282c2d6b-b99f-3e42-a46f-3e6f12a372af,42.331876,-71.208402,46
c17d7c92-1170-35e0-841a-290d3b7a9ce1,f492f007-5ade-3144-8594-41fefeb19dc0,42.269478,-71.807783,40
4635907a-1f5f-348f-90ee-aa8b40f87ef9,faa49f7e-8729-34d4-be47-2eca22456dab,42.520876,-71.770611,12
3b3248e5-a662-3d6e-b24d-c71a84fe4aba,35e645f3-be0b-3c77-a35a-9fba727854e5,42.585541,-71.44025,83
e71cf164-4f15-364d-bfc9-fe13ef00ef7f,0834a7a7-9b70-3a27-a095-6dc8a1e13ecd,42.503227,-71.201713,43
e55d3c75-aa8d-3bda-b531-6e110e279729,be64ec84-f784-3a98-a674-aa30e60be912,41.641994,-70.630719,69
59fc0572-03a3-350e-a061-0d3d0c48e6ee,7638b2b1-dbae-3cf5-bd72-676b736b7c87,42.429688,-71.512514,707
1ac6b63c-7c26-345f-9550-43eb7acd92a2,618121e5-675e-3efc-80a2-e6aac5a65ed1,42.062378,-72.498111,139
c0bdd0b6-afe7-3bac-8f22-6fa527001c68,e31b013c-5d22-3904-9b9c-ae8f1ce5690e,42.614671,-72.597063,122
d8981a01-8670-3b2f-aefd-25a05346f4e8,e0ca0c69-8ba4-35e5-aa72-ea06997ed383,42.397559,-72.943392,520
a47501fc-c5ff-3fc9-85cb-768038f9fd43,6aa97fbc-0155-3e88-8bbd-c727f8d90401,42.742751,-71.178588,24
9be6b727-8921-3990-a775-bfb602f8c995,89e64f66-2fc3-3d70-b972-90bf999a052e,42.30539,-71.28366899999997,41
5daac369-741e-37ad-81a0-1a7fc91149f4,7a7ce0eb-7a23-3f7b-ad09-d9a47677ae3a,42.269478,-71.807783,123
08cefa11-6178-30cf-9a06-a0d488b2725f,dea603e3-1eca-34ac-a7b9-566138fc878b,42.303174,-73.233924,96
a813f164-8ccd-30a7-9d0e-fc9c8d1f5757,f3167fd3-4c11-3173-bdae-f72226c39285,42.742751,-71.178588,50
b7669c32-39c4-3a6d-b782-eccf98044842,32abbd7e-d140-3002-a3d1-d2da53ac96f4,42.047565000000006,-72.57113000000001,94
c87e037b-90cc-32a7-9e05-d7fe182f61ae,32964c0c-da4b-316b-8c41-fb19f4b93789,42.284822,-71.348811,47
153ec914-e0b1-3c84-bbc3-009af4ede73f,7596f38c-d46c-3be1-b263-c676a4f3fe5f,42.355801,-71.862574,84
b41b635f-adb2-39fc-8e93-41debad72c5d,16d99802-1091-3c8e-aa5c-11bba4042e65,42.205062,-70.74297800000001,78
b4286683-2ec8-3c1f-be0a-83ef49e5ac25,6cc2cf18-3ca0-3562-a63a-8c22ac7eeffa,42.206676,-70.94584499999998,48
6e73a071-1f0e-3ca1-8219-0e4977cc7301,6e983e2a-5681-3a25-a858-c7aa8e12f2f3,42.327044,-72.67463000000001,47
09504288-1555-367e-bb2f-fa2343e4e3b3,9ecd29f6-9a10-3d24-baac-b98f5db48e4f,42.012797,-71.336578,171
79702e4c-58ec-3bed-a5ac-b38edc5f38b4,f07e5882-5522-321e-856b-3899eba890cf,42.62885,-70.685875,51
05a985fa-da36-30c2-82dd-29535698bc4c,f3f82927-e5e9-3e9d-ae00-e588b180680c,42.499248,-70.898204,129
d31b87b4-fa33-390f-bbf1-3cc893044c6e,2fd9bdee-861e-333f-abb2-52f40dbd2e97,42.261006,-71.008988,140
bd20cd23-17d6-38fb-af66-091e16a8d091,3d469927-5cdd-38a3-966a-02cdcf03e42b,41.725351,-71.094162,39
ae01b626-6e16-3f6e-8e8a-bac96be201e4,620d4a8a-ef3b-30c4-9c58-a409e8f3b7f1,42.076682,-71.47449,688
2dd75b47-a5ae-3b4d-a7d2-48455e678b32,77649a69-09eb-3524-9490-3459660bc237,42.388921,-71.24226800000001,34
5fa4f652-6eb7-3b15-8703-cb66cc11d1f6,cdf5956b-839a-342e-a407-e006433ffca9,42.33196,-71.020173,91
3155824d-b4e7-3857-9619-e9c9ca0e7d57,0c098ee3-4e73-3a82-863e-a66c71d3bc17,42.363534,-72.50729100000001,36
9f63d78a-1845-3792-bdaa-102cd67b9803,caf86bea-a554-35d9-a88e-e664964ca4d1,42.574174,-70.95051600000001,99
a730d187-f85b-3dea-8387-941e7e6d2179,cb33ab8b-0747-335e-a017-90d122199bfb,42.050239000000005,-70.867359,155
51f9e895-c9c6-3103-a950-6d425f7f76e3,29769c4a-4330-3209-b546-1e1f12c7adc5,42.116244,-71.329274,147
4c60b5d0-a08f-3a0b-a61d-6a20112a7347,932e439b-fea7-3495-a273-a21acba57f3f,42.63898,-71.321141,49
f8544503-ce40-3e2b-8b4b-29b3bdfd3493,e233a38a-44cb-30fd-a69e-eea43240e56c,42.388921,-71.24226800000001,49
13ebe9b6-cf19-34f5-a385-1b27d5dbac2e,a82a3021-10a1-3f7f-8198-678daddad703,42.742751,-71.178588,46
a7ac0bb4-7043-3f79-8e95-5f8270b6644d,fcd63e0d-5f92-3385-9a77-6a6f74d2cb63,42.782945,-71.087436,106
f2b50355-4963-302e-8007-117a77ae5bb3,f48e37d5-6512-38ed-8d91-f215e81e34a0,42.700273,-71.161357,101
0a8a3305-173d-3a00-a72b-90a7d7ba526e,079407c9-4d97-38ab-a0ff-3cb62f8a07ad,42.574174,-70.95051600000001,138
ea8d7ce7-12db-38d1-a178-ea4f0a32d208,ad18df08-2958-3f21-a5af-f62a276ff31f,42.383367,-71.42107,32
7a1ad4c9-5e9e-36cb-939b-9b34c115a2bb,bc90dbd1-2f6c-39b5-95f6-100bb8ce0ddd,42.520876,-71.770611,89
aab16dd8-67a3-3316-9de9-333b39960de0,0eb6a07b-1d9c-3545-b850-b165646462ba,42.178993,-71.052654,149
a513b9ec-386e-34cc-ab64-911f9112f7d4,6a4e017a-9c47-32b2-824d-03ea5f147c31,42.129251,-70.908736,316
62d44549-1751-384b-95ee-3df2ac7785d6,853eb1d0-bbb7-388b-9205-47db3d233bbb,42.556659,-70.84496,75
a33fb184-7cc3-347c-8b55-76341fc5ef21,78698446-792c-3469-a871-fe312b82ad50,41.647227,-70.249978,80
c1d2feff-2b76-3b05-acd0-a3b255943565,e3bb9270-05bd-386d-8db2-d4616822f71f,42.423844,-71.10923100000001,183
9380fb02-da4e-3883-b2d9-c7c2253c6a49,35763b90-63ab-3c6a-895a-8c83bfa6bd3c,42.116244,-71.329274,107
51b351f9-a554-3f85-a231-b516d2660e55,da3368de-5bfe-3b5b-881a-1b5d70a31e13,42.609509,-72.74698000000001,35
a49357be-c1a7-3c91-92a5-10c1aa8654b7,6efc7673-9f47-32b4-9f66-99608d6025de,41.661303,-70.937913,28
d22ea9ed-8755-3d0b-8550-f53272a154c8,515b8d2f-3a37-3efa-8ec8-f9ea681cf4c7,41.662727,-70.357208,72
b708502b-515a-3919-a90b-dcf329ae1ce3,f02902d7-aafe-3630-9022-988251e1e390,42.390445,-71.101033,114
70a5386d-4b70-36c5-90fd-c8860e566218,c7aeb0e5-f9fa-3f89-9591-a90340335506,42.115454,-72.539978,16
e0b0a985-15ef-38f3-98d5-f95e162f8e8c,0508f565-d970-34cc-93a2-ed6d56fd69e3,41.646686,-70.999158,165
532f9dce-30aa-3bfe-a2a4-37f917472638,97566fc2-b592-3431-b994-e54be37eca98,42.338551,-71.018253,54
7e8f754f-648d-3b37-8c4f-a6a92a287a0e,f3889d60-e191-383e-950d-cd066aa9780a,42.261006,-71.008988,74
926066a1-4ab3-3b3f-a21b-f79507997fd6,ad8ef0e1-0643-35e4-ad78-f672554157ee,41.661303,-70.937913,37
7b268735-67c5-3f8e-b8ce-546438f2bd26,b43891e9-15b2-3dd0-ae9a-319739ed65ba,42.178993,-71.052654,31
c8acf1d2-7d72-338a-bbc9-a5eb17841d72,ab5f5275-bbd9-3df2-8f9e-f3568374d4dd,42.30539,-71.28366899999997,75
01b9fbfb-3b4d-3554-9985-06730ef4c127,cca20645-6ff2-372f-9fb3-63842ea37716,42.5546,-71.90544,116
014609db-73bf-3cb8-ab05-3da4c6e417d8,e9079399-5881-3e8d-b201-1d8eef9c5bbf,42.331876,-71.208402,34
ad7aab5b-1ae1-3217-a7ee-ea2994985288,27d60331-bc72-3b35-b479-83a0fe612847,42.017302,-71.21641,42
978727a0-1ece-3c6a-b14a-8940e3affaf1,b676de67-931a-3be2-b6c0-88a269627545,42.62885,-70.685875,107
33188505-c9d0-3a6f-bad2-875a6b9beb0c,1e0c6a22-1ed1-3a14-9769-0fceec8e7611,42.047075,-71.845805,113
fb3590e3-1f0e-3839-9689-5a7562bda59c,3c32a99e-b7c8-3050-a775-6472914edb26,42.246872,-71.179462,119
97547c14-093e-374b-ad74-6ded867c835c,48d63e96-b5e1-3903-b119-ec445ec5dd71,42.268426,-71.613309,5
430339eb-2ca8-3402-b11c-94437f96fa37,82caa36c-22d9-30ba-845a-9d2b0195eed3,42.261006,-71.008988,15
63439dc3-0072-30c7-878a-9f5725259582,8dc3f0b8-58cd-37d1-afd2-cb72501245d2,42.33196,-71.020173,66
2d166462-097e-357e-8afa-a2bb5f82ba80,2969739b-bdaa-358a-8238-b68226093f51,42.376043,-71.11868,60
0c7ec741-a358-3ee8-a296-ee3c62a11744,9316065b-cc3a-3cd6-87b9-d4eeaf739c1b,42.115454,-72.539978,83
032f8c5f-3e4c-33e4-a5d5-babcdb3f19b5,9f4ab7f2-68f4-3c7f-ada2-4e8988752c65,42.305932,-71.282917,38
3daed7ce-135d-3c8f-b16a-af270e848bc5,2a0949ec-6012-34b7-99aa-578fb5e1aec3,42.119006,-71.10365,134
7c5fa1b7-2cb3-3ef4-a849-a33e8fc0aa35,25f6c62e-0577-32fb-bdf9-b9b3c0b3140c,42.495629,-70.83582,128
ac07c60e-b45f-321f-a929-a9a58722bdcb,5e5e6cbb-d926-3c26-93e5-829b93fccd49,42.574174,-70.95051600000001,59
4a925450-87c1-3d0a-bf38-eb0594214148,4d28062f-5fc8-3a67-a85e-26f5bef05e34,42.584206,-71.988737,38
22159b37-07bc-30fa-ab17-8fe919e2e9a0,6f5bcc82-b449-3aa5-89f5-04e24008eb7f,41.931653,-71.294503,121
ff717083-68c7-35d2-99d8-86c968cd994b,6b7dc4b8-cbae-3e45-9d32-8224ca678b8c,42.246872,-71.179462,12
1271226c-7924-3044-b0c5-84eb2f3c3cfa,661a33b4-63fe-3c65-a35f-ba21dbecd5cb,42.597445,-72.555278,74
55a20c81-cf95-3bd6-ba50-edf8ac8bfc50,b5e314b4-2de9-37b0-a773-82975399cf66,42.059669,-72.03404,123
7bf8515b-4330-3636-854f-ad4a2751b978,1c50f045-e0fe-3c93-a5f6-96c38e6c2815,42.597055,-71.3697,39
c282642c-a9dc-3453-a3ad-17b545feab0e,4fa341c0-f4cd-3d61-9216-d4e26bf3cf8d,42.175668,-72.572257,263
50b99901-311c-3cdf-9f0b-6f29ddea1a57,e076e490-31fb-32e0-acaf-48526bbe8c5d,42.017302,-71.21641,71
988fc7c1-b6b9-3955-81d5-a5ec7738d3b3,57ddf4b4-b773-30f6-a5f0-89cdc531a236,42.63898,-71.321141,76
adf88886-c4fb-3384-9c89-4a99f69c2c58,7a050787-19eb-3af2-90c4-f46dada2b554,41.579794,-71.081822,264
4c3b7033-5dce-39b5-9e4c-2a22a20789d8,4b6058b3-f244-3567-a62f-73aaafe55acb,42.612088,-71.227845,291
8d4d0ee8-152b-3bcb-a291-d9286120855e,98dc8b12-522f-313e-9259-5966fed6c74a,42.338551,-71.018253,74
b47b22c6-cf2e-3c27-8b1a-6d3031abc1e4,f5f6a5ae-99c6-3dae-9bf7-f12ab6604c19,42.268426,-71.613309,4
e98b3975-3c96-3278-85e4-6bf96cd7b182,1d0d0bed-ccfb-3c81-8642-e3c034361723,42.33196,-71.020173,121
2d8c2e55-c3af-32f3-8318-84f9af97b601,f3e48571-0cfd-3542-8a63-02c8da9e0179,42.119967,-70.957211,535
90ce611b-8707-3c7c-897a-1f021ad22641,ec560b24-a500-310a-b49f-3187ed97f452,42.782945,-71.087436,47
25db2ff2-0469-3531-bfc3-940a36d6532d,fb5cf4ba-0063-38a6-a676-a761633b7a88,42.338551,-71.018253,58
0f44a17c-174b-3ba9-aff2-c098ec2e5102,897b3a19-78c1-3d79-bdf7-325e98db8801,42.323853,-71.142003,157
d9eb6813-8b4d-3c31-b425-ab7448df5329,cbcccdbd-c2ab-3219-94fc-f1d91eaf17e5,42.584206,-71.988737,58
d1eba4a6-d7f1-3c2d-aedb-b6987ce334bf,56a38ca0-3e76-3ec7-8781-c0fd559345bd,42.474862,-70.96218499999999,57
b4287eac-7fa7-301b-a4b0-5e1d8ec48f30,015277f2-02e0-39c0-b290-3c258113a045,42.395317,-71.180284,64
8b607c2e-9210-309a-a7a8-100fa3baff28,5c2ac6f1-d8fa-33b4-a83d-968bd256e9c8,42.597055,-71.3697,93
04f746a2-2fd8-3886-a111-9303e2f8c11a,c63dbd88-1d57-34c3-93ed-fc680a644d51,42.012797,-71.336578,217
ff7c2ec5-ecff-3603-a678-acdcedc42864,5ca73155-77c9-374f-b026-50187fb6ffa8,42.683108,-71.01833,56
575b5ac8-a69b-3249-a179-1dcd47910446,5adb7f36-ad03-3570-85ca-a9721666d77d,42.499295,-71.281889,121
864b4b0a-5f75-3b63-bf0e-638a8669d814,0b9f51ba-1e28-3875-b558-a0e49e44d75a,42.468059,-70.89126,161
7b239f0f-210d-3ca8-8138-c4bdf0aa204a,f576aee3-a640-3b72-85de-0294c44bf0e4,42.462911,-71.364496,31
4c47beea-400a-3d02-8375-1927031de1c3,4bac2e3e-0bdd-3916-b5a8-f175fa5c80d1,42.078974,-70.93939,427
b3c3348e-6315-307c-93b3-2820f63c1e12,07528ac5-94f7-352d-b3e2-fd7269c88baa,42.50436,-71.064061,143
580da0a0-f7dd-3918-b403-065b93dcd293,d63a929b-601b-3958-a395-5d3a1676245f,41.903324,-71.094987,66
712bea6a-2aef-3eea-aed5-e3e3a34a48b8,47624413-cb80-3308-b714-57e8522cace1,42.63898,-71.321141,298
ce934016-fc3d-378f-9923-26bff515598b,ce0e9649-2966-3cbe-ac50-f8b38fd4aa28,42.33196,-71.020173,57
35551245-f2d1-3a59-aa47-d16b9759de59,e02c1aa7-be8d-3c44-a1dd-9f40a618094c,42.376043,-71.11868,86
2fd76a08-cd23-3ca6-8a78-2b4830cc6392,15558e8d-fde0-342a-a556-e3b92ea822a9,41.897892,-70.62403,57
cb164f14-a43e-3ce7-9988-dd6920dd9b3a,f402336d-b2bd-3eae-a5f7-1bb7126851fb,42.462911,-71.364496,82
124635a8-665f-338d-af6c-5c041be2cd32,e3dae47c-3406-3ca4-8301-dca26e6625e5,42.241557,-71.082432,53
750d3119-e739-3095-b59f-54f3e1aced0d,c3c463d8-c74a-3b85-915b-8e4356df2ee7,42.474862,-70.96218499999999,98
686dbe82-c6f5-3afe-8f69-8b7cde852b08,17cd0bbd-7924-3e7d-9c83-db7ad8a5c430,42.33196,-71.020173,64
2a26b46e-c282-398d-8186-2f8d56607f86,2af22601-e642-38dd-b032-22e0947f6b1e,41.965341,-71.18178,176
a8605b81-d0a5-3d49-9de4-91b761f606c8,09aafb68-8363-327f-b033-a690de7a2930,42.575924,-72.229618,107
39f70d51-5773-3d28-baf7-7f179627bc2a,01aa02dd-ae2d-3b6b-89e8-69af5a1a89e9,42.198708,-71.846006,26
c50fdc2e-6b44-3573-bf86-1dde476b9ee2,d26c017d-4e2c-3b8f-b5c5-af5dc5a1eb8b,41.782888,-70.5321,79
1e3c9c4d-ba3e-3dd7-9e88-e59099547029,b5aa36a2-2029-32c6-af5a-bb1a313ae988,41.75495,-70.616158,120
96d347ec-98c4-3a3c-8111-cd1a385f9f46,8644614a-6303-3dd9-af35-721d16154a37,42.474208,-71.097665,69
1efa1e2b-034d-3988-93ba-ca5a63f59cad,8ed1176a-645b-3751-922c-43648cfc989e,42.338551,-71.018253,66
220c80bd-966a-3464-9df3-16af73fb6f15,bd1255b5-5b35-3db5-9e2b-af40e88c8ff0,42.338551,-71.018253,63
175960b7-37ca-3a9c-a288-84c77051e8b5,360bc778-34b5-3e06-a384-e63f46aa3d80,42.178993,-71.052654,128
0772d535-9bb6-33a3-9874-f3a6daa96c1c,242e5bbe-87a7-3a15-8847-8ff68aba0c09,42.479819,-73.15377600000001,521
61808dd5-360d-314c-9177-bb7132d2aaac,7d9a761a-16b9-3a4d-83dd-d56b9b645ef7,42.206676,-70.94584499999998,86
93ff9849-da99-3943-984f-72c950c6fc84,d9ab307c-cca9-3408-813f-ff8a866a331f,42.742751,-71.178588,14
6652f491-c04d-3118-8089-a4faea5e9b67,6d55b18b-1280-3270-9727-ad163d91cdb3,41.661363,-70.812024,61
4515ec8a-4fcc-3dd9-ba43-28c87fdca07f,bdf9e3cf-f5ba-36a1-aa8f-b6626a638bce,42.584206,-71.988737,64
f1310301-d68b-36d3-ba9b-55a1fcee23c0,f764c747-7147-3337-b677-a6042ab63268,42.63898,-71.321141,73
7f58691a-c8cd-3711-a530-bea220e34586,02cf7c70-4cf8-3a69-8e55-f1e4201179a3,41.839798,-71.31804699999999,177
fc5d254d-6c2e-35ca-b96f-e8e6ca4bec06,ef30be86-9788-3fc9-a0ed-13d691811adb,42.584206,-71.988737,62
8ac2071f-00cf-31a0-ada1-f5e93a38fd4b,20301dde-f130-3412-93a2-04d95b2d9e89,41.793699,-70.638745,86
bb4d0a6b-9b68-37bb-83ac-5ae2260194a1,6189493c-6978-3a55-8fff-c70bb8b04527,42.037278,-70.94045899999999,45
b936d8e1-c94b-3970-a995-19c732bbe47e,8bbdccf9-6723-3ff8-bbcb-0fe28b4e7852,42.269478,-71.807783,94
f3b2e1fb-3a49-30c7-a043-4220494c9d22,2d30ad20-9d3b-3bb5-9560-9e7ab8adb3b0,41.661363,-70.812024,130
4bf94a5f-229b-3c16-9239-94520eac102c,29d6cf2a-c557-3cb8-9645-39860982ad7e,42.851284,-70.955837,45
f76a3519-4d34-3128-9ab1-b2666495bcdb,cfe7cbd2-f389-3cf0-af30-a3f3a56020a2,42.138838,-72.755911,109
cc2ff13f-3639-310a-b0ac-28b361503b63,22637847-3263-3a72-8015-1e6345ffb62c,42.323853,-71.142003,91
991c365f-559e-3904-9766-cccf565513f1,ccce1094-1ec7-3b86-af36-bf98132ac9f4,42.226949,-72.74158800000001,367
927bcf27-eb92-3227-8fd7-50cc173e5587,f9ef9e4c-545b-3707-9134-4e8812ca0984,42.418848,-72.10659799999999,98
f0459607-d3be-3bb0-9ff4-563180a59852,33dd4a4d-8b2d-34aa-9a7f-3289bb665248,42.284767,-71.714228,176
3f5b35e4-8929-3196-82d0-becda36a05af,85120471-8771-38ab-bfb2-aa4a5803c457,42.108463,-71.185182,46
b26fd647-4cc5-3a55-ab92-831e6ea422c0,dd4489b0-55cf-3372-a699-59e9f7a6daa2,42.340233000000005,-70.883301,198
df6debf6-724c-3bb3-b9c0-6cd8a9653a39,cd300275-3f4d-3adb-98aa-4e5bba25be24,42.468059,-70.89126,210
80003710-c941-369e-b779-bad253ab18bd,9e0fe51a-9a09-3fee-a790-25e9ebaca00c,42.338551,-71.018253,156
dcf302d4-e1af-3ce5-b75f-1a30b24fdf33,aabdb229-7f97-37fd-a078-4e0e4bc7d58e,42.261006,-71.008988,102
97718602-6b8a-3906-80cc-4f887b2f31cf,7a9f69a1-49a2-3eee-b435-eb4eac929f32,42.648044,-71.161751,133
2a5c0004-8da2-30af-9626-256819f9ddd8,0851e08f-10d9-34de-a8b0-b6fe1bc381f2,41.662727,-70.357208,37
e344a69f-5c80-3252-8a13-4d50dd628812,e61b032a-46fa-3bbc-9a6b-e1da5f517bc4,42.648044,-71.161751,101
c5769e2c-7166-3dcc-a227-43159c66f05a,25810620-b0c9-33fb-9db5-76f2cb872967,42.198708,-71.846006,42
ab3dd74d-2d5c-378e-a510-1050ccdc1457,9bb2bf01-18b7-3506-aa07-42debc6fbc80,42.520876,-71.770611,75
1f87dff9-9594-3977-b5fe-d75921089538,44f69d13-ff6b-3924-aca6-36f9a26703fa,42.33196,-71.020173,28
6714123d-1f0f-3f11-a232-917f9b6a33b3,983edc04-b8da-336c-942d-f9a6119e8d1d,41.662727,-70.357208,95
975c1c0d-055f-3f12-b416-f3fb3ec3f874,3d879520-4410-39af-9540-10b7a5bea964,42.23416,-71.291167,196
04853fd6-2f95-3893-a844-5b1b7085fdd7,c13733b5-a8bb-37da-a0f2-da70f9f10086,42.742751,-71.178588,50
0229f91a-5221-32cf-98ff-2d412706c23b,0d92667e-2493-3c1a-9fa4-6d79cd0d40b0,42.261006,-71.008988,62
d223c107-69c0-381b-987a-79e68b9b6b73,bcae3323-016b-3c5b-ad6c-2649b3768695,42.782945,-71.087436,87
0797fcfd-c065-39f7-897e-07a9b396cfa7,176a6fd8-69ff-3a50-88f3-90c7e88ef927,42.241557,-71.082432,253
4536079b-5164-3d87-a38e-359ca49a8c71,82d4fa72-7de1-364d-9773-5e9583a7c2bb,42.575924,-72.229618,96
62fe7598-596d-3226-a6ed-2be457c4e4f6,1a3625e3-aae0-305c-ae4b-ed26eaefa2b6,42.375541,-70.970646,432
9a6b3baa-1c19-380b-9fb1-887e96fee58a,1eb446a7-1770-3d2c-9608-b14e4173c6c0,42.700273,-71.161357,74
9975f650-2397-3680-904a-4e36ddfb68a8,6cfa7674-b287-3f62-9597-0ec016b98dd6,42.307905,-71.436196,70
c1619b42-da6f-3c65-a165-92f668bb181b,996a0b1c-a8bb-3593-b525-a8c81deb3b87,42.059669,-72.03404,43
ec223ddd-a759-3ea4-b7f6-28edd5be85f8,bd36e29d-d129-3650-8f14-c24a41c162c2,42.224319,-70.880673,68
bc68cdac-03f6-35dd-83f9-8cb47688f0da,be8038fc-64bf-3140-9b26-65ca43f2e360,42.281593,-71.242414,34
9c7c29d2-8cdf-3b8e-b35e-79765268f136,093b6767-bc2a-383f-aa05-d80a3235288a,42.331876,-71.208402,53
39d4bdb2-9a89-3239-9837-3fea3f2b79f7,c71def3c-1b05-32c4-8348-e6443e820178,42.63898,-71.321141,86
39d2e102-671d-395a-a602-bdc9f9f63946,cd429f3c-c926-3586-9313-6069f2cab3cc,41.661303,-70.937913,258
928b3fe9-4f6e-3b63-b234-a13954cdabd8,6a3fe229-6415-3288-ad7d-1214f3d56181,41.601508,-70.639317,170
1cbe67b3-c626-3891-b4cd-f4f7ffe23d33,a3101611-de33-3a78-8ec6-81a0a2f62da2,42.700273,-71.161357,124
adec980d-6c6b-3e93-8578-317d82d9b950,df5795d7-26c0-3db7-a2c9-16281c49da40,41.647227,-70.249978,37
922cf86a-62d5-35b6-97de-a66cbcc7b8be,51597279-be2d-3b01-b6eb-107f7bb217b5,42.323853,-71.142003,54
a5c5131d-8fe8-370f-aea2-12fbcc27b0ce,4ac9e443-955c-3ca9-8552-9d4d05835013,41.661303,-70.937913,60
4e53d0c5-927b-38fd-baa1-7deb55fba627,07c31b11-18dd-322e-9b3a-827c9e3bf55e,42.269478,-71.807783,6
678d7be8-f14c-32bb-a396-013af246ec26,20f56a01-eeae-3e0c-98a3-efca19637fd6,42.360427,-71.361099,142
4d9ec800-9010-3275-bb4c-e8f98cde8130,c56c7dcb-c000-3191-ab3d-58cde7944278,42.844794,-70.841499,26
4bda9f7c-8b13-3752-91e0-cef8976f120d,0e7998eb-cf99-3b10-9381-4b3f4bf4d320,42.601977000000005,-71.81586999999999,91
1ffa82f2-327c-345e-9295-bc272e685dcb,d732aa1b-59ab-33bf-9ca5-9039aa80ab72,42.219645,-71.216768,144
e8676dbf-c4c8-3021-a760-41f502cf65bb,f16be999-a065-35c2-90d5-13cc32170aad,42.119228,-71.67182199999999,177
bc0436ac-5753-3001-979c-cfbed7ed9e33,db8a6bf4-82e9-3274-ae80-95ef54d856cf,42.63898,-71.321141,185
f0bb89a1-fcc8-3d63-a2f5-ac12f8aa2d78,75a7f610-0fca-346f-87d3-55968cd1a1a4,41.725351,-71.094162,52
521140ae-5b3f-3876-87fa-a9cea3c2276c,ec09c2dd-fbae-3ddd-8692-8690e8511f84,42.597055,-71.3697,56
cc8b79af-fd89-3319-bfa4-eb5a7319cc72,30d331f2-9873-34db-80a2-00d30ad7d21f,42.42938,-71.058706,70
7e06099f-a249-3757-8232-3f1c7bd75e78,41d23e0d-a557-3c43-aae3-dd305eae5083,42.27901,-72.400468,96
79ecfa1c-f08f-34d7-8ecf-9991c0c620fa,b553f427-1323-31bc-87dc-d98ce7f88211,42.520876,-71.770611,117
49d1a199-0220-39f2-81d3-2189a5c6f666,16caaba6-56ff-34f2-8a12-86b644654c09,42.205416,-71.00216800000003,30
e95c4d94-6934-3f89-93ba-ecdfbd692c44,b4fb6297-09d3-383e-9dfc-10879c31db74,42.483953,-71.43849499999999,75
9ebfe163-124c-398e-9c0b-dfdcf57b1cf9,4b8277d6-a4c6-3a1a-aecf-c5a153f837a4,42.122956,-70.85631,118
d21b48b7-9aa8-3d0a-be3b-3c90e4d0218b,305158cd-249a-3c5b-ae27-fcd27763dd0b,42.261006,-71.008988,142
7fafede6-d097-3e73-80b6-4890360031a3,eded1aa5-5a0d-3ad8-8252-e22ec3df4871,41.70692,-70.221117,141
c64b6531-dd1c-3201-91fa-f06797130052,8cc167e3-b9df-3a7b-9ec3-5f2e4c064910,41.56651,-70.958229,368
3bdf76ef-9b27-3800-ae02-b0cc1004ab2a,b12c6529-89d5-3582-9808-537aebf5f011,42.33196,-71.020173,89
34f33fbe-d58a-324e-910c-f1245934f947,e3589374-6bee-3d87-9da7-41d467537ccc,42.423844,-71.10923100000001,163
ac0f3f99-aa3b-3fa9-b2a8-708c42857f03,2bfca57a-4542-37fa-9db5-96b2e779b8a8,42.648044,-71.161751,32
42412666-bbe5-3ff6-a313-4c0973f3265f,895d83b0-844c-313f-83d9-879acfe146cc,42.42938,-71.058706,213
41483565-ca82-3353-ae23-a8213ba9cb53,f18d5ee1-c91d-35c4-90b8-c0fa2a631f5c,42.269478,-71.807783,100
a14f6a36-13d4-3137-b440-c373f6481d3b,aa6c3be4-2ba0-3bf3-a1b9-d3b760e9822a,42.158692,-71.521419,130
d998b51c-2f51-325e-9aa7-24d651d2b2a5,38b0a719-0dbd-3d07-a8a2-841ffc6c2743,42.474208,-71.097665,105
03149268-baab-3ad4-b008-da8ff4808389,8f36bc13-1f10-3a6e-ac00-7a0fd563c651,42.474208,-71.097665,100
8066b9f6-c248-3776-990f-62dbd72aafa1,f780607a-a54e-3913-a5fc-2d43609f708c,42.614671,-72.597063,41
746767cd-9773-37c2-bd50-2cbdafab8b34,0fa36c27-b511-3840-bbd8-346aaf0fc90d,42.474208,-71.097665,32
e99db1b8-4525-3583-87a3-2173c1acff4c,84ac4b3e-d22a-3dc3-8cff-8ef9da2d2905,41.965341,-71.18178,195
9fec555c-58e7-335c-bcef-4a75679272af,1e7b774c-6254-3dac-a1fe-485cb98112fc,42.206676,-70.94584499999998,177
4700a496-0c84-36e2-9614-507a480b3c69,62fb1d38-d9f5-3e6c-ac18-4112b28e4b6c,41.725351,-71.094162,33
a2b43f40-b8a5-333c-ad4c-cd5d10965dcc,2b875c89-4f5d-3a76-ab15-bcaae186a564,42.535183,-71.105423,116
d15d39ba-6da6-3ef6-b5d0-6186beeb6af8,07281ee8-f84c-34c3-986f-9d3f373d1d56,41.617623,-70.492713,226
fd5bd18a-0510-3619-8231-7741e144793d,6984df3d-eb25-30ec-ae0c-ccd6eda631bb,42.064024,-71.248401,87
906eb69f-80a0-380e-804e-a7ad73a9121f,650590fe-cf4f-3584-aa79-e65183d61bb9,42.307905,-71.436196,41
edeb662a-bcbb-3306-b95e-1e60fda686a8,22662a91-0c7f-3c85-9bcd-382e7684593f,42.115139,-70.71033100000001,97
29ae24e0-da1e-3ef7-9c76-bce652b0bfd6,bbfbed2d-7be4-36d7-be7a-a4d488c5a9c7,42.700273,-71.161357,131
b01fcf54-a873-316f-9530-45490de66140,6b6e3359-cd17-3d26-ba37-248d9aa80763,42.186893,-73.223105,104
c3dc78e5-d783-3071-9e09-d3f926d609ba,9fa9043d-8357-3e65-97b0-651354faa221,41.617623,-70.492713,44
ee067b05-a922-3971-98fa-fe7b980ea41c,0088aca6-dfda-31e3-966b-2fd5a7e76cbc,42.376043,-71.11868,29
749c3f18-8421-31ff-afbf-c40a7fbdc729,1c01c6d0-fdfd-3327-a5ee-6203c55f0a2c,42.261006,-71.008988,11
5854b53f-b75f-3a3e-8712-f4d72171825a,4843461d-4b7b-37fb-9631-d4d7760afa1b,42.483569,-71.675585,11
5bb33de2-77e5-3bf1-ab87-01c074a32bc3,580414e6-7ed5-36e1-8705-1c9cf627a28e,42.455723,-71.05901899999999,96
79b65ca4-aba0-3045-991c-78b8f0fb848a,c85ee2d9-0f9d-32b5-a273-c340110624fb,42.376043,-71.11868,89
1808d7e9-c125-37bd-b370-396dcd345874,b7085e0f-63ff-3d0f-b6f8-92b670b9b8eb,42.455723,-71.05901899999999,95
dbd1606d-8570-349f-a9d0-369950df4632,e3658c1a-ee29-381e-b3ba-2eb5460a0ce9,42.423844,-71.10923100000001,83
bf2a454a-eefe-341f-b616-1ecf9a88b65e,00d52ca3-f6cc-3ccf-b39e-7a0413a8606c,42.601977000000005,-71.81586999999999,4
089ff190-4a5c-36e4-a0bd-b3e8355af9b9,c168a6a5-d976-3558-9d34-9b086f96c9d6,42.307905,-71.436196,75
3b615d3b-bcde-3f72-97ba-be67b5c83216,d4f19d5e-cfbd-3f6b-bb19-839db471b281,42.115139,-70.71033100000001,132
f99170bf-4d22-3253-ad51-2e2d7b8a9767,2d01da4e-2ffa-383a-99b9-ca54e10a8ef3,42.597055,-71.3697,65
e729c81d-3b7d-3ccc-bf33-8f424f40fc6d,520752cc-9951-3407-9a98-ed13b2ce4ae6,42.33196,-71.020173,54
cff9e363-99bd-3ecf-b560-c915bf3c1189,7991318e-34b0-3946-abc8-b9079b0124e7,42.742751,-71.178588,42
c098d256-4d89-3271-8c35-e36ec14d6f1b,2ef3ad7f-aaeb-3195-96be-2f1c3d6abf11,42.468432,-71.01394599999999,382
7b8162d8-989d-3f54-bf81-040640c8f4a7,04c5291a-2d14-3e8e-8ab6-af838b083b52,42.673909,-71.091334,98
3e1cb000-2049-3bd4-afe1-bc3a09e0165a,40b16aa2-e0f5-3f26-a5b5-40e421e82a79,42.261006,-71.008988,53
d02f55b8-a3c2-3f5c-b199-8d4786b17671,32681066-5aa8-3795-8f12-5f1148f80871,42.499295,-71.281889,252
92aaf1b2-a15b-3165-aab0-352b354ea2c3,8e41e270-638d-36d9-a88b-6b6b548a1d5d,42.455723,-71.05901899999999,96
9bae6779-cd74-3775-8882-2da3372b3a61,40f9fe28-f1b1-3bfd-8d92-7c876bbefd5f,42.219645,-71.216768,209
0c6d8684-d8c3-3612-abf0-30ac3959d267,845f2bf2-99f0-38ef-80dd-620532ab7c5a,42.246872,-71.179462,10
a9742491-5475-3962-a483-607cc482b87b,a9745e32-9277-3ac8-a682-71012341fae6,41.897892,-70.62403,35
e77ab279-c594-3640-b702-a4074e9e9d11,7afd6eee-3c9e-3bbb-8d14-2349a1024d76,42.405938,-71.054649,117
3d673cb6-9089-3da3-8ed5-03623c6ccae0,5b2c12f7-f536-33e9-9bfe-763af81fb91b,42.299625,-71.52842700000001,319
ccf1c451-03d5-3eac-9a92-9457f34817e0,324081f4-98c4-313a-8e97-c25d324af66e,42.389071,-71.545864,44
1c4516b7-60aa-3652-a457-4546d66d8320,2c807f08-efc8-3a89-9438-8738f2bd4b09,42.700273,-71.161357,83
d8f84092-b609-3e72-b83a-fcc91283b596,210cd81c-057c-3f8f-adc0-933151d61096,42.262428,-70.79888299999999,65
590fd457-f57d-37d5-a0e0-07f9584802b1,4551c430-17a5-3d2a-be3f-a65233dec649,42.575924,-72.229618,58
814ce42e-5102-383e-adae-b71c3a60b5d1,9877f0c9-b716-3b85-b96e-13522cc33348,42.455723,-71.05901899999999,70
beda29df-8781-3636-bd94-eb4a5fda8bd0,80a91cf9-351e-38ae-914d-9c24b65a0928,42.211656,-72.642448,9
c2e60b7c-0e58-3f5b-a683-496c56c7ac2d,c66507fc-ac01-39bb-a391-6cf82998fe7c,42.125451,-72.649734,232
52d5e7cc-1744-3069-8f7a-bf88d431647f,e1b0cb18-caae-3506-9b4e-bb9831c41d2f,42.574174,-70.95051600000001,57
b74a23bc-2501-3850-b84a-5481da1bbd11,b1e13483-c926-3652-a51e-3cf7f531ac8a,42.700273,-71.161357,42
977d07df-a911-365f-9b24-2b83b8b4d161,f9914571-32b8-36d3-a422-4cdce9fbb86c,41.56651,-70.958229,147
523c8b41-6dbe-3d68-bf11-577015d1d7b6,eed417a8-ad20-396f-9896-5a028431f9f4,42.488769,-71.154438,21
3a025512-8859-32a3-a57a-3161ed29c9e6,3f545fe3-a997-367b-b97e-d87d963ab074,42.187364,-71.195971,28
15bf1c4e-36f8-3f44-9f29-b1b3c71baba4,228183ec-3c94-3518-bc9d-3cd94c333f54,41.394406,-70.656447,372
456f2a39-fc78-3ecb-919e-6b7f03893910,f9f7b82f-872d-3150-96ba-be72158ad755,41.725351,-71.094162,98
2018b9aa-28d4-31de-b1cf-edbee137bb7f,ef6cac97-f31d-3c0b-bc95-92228a4c0ebf,42.125451,-72.649734,142
7539d88f-3763-3e7a-b3b4-9653abe1e81d,54e6b86e-7ef6-3c07-afe2-f2194be7b0b7,42.574174,-70.95051600000001,32
24f5cfcb-55db-3c65-88a6-d90ebd6690ef,494c2f52-0328-301e-9555-694b326f87a6,42.205062,-70.74297800000001,147
e23ec8c7-b200-3b3d-a5a3-621ea6aefd0b,752207c6-2e3a-3aa3-bc06-8e90e4c1fd0b,42.468432,-71.01394599999999,68
9338796e-99c4-3fa1-9c12-acf9f9c4e8ed,65773268-24b4-39d6-b35d-95beef0f9a33,42.700273,-71.161357,13
88b0d7aa-896e-3eff-a038-1390d7bc553a,4974e31e-d46f-38b0-afe6-eb8280216e54,42.700273,-71.161357,30
1631a748-525b-3994-8570-f1cf52f7a227,b3661782-f15b-3733-aec0-48bc100379f8,41.725351,-71.094162,97
941f9e99-ae53-3735-a207-bcb4bc3125c0,3cbbdac9-beae-3234-8328-f0f7596d8ddc,42.323342,-71.646236,47
7bb739c8-307b-30f7-8d4b-02c2f1a831e1,fa3d90f5-a3ed-305c-83d6-9a152224a327,42.269478,-71.807783,44
a830b325-2392-370e-8aeb-dd50d0edbe0f,7804f79a-67b1-33cc-baa2-63b3c5d7382a,42.338551,-71.018253,48
59a63231-22a5-3f0a-819f-9707629f0853,d788051a-96db-312c-b6bf-065165f1f76f,42.483953,-71.43849499999999,36
7f8a5d60-8482-3a02-aacf-99bc178abfc1,792de92a-d25a-3553-b37c-7b1326bba666,42.363534,-72.50729100000001,124
0ada074b-3374-3f41-8b32-f04c93c86588,3da1c253-f689-3254-9e0f-255dbe9945e7,41.71746,-70.591824,221
5897be22-6b4c-33ab-bb1d-7f5701efc0ae,c38615d0-c2fc-3323-b430-16a5b1f771ad,42.418722,-71.163912,119
a3336fd8-6fd1-315b-9c31-8d9d8806f0f4,0ac7bab8-de9d-3e92-bab5-b47f9676554a,42.33196,-71.020173,96
cd5167cd-d2c7-3aa7-a9fb-2c712fdcb252,5a7ae497-94fe-3a99-8288-3b575993142f,42.349617,-71.547214,37
15491c60-ae7c-3fee-93b4-4af5943a9df3,749a8ec0-d289-393a-b33b-39115ba167bc,42.700273,-71.161357,65
77f4ed5b-0105-3d7b-8360-96b74f6e6b1b,71ccd08a-2079-3d8a-a5a9-b91d3190c8a2,41.617623,-70.492713,124
e60bac46-410e-33b0-ba7e-7375d4d0daa7,bce310c4-5b58-330c-85ab-36faa54c2d0c,42.468432,-71.01394599999999,137
1282532d-5c71-3590-86a9-65dbb9609801,504a5bfb-8e88-3a07-86a7-6ae094a23f17,42.269478,-71.807783,103
18fde27a-2c06-3003-a702-404225c98006,08f6223e-d696-3e7c-9c7b-4fc944228c46,42.284822,-71.348811,44
58477268-13d9-3502-a094-e1a8d0a7804b,a28cd484-3470-3a55-b181-f3a64c7a54a7,42.62885,-70.685875,195
7c16e291-732b-36e8-8663-3a0aef66d2f2,800e0174-091b-3b0d-9dc8-556878534329,42.499248,-70.898204,26
98b4b1c4-b7a0-3a4c-ba3c-e18ff1a6a0cb,49c53ceb-46e4-3385-a6c3-a980e081a9dd,42.648044,-71.161751,167
24ba784a-4640-375a-9b10-292b81f4da0a,c8b25caa-eaf0-3f1a-a2b8-b2daa526618a,42.582607,-71.720464,441
19aba431-4d0e-34b5-898c-598fa98db211,d35ae600-7dee-3e39-b28a-fedad28f9b20,42.241557,-71.082432,266
1dfc52a2-e459-308f-9f96-cc3c990329f3,821df131-afca-37bc-b669-9ee6ee7d4105,42.246872,-71.179462,120
832b901a-d263-3726-8c5c-b395ca1d928d,a3d75584-c8e7-3ee2-a64c-7c2c5730368d,42.33196,-71.020173,112
30ad1727-8615-3d7f-903f-41dca99620bb,15d6e4c6-943c-347d-9ab7-6e6c58ffac82,42.284822,-71.348811,35
a5b07b1c-a0f9-3a23-b3e8-1b50b953a276,cfb90cfb-d831-3ea3-ad8c-2502a5b6b146,42.323853,-71.142003,203
547e85d8-a352-34d4-8fda-a9814990dd8f,7533082e-ead6-3a6f-8b54-f29c0fcbaf82,42.610513,-71.007118,152
7d81cb58-763b-30be-8cb8-751f5af0108b,c6fb7ebb-7899-39a9-8468-76a275cb1d01,42.323853,-71.142003,119
1cc2582b-7df9-3338-9147-aaed6c3ad75b,593c4aa3-6dd5-3c9d-ae3d-54808b8d3a6c,41.972376,-70.978773,164
423d3180-dc76-3d30-a2a1-280e4bef745b,20fcfbf5-5a36-3bf3-ba6c-3bcaccf7c078,41.931653,-71.294503,77
4379d5ef-6e73-3909-b8be-8892259626db,ab409651-948f-33d7-86af-3f4944f7dd16,41.661303,-70.937913,18
a04fa89a-ea18-3b03-96e4-395b84f9a9ec,b9752974-05f6-35a2-9dc6-88b2cc405c09,42.082543,-71.024638,160
4622c1bb-928f-312b-80c1-67a4fb0d8b19,bcfa6304-7cab-32f6-91f0-7bcb532a281d,42.564647,-71.164516,94
262e9233-d63f-3a91-91a4-fc3cbc74ea7c,69177af3-a156-3163-aff5-94422d64c4c4,42.369451,-71.177925,46
47578cb3-f33a-3f2c-85bd-873878c6f5c3,848d9e37-376a-38d0-8124-42bd9e0c7a50,42.307905,-71.436196,63
83df5b6b-d472-3cd8-bd55-70216298bd5d,7fe5ecf6-83ce-31a9-a4da-f486d7499e7a,42.742751,-71.178588,44
f6608835-73fd-393e-b92a-2d535c6b3deb,c4a4c0f3-4563-3bf8-9435-af51c60fab05,42.064731,-72.653477,39
6edbe50f-41d6-3aa6-8e98-345238d99165,09ab78da-23dd-31e7-810f-75ca0d2d1d6e,42.556659,-70.84496,57
b7f8ee7f-7144-343a-b598-2a6efa5afc88,fd6fc870-8a26-38bf-8328-b8aa484989ed,42.499295,-71.281889,54
d165f5ab-18a8-38cd-a89a-d0b5895b569e,1ac92984-69ab-3c07-9b52-73736930a1b5,42.742751,-71.178588,42
ae54111e-6eba-390d-959e-27e765ce4aba,6862c19c-eaed-3291-aacb-c15fc4e6d9b1,42.534146,-71.038333,558
00320527-1702-3eb1-aaa5-916097cccfa4,6fca397f-fa0b-3b24-9c1b-4bb800495b79,42.474862,-70.96218499999999,114
bda2184b-f6ad-3968-addc-a9dff8cf9b6a,4f1e5a7d-6902-3300-89bd-c1896eceaecf,42.224319,-70.880673,103
3d4253b3-b15e-3bb1-8225-8a8628a8bd0d,19621b13-a6fc-39ec-8c2b-68e09e002714,42.673909,-71.091334,116
e9dad13f-61d6-3ddb-9089-97eefcc79c3c,478961ba-31a9-39eb-9d91-1a035372c1bb,42.612088,-71.227845,149
a06aa6eb-a5b6-34c9-a3d2-8ef5fd7b228d,b1488029-932f-3fe1-981a-6c31286c6d6c,42.425955,-71.45625600000001,254
68ad9f80-cf4c-3c33-b8a0-f0aa0de24fc6,3992a0fc-b711-32ae-b4ca-d7bb8cb91ea2,42.284822,-71.348811,58
66d3959d-2636-3acb-bf8c-bdde6e7ddcda,fd01ca9a-59bf-3fe3-a719-e81016c1b950,42.376043,-71.11868,44
3e6b61fb-8659-32e4-90bb-0ec63b88b020,8088dc8d-de71-3de0-9a8b-71baf0ce24fb,42.395317,-71.180284,32
d7a4ddb8-fd96-309f-b443-515559be4a79,68931484-fda0-3b7d-8c04-203a7b58d193,42.63898,-71.321141,61
6ff5f060-aca2-3474-b669-fba53002566a,a68acbab-5749-3bdb-bda9-78070dc5a3a4,42.173103000000005,-71.36375600000001,114
fde73dde-ac5f-30b6-8948-e0b7ced93890,f2c890aa-a295-3c61-b35e-bfef8005ff94,42.648044,-71.161751,72
d716a7f9-d564-3713-99ab-a622ecee6c68,db9ab855-9a88-3b89-98d3-3de74fcddc6d,42.195951,-71.45343000000001,192
9b73c37c-da14-3091-8072-431ea4e31bff,67eb14d3-4c84-3782-9ab2-177f51acfa9f,42.241557,-71.082432,121
a5275aed-d173-3e12-ad08-6b9d39e307e4,691299a5-fda9-37ff-9860-dd63d18da9e7,42.126883,-72.430952,90
445e7ea6-cf52-31f2-a32a-a5e598f5d0d5,833fe0b3-6706-36d6-9787-5054cba91df8,42.679723,-71.30068,159
08c7c311-4d55-349e-beb4-7213470d215f,72fc6638-0d8f-3d32-87d3-7c714c01a97d,41.987196,-70.74194200000001,113
505c0fee-47c4-36e2-8f57-daeddcd0de5f,ea3c261b-50d8-30a0-917c-7a31f2862e97,42.33196,-71.020173,217
e2d66b3c-4179-3fbd-ad07-7b1c70a54950,326cf4da-678f-3c88-b807-0231e99cca68,42.257755,-71.473526,372
51e25cbd-0c12-3810-9f77-7caa8d107ffa,2a22d569-4d6b-3e37-b35e-06f0e2dffa04,42.679723,-71.30068,116
3749fda7-02a0-322a-ba0f-25441d132e82,b0791bfa-5dc8-3855-a334-d9472301383e,41.76104,-70.701779,51
c6ea4486-dfe1-3301-8cd9-cbcff4fe6e36,8462f7a4-6712-3e5d-b9cf-4200b10c3df2,42.284822,-71.348811,43
7da7e302-9d07-38a3-a6b2-3067cccf2617,40804e41-b3a3-36d7-8586-74cd9cf79a4e,42.648697,-71.919896,162
3197137e-07ab-3ff2-8672-3d54e12a1c54,c7a6f0c8-c2ae-3ce4-8739-3429cfa939c9,42.534279,-70.969782,29
4cf8738a-c909-32f3-8199-ec2174bb10f4,7c5fbb6d-f43b-3752-82be-d9fbd4a54775,41.903324,-71.094987,42
dac9e378-0ff5-3633-b311-7b83862dbe74,0982db2c-c422-3e3e-bbf5-fe4bdb5c7c67,41.661303,-70.937913,184
cd7bdc1e-9983-3884-b7e7-330e075e3d04,2655b20a-24be-3b3e-b8fd-e679a9ffc2fb,42.673909,-71.091334,129
c999a489-77c8-3014-89da-b3d2bf3020fd,56555397-045b-3abe-9ed8-7454cdbfdf20,41.667083,-70.200793,100
9e20ac22-9fd4-3ffc-aefb-31283b77de6a,27c1268d-4be5-3811-8a80-337fe39c8889,42.138838,-72.755911,72
2a7c8c06-ed95-3dce-8718-e725ae442e0b,7dee6ac0-980e-38e7-9eba-3b6e14f43860,42.338551,-71.018253,13
38049dd4-5760-31ca-99c9-29e9f36f1421,cb7dfd1f-74a0-3263-86e3-675e0ffd1c9e,42.7539,-71.015935,370
739aa172-0d18-3417-8733-cb462dbb63e4,62489c8c-2596-3cc2-ba4b-ba045c517135,42.474208,-71.097665,102
3eff960a-baed-3541-8bde-998f135972b4,2101d982-dfb3-30c5-80a2-f2098c870d24,42.782945,-71.087436,81
941d9dc3-1c8e-392d-8517-ef8d444ceed9,d6e8612c-f3e1-31c6-a225-e25fbf1a7c3a,42.452752,-71.144319,49
b234a23b-0972-3b78-b424-567a1ae7838c,7db474a6-ee78-303a-8382-66710fb72a89,42.338551,-71.018253,27
0a8e564f-aceb-3223-ac3b-ba9ac9291f3d,58dac4af-e334-38a1-a382-486be50293a6,41.647227,-70.249978,95
3c449760-eb2c-334c-8fc5-bea0e4f16980,15263c07-375d-396c-8f98-6ec1d4175eaf,42.423844,-71.10923100000001,98
d76ff6cc-1f00-3cf4-8218-34646039ad52,66b77f43-5706-3f94-abc1-c8f1fb499a1c,42.534279,-70.969782,111
8aecc256-8c14-398d-8948-6c4f915c4401,86b074ae-6ef1-3f4d-9689-20b99d99c1a7,42.115454,-72.539978,76
f04086e2-0552-3c59-a57b-b48160b92354,b9c3767b-6f06-3c53-a431-80e82a48a35a,42.323853,-71.142003,72
6b54875e-2672-3b94-93ee-5fd7262ee32a,328286b2-5959-3118-8093-a5b0f75b1c23,41.641994,-70.630719,0
b1c43d7d-38f8-3f60-9c69-13608423bfdd,328286b2-5959-3118-8093-a5b0f75b1c23,41.641994,-70.630719,0
7c2853d8-b0b6-3f17-bfc9-de8f1f196ed9,328286b2-5959-3118-8093-a5b0f75b1c23,41.641994,-70.630719,0
f6b025ea-bfa5-3aa7-8e09-0bc66248a957,328286b2-5959-3118-8093-a5b0f75b1c23,41.641994,-70.630719,0
abd89b17-3726-3cef-8df3-d7d72c84e1ee,68edb49b-d490-3608-853e-3bf67984c70a,41.647227,-70.249978,73
ecd6365d-2455-33c0-85de-7b0a2eea0978,4c943da2-6d85-3a88-a2e7-60c4edb95510,42.574174,-70.95051600000001,53
81dba937-9bf0-3506-9f2f-ab88d4ec41c7,bcc7d47e-3bc7-3e1d-afea-0ddb9a537787,42.115454,-72.539978,159
36049459-c5f4-3e2c-b255-3d21c5099561,5d9aaa39-b55f-3d3a-ae1c-abce0cc8f69f,42.376043,-71.11868,25
1e9961e6-6503-386e-835e-a13bc19a06d1,a3bba89b-a75c-31d4-9192-1d2bb6521a79,42.122956,-70.85631,57
e06f345d-d9f3-33f6-9c1b-540fd36f11f9,a5530c03-92be-3445-a061-ac9dc67bf04d,42.360502,-71.303433,233
18f16b1e-6a81-3301-92f7-63c5a4c0d95d,c867ebac-9902-34f0-bfad-7466e5842146,41.931653,-71.294503,49
3852b0b5-82ed-378c-b1c9-1a875e93f4f9,f59e74be-2bc0-39e8-8c4a-e7d9c9f7e988,42.323853,-71.142003,81
c999024c-f2fd-3a4e-b8e4-af5e23dd08fa,e5a4f3dd-96e6-33e6-ac0b-db530aa93bd6,42.125451,-72.649734,55
253311f4-3e69-3706-909f-ca7cdd748a62,7e5941a1-6ea6-3275-87d9-8040731b8f12,42.63898,-71.321141,86
0c7e306b-2af5-3c03-b86f-75c7a6fc2266,06faf955-0d15-3312-a1f8-d800cee7f352,42.63898,-71.321141,171
009f2092-139f-32b7-a2e4-3e8bf8404a52,8353e249-3e71-31f5-9656-7e4826a48810,42.241557,-71.082432,141
7589066b-2920-3b3f-ad1b-b32e0ddc35b5,b4f385ce-3f32-3097-9754-4ea83d91f11d,41.930477,-71.046214,67
dd642c9c-6b77-36f2-bd5f-91c17ae2b486,e12fe1d2-1526-3b2c-939f-e03d8132054b,42.211656,-72.642448,83
1adca503-1367-39e8-9c78-545b7ce0bac7,8ac4eab1-ca43-37b0-a232-ad16e7217505,42.205416,-71.00216800000003,150
aee87a6b-386b-366b-8f32-bee99374325c,28a9497b-602c-3f18-8a9a-25338b8dba35,42.338551,-71.018253,55
b4453d01-dc9b-374f-aedb-83401c18095f,ed14faa9-b2d3-3b7c-ba53-e17a77b8d3d2,42.338551,-71.018253,48
09c1a6dc-673b-3714-bd30-8cf08e689e1e,2aa968f9-f021-32c3-8a11-2ad46896cdf3,42.241557,-71.082432,98
be9085c0-feda-3437-a994-eb22cbdacb6b,cc4e9ca2-25ba-3906-aa9b-c064fc01aa46,42.597055,-71.3697,92
891a4960-b912-34a4-9b75-51e5bb678e5c,36394739-09bc-3b43-8bba-a87a6304f1a4,42.338551,-71.018253,69
48348ba3-c510-3763-8be7-304129be4e43,6c2cc3eb-72c0-3b09-b1f9-88782da2527a,42.116244,-71.329274,138
1f8757f0-3fc0-39d7-8c1a-8bbc82df321f,c69e9935-9b89-3f07-bc89-a4f298925a27,42.125451,-72.649734,131
4853b563-2146-365b-ad11-bb085f96076f,2075b030-1585-3772-8792-fa474af2c744,42.078974,-70.93939,494
f8780cdc-d872-3c05-b8d8-e8b1bad5c3df,a146ba86-4730-3b29-8a62-d356d8ede5b5,41.647227,-70.249978,74
8a3f8af7-10ba-3f1a-9f6c-c6c5112402a9,9ce0b509-1935-3d52-8b4b-6357d6cb0c31,42.064024,-71.248401,194
9989654d-a5c1-3540-9fd0-692a0e0ba625,f2510b65-4c3b-33ec-8460-4cf01bbc811d,42.483569,-71.675585,208
7fb31d33-f075-3896-aef2-e2771886dfa9,18764764-9e4e-3918-b397-3a622aa17d46,42.495629,-70.83582,169
169952c4-d17c-3db1-9928-4b095f18cc62,646557d0-85d7-3f4e-823b-f946a8dd6bca,42.601977000000005,-71.81586999999999,346
a4012b27-1eae-330a-8833-c2056e770355,d641b2ca-9af6-3f9f-8afc-3ff632a6de7c,41.594939,-70.599243,93
da882b7d-32de-31a0-8aa2-5a86eec27019,7a47b388-95f4-3d7b-963b-208867c3ebc7,42.067804,-70.805713,69
bad4a68e-31c9-30c1-962e-1ca2f9c176e6,98bf7324-756a-3b13-b2db-ef32984ba7f9,42.612088,-71.227845,147
23e5955e-209b-3547-848b-af7a799ed037,5f339d06-b1d0-366b-8578-1dffecfe4f07,42.597055,-71.3697,216
e04904c7-1b3a-3d15-8820-6ebd0c5386b6,b0098471-3ba6-3597-b8c5-4b470c51dd49,42.206676,-70.94584499999998,140
a3b45773-fc5f-3343-86f1-f00f5373e506,5f3f1316-9911-3702-bf05-7db034c53b9d,42.175668,-72.572257,128
6743de8a-64c8-36f4-b799-c8dc1e929eca,6df17e7e-2078-3f38-8add-fdae187c3a19,42.597055,-71.3697,89
f2f99baa-2a44-3bc4-af95-dcbb63c78e2f,7753a595-c36a-360d-9fe9-226a9f7b822e,42.563482,-72.07547199999999,746
562868f2-abc4-3f57-bdfc-b9a9445dec3b,43a706b0-19f7-3a1f-8f7b-c113e67faf39,42.700273,-71.161357,99
aadcf779-5e84-3dbd-a3d6-37fd43d3171f,5328ccdd-480f-355f-b1bd-8ca9d84db589,41.897892,-70.62403,21
89e03f29-32c6-3c05-ab41-b16fc756755c,3befcea2-5f20-30da-a01f-40eae626fccb,42.331876,-71.208402,38
5f017972-6efa-36a0-9b4c-ba17a319df1d,baaf0ef2-7f96-3f3b-9d63-726a147ee4b6,42.474208,-71.097665,37
d4586a89-0e97-3762-9b50-bf4920db2073,d11326fd-9ee8-321f-a9d6-382f526d2b94,42.061338,-71.245802,276
e2191f36-c115-366f-974b-6462d6c91370,a891cde8-0e30-3065-868c-5cfd7393d569,42.63898,-71.321141,29
19a13f35-636e-36b0-94e3-24c9c1e810dc,fccf68ee-0e55-3a9f-af78-128a3d473efc,42.115454,-72.539978,31
c8427634-26e6-3aab-a4ff-c2afd514166e,21719508-32f3-33ed-80f2-bb9f5f599d54,42.269478,-71.807783,54
6fc16830-dba8-38b9-b817-424f93e34ed4,7421405c-6f9c-3a00-b83d-018d05c56918,42.62885,-70.685875,125
7a70abab-f2e6-328b-ba41-29dd3e9d08de,a1024ab3-9260-3818-9ccb-22e1f2b6a0dd,42.119006,-71.10365,166
61990510-4648-3db8-86ff-9dc19971a5c3,e52d6113-9011-3ad8-bce4-c4eeeac1e765,42.307905,-71.436196,73
9869f78f-2804-3b04-9574-985cb6de7012,54fe5bfc-622b-3917-b81a-757ebaff1057,42.597055,-71.3697,33
e33b5006-53dd-383c-a630-1b2499f0e1ba,6d76ab92-85e0-3615-b72a-0d9fe04e7c9b,42.064731,-72.653477,243
b9a984c3-07c5-32b2-97f9-af55b47468de,36da9d2b-90b5-32b3-9f90-c384997a0e84,42.597055,-71.3697,63
07de1837-9c64-369c-a9c5-a0097cb4f359,4c793a84-3ff1-3a1e-8453-dc20febba4f9,42.281593,-71.242414,64
53c58e92-2adc-36fd-91cc-5153c9084259,c5751bc6-d920-3f4d-b191-c5148659b1a7,42.265435,-72.670813,30
57de3cac-7fc2-36e0-8824-d00c92331d2a,cd60da33-21c9-32df-8609-44e932ec5d3d,42.115454,-72.539978,73
b3c40820-1516-3726-98a3-1555c35eacf4,9be019fd-8550-33ed-b18d-0995c149138b,42.597055,-71.3697,101
f3b8f8b3-966f-3136-a2f4-f2b298d691d1,bb631f07-f921-3465-b3ad-521ac8cab13b,42.323853,-71.142003,147
6c94a8f0-a813-39e9-a3e4-fe189b15ce6d,e115c41a-4729-3ea2-bea7-2dc8de7ca721,42.742751,-71.178588,63
07bae441-b669-38d0-8145-601c1bca513a,ff84f753-8340-3e43-ad24-3cab451b4970,41.56651,-70.958229,334
b04b7c25-476b-3d6d-bc25-4194e5116289,86016704-8c81-3e82-ba0b-cccf1925fbe5,42.211656,-72.642448,66
7f955c7d-4210-3d60-a30a-9dc487c849b8,57effaa5-3abf-34f0-b964-a6be1b16739f,42.5546,-71.90544,78
72dba82b-1479-3c47-8545-0abd0a2bfaf7,15019426-277a-30bd-9d48-3dde152fe519,42.176526,-71.603588,162
eb789f95-e29d-37eb-8349-e826931b161e,1eee58f9-f10d-3d2c-8752-380e35863aaf,41.734214,-70.430683,210
8271dbab-fb2f-3825-9980-9c7bbdb0fc0f,bd7517b7-119f-38e9-89db-e43ee85dfcac,42.265435,-72.670813,73
d89ec8b7-870c-3d32-ac9d-af61fdbc1826,bee48890-29c3-3d54-a1c2-b51158a3302d,42.395317,-71.180284,46
ea1d1a00-289e-354b-b3ad-2e5890066b2c,eabfbb50-56fd-38b9-995e-82d2d46610b5,42.575924,-72.229618,27
a9548f04-d780-305b-a81c-8101c3c2daf0,f43d6681-f2aa-3bb7-81c6-8abe6cfe7a15,42.123007,-71.53140400000001,209
b40702f9-d962-34d2-ae9a-410f7a1acf57,1a87a637-8a07-379d-9d21-3cf3be2b6430,41.972376,-70.978773,417
0f05c2c0-efcf-32f2-aba0-5a42bb6cb88e,9f5980a7-fce6-3d66-ab6d-e9fb41f8f873,42.284767,-71.714228,316
99b3be83-b047-3ea1-bc76-19478dceddac,1b0edfaf-f138-396a-b1dd-ace4ac3003d0,42.452752,-71.144319,49
b540d246-9e0e-3547-99b6-54ae31de870e,618e8d53-77e5-31d1-b250-8011b7a7f56c,42.156203000000005,-71.43034499999999,55
dd5171e8-40ef-3099-ad31-c4b0a0de3fc9,5733c684-d744-3b33-8d77-51600cca6c46,42.601977000000005,-71.81586999999999,112
18486f44-9deb-3011-8900-66aaa7d0c156,a7316440-9a23-3fc4-ba01-d2849459a6f7,42.305932,-71.282917,17
0094d1a7-4d0d-3c86-ba2a-6ec05928dc12,8adcdf99-5982-3d03-a0cd-ba72656a11dc,41.725351,-71.094162,19
9d481a6f-1cd2-3e03-a250-e94552288dd2,aa67b54a-d2df-3a8e-a6fc-da7786131d3d,42.115454,-72.539978,22
9962f80a-b326-3e18-96d7-416566319eef,ee105673-ce08-390c-a99c-fb7aeaccd8dd,42.585541,-71.44025,105
400da9d6-58ff-36ed-a220-3051016ec65f,7fee7d3e-4b7d-3238-86f1-96700562897c,42.246872,-71.179462,193
a47f4c80-e4b5-3342-b9e9-4c90b839ee82,e41fd3dd-16cc-36ed-809d-9ed806ffdfec,42.10481,-72.08774,48
5a2cdafc-4266-33e0-8a9b-5832eb9ae0f1,2e0f9b62-bf43-3a40-a598-9c80b959d7dc,42.082543,-71.024638,53
5b5c3d12-29c2-33b6-b28b-b5f14f2bf24f,efd34254-f154-3650-98d2-0d9b2b901149,42.495629,-70.83582,98
f26dc384-7925-35e2-958d-4971c4383180,9ffb641c-8312-35c4-92f4-b8ac162f50c2,42.50436,-71.064061,39
f5dee598-3cfb-3a9f-9701-660308ece312,0ab3c1bc-b361-352d-a49f-d5467ab2472a,42.338551,-71.018253,51
dbcbeadd-04ea-3cf9-abd3-816d6be1a010,61d39d71-3ea7-39e3-8690-57c97e3f91f1,42.269478,-71.807783,23
ffbe96d2-47af-3058-8d0d-51832cc3d51b,70d8b93b-cc76-3c8b-8929-5aea213ecc86,42.33196,-71.020173,102
0f751d8f-9a7a-3275-9238-a8a3bdcda46d,feb7104f-8f2f-3699-a411-da3e96e9a4e2,41.70692,-70.221117,78
ee3d3998-df4b-349a-a25f-f496d1e7f06a,1b39a3a7-d761-39c8-b66d-a76bc7c938e3,42.338551,-71.018253,48
380b97cf-585d-3cd8-90d3-e92ce8ba789a,1834a8bb-544c-3760-9f9e-50e101d7a762,42.269478,-71.807783,17
b8fe3d01-0b24-3e27-a183-7dfc9f22917a,fb692b45-4246-3574-84cb-7d636ae3aa2e,42.411887,-71.690005,107
0bbe2cb5-89ae-3c19-9b32-5377ec6cdeb4,b2d5fe00-a40f-3813-a64d-31f0b0ac334f,42.50436,-71.064061,126
15e08a2b-1b25-3766-936d-477cf5ec95bf,030d23fc-240c-3526-965a-3bddaa5535bb,42.390445,-71.101033,261
289f6960-dc42-3c95-b8b0-85c1003c4897,847d7c21-2c73-3c15-b1cf-a8f956f1c91d,42.499295,-71.281889,133
5ec41a46-55e6-3d6a-a2d8-2bc8f2384d9b,3aa2a8e9-6077-3036-abb0-f7aaea2457e0,42.246872,-71.179462,72
29fda97c-03a1-3893-a57a-8c854a073fb9,c0d5d90a-b109-38b1-9461-ef4b97f13f2a,42.115454,-72.539978,78
8dba907a-17bb-3b55-af4f-c8c27c6f2c80,0f0abae6-d54e-34d0-b1cd-e5cf1f71efd1,42.584206,-71.988737,120
ce5d1324-1d83-36b4-8ad5-5f49d8f67312,20fb6c61-e9c0-3edc-8d92-952675c896c4,42.241557,-71.082432,249
9e7833ce-0b72-3619-8b68-8897323b9c08,9f8adac8-38c6-354d-93d8-8af0215b66df,42.742751,-71.178588,68
90969f82-b756-3891-b9e0-8e7954ab38a8,55e81880-f36b-3eb0-8289-8032bb9da98c,42.305932,-71.282917,144
f61f2f72-6240-3132-a494-b659ce1a08e0,4c992f21-944c-30c5-b851-c5f22fffa031,42.534146,-71.038333,331
e18cc044-8d21-315c-9c06-d4cfe6303d43,ea2206b8-6b24-3b3c-85d5-16e4ce98d9a6,42.33196,-71.020173,46
ad8cc54f-718e-3564-9744-61b2f986298f,d319838c-3877-3cf9-be06-15cf7147ca35,41.897892,-70.62403,20
cb7e6919-3f88-3319-9eab-5c0a80549a29,ce9b73b9-27c6-30ff-8b04-9cff8d5f9208,42.483569,-71.675585,177
7b91fc34-bbd8-3d78-989c-cabbb0943372,00bb3334-7cf1-3ea6-9d98-33f202fb3e04,41.747513,-70.066223,84
2bf6b8d2-cda3-3dc7-9644-fee488222d31,a06a4d9f-700e-3593-b183-6efc1508d5cc,42.388921,-71.24226800000001,70
12079926-7901-3fc8-b7d3-2ba7e40228c5,2d19d984-3cc4-3409-8857-ace5c74b3f7a,42.468432,-71.01394599999999,215
1473b434-c7a4-3a7d-ac29-ea4fb461a0a7,d0e69d94-454d-3d01-aac3-0e5cfe5a75ac,42.067804,-70.805713,119
93d7cf5a-a249-3fbf-bb40-c44c7c71497b,7be1fc3f-4518-3605-b60c-195d1cae51e6,42.369451,-71.177925,57
09de6eae-182e-3de8-8496-2f6dd486ee37,10a56226-f721-30f4-9eb6-adc26db532cb,42.062378,-72.498111,69
fead8345-15b8-349c-97a9-370972fd4367,58663821-936b-34cc-9b26-8ec395418f76,42.360502,-71.303433,59
4251f721-a641-3025-a20d-06e0c9342ef8,db0fc99f-69b4-3589-bee9-52fc386dc32a,42.338551,-71.018253,46
4f458180-5157-3511-9088-64b11a6a1dcf,00aabe22-bee3-3199-9e16-bee6692967e7,42.158692,-71.521419,98
ed4d1a8c-8269-3696-b367-247b62a3922a,1f17c81e-b468-3be8-859a-8424d9a5192e,42.474862,-70.96218499999999,45
89264ecf-9f2e-3ec1-8dad-69c60bcabe55,46a06a77-58c2-33d7-9c64-eb5bfffa5839,42.037278,-70.94045899999999,121
92f68d91-4f91-3f66-ba3b-12b9b9750240,eaecf15c-e55c-3222-8c00-dcbe694b7eea,42.338551,-71.018253,35
7cbeeeba-3280-3361-8b71-dff5b55c1e51,3fb76bb8-2dd5-3d09-955a-e7909a366062,42.241557,-71.082432,283
395cbca3-09ed-30ed-8b32-f7386c40f115,6758c08e-2802-3983-ba97-f6acb2f5d9f5,42.164569,-70.818844,50
e6fcf30d-17e5-36e0-bc93-ff83fb78466a,ca7921ff-a92f-3d4c-8286-9da1f80b3a31,42.115454,-72.539978,48
917c3cae-0698-3613-bf51-0ae9fdd4b567,047243b1-fdc9-34a7-9600-33d2e3444ec1,42.175737,-71.125385,84
f8123bd0-e94f-3231-af7d-2a06f55e4ed4,e738de05-8ee2-302f-a800-6bfbef283f44,42.241557,-71.082432,96
58f6cf1f-0480-3ce8-aa38-307a34e34ba6,ad959a45-ed37-3416-9178-dcb88d9fc53a,42.483953,-71.43849499999999,66
a5c66db7-f346-34af-892c-7240870d32b8,dbadb34a-1bc4-3cd1-9903-b8ff46c8b9d8,42.039991,-71.53240600000001,808
49ec80a2-c0d0-3c50-86f1-0b6d8b4aaae7,c2c7b549-890d-3faf-bc60-d9128baeb5c8,42.331876,-71.208402,75
80bc57b5-71c9-3845-8d81-96626cf54ef5,0e99d2a4-5a43-3588-a47f-18ce8f2dc876,42.520876,-71.770611,38
9a82311d-0630-3f2f-8b2c-727589958ed3,cdee2040-bd34-3ce9-8a40-c9a96686e8dc,42.700273,-71.161357,83
11a0c7c6-2196-3cd0-97e6-f617d2fcc037,6f09ad46-bf02-3197-9e1e-6d4d508a5553,42.323853,-71.142003,131
08160a62-06bd-3199-bd3b-c6a90b4d2bd5,2989e381-7a85-3e65-9b09-7ae99e95fe72,42.376043,-71.11868,134
155ea277-f50b-3dd7-b7c8-c99b7cbe8b71,5342f6b7-4ddb-3ca5-a12d-e4f4516a74af,41.972376,-70.978773,350
3278cb68-654f-3f72-85ac-77418e9cb74f,96077672-9e99-3277-ad5c-7caffb5f6cc3,41.667083,-70.200793,243
f1fc35ea-b7f0-30a2-a96d-a9dbf43b0988,380ebf5d-ec3e-3f6a-97f5-c4196243b384,42.405938,-71.054649,136
8e0c12f5-d219-3ed2-9c63-16c77e5e3c4b,057f3322-6d41-37a3-82d9-7bd73c12de61,41.661303,-70.937913,9
fabe0d8a-8fe5-3960-9745-5c149f5f31ad,4e5f2e76-d256-332e-9e5a-af869124ca57,42.356491,-72.568632,85
d300f0b3-f004-3609-9b0e-6fa0e0572e1c,53eba77b-ea68-3b81-ba9e-3eb6c2f9ac86,42.33196,-71.020173,106
fedd0555-2887-3c76-8052-a2e568ff5ab2,b0893b9a-0462-3a41-9523-e3bf49a060f6,42.474208,-71.097665,110
e76ce37d-10a0-3805-8e87-bbd2cf66483c,c7896077-ab6f-3af4-b261-889c7a7c3652,42.269478,-71.807783,153
605ed704-4386-3686-9fdf-0ff261b3c723,6040b2da-71a1-3d12-a777-427cbb929931,42.220395,-72.834999,606
5105c10d-2155-3c05-8296-6513350ecdd5,5ac9a188-75f3-3883-bb2c-3b732c4bc7a6,42.742751,-71.178588,39
253c7e88-4c87-3bd9-b621-d3eeba4fc93f,d38dc1a5-635e-3867-b80f-9eba793baaa6,42.33196,-71.020173,141
ebae033e-144c-3e7f-87b4-6ac5a873f1ce,e29f8ac3-ad15-31a5-97c1-e1979ef48e6f,42.782945,-71.087436,88
d57dbe65-8709-36d7-9291-5d0ce58942e6,37b9bf2b-7b12-30db-b9cf-e62f3daf6559,42.198708,-71.846006,60
27ec6b64-ad19-33f1-b655-3e3402ba4c38,032854fe-e8e8-3ef0-bab8-bf41dd95bf75,42.195951,-71.45343000000001,63
1f801e1a-7e5d-3446-830c-94e1b0c0ee15,93587cbb-b4af-3afd-981f-775389103301,42.338551,-71.018253,104
a93ba0ab-4f98-311f-94e1-e791b4459975,6e06447e-75ca-3f4b-aec2-70171bcb4a78,42.33196,-71.020173,46
2980fff7-23d9-3902-8fa7-ef72f82b0679,7adcb4f2-6ad3-3710-aeff-366b37e1ceaa,42.256208,-72.58103,88
fa8ca6c0-183d-3b51-8587-ec95eef12e95,dfb31775-671c-3a26-9874-3b862ce8f6d1,42.017302,-71.21641,132
51386b22-455c-36eb-98a3-a6290feb70ad,a828ee0b-e007-3c53-b82f-c985a8eb85eb,41.931653,-71.294503,154
4c6be8de-742b-344c-a2a3-32d8bfe5b749,3100a56f-b7ef-3431-b736-0a02fc6d0dbd,42.33196,-71.020173,47
ce0f1c89-c049-3899-84a3-f58b9385421e,75430ca9-480c-31c6-891e-ab2683824c2e,42.360427,-71.361099,39
24f1b904-692b-3d2f-9f2a-0b8473615778,35909dfa-ec83-3891-962a-2d77672fc798,42.338551,-71.018253,58
aa67b2a2-b3d3-3e14-9553-64cc71e9fda1,2c3e3f70-4ceb-3110-a99c-b1605c567373,42.376043,-71.11868,38
000429fe-ca0c-3eed-88f1-6e2deaa4830b,54a578e1-06eb-31ff-9590-dba8b171a42b,42.303174,-73.233924,213
fd7b3c16-2a8a-33bc-ad7c-7a74d18bc420,75bdb2ec-cbd0-35af-b0fe-18b111890b67,41.738479,-71.165065,439
18401c32-8eab-3b37-925a-6d20c98067d4,5037c033-bb99-3453-9dc0-40d80d508e9f,42.241557,-71.082432,355
40d6cafa-39c4-3b48-8d03-98fd5d1bca72,76a80350-916e-3fc9-8fed-2c8c4b36c42f,42.396824,-71.031348,518
d197fb81-cede-31b4-97da-79772576f149,6f8f02cd-5231-36b6-8174-1cb9cb653c01,42.221851,-73.333044,45
042eb658-7545-3fc7-9202-5698dc84be4f,4f34e966-43d0-32fe-bb2e-51e322b67dd5,42.268426,-71.613309,58
5de90a1b-ffe0-3abe-9ca3-b432828fdca2,a2f623d6-43cc-3a20-b8ac-40f79fc35023,42.535183,-71.105423,28
331fc068-93f0-349b-b694-191b7b36ef35,12604ccb-0e18-3238-a307-791756332473,42.211656,-72.642448,84
4f4aa47d-df1a-3d3e-8ade-dca336ed0ca4,fc71bedc-af13-3a7a-8c85-f84072daaef0,42.455723,-71.05901899999999,54
0eba8cac-2ab6-3207-be75-4b6056f9a576,da8756e8-6b48-39a6-b732-32936e9cf099,42.45184,-73.260685,47
00b97401-5d0b-3327-a75e-0903f81d86a4,c9d7f731-5cad-33df-a72f-9c5bcc16c5a4,42.468059,-70.89126,41
20fdc30f-590d-30ea-8601-4fc269bebe0d,43e1c8ac-cce2-3e8d-8752-ce9045c435cb,42.375541,-70.970646,114
6274add7-43a8-32de-b428-1cae5a5f1b01,2c263864-8ce2-361c-b5b5-b87a2da9f950,42.338551,-71.018253,52
76a46fa5-b34c-3eaf-83f8-4606323398d2,b3884109-c969-3f73-b5c8-66af1801c6ac,42.30539,-71.28366899999997,66
95f3a5b7-f664-37f4-84a7-ceecae317550,72119645-cdcc-3b00-823a-b953c061348c,42.138838,-72.755911,105
6e1f2704-8171-3d92-8a92-f8a7fd8d6f12,ec03d306-8373-38aa-b939-51384b8218fe,42.614671,-72.597063,13
ece08cf7-d81e-3552-9ac8-3a8edbbec9a5,a441cbca-6d65-33ff-980c-d8e58235b7e5,41.738479,-71.165065,394
43d1026f-b2fa-3fee-8763-a184a7d460c1,7723ed35-b719-3812-9c13-e2fa0c685b89,41.617623,-70.492713,80
ce47a79c-bd9f-388b-bc0e-597c91265a47,b6135f2a-c75a-3093-b4d9-db7ff10b4231,42.700273,-71.161357,25
d5f0b4d5-3477-31dd-9211-5147ed9692df,eba76dd9-fb5e-3add-a1de-9ef0ad3449cc,42.129251,-70.908736,344
1beda9b0-a1b3-3e58-88ff-6281fbfa894f,720e9f03-1073-38ce-822f-714eeb535574,42.327044,-72.67463000000001,74
51449cd4-08da-3f50-bea9-38e1d0bf1a58,b722fd9b-6e71-3f88-8961-768ac0272365,42.33196,-71.020173,9
bc30998a-4d3a-3a73-afcd-124660fcfc52,eec97271-a6c2-35f7-88bf-d2ddc173e4ac,42.158692,-71.521419,60
43d88804-b09a-375e-9d20-2e99377cbcbf,cedfa668-7e66-384c-a5fa-1f8367c69778,41.71746,-70.591824,148
35fc5b80-a7b5-3faf-af1c-0eb54726f04d,ec255347-40f1-342a-8f39-364490fb46e7,41.758163,-71.21418100000001,133
6880ef34-dd89-3ca6-84c5-f14f607bd0e8,3be82064-1722-34be-8cd6-9acdd842e4cf,42.376043,-71.11868,67
a489380d-a85b-3933-8882-99104ce5ff3c,b910c05e-ec07-3c09-92f9-1d639d058a1f,42.499248,-70.898204,125
fc2966a5-83ae-3d0c-8b5b-13561bbae7a9,7e6578a0-ea51-389d-bda5-6822d503d0f9,42.395317,-71.180284,80
cf519df4-d9ab-3ca5-8516-62acc3f39d7c,53622c13-f281-3432-8b79-89627a0eedd3,42.261006,-71.008988,104
23693b0a-43ac-3769-a701-0d5cbf6284aa,f37bfae6-33c9-3b9e-98ba-a85f0332ec8e,42.679723,-71.30068,218
856a7106-0482-3f36-bfe4-ab70358bbfc3,7965dba5-cabd-33dc-b2bd-dbc3598d65b3,42.63898,-71.321141,74
d782d22b-128f-3305-9e1b-b91d1352e959,535a3173-bc12-393e-9a8f-3ee1f4aa671c,42.323853,-71.142003,0
129e5e0c-6fe5-3874-980d-cc933ccca351,535a3173-bc12-393e-9a8f-3ee1f4aa671c,42.323853,-71.142003,0
de2316dd-1958-3fa4-aa36-67323d3a75aa,535a3173-bc12-393e-9a8f-3ee1f4aa671c,42.323853,-71.142003,53
44b0a369-bbed-3c97-b67e-3deb8a195f96,535a3173-bc12-393e-9a8f-3ee1f4aa671c,42.323853,-71.142003,0
18e798b1-00f8-3e78-ab46-4ab009453551,2e92e3c2-e372-3bb5-9db1-05408d55dd1a,42.125451,-72.649734,90
d747222c-ffaf-3233-8c7c-bfca00b9100f,7a862829-2f0a-38a6-a2ab-4e5635df8b6c,42.33196,-71.020173,53
b8322e09-7066-337d-9507-acae029868f8,10f56447-54f8-392a-9613-db06a3d67ec2,42.241557,-71.082432,152
bbd88926-d041-33ca-8bec-2599eadb92ac,f5a514f1-1d43-352d-9f38-8e9850b4f65f,42.556659,-70.84496,60
7123c046-2f96-364e-8101-d6959df4ee15,4eededf8-4bd3-3cf1-83cb-2313c8d2c0b5,42.376043,-71.11868,163
eb319748-b6fe-3b8b-b166-ea8aeeb82c88,f35dd75c-6a72-3edf-a649-e105468ca38d,42.376043,-71.11868,211
763dbc84-43f2-3acd-b4a7-60ec297b7a82,fdcc5dda-499d-388a-999f-7763634d414f,42.499248,-70.898204,75
982ad3dd-1182-3362-bac4-23a78cf13929,1e3948b0-8464-3cf2-b937-c6e57697a54f,42.423844,-71.10923100000001,153
83e263cf-9b1e-3dbf-aa56-5d43cb283869,e78cfad6-cc68-393f-bc00-ba462d78ad71,42.375541,-70.970646,201
c71a892f-f18e-3389-9e1c-b31c9151b3dd,3ead7ed7-ade3-35fc-90bd-ea33496bfc9b,41.725351,-71.094162,51
a0781bc8-3b91-3fe5-aff6-60eb0adfb313,c985f907-4afa-3dce-9e53-e752a613a80d,42.376043,-71.11868,89
caf8b62d-0f43-352c-a682-5152a4c560fa,3056e4f3-2bd6-33fa-aeca-7853b9d3d9f1,42.338551,-71.018253,32
5c80e89e-bb37-360c-af33-d30e3cdeb6ae,f46814b1-8dc1-35da-a927-ad562428ca7e,42.047075,-71.845805,124
2782ccee-1dc6-3636-bd6b-9dddf1f1aafb,feb41565-840f-33d2-b40d-c39c29758d84,42.395317,-71.180284,156
e1213e90-0c63-3fa7-83eb-0804f4dc2a43,f55f8e0e-5f75-35e7-9b17-829dabb43fbb,41.594939,-70.599243,69
b7cd7e07-8c7a-3658-ad04-a1e9f61d14f0,59acadbb-923a-36e0-ab30-3cd1bdcb7267,42.206676,-70.94584499999998,107
0b1c21a1-8fd0-3e97-8601-16ade9d80c43,0b3246c5-de61-3735-9350-669fad3ffd0c,41.725351,-71.094162,59
25bdae26-e8f7-36d4-a35b-5594de815931,84bc519a-af4e-3aaf-82c1-4e5f0f115db3,42.261006,-71.008988,110
efa96a57-3bf0-3da7-97f1-f421b59ecb69,148703ef-dbdb-342c-94df-de3a78812cfe,42.059669,-72.03404,0
10716222-f796-3d2c-91e2-8b981ff5a2ec,148703ef-dbdb-342c-94df-de3a78812cfe,42.059669,-72.03404,0
f11fe573-188d-3f6e-aae3-70296269527e,148703ef-dbdb-342c-94df-de3a78812cfe,42.059669,-72.03404,125
eb62bc98-ccb8-3949-b4b3-62b8c1b05b2e,277d16ca-654e-3395-8705-0d809588d6b2,42.782945,-71.087436,97
64992396-f9f3-3704-89a3-a385413f00d3,ba10ae09-f51a-31ed-a6ef-44562023c214,42.198708,-71.846006,66
f345d190-2f1d-3701-8003-94381999c8e1,8b99c6fb-24e0-302c-be23-41b39c7716ac,42.261006,-71.008988,61
90e4b8ae-9d25-323a-9b22-2fa54344392c,d7a50947-c431-31f6-b567-e9b374cad677,42.700273,-71.161357,43
33980871-99a2-3ba2-9c2a-5d5f040be64a,55b35ee5-db13-3eae-ab0a-d7dd1feeb3b1,42.474208,-71.097665,102
4b7374c8-1f0e-3573-8723-65a331e4c656,0448fdb6-59b3-3eba-aa5f-d22793412b60,42.648044,-71.161751,103
1a1363fc-f266-3613-bdfe-089930267b1a,edf99c71-fb91-34fb-941a-5427bbbc083d,42.389071,-71.545864,160
a99d41cc-2e0a-397d-9299-d56014ae6098,c5907903-97ff-34be-8b78-2ce788dfd1ac,42.307905,-71.436196,28
ab0e078f-cf35-3aff-b26f-1f4798a51f60,c0114909-53f2-3ac1-a064-e4e0a1627d70,42.488769,-71.154438,35
de04b951-902b-33af-8b5c-5aad330bfdaa,840f740e-0a45-3a39-82bc-33413310d0a3,42.452752,-71.144319,16
ef7279ff-c72d-3290-bf11-7827f2ddcd0d,495a2033-76f8-3913-8421-73ac96b8bb08,42.053778,-71.935075,0
9babd366-a8d2-30a9-aef4-6eb9a654081c,495a2033-76f8-3913-8421-73ac96b8bb08,42.053778,-71.935075,577
3363b423-84da-3f15-bca9-b71d8e5d5485,94125ea0-b201-39c1-8210-3415a7e40064,42.534279,-70.969782,81
de03473e-2c7e-30bb-ae82-e6a6cc46a7d9,b86ee443-559e-3f86-b705-e92458c386a3,42.700273,-71.161357,62
e2493372-ab5a-3a14-af11-a55763a39c29,48ebb689-e458-314f-a6a3-d4909f9b5a86,42.12826,-71.8671,186
f6c65b3c-d182-3240-a501-356f0b0d8a77,b0858c02-0fab-3451-9d1c-af96da036214,42.331876,-71.208402,52
916e8d82-bed2-36b5-8fab-6441ab03ebb1,7df52d2b-fa4a-3f2f-b1b9-df31bf489665,42.556659,-70.84496,53
aa8963a4-e061-3f10-9482-58064b51bff8,38f674d2-8c53-3629-b0c6-83edb04cb8b5,41.897892,-70.62403,15
5f98088e-9c34-3d8e-b98b-44151c4d2fe5,e204d54b-9e41-3aec-a681-8a0929a652d5,42.468059,-70.89126,20
bc41d8c4-a49d-3086-9b22-c387fc01b28e,8fd08eb5-2667-38c1-96c2-cefa4b52933d,42.383367,-71.42107,18
7a5217af-2f91-31dc-be66-2b6951489023,2bf387bd-8a00-3c1b-a612-5cd758604420,42.338551,-71.018253,40
e052f997-1419-3602-b360-465145983457,06f2ec05-b0b1-3fc8-ae67-8ea3d8941da3,42.307905,-71.436196,43
b9a5c125-ebdb-3cf1-8eac-ceae03fb9629,a5d120c9-c23f-355f-b4ed-f6085cb3e370,42.418722,-71.163912,152
a941af04-1210-36cb-ab6e-19508b5db65a,ecfe93af-4113-33cf-bf58-d990407ca145,42.376043,-71.11868,53
cc5924ce-010e-3cc1-9853-708199a88f7d,7e3d855b-0733-3d17-9e04-39129c4f9403,42.338551,-71.018253,56
a7902911-1c6a-36c8-9c4b-0e46a135e897,3da664ce-fd06-3b9e-be69-9a838a3505df,42.021617,-71.026717,263
1642343d-ac81-33c0-acea-e8ebc7c21c14,ab127ed2-4439-3749-82c5-eedeb7e90a19,42.047075,-71.845805,31
7b1a42e2-3f10-33f3-9ca3-970ce74f161e,ab94ae9a-ebf5-366e-a92e-b874dd729b23,42.62556,-73.119828,343
8ce8d640-ae01-3556-8a51-e4f060ae8366,81b493ee-bf0a-3a84-9dde-5d35e82e6483,42.535931,-71.490569,60
f2dffa25-3394-35ba-abfc-04fc96f0f5ee,df23b49a-ea50-3749-8738-d73437e2290f,42.206676,-70.94584499999998,64
7e449dc5-14ca-38e2-a3f5-ed999f2d5de6,c4fc1acd-2559-3301-9e04-f9cc7995fc20,41.738479,-71.165065,930
baa8eb10-31f5-377d-aeed-b5d9c316c293,c1bf7bfd-7287-37cc-9836-cf77704c49a7,42.084858,-71.41057099999998,45
37090f27-ea68-367d-bb65-c4323081950a,4c1b6514-d636-3c43-92c1-d0ee2adff46b,41.758163,-71.21418100000001,118
a1d895ce-1699-3e2b-8639-42fed2778c7d,8d7d041f-f7a1-3703-80bb-058ff1a4b697,42.388921,-71.24226800000001,86
00f21280-61ab-36bc-98dd-c49b10f1849d,52ac010c-5a9e-307e-a330-92238d8ccbc7,42.115454,-72.539978,31
a1d2251e-3c0d-35f1-86e3-15ee80c2d400,1be4b20b-e33c-3222-ba52-ceed1af9f7bc,42.115454,-72.539978,67
4a831863-2530-34ef-aa2a-0023e55a427d,2bb9c7cb-3baf-3d2a-9498-dc7db13061d7,42.084858,-71.41057099999998,43
4545bcfc-05d2-3455-92ed-9ee976a91db4,395a9f52-1f2d-35cd-8cfe-35e2771f8921,42.355049,-71.716157,1754
b5fe66e7-0667-34fb-9f3a-8325f20f6804,47f33483-7225-3cf7-8996-d4d02d505108,42.556659,-70.84496,119
a7405943-168d-3473-8fe2-eece7d3b0708,91f22646-ceba-35a3-9b65-7918ac71c8ca,41.662727,-70.357208,203
ed35fba2-b73a-3cd8-afe5-2ff443595be5,ce9371e4-4e5c-34d7-bd69-5c81d9d6f421,42.349617,-71.547214,11
e1cb6370-11ff-3710-a112-8dfad59de122,3db6151a-809b-3539-a615-9eb24297e44d,42.192246,-71.777649,528
c6705c2f-ae10-3225-b165-479e98f950df,6134e689-e6d9-3529-944e-dad9bed20c4f,41.897892,-70.62403,27
1caa7f35-bc7c-31cc-aee2-08978c04dca9,2b497431-c24b-368a-8050-a05802d5ff67,42.584206,-71.988737,59
8df6dd8c-fd19-3e6a-91c9-6603e39f4bd1,be513b07-263f-3cf2-8ba3-395124d84cae,41.7132,-70.485737,14
16f7cf59-d9b5-3b00-aa80-4c7280943d06,421baed1-a336-33c6-bc62-b647598be473,42.369451,-71.177925,187
6f99e91d-ba85-37b2-b206-619b6de6f9ba,0b58af14-abd3-33a9-9e11-f113b98fab48,42.082543,-71.024638,175
5f909aed-ddac-3ad1-a393-bfc22bb692eb,dfc8a8db-751c-3ab5-8fb5-db0311f4abac,42.146286,-71.255604,10
dae44a1e-89ef-3f0c-8014-680292e65d2f,69ce6033-3ffd-3f52-8e42-7ceb40f72688,42.423844,-71.10923100000001,145
90d8c226-821c-36cf-924b-34d41831d21a,6a1edf74-50e2-3f76-8f4b-f856c7baf839,42.559673,-71.260947,218
66f5ab69-bf95-376d-8b18-de350abd3428,43e238a1-5186-38dc-9645-83eec4357276,42.082543,-71.024638,57
5f7e6be8-4f8e-326c-8b93-db97bf96c09c,46427ae6-27f8-325c-9977-589515fe2614,42.556659,-70.84496,25
f3766805-9b86-3fb7-8a8d-46f57448851c,4e8b4b18-b0d8-3662-9198-2c925ddfb060,42.338551,-71.018253,32
ad844890-23cd-35a2-a624-a7c143a24f13,7192530a-fa75-3aa5-9fc9-2a18cf11dbe2,42.246872,-71.179462,123
1f735bfe-e592-3bdd-b1e5-aada69159459,1b3bfad2-2642-3ad7-9332-067c7759245f,42.33196,-71.020173,2
73dd5981-4815-3a6c-8c45-1bfad19edb77,6fedc88c-f15b-3123-8c93-46f09544e37c,42.851284,-70.955837,32
73583c17-d47c-3410-afef-f112464c0754,17d035fe-312f-3f39-929c-7cbe6b72b807,42.63898,-71.321141,115
9e021999-9b87-312a-b167-7e05e6ad3c53,69fe0ac9-fc69-3486-b666-e63e7113f530,42.115454,-72.539978,9
72f36844-5b25-3c33-a9a1-256ee9ca00e0,ce15a6e8-c94a-3dd4-b5c8-c3f791ac3747,42.499248,-70.898204,78
4bd5c816-dda7-3e12-927a-c918f45a4961,d7b28a82-03e2-37ff-b57f-cb4e2fcf9bb9,41.661363,-70.812024,36
a5c95a02-1ebf-34ae-a4f9-6e762c307467,d28706cc-8d1c-3a45-8c22-d68b3c3f82fc,42.584206,-71.988737,88
4b6f59b2-bae6-3cf9-98ba-197f4703c525,bb180760-eedd-371f-8f88-aa805ffb79e0,42.275462,-72.280158,83
f3512cb8-47e6-372c-9f13-54766882bca8,9bb88c6e-32e2-380d-bb37-b8168384f1eb,42.614671,-72.597063,58
48c2a3c4-dad3-3ba2-9801-c330b5d8b8af,340e467f-f407-395e-aac3-b134baf9bcd5,42.63898,-71.321141,77
2c2838dc-f903-3827-856c-127fb87ae899,2191e1ae-87c2-37ca-8ee8-5199d057a178,42.445222,-71.23001500000001,102
79b0658e-f151-3a83-869d-658f00adc37d,70c3fad3-6f38-3a53-b541-551da674dfe3,41.647227,-70.249978,57
3a4c6ad8-e15b-3a94-91f9-993ee76cb0c8,83955c7b-1fc9-32a8-9d1e-92eaf49e9da4,42.064731,-72.653477,116
ab90face-1a07-3732-8501-038863815f2a,6279eeae-daf0-35b5-bf3a-13ecff27f924,42.782945,-71.087436,77
c9eaaa10-43f1-36bc-b54b-d05c92f6f7a5,b936bfe2-13f9-3580-b577-c2864db633bd,42.059669,-72.03404,67
0ae29377-e265-3788-91ac-e705a1981abd,17018075-1091-33c3-9a25-398667ea2e95,42.205416,-71.00216800000003,39
15452f2b-96b7-3cf9-8959-bf3c7e31eff8,e74cf13a-d212-3d6b-a918-02a1974723ae,42.388921,-71.24226800000001,151
a7f5cc14-4dc2-346c-a929-4838d1e06d5a,19199b47-ec28-3399-af71-c734e3257794,42.520876,-71.770611,73
3ac979c2-4491-3c55-8c4a-993922918ecd,5b1e6842-ca09-3521-ae67-3dbf4ff7638f,42.133935,-71.968025,0
cf4705a0-adc0-3206-b1db-a691cb1f413a,5b1e6842-ca09-3521-ae67-3dbf4ff7638f,42.133935,-71.968025,80
ef65efd5-d9b5-35c4-bb23-4e59859e2007,76b14f1f-c866-3a62-8963-43ede3765227,42.284822,-71.348811,69
3c692200-85d5-3d83-bc55-4f1b8d2c90aa,b5419195-63fe-335f-b460-bcd593c70d4d,41.903324,-71.094987,28
81e159a9-e78f-3ce8-9c76-e2a61f0269ee,dcc3958e-b85a-35fc-9269-d8095313132e,42.061166,-71.643628,172
8d1c6d30-01d6-3fc0-826e-8c7b5afb5fb5,a9e5d2ef-4109-334e-aaf4-aa09a2ffb185,42.261006,-71.008988,63
d1b0889b-1cdb-31e7-ba3c-ff3463e3daef,67ae3fec-7156-3d12-998e-0171f1cc3178,42.305932,-71.282917,60
b5017f59-0525-3a2c-ae76-207d64b1a552,d961ae86-724f-39c7-9f15-111bdb2aae7d,42.119967,-70.957211,316
9ca4588d-6abb-387b-b1f6-80a8857e2954,29c84abd-e962-31d2-8c72-032e238a3dc4,42.331876,-71.208402,26
919d5986-35a8-3b8f-9989-a5c9ce9819aa,b60c139e-9c83-3008-a6e2-8d297c7c021f,41.633619,-70.871306,59
38730b9f-4de8-306d-b86e-7338f8e1f9cc,42b1d034-e30e-35d6-987d-0bf1349c0dfd,42.261006,-71.008988,103
0aed7f63-8017-333d-a6e4-5e34c8580eca,2b3212f5-4f6c-33c9-9a41-8bb9dcd561d1,42.129251,-70.908736,275
d12e9fea-cae1-3c3b-b1f4-5329aab85293,8271d144-ba8c-34a5-b6ff-4c0f6b527dae,42.119006,-71.10365,44
cc92d1af-6440-35e0-85bb-2fb3a9477faa,942a571b-2724-3493-bebf-6e62610b45dd,42.418722,-71.163912,71
9bd0871d-4ccb-3231-8ea9-367e612eca87,93c3c134-ee53-3af3-8cd9-98b16b28f454,42.679723,-71.30068,235
8bf191b8-addf-305a-b488-c8034f6e20f6,d54a0753-a666-352d-80b4-a6902e17596e,42.338551,-71.018253,13
06d81119-4305-38c7-9c44-8dbec4f11a61,947ac366-b4c4-3ad0-9df0-4c5ed4f11fc0,41.661303,-70.937913,23
4b907d5a-80ca-3eef-b841-0b2044ade638,56357d71-3379-3496-85d7-b1038e871fb6,42.376043,-71.11868,28
db97f3a4-38af-30d7-9817-ec19a1227ce6,20ce4a5c-6eab-39c6-896b-9b6f909f5165,42.338551,-71.018253,77
3031bad3-e5e0-3958-9934-c4d98c89b549,062a990a-2371-3b7f-a019-31423817b70a,42.574174,-70.95051600000001,48
47485dfa-8333-328a-bbc8-1094b3e22730,ee57b11d-a539-35a1-afab-d5e283f1e465,42.173103000000005,-71.36375600000001,88
ded5835e-aee6-3d39-8db2-f163d9300a00,4dbd7271-8daf-3e3f-a1fa-3b34b977dec0,42.064024,-71.248401,93
01400d94-6b6c-33ab-af21-9d1156b42f32,8edfb78f-6769-3278-9e0d-0b4f2562fe05,42.338551,-71.018253,16
e189506d-0902-3ce0-a6f5-73a8622b33b8,c40f6b74-8b8d-3759-ac64-6ecf51c6e0c5,42.369451,-71.177925,28
9f10fe2d-1364-30c1-8e3e-6a1c88bb3955,add376a3-c999-349e-809d-1b7424405321,42.63898,-71.321141,133
944b66a2-a31f-33f0-a23a-1ced528d2000,85f413c0-954a-3b03-b375-e41a15c689e2,42.782945,-71.087436,42
a8aa513f-02c5-324d-bafa-ea0122ef0a47,d01e1216-3d0d-3318-bb9e-232816b487b0,42.246872,-71.179462,108
d25c64b9-1477-3b97-8808-f43ee5e60cd6,2d8989f4-642f-31b3-84b0-56643ae70b2d,42.061166,-71.643628,116
ff5e9088-1dd0-3a2a-8ed0-fe6c6cfdcd2b,2163a317-d803-3790-b34b-287b1e305aa5,41.931653,-71.294503,235
df5ae67c-5d14-3f63-91ce-599e9a4c00da,551c48cf-1c0b-35c4-bac7-d44a8850fe75,42.418722,-71.163912,51
eb4a2e21-042d-3a2f-baf0-64e2b8600ebe,92729cd4-156f-3404-b877-1da464e5fb29,42.047075,-71.845805,234
44b536ca-57ce-3c94-b820-294ddc37036f,8f5acd86-92e2-3ec4-b252-f1fd2f3c2736,41.875179,-70.74671500000001,166
99a48d89-0f12-3a4c-8f24-bad67732d600,0b2f42a8-a26c-3807-b178-6b56249d330e,42.307905,-71.436196,41
b760ac23-76c9-339f-a51a-38f982c5ce7a,a1e85ea3-07f1-3e7d-a8c9-241800a8f95e,41.562579,-70.587349,26
2dcf9834-8ccc-311b-8cb0-8a399996ebc9,7dbe3d39-a429-3019-818b-ba297c1c1185,42.499248,-70.898204,89
bb9395db-89bc-33b0-b809-3f47fbdeddb7,f56121fb-8f1c-3088-b974-b5bb50ea313d,42.356491,-72.568632,110
c51dd746-d0a0-347e-98af-90a906bb833d,9e782b47-1e85-31dc-a29d-0726ce53a05a,42.116244,-71.329274,89
fa3871b0-be28-3380-b405-365bbf31f122,18362426-1324-35e6-a226-adccb56a7a36,41.878004,-70.86926700000001,1540
6cf1dc2c-f0a1-3361-832b-55fe23101991,7b69b367-ad62-31ef-a8f8-0cb1ea5d4765,42.421005,-70.99036,122
e6474046-701e-36f0-a3c5-0e151e425d8c,76fcc5a2-ce75-3662-8763-1d53b733cef9,41.56651,-70.958229,204
41680b26-2573-3afb-95bf-3bd1b7ea0090,3698647d-960e-3d51-9116-57d7eeae9fd2,42.138838,-72.755911,0
81230cc0-0420-3f8a-961e-5b88b419e462,3698647d-960e-3d51-9116-57d7eeae9fd2,42.138838,-72.755911,0
273027d1-a6e9-3b96-bbee-0ad5e5e06cad,3698647d-960e-3d51-9116-57d7eeae9fd2,42.138838,-72.755911,55
72dd1da6-83d1-3319-a2a5-bc58b1884693,31921623-e4ca-3c39-b467-454bf51d932c,41.662727,-70.357208,60
6bfe32c1-550b-3455-a680-6e3d77fb344e,7cb5bb84-47a8-3545-b741-a87040b1c992,42.388921,-71.24226800000001,68
601b27a0-419a-39f8-8142-75da45afcf49,d11d02c6-634d-337f-b86e-802b1f77a13f,42.445222,-71.23001500000001,60
b7e3fd9c-4c24-3ab2-9920-aa8db7d2f5e2,9bb1f5c1-3cf0-312d-a22a-b9895a960bb5,42.206676,-70.94584499999998,28
f09bdd0c-0409-3409-80a6-3a8121d18c1d,cca33ef5-6b78-3960-9c74-43f6ba7b89ae,42.059669,-72.03404,58
9f85411d-7737-37b1-a854-12254690287f,31e50732-1be3-38cc-82b7-bcf0cabe2373,42.42938,-71.058706,35
d8afb42d-8396-35f4-a478-7cd28f9a6a29,188262ac-4808-37f0-a028-bef4878dc7d6,42.119228,-71.67182199999999,213
98b922a3-d19e-3556-95b8-0d23bcbf4ca0,7834877b-2072-3d79-9137-d5ee86c7503f,42.520876,-71.770611,45
db5b69b6-2d1f-39a9-9cdb-441f57d68354,9055e211-0e95-304d-ba46-875598879a84,42.53662,-71.36183199999999,284
0a385f7b-c485-3a0d-8c99-a08bd1f7972a,c011d100-b05a-387f-ac50-6461ce543511,42.269478,-71.807783,81
9427b852-d3d3-3045-ac97-25e02b08e549,4ce33e16-e1d1-34c4-942e-fe9882200a87,42.33196,-71.020173,93
52c1a5ef-86f0-333d-928a-af081cd33c2c,de941e1d-95b9-3fb4-8657-035745b38061,42.675551,-73.11810899999999,24
7d0d14a0-bfcc-3784-b83b-ab11dc2e4a5c,f925ac14-e02b-3e20-a170-957cc9b8180e,41.725351,-71.094162,34
7f15a3c3-7e06-335f-b5c4-10fa8519a131,96b62d65-9150-3723-b904-808d4a94d2f0,42.423844,-71.10923100000001,9
07f0b2ec-07bc-3ba2-bb72-fc7ff8b1f6a5,39c04253-a6b4-3a9f-a26a-048652aad32a,41.579794,-71.081822,112
ffbf00c7-7aba-3d16-9dc7-a32341800cef,52d8e0da-6a42-34f2-a506-dc4af622a02a,42.261006,-71.008988,186
1fc51def-fb6b-3de0-b6e5-ca231ac011e5,5510a93b-c3a2-3d18-a009-9b6a4b4e6b88,42.138838,-72.755911,266
0dd3d413-3939-373b-9add-ae50c6142f46,3b044074-c6a7-36fb-a3f3-33d6b3ff97ee,42.047075,-71.845805,89
bfb1fa61-da28-3b71-9558-a3a69a57e4c3,d16fc918-93a3-3e44-a5ba-9b102dd0a90b,42.256208,-72.58103,117
f581a43f-fd3b-3a62-9155-145a4e10af46,a2582f2e-68b6-3e2d-a8d5-5895ae54a625,42.683108,-71.01833,270
d9389911-48b5-3f31-83f7-8d10fccbb396,cf88b91e-c0b2-3f7c-9a63-dd586130f34f,42.782945,-71.087436,37
90318e77-2ad6-3e4d-bceb-b06ba4494801,c985dcb3-9e2f-3953-9313-a1e1b554cee9,41.725351,-71.094162,60
34f8e898-dcdd-3b92-9b16-be206baa2734,6c75a57d-a8a1-354b-a3dd-8e015b4c42bf,42.119006,-71.10365,72
ca33099e-5188-352c-95af-5619a843df52,a21383fb-2378-370a-ba29-954f254b4830,42.468059,-70.89126,245
7e57c9a9-dd98-3b2e-8f89-8d8ed5061655,c07a0d8c-1e12-309e-bde5-be542a9deee0,41.633619,-70.871306,128
a6224094-3ae7-3fb2-bdeb-68f0ea011f7f,f76ea481-be41-3b19-ad01-37bf7fd77cd9,42.520876,-71.770611,140
d6db4ed8-2d83-33d9-8164-136f4b99ccb7,c4ace416-3d36-33c0-979e-31c2a6809b71,42.056913,-70.190488,35
3320dd35-0dc1-36ae-b03a-146a30d4a365,e834117e-7adb-36aa-b340-7e01d3cf61e6,41.931653,-71.294503,40
14ae186d-d2e3-3062-a997-6e178693aedc,ab135c86-5367-3259-9a03-27af6849d473,41.834412,-70.957166,131
ed597fa8-0fcd-3e03-8082-db606ed80a1d,85f6edba-414d-3027-b22b-176bedf7ab9c,42.673909,-71.091334,42
2d6e4801-33b0-3ee9-8c51-723d90be9645,1f59651a-05f0-339d-8ad1-914e0691e840,42.125451,-72.649734,17
5907069d-a608-327b-8770-d8826d37e9b7,e068fd46-1fd8-3aa2-a8c3-7b36f04f2fb0,42.132051,-71.75031800000001,144
fe22fcdf-6d7a-3321-b582-5828318cf5a3,751f3d3b-d800-372f-9e1a-b49eaf3fc2e1,42.275462,-72.280158,113
2b220473-62b9-3ea2-82a0-a7f2642fa606,364cf084-5db8-36da-9d70-34ff6d4218ec,42.462911,-71.364496,60
20e4ea9a-8583-3963-8607-d9b195e673f0,5fbffac7-4784-3c8c-abbb-a07693477bcf,42.281593,-71.242414,155
3296fd68-a2e1-34f4-a0fa-1e969e5f774d,7885a92d-8554-3cba-ad43-99bff92bda4c,41.897892,-70.62403,11
6ddcda7e-51e8-3284-a870-97674a8dafc9,b3018e73-823a-378b-a7e2-1d13f38d3233,42.241557,-71.082432,171
2fcf049e-5d60-3960-a55c-8855344e845f,066dc005-2020-39f1-ba27-8cf297e231d0,42.425506,-71.310812,90
9f1daf67-7954-34f4-961d-2b7e6fae4ee5,1a02b15c-cbb6-3ff1-a75f-2cc715c7dadd,42.62885,-70.685875,67
b9ea392d-91f0-3ce6-9c41-f096802c23cb,cd4d0be6-fe77-3b23-9ef9-bc7a742c20ec,42.363534,-72.50729100000001,31
e5cae7db-8c38-3236-b95a-20333cdb364e,d18b622a-2ea6-31bd-ad5e-0b162de56695,42.224319,-70.880673,67
aefb88f6-b622-31fe-9872-cc7800f7f5dc,da17eddd-6319-3bc3-ba41-74581b2f52be,42.369451,-71.177925,83
763e0d68-1267-3438-a452-6c7cbf72a358,b377af12-b69a-31b2-9e2a-5036b250770d,42.047075,-71.845805,54
45716df6-6d24-3921-bc10-f9bbe95c7eca,90956cfc-8dbb-3ddf-9ee4-c07939406237,42.376043,-71.11868,64
d3062994-46d6-3e96-ae57-53f27f46cbad,5c452aab-2faf-3845-be64-809a8aea540f,42.376043,-71.11868,66
7310a365-7e00-3d19-83f7-d89dba1198a5,a46483b9-901a-3910-8a45-3a88c5954b02,42.418722,-71.163912,166
6a358bb3-7f76-35ca-bca4-ce8f23cab497,d6337e51-f70b-3ce2-b1d5-076f429690d9,42.396824,-71.031348,610
7352929e-cb3a-34a0-99d9-38fdd64c947a,80e251cf-8c81-3f8f-8f57-c2f518676673,42.256208,-72.58103,90
001846c0-9129-37a5-8966-3e7c2378f837,13146004-4c5e-31b9-a1f7-417b2ca5b56b,42.211656,-72.642448,43
58eb6008-1d0b-3849-9ec0-195f6905eb5b,08438088-eba2-3f2b-8463-40627f19c9ed,42.673909,-71.091334,125
f71ce4c3-1725-3341-84c4-4bd7e0feec14,875a8418-2d38-376e-a1d8-47023ef1e56d,42.600633,-70.883303,108
5ee6a34e-e056-3c12-8abd-c586df37e9da,a1426e15-5384-31bf-ae46-9c5dd4fdb79b,42.323853,-71.142003,46
30e64112-8a88-3463-8648-0b53eeb234ab,7e79cf8f-66ff-3696-9f73-172be755ac72,42.390445,-71.101033,106
58af8e9a-a869-3992-80a3-eab064fa34a7,b2909799-7346-3bc7-a87c-0ae971c0bcec,42.612088,-71.227845,167
72fa93a1-ab83-329b-b55e-80ba6701ab2a,45f7c4aa-6dfa-39ae-a373-8f624abf91da,42.175668,-72.572257,228
8d8e6be7-f720-3a99-b286-9aff2f7f4048,f4820355-4552-3bb8-9daf-256391a4359e,42.423844,-71.10923100000001,38
dd79f248-b26e-38e4-877a-89c6c35c67be,36ca8eee-9cca-3c9d-923c-69aa79309d56,42.275462,-72.280158,68
553c3da8-2c38-3e0c-be11-84473b12d80e,01cf784f-f213-3ab8-bca3-919795beaaf6,42.782945,-71.087436,105
9d69ffe8-64a2-3af6-bed1-9708bf255693,adf4b040-f289-3128-b850-e45445055747,42.138838,-72.755911,57
cdab01ac-200a-35bf-b1eb-bf166e2878ed,96a834d6-e954-3441-83af-712bcc7a3e38,42.503227,-71.201713,29
a411ddfe-d2a1-3962-98c2-65367425f543,7c2bcaa5-83b4-30cc-8a8e-3b307a0df909,42.037278,-70.94045899999999,258
102e439c-2025-3b24-bc6b-d04dfb1981ba,b4482acb-058c-3b9a-a8ef-e9ef7c1eb4cc,42.246872,-71.179462,122
5dc16f3f-5a20-3728-b35f-018ab1bb2429,a7108ac5-d3fc-37bc-86c1-32bba22d45ca,42.62885,-70.685875,104
0c61abf9-db31-3b0a-bcff-6e6f79ee5bbe,3daf5b62-e9e2-3143-9460-9fdf850ef311,41.725351,-71.094162,34
bc81a901-b7ed-3807-aec0-b9ca156f0a3d,8f36d684-73ee-39e5-b6fc-c8defc98e272,42.338551,-71.018253,65
e29458f7-c62b-30a4-87aa-c9e94c603741,bd29062a-b90f-3926-813e-cf4027f7df6c,42.421005,-70.99036,176
7d82b705-956c-3e24-a5c6-1194ebd71332,2591e03a-4c09-3a84-b72f-a7cb8972a849,42.012797,-71.336578,266
683c76dd-adff-3e4c-9794-bfdff82af597,60d53ccf-3484-3c1c-8f44-8a11a15f5d57,42.115454,-72.539978,157
75b46349-c5b3-370d-a41b-5d0a8625ef3f,4400c886-4e72-363b-9036-15029a943c5f,42.63898,-71.321141,156
3fb19539-74e7-33e6-ae18-c4368dcf56cd,e0156d27-bc4e-38ca-a31d-39c9b305d287,42.187794,-72.30846899999997,81
c2f61fa5-ba76-3f77-a2f2-9a94104e1c81,560178ff-fef6-32ed-a72f-ff8a63d92c86,42.675551,-73.11810899999999,104
99a58542-5c16-3273-995d-a5f806d3cd87,55234f55-88e0-33d6-9da4-82808f55df7b,42.246872,-71.179462,63
06c347ac-0a56-3509-8271-968efa94ec02,4215bb3e-96a5-326d-96c1-b54744a390fd,42.534279,-70.969782,42
79109a85-a0f5-36cc-a89b-e4c68ee93efa,f559edb8-c46a-3fb8-92fc-6c4a23e86dc0,42.338551,-71.018253,45
d6bece46-d871-34a3-8b19-4c01d0c48c39,41a475ce-0175-3355-905e-8352991bf2d2,42.338551,-71.018253,53
764ff113-bc11-3d3c-b151-13648d769348,e243a3f6-f843-3088-8855-fa268ee5b583,42.411887,-71.690005,168
eefcb6ed-9e33-32b8-a144-622414cae5a3,731e0f3a-075d-37ab-9ba7-fbf1ab2f45e9,42.396824,-71.031348,0
8a965dc0-dfe7-3820-a3e9-c25250f9265f,731e0f3a-075d-37ab-9ba7-fbf1ab2f45e9,42.396824,-71.031348,0
38f589b7-71ae-3527-91b2-78ee83af8ad2,731e0f3a-075d-37ab-9ba7-fbf1ab2f45e9,42.396824,-71.031348,0
aee363f3-a88d-3d59-9f81-93571537787f,731e0f3a-075d-37ab-9ba7-fbf1ab2f45e9,42.396824,-71.031348,0
d7f93555-7e2f-352c-b8b3-92e65e3b80bd,731e0f3a-075d-37ab-9ba7-fbf1ab2f45e9,42.396824,-71.031348,0
71a3ad51-4051-3559-8461-d3317b507b27,731e0f3a-075d-37ab-9ba7-fbf1ab2f45e9,42.396824,-71.031348,0
0d1ef0aa-9a64-32f0-bae4-530be8ef2da7,731e0f3a-075d-37ab-9ba7-fbf1ab2f45e9,42.396824,-71.031348,430
28625427-2131-33d6-9855-279bfa686312,05f9990d-26ba-3601-b6e7-4b4c66eadfd7,42.33196,-71.020173,132
49513820-4f8a-3d57-865b-df4e1f4764c8,a52a936f-5433-3097-bde8-67e2e2ce4553,42.601977000000005,-71.81586999999999,236
a1bd24f8-9c36-304a-9c63-9aec46b5757a,d7c65e24-1d4d-3b50-949f-88930dee0a5d,42.33196,-71.020173,51
a45fda03-2e26-38b6-adf1-0a4e48caf90e,d16614ed-600e-390c-a4c5-8f4cf7ea3dae,41.646686,-70.999158,71
bc19466e-adfe-31ea-9f44-190cd6bfd506,ea5419a8-3670-39a7-a49b-0df776df60b2,42.405938,-71.054649,245
60b550f0-d25d-3e95-a554-a33e07bb25ed,d423fb56-ecbb-3630-84dd-72939ad88941,42.082543,-71.024638,142
24089996-76a5-34b4-89ad-6a5cdef06094,c1c433e1-9ed4-3730-bd86-d25de4fa96bf,42.396824,-71.031348,408
a6760a8b-f903-3b1f-91f0-690a672a4dbc,ead6a1bf-c5e7-39f8-b21d-8f5e6774e449,42.483953,-71.43849499999999,53
280d40d9-0221-3fc6-83d1-c5adb485bd09,7c127bc1-11f9-3b49-8380-5bf7bdc4bff5,42.082543,-71.024638,58
54818527-1a84-3492-b907-e491ec2b8df6,d66fd17e-6ece-39db-a9c4-e11e0c0e3f8c,42.284767,-71.714228,197
2ef1ee4e-3c20-39b4-88f4-874b5fbad1c5,81e40e81-e2d5-3c14-9920-d5ede402018a,42.535183,-71.105423,267
4056ca94-16c2-3d39-a4e2-a603751c502d,5d25ed60-7162-384f-9598-45bcedf375b9,42.700273,-71.161357,109
9e714f56-5a72-35a9-9266-37e586c152de,953c015e-13ea-33c4-8a4c-4a14948fc89c,42.376043,-71.11868,29
7b8229f2-4102-383a-9507-89e97c45f8c5,d65460f9-42a7-3db9-a454-e9771027f81f,42.405938,-71.054649,113
467df0b8-ef3e-3ffd-ae2a-bafb58d8f83f,2a65f7b6-b39e-318c-8fe0-d2e89856aae0,42.390445,-71.101033,197
abbb1203-3d28-3ce8-a3ed-73e099fa6ee2,75b229dd-034e-3a4b-bf5d-ff3df2669446,42.059669,-72.03404,47
60e17d11-72be-35a2-a3f6-6351fb36da07,b5f3b7fd-e6d5-3cd1-ac77-a0e9e4815087,42.205416,-71.00216800000003,100
5e7d1853-e212-31bf-bfc7-0e6b426fa311,799f4ef6-d0b4-31ee-83e5-1030880f16b2,42.261006,-71.008988,135
9caf8dc2-f498-38ce-bf8d-41a26721e8d8,7b5f2dc3-4f3b-3ee0-a9a8-a74f9bd7ec75,42.126883,-72.430952,144
43232a70-0839-3d26-a797-16bd818bb233,5871cb23-b871-3709-bb5a-f518333a7d3c,42.45184,-73.260685,60
2f1d3724-3e13-3713-a821-7e034fa600fb,e3b0abc7-c82b-37be-9432-f3efc410c4f4,42.742751,-71.178588,29
79bbf080-26e1-312b-856c-b458c655de44,27070e2f-37be-367b-92ef-f67225f3014e,42.556659,-70.84496,85
f94f6d3a-2278-3c29-9072-0c3a7d2e02f1,6d72d80a-a24d-3f4c-b9a3-e38a00047e23,42.390445,-71.101033,152
49222ee6-b64c-37d2-b5c7-0cb4baaf4afe,96fa3bc2-4c38-3120-a15f-28f5d80f9523,42.206676,-70.94584499999998,57
1ec34826-e322-3881-9b98-15fe5cbdd9c0,a75a4008-fd5b-3248-ba76-3ffdbe2c9dd0,42.578222,-71.084398,26
3bd68ff0-59aa-3b80-ad7d-87f4a05d79f8,aae540b1-016c-3d53-83c1-c66be3aa906a,42.076682,-71.47449,708
432ed3cd-2c3a-3cbd-ab83-71be8ea7ba48,a1666cb4-3cfd-3ce2-afb3-827434002db1,41.661303,-70.937913,73
3409a309-9d9d-3b02-a0f6-21edb717d1d3,bc1782d3-4317-33ef-b8b4-b5978a0592d7,41.633619,-70.871306,147
d81c738b-c645-38d2-9b22-3b61b9810189,cf0222f3-f13e-35ec-9645-cff5b59b82e8,41.758163,-71.21418100000001,14
4bcb02c6-0d42-319c-baa4-4aa1cd7e932e,cdf386fb-f59a-36dd-8696-4be25562217f,42.198708,-71.846006,74
538d0e42-1b98-35bf-8bb8-2607d3fee988,624782b4-efde-374b-a59a-dcd2821c0403,42.63898,-71.321141,151
ad400512-64c9-30e5-9903-c1d017381c3d,620bdf78-a6e9-3701-80df-c7814fc6b760,42.115454,-72.539978,40
01cfc149-f139-39ee-90cf-5a362598ac77,a6e9819c-e1a0-379c-bf90-23ed94f1dbb1,42.33196,-71.020173,51
f628f795-56fb-3bb3-bca9-91578dca5bea,6e959a29-9aa7-3907-8cc3-1e116aa64f6e,42.782945,-71.087436,32
61aff210-659e-312e-88c3-90d693023dd8,a350c701-3b58-3475-a99b-8da8eba37ccb,42.082543,-71.024638,51
e02d0727-5d9d-3304-ae6d-8f5ac85cc2f1,836e59ef-f889-384f-8d45-c8293d439dcb,42.503227,-71.201713,50
5f0713bf-bf57-38fb-833d-739fcfae4915,8fb23998-be0b-3859-a482-b11a65fc070d,42.534279,-70.969782,56
8b1fb02e-96eb-3540-ba85-d1873fe9fb4b,5db33d20-73e9-3928-b501-9496a97194ee,42.115454,-72.539978,65
6fbb77c2-813f-30fd-ae37-b39ebf242077,26d45cb3-23cb-32d2-a052-332cc6a2ecdd,42.299625,-71.52842700000001,82
2144d28e-cb4f-3aa2-8982-6c3f5caff1d7,0ac49583-9a60-3141-86eb-0346bce1fc66,42.376043,-71.11868,67
2cdcc057-9afe-3f72-9b05-43365447a1fb,824a4c6d-cc8e-3c38-8e89-9eec39f83309,42.390445,-71.101033,226
d84110c7-43e8-3baa-83f6-f26bf4503602,69309bae-a5a3-3089-a731-913baac00981,42.33196,-71.020173,91
4f381145-d78e-3b37-9569-7e30763bb0ec,6b917120-a4d4-36f1-896b-0929f9bf5d77,42.383367,-71.42107,37
0a0cc6b2-cd2c-3ae6-8402-68d001e7881d,409e05d0-d695-3ac5-b83e-591c57e5c4c2,42.261006,-71.008988,64
79a1b6b0-d0a6-3a7f-a03b-416f82a0e070,c7e65d5e-770e-3edc-87d2-af935a53ed8d,42.534146,-71.038333,270
15b6d732-327a-338b-9370-3bd4857e8f04,85dabf59-8670-3b9b-8ef5-9a5da8c498c7,42.700273,-71.161357,137
5f5c06ba-8c2c-3665-b077-075e2bead56f,57f4cb3f-5416-3164-8bc5-d2a789679ed3,41.747513,-70.066223,63
f380d6ff-9cb7-390e-889c-e871a4a43760,8c35036f-47d7-3e93-9410-e6f7acd9cc77,42.123007,-71.53140400000001,419
708c646b-fa39-3a04-8af8-742f59b2c5a6,d33ab2c1-a8dc-3589-8f4f-e29dfb607e44,42.115454,-72.539978,40
64c3678c-a8e2-3a51-8d59-dba51d570164,fb0060aa-24f1-3bf1-ab6e-2b944b076c47,42.205416,-71.00216800000003,60
75f8802a-001d-3e0b-87fa-3c01e7e09b5d,edf14110-aae1-3d91-bbcb-5a2f24c46c64,42.390445,-71.101033,215
6570702f-9c2e-3a1c-bb34-b9eacc636e96,dec32d2a-8298-36df-8022-ebb1a24789ae,42.520876,-71.770611,119
2e2d4ccb-f7cb-371d-b63c-f9d8ad83b5e6,43b77108-4547-3c72-96ec-799b063a0b4f,42.33196,-71.020173,37
b17ac4e7-9b97-39c7-9735-b02d8fe6a6c5,395511c8-1458-382d-9f1d-7d2f6088a0b7,42.468432,-71.01394599999999,326
acfae528-afd3-30e7-9989-775f55016873,95e0bd77-6014-305c-8a2b-cbe96f40b29b,42.211656,-72.642448,58
74d0c004-7d26-3cd9-8445-c6094df32561,a895695b-a7a0-3d8a-a3d8-c7428168d48a,42.33196,-71.020173,58
abf8ad40-e4a2-3587-b930-b3b5f5a18302,d80a9594-f6e7-3fc1-87fa-5e5efb3ec490,42.125451,-72.649734,52
01793e55-8df2-33c2-b3c0-3a97802d185b,0370a670-9e18-333e-b00f-8972f4b4144f,41.903324,-71.094987,32
5edd1ef5-2d5d-3828-90f8-58cc2db598e5,a1c89634-b40a-38db-b362-c1ad9a99772f,42.63898,-71.321141,165
10223060-2a7e-3a96-8aa2-d1f8f9f91981,ea523243-7b04-32ab-8d93-3e71a8623311,42.323853,-71.142003,82
4430a9be-f780-3f48-9c34-5ba7489888ea,371d5d73-07d1-3dee-8fe0-abf82205ff02,42.082543,-71.024638,30
93c45fa8-5ea8-3567-803b-3215c214d034,95661d71-f1b0-3065-a506-1d6bd081cbde,42.33196,-71.020173,124
7c4134df-0004-3924-b164-8fc4573c6c2d,776ce3b8-fe48-3c2f-8a45-d691d19c4e38,42.323342,-71.646236,68
87261c4e-3b92-37a1-88ff-041c3e0feefb,95f1fe9a-3755-3b65-b23f-b6fdb9cc713d,42.269478,-71.807783,44
101b014a-81b4-34d1-bb10-a93a60eddc92,78289108-024e-331e-b7e6-fb6c0580179a,42.211656,-72.642448,138
8a43edf1-2c15-3297-9595-368ca8bfdf21,e59ef25b-ec16-3040-a0f1-e974aad7bbd9,42.376043,-71.11868,92
7ac26696-b131-3ace-847f-8f42c78b289e,c8bd818d-4128-392f-9c65-c13595b8bdbc,42.742751,-71.178588,61
b098a0fe-b981-3ece-9aba-1d9094136a4e,519b6db9-883a-3582-b5b4-becca85d69d6,42.198708,-71.846006,142
ca2e5d39-48d4-378e-b41a-5e9ef8593d6c,8b5cc350-008c-3f97-ac95-f22004a178a0,42.612088,-71.227845,112
34f285c0-5bf2-3d8e-983f-e2ecb896aad5,0235255d-a9fc-362e-b6b2-b66b20b19776,41.931653,-71.294503,311
f215c325-a607-3f3d-8084-afb4f91c9890,bb642d86-e01b-3087-ae77-4cd9621b3ca5,42.064731,-72.653477,143
c65afbc1-7720-3bd0-82de-fcd576b59988,206738a3-7e2a-39d2-9f3e-59e4c066c611,42.474208,-71.097665,28
a88b029c-88f1-32bd-ba5b-4560b4a62849,554a16ad-e876-383f-85e2-e4641744175a,42.082543,-71.024638,23
732cb70c-6b8a-31b9-bb7c-2c4f838ed406,b03dba4f-892f-365c-bfd1-bfcfa7a98d5d,42.175668,-72.572257,196
a7851584-cc80-3052-b08e-98786b1e4bf3,8df56ce5-0ddb-3987-8240-462a1e62a9e5,42.601977000000005,-71.81586999999999,130
41731874-0a9c-3694-8466-c209720a3119,27f72ce2-5067-3a5d-b6cb-4e597eb27c5e,42.115139,-70.71033100000001,10
7692295c-92e4-35a9-bf9d-15e2d4184ff2,00496a63-e8d5-36c3-a4d8-f606b920fae2,41.931653,-71.294503,120
3d315d7e-c849-37aa-bdc2-d0e0a5351c20,9cc3a583-4463-3948-8a9f-6900e895fe74,41.965341,-71.18178,242
ccff0257-2276-3b11-bf5a-d97cf95671d9,02f811fd-f293-3058-805f-00ca7fa686d5,42.082543,-71.024638,77
c63e6baf-0bd1-38bc-aed3-57be569d0746,1928cf88-29c9-3186-89d8-012f534f1e83,42.158692,-71.521419,65
c01ef948-ff11-3efb-ba93-4d49ef39a34f,3b90daef-33e8-3b88-969d-1fc1166b210c,41.903324,-71.094987,39
68847274-6eff-3cb3-a437-127cda175c29,9f7e71b9-5061-317d-bb60-e5a99609a255,42.047075,-71.845805,54
70cf13f9-26f6-3ac4-bbf8-832e81c6bd08,d7d965c6-deeb-39e1-ab10-a10a7b3d628f,42.405938,-71.054649,71
dc9267c4-fcea-3f9d-a4cc-1ac28f1ba91c,260d6fb7-e876-3d3e-91a6-d7bd2e731d0a,42.566573,-71.575135,53
8178f0aa-f3ea-3753-b449-c103d79b6a6e,912d1e11-3999-3cef-b18a-83ec1245bc11,42.176526,-71.603588,57
ee6e3cbf-ef20-3ee2-a9f3-0de0d13ad24c,ed8982b4-c117-3cb4-8a9e-6d34db106d8a,42.376043,-71.11868,68
fab7a4cb-759b-3af2-baa2-622ce99385b7,f8131e95-1ea0-3171-86a0-6a79cf0896e1,42.483953,-71.43849499999999,130
75c941c6-0caa-3349-8c53-1a2b3f7a52eb,414de9d3-366b-3562-b78c-055526ae818d,42.648044,-71.161751,67
7ea089f3-05a4-34a8-beaf-86eb9874c035,16ed89ff-8a1b-37f9-90ae-7d3342874744,41.579794,-71.081822,233
5a7ff270-3abd-3647-ae88-f24b973a3db2,37f29053-304e-3f5d-86fa-902eb0166310,42.423844,-71.10923100000001,80
0028e421-9328-3b99-be51-21f4fdd94533,28949dc9-9c56-36bd-acfb-9d356ef9c7a2,42.331876,-71.208402,34
f78bb867-352a-399b-a057-c902fd96d6c2,c6db888b-4493-3791-82a5-f3ade8d5bc96,42.187364,-71.195971,38
5c48a03f-8697-3ad3-8ab0-a0e7ac68610e,c7d7d48d-bbf7-3ac1-ad9e-12d29a3188ac,42.269478,-71.807783,42
3dd5dccf-f400-3de5-a399-f74e37088a06,df76bc71-42fa-3806-a284-af4dd624a519,42.468059,-70.89126,184
9218b9ff-7084-358c-a0dd-50287648bb77,7282e4b5-bec3-39c4-ab32-482f6ef0f44f,42.411887,-71.690005,209
6e60bb7b-818b-3133-a90b-df34b6e61077,fadaa7d4-d486-3b21-a4b7-0f7a119191a3,42.338551,-71.018253,72
c8fdf2c0-4d43-3882-85f0-7ca3fe610b47,f832c6a1-c260-32d7-97e4-5b841c399906,42.059669,-72.03404,13
5ed8a93c-c522-3ec9-bae4-5cbe86b16ee6,c29aa635-507f-3064-b98b-2c10ae7a3c96,42.323853,-71.142003,59
6cfcc001-6c36-33f4-acd5-fd5d1b53b4ea,a73d9755-246c-3e55-8d71-f720bc20e2e0,42.396824,-71.031348,393
557c0f94-f032-37bb-8760-b5e90e8c6b0a,e4f34df3-65d4-3e95-86f6-87e23a93d20f,42.082543,-71.024638,73
2f042b72-9eb5-3f87-a4ea-c0fa5910bada,5c900690-e695-3e69-a4cc-5f538ac3a04f,41.834412,-70.957166,107
a8a20b95-8571-3a68-b151-d016602bd470,a6c98be1-f030-36ea-9d4a-a6a534fe6b2a,41.875179,-70.74671500000001,256
6046dfe4-1148-3190-9b67-13223812c1c7,01c2260b-21d2-313a-8cef-2f9b37678301,42.269478,-71.807783,49
f82643ca-872e-3345-b4bf-21a634d0a9f0,6afd4187-5831-38d4-a093-dc89d5c739eb,42.455723,-71.05901899999999,62
4ea33ed0-39c3-35a6-b5ea-900b81431dfd,8a334beb-ae3e-3195-bc5d-1081ce20a547,42.284767,-71.714228,251
75bde615-3588-3f58-b740-024a87742e11,28fe8f7a-635c-3276-82a1-cc418e91d159,42.082543,-71.024638,22
dc46e09c-4386-384b-9ec0-c8a140f318ac,db3b01cb-53db-3540-a965-580a459c3e78,42.126883,-72.430952,90
b8a7d682-32db-30bb-a8d0-188b2369bc4a,6a6909c5-55ad-35e4-8f1c-7b0407c5b691,42.50436,-71.064061,71
982b8291-3be6-3007-9e7c-8a6da4ad816d,ea3212e2-5e6b-388f-b1ef-fd3e8f71a037,42.63898,-71.321141,94
effcad8f-0416-32ea-b766-8817af112e0b,d7e72df4-5d7e-3cc2-838b-675fa017362c,42.395317,-71.180284,143
0be648bb-ef3c-338a-a01d-3b24312c3f33,9c8ac7a4-861d-32b5-b7e1-273b08d20cc4,42.059669,-72.03404,87
96d8dcf1-5989-35c6-9dc7-33286491b309,819ad437-19fa-36e7-86f3-54cacd35989d,41.293416,-70.10216899999999,175
5ec6f715-73fc-37e2-86c6-29746599b792,b641f7a5-3f5c-36a9-adc3-2242f8d553ec,42.338551,-71.018253,0
72d17a42-3c84-3cdf-ae48-6622c1670a7e,b641f7a5-3f5c-36a9-adc3-2242f8d553ec,42.338551,-71.018253,0
81908438-fda5-3cd7-aa0d-b7eabd70c424,b641f7a5-3f5c-36a9-adc3-2242f8d553ec,42.338551,-71.018253,0
3530cbb3-efd1-3fff-97ac-8919e8a2ce67,14fcd22b-2042-3307-b5d9-69ea762fa886,42.115139,-70.71033100000001,129
0a92072c-44db-33b8-9567-963279e904e1,c83ace01-0443-3858-9fce-8aeaffef9dc6,42.700273,-71.161357,69
504d9a95-6c21-3201-be74-bab541c5f648,c23c229d-7be1-3227-b288-9f43b4d907c2,42.376043,-71.11868,110
658965c6-63ae-31e2-aea7-6ba08fa840ba,ef582a20-1672-3ed2-8d76-5093a68597dd,41.903324,-71.094987,119
ad88e137-fc1a-317e-9c60-a2ac51fd1760,785e410f-5894-3d81-a4a7-0319d517db52,42.067804,-70.805713,27
7032a5cf-8f5a-33d6-b3bd-df57eb6e5ea6,3958a993-a5fa-35fa-8cc0-af4eaaf9f6f5,42.206676,-70.94584499999998,86
092a905a-d36d-3467-932b-542763aacb5f,a91d8332-4ebc-30a5-b07e-baaa9d47de02,42.742751,-71.178588,137
fc1ec3e1-f531-3ae7-9633-fd4dc1d17251,6386e04b-9dd1-3b18-8ab9-9533b4ccca07,42.338551,-71.018253,12
98753117-ce82-3c39-8909-e589682b625f,26770c30-9b9f-36db-a8a1-0383337c6a6c,42.281593,-71.242414,60
33c1faae-5b13-37fc-b0c5-b4e2a29fb012,270b869f-2cf4-32c6-a9d2-4e1155639a69,42.281593,-71.242414,92
04a78b41-6312-318a-9e78-9eff9bc637e8,6103d742-31b1-3e24-9552-034b3b85ae3d,41.734214,-70.430683,247
12e623d5-6f8a-3de5-a252-7ce6ff8b9fe2,630a681a-a38d-374b-92c2-a6aeb1f4024d,42.284767,-71.714228,167
3c03c5d4-848d-3160-b1d8-08bef95ddf65,13beca5a-3f0b-32ca-9340-824bc17fd1c5,42.284767,-71.714228,193
a8377744-5bb0-32bb-9e50-e5d33cc8c9c4,db1d8aa3-3b7c-31b2-aff5-5d8f7a6c4f4b,42.241557,-71.082432,55
e4d90fcb-ab76-3358-b7c0-f00e9ee7a4bd,61922e36-802e-30e2-972f-611649f2ba6c,42.474208,-71.097665,82
4ed9b35e-aeeb-37be-9d00-4419d6591604,79359695-f51b-3132-8f81-3316b1faabf7,42.275462,-72.280158,47
d6db379d-8e0c-30aa-b5c7-526455641b48,901422c9-395b-336c-bd61-7d19d899c6f1,41.725351,-71.094162,48
812db2fb-dfed-35fc-acaa-0a6a9486f6d6,7fee9f69-bbb3-38df-ad31-7b8e0fa981ed,42.383367,-71.42107,114
74081c94-dfd8-3ece-89ff-e2b35d66dc6c,e70b0cc7-ea2a-3561-a7d2-0b1e1445d31e,42.648044,-71.161751,51
ac4e045f-dab9-3ad2-97c6-c4434712e59e,0d2574ad-981b-3f91-a62c-ca6bdc466733,42.323853,-71.142003,114
58dfb295-3d3f-3b9c-8070-d81fd33492f4,ca424203-bd79-3a84-bdb0-1144382a31f1,42.582607,-71.720464,186
f5e1ee38-11e4-3903-9676-30274819da04,47a5a67d-a994-33e2-9465-f41f9ee425d7,42.700273,-71.161357,66
685599f2-4c1c-39f9-a9d1-1f2aba6db9c9,b03fc3de-c3d4-3b22-bf49-505681e1ab98,42.246872,-71.179462,66
22bb93be-e5cf-3186-95fe-5c4438dc7d77,3f5657e2-decb-39ba-8e66-6792c9c0b02d,42.323853,-71.142003,38
9bb57bdc-3ebc-3e47-b74d-7e1ee1aad98a,648fb45e-8fb9-3a16-97ec-be8a9272b389,42.423844,-71.10923100000001,180
3a29f0e3-5ed4-392c-afdc-087d70afe27c,cdf89e08-0a8e-382f-bac9-1f4f46330a5d,42.33196,-71.020173,30
e9f9872e-e471-336e-a4f7-5b2dd06e351f,98de572f-c239-304f-8617-0fe8ec947381,42.323853,-71.142003,81
b273f4c3-07ea-3297-9f21-710d14306741,964726a2-0e8d-31bc-b8ea-e6325d91d677,42.307905,-71.436196,84
b410e7c3-3ec0-3c1b-8084-cc51418f093c,ac17850e-9ee0-34aa-86b0-7814530f26e8,42.612088,-71.227845,91
1b9e318d-e07d-3129-a6a7-404f7397aa64,64a427fd-12b2-3ac6-9739-c8de163e8c7a,42.158692,-71.521419,28
d77f6fe1-5458-3492-abe4-8fa18201fb61,7827eb8c-3bd9-34d0-b517-ccddbb14b617,42.349617,-71.547214,32
9ada3f85-48b8-332c-8e49-50444fe8e199,c1431f56-8eaf-30a7-b5f0-95bd43ebb2ba,42.483953,-71.43849499999999,131
2e084530-7dec-3a5d-bd93-bd0513cb7aee,1c1c5630-8873-3a41-9191-b149cd005661,42.742751,-71.178588,35
61e83d6b-b26a-332f-a2ab-1e173b8836e6,c90d3056-be4d-39ee-9523-1dbaa24470c0,42.42938,-71.058706,179
f8f56531-d34e-3f89-9b2e-ae38636ddb54,7ec9e63e-1ab2-342e-bbf6-dc05513d8c7d,42.474208,-71.097665,67
d1e98226-a806-3641-9849-209722b5d70d,557db37a-c0e8-392a-a082-eeb21958b46d,41.725351,-71.094162,89
c258c9be-46d4-3d14-bfda-313e5e7c585d,dab3f643-33af-3712-950d-14176198d9a5,42.082543,-71.024638,52
824f5b2d-2065-3926-ba74-dd5c72d6877c,6610f0ff-9416-32f8-b128-c3fedb637305,42.564647,-71.164516,26
157a03fc-5aba-3bdf-98fc-8ce0fa58ba80,050053d3-dc28-38de-a7bd-ca63b8aa31e3,42.224096,-71.54048900000001,42
ed7e619b-03d5-30f8-8900-30c89e4a9d3c,9de9f832-7a10-3999-a83b-6fcb41093e11,41.647227,-70.249978,92
69059e33-5b55-3983-81d0-b3c46733ab72,9672176f-be51-3b14-b86a-6310aa016b24,42.241557,-71.082432,188
abab018a-f607-3c10-9f74-7f11b4bd68e3,eeef6fbe-a883-3739-98f5-c8a00d96a15e,42.390445,-71.101033,94
2073a1f4-b5c0-35f3-9c0b-21873f270268,967f48f7-7b19-389b-bb6f-5f4bd766beaa,42.585541,-71.44025,92
e2fcf1e2-96e5-3e99-85b1-fce4b92f78e7,d157f29a-3458-3135-8c13-90ce14ec3ead,42.198708,-71.846006,55
04343824-4259-3a21-8cec-b958a2bf4c09,86f5a86b-9cb4-3b31-9ef1-4694e3fc359e,42.115454,-72.539978,24
6fad4f0f-db62-3c8a-956f-79c14004b8d3,240588ee-be2f-362c-92e3-b4724a0f27a9,42.597055,-71.3697,89
2e71e516-b94a-3ae0-b2e5-3ec2cff92083,3c402160-c590-39c1-b9a2-96bfcf3a7a7e,42.574174,-70.95051600000001,35
c1d182cc-7c40-3bb4-bf04-988487660811,c7e5f085-09bf-3431-aeea-a02f898ca4a8,42.323853,-71.142003,115
e69289e7-fb16-3504-8ba0-2586ff56599c,af70005a-233c-3af4-a5b1-5017a8d3be14,41.646686,-70.999158,59
b6b120a3-6f1e-32ba-974c-65a85b3be139,6ade82be-b7cc-34f6-b992-de16d4c1f9dc,41.646686,-70.999158,160
647676b0-b021-3166-95f5-ef4686f2eeb4,4b637ba0-7388-3f96-8405-a11bec2ff0f8,42.108463,-71.185182,76
b1931836-3c16-3e47-a88a-1cbab83c7e6e,25de203e-65ec-38a3-af09-63fda1bb8ba5,41.633619,-70.871306,372
53ecd782-491c-3556-85d0-ec2deba743e2,45bc0574-077f-30c7-a450-7f06151d7518,42.219645,-71.216768,91
97f2ae85-cc2b-3748-9c74-c704f07b4013,19bff90b-d431-3ef3-9ada-dc6927356045,42.211656,-72.642448,51
357b5de6-9690-3722-a506-275ce6960318,94e3c32a-69b3-323e-9d98-0643b2179c3e,42.782945,-71.087436,22
2d7b2cb2-d928-3d4b-99a8-d738621b195d,04842e49-944e-3779-954d-2657371330b5,42.084858,-71.41057099999998,137
35f407a7-1ad6-3cb6-9fed-e7b4d2f8b1e4,9b1f70d0-e48a-3bb5-8900-6580a13d5596,41.916805,-70.0271,261
9fb54114-aaa7-3d9f-99b8-bdc2cd3ddd9c,03309df6-cdd9-30cf-92a2-f3621d95c917,42.205416,-71.00216800000003,165
276648c0-3e39-3802-8241-0bd9d32efc99,725ffbb5-a9bd-38c3-a077-a5181df49b7c,42.499248,-70.898204,42
c2089319-88d9-3dd9-a296-cf504d1f2186,3cba4ba0-5f38-3377-a162-d81fda610d23,42.363534,-72.50729100000001,136
328d35f7-d165-360e-8f52-a094da9f9a1e,7aa18db6-5e09-33a3-83e0-a345ee2370d7,42.082543,-71.024638,35
eaefc8af-483e-3f40-a2c6-66514d9fdeb2,1c6a1789-df11-3932-8951-4ffcb869fe51,41.965341,-71.18178,235
cd37896e-6780-3e06-8593-73496fd6f2f4,09997977-b00c-3b2a-b5d9-3cab9ea78175,42.246872,-71.179462,108
6d7befe7-455d-376e-9590-91a900879ec9,ebaa14cf-25b6-32ec-b5e5-10d0cfc496b2,42.574174,-70.95051600000001,53
6d1df403-d281-3368-ac88-0ec68a43ff1c,c5eb5ad4-8db0-3548-9a4f-a4f053309534,42.648044,-71.161751,55
70b611e8-046c-3cb6-9212-ef5e360945be,c973a7f8-3367-3a49-850d-28de92af0e31,42.281593,-71.242414,42
2780cbc3-dc12-3721-be4d-359fc91ff06a,e66e619d-3f9c-380e-9a1e-ac2e1fd258de,42.421005,-70.99036,282
ab8f3911-7cac-3f1e-aba8-c721773f5d13,9f3e684a-6246-3061-ac2f-c68e89b95921,42.338551,-71.018253,82
d2a9dcb3-d0a2-3fde-8e9e-a661bca28a3a,1749ca08-6bfe-32aa-8ebb-262dd2002202,42.520876,-71.770611,76
065de366-1d29-3506-a6d1-b8d3e0b8b894,43d7bb16-1842-3ebb-b9c5-352e7b2d8a3a,42.45184,-73.260685,61
1beabb91-b0e6-3841-a9b6-938d87ecd15a,fa39b515-ef6d-3b4f-80cb-55d6c482aadc,41.875179,-70.74671500000001,155
67e3c635-cbf0-3df1-9bad-3f20e838c986,2f02c665-85f6-39ba-8cdf-430ce2e80329,42.584206,-71.988737,52
8fae7b83-c603-377b-8918-d4df54798912,d396aeb8-6f2e-3af7-a9a3-c126704b1eba,42.307905,-71.436196,31
fcfc1b86-8166-3e1c-919b-14b3df1a16c2,8d0740fa-386b-38f1-8a15-7b2e8f9b7b86,42.612088,-71.227845,285
57c5068e-567f-3b90-934a-39bb9e7c6c15,799f61e1-0d7e-3ec4-ba20-a02e677de743,42.246872,-71.179462,160
e1cbe137-3d1b-3f6f-8cf5-4f29c62fddb7,b74fff2e-4fdd-3ba2-9c47-00c4de8bf730,42.338551,-71.018253,88
53793632-9b9b-3ce7-9b94-9bbc6c9e2c7f,a5293bc6-5361-39ee-a9ac-88384d1f10c3,42.281593,-71.242414,29
c54f3f6f-fd2f-3352-bf1f-82cf4b7c645d,bcb413fc-1a04-3318-8333-7b17a5da7ded,42.338551,-71.018253,67
8dac1991-10d5-3609-8f23-5e4e076a5b84,221d8778-d4a5-36de-9ae2-b337017a74a6,42.323342,-71.646236,88
4ebd240d-c9ff-39a9-a6c1-e93d9ff54167,a4c55ef4-74b3-3190-9dda-6b5672a0f8af,42.281593,-71.242414,70
7ef3974c-58e1-39db-9d5e-048ba59c8433,b4a0183f-3e81-3b5d-b601-08fdc2cd6be1,42.369451,-71.177925,42
0097e996-f897-3f1a-acad-a7f49de801f0,49276937-eda9-3e99-a2b8-d7ef81921309,42.742751,-71.178588,85
e73abe35-30ad-3d0a-b359-7135100bc8a8,a7966727-f46d-3db2-9c7f-7eb7ef4a148b,42.082543,-71.024638,39
ec3a4c9d-e689-3a0f-89ac-0fc37ebe1b46,cb9c7385-9347-3d7b-aa02-d7b969a427c9,42.323853,-71.142003,28
d2ee330f-4f47-3bf6-b895-a7c23b6f12c7,a0f92a63-5680-3227-bda4-8e53a5577f89,42.405938,-71.054649,150
35e365d1-163c-3f94-9376-378715224cb0,febfccf8-0158-3f06-b8df-a110775a1769,42.284822,-71.348811,52
ff6381ab-c86a-350a-a1a6-4bc763945836,74ffc92f-71c3-342e-91c5-9375570326ef,42.499248,-70.898204,42
b4571fe0-f48c-3b0b-9b4e-c03ba49ffe10,9aacfe6a-7af2-3e78-8547-9ca6dcf3ae01,41.897892,-70.62403,56
f6eca171-9c50-3aa4-ac80-2ca411da50bb,beee1ea6-0c28-3f45-87bc-3f57e2607d28,42.418848,-72.10659799999999,77
7467cd4c-55ca-3486-bbeb-66d9ef1034ab,b0005749-ade9-3861-8be7-8243dab881ae,41.646686,-70.999158,64
9427fece-e2f9-3740-aa8e-db4fad93a203,4dba4389-0c82-3bbc-a8c0-ade3a492d401,42.261006,-71.008988,62
fecc7325-ebcc-3023-85ae-d2a0ad1fc83d,caf3d929-92cf-39b2-b8a2-1b8f4a602628,42.63898,-71.321141,223
daa041ff-d2e5-34cb-a768-7295dd52f7f6,a41d04a3-7fc7-3696-9018-346595c6f34d,42.33196,-71.020173,65
9ba92f4b-adc9-3b43-9859-a69a292b9787,c1fc0885-dcb7-33df-afe9-677a840b25c6,42.338551,-71.018253,66
311d4f92-254a-3439-94ed-1c356445ce21,1a369e79-b58b-3e78-9b89-e3c5fcc6bef9,42.138838,-72.755911,18
3168922c-8b39-33c8-8d0f-7fc08dfe71b6,575bf2c6-5e9f-358a-b425-ce2949c9659b,42.395317,-71.180284,91
f140deea-428a-3b9e-86a4-64a5eba90dad,4dced991-0bd7-3d30-aefa-0b8a608221aa,42.575924,-72.229618,164
776c7582-979e-3b4c-879b-e7432e31f938,f8f2e50c-ce0e-394a-8c2d-d3d8f543fcfa,42.675551,-73.11810899999999,69
0d7d9cea-9b79-33f4-af48-63b4998ccaac,777c1bb4-f5dc-3381-a4d6-e85f0b9808bc,42.673909,-71.091334,100
2476e2f1-8392-3493-9034-cd2a232a5eef,5d706a23-cce0-346e-8d23-93981f14bc93,42.187364,-71.195971,70
7fd55258-60b9-3855-94e1-25eb9e8a9e27,37326c29-db0a-3eb4-a827-8e9fab088ca7,42.062378,-72.498111,43
80916ee8-0d35-38f9-9e85-952728288e44,82b60627-d0a4-30ad-b931-58efd96093ae,42.452752,-71.144319,143
59387b50-8f03-3d16-b4f8-987b20ab3eed,5ce0f225-3202-3c0a-af71-78ddb9071ffb,41.972376,-70.978773,98
e5253def-c5ce-3b9d-9245-ad47f5fc214e,2d8df4bd-9441-3cfc-8537-8b3652ea64e0,42.064731,-72.653477,40
8fa101d4-5073-37c4-9042-3ac494e89d2b,58cc9932-9185-3dfe-8b6a-832abe9fab9c,42.047075,-71.845805,80
343946e0-462b-33e1-b68d-61c059510bff,64a00792-3039-3d72-a727-e6e23c273985,42.323853,-71.142003,38
1f8096a6-ff74-3bcc-a240-7d315b299ee6,08c2224e-2ec2-3f26-be51-b1ae5e7e3d7f,42.42938,-71.058706,200
87466e64-cc45-3ff4-97db-d737647bad8a,6d31be8e-d1b3-3e16-bace-b4cb2b955318,42.556659,-70.84496,45
891f35eb-17ae-3f4b-b9d9-aa791ebbf75f,45ce5c35-4097-3c44-a9a9-ab4430328077,42.376043,-71.11868,57
7e42a867-026c-3a20-9b52-fbd0f0f0feaf,c1ed0829-ee84-3746-98c2-181289b064ff,42.742751,-71.178588,78
175c8abe-ac4c-38a5-9f6a-6518c0e6f029,0871f090-09bb-3e6c-8381-ca5ac76a3937,42.418722,-71.163912,133
eeb1fb8b-863b-391e-9617-c000165f12d7,a1708d6f-8f9b-34a3-b991-09c3db2ea777,42.585541,-71.44025,45
9cf34048-96c0-3238-9d6f-a3c097b27fab,1ff2e3aa-8234-3a06-a1f7-c622d7b2c1d8,42.012797,-71.336578,274
9b923f30-5ae8-30db-b60c-c390463fc427,d7c6981f-36ae-3a75-898b-d6fabc74a79a,41.594939,-70.599243,58
179224de-7390-3698-ae3e-404e24a15e26,4ec16668-4826-37ce-9311-49d2b396fa14,42.323342,-71.646236,128
7fc7c1db-45fc-375e-86d4-d3baa4b3bf68,4765a65b-055b-3df9-80f6-1324cf620fb9,42.782945,-71.087436,106
e9dcd48b-43d6-3f7a-89bf-5a06ee51a25d,84e46a53-a5b6-3323-9639-b6b495cb7a85,42.082543,-71.024638,60
4edf1659-589b-3870-9f96-bae3c7be764d,8b2f7ccc-febf-3303-9dfb-05bf64d92f16,41.931653,-71.294503,268
14d2333e-75c8-356f-91bd-5de1bc4dc716,895f9c6f-e835-3d99-9a6d-6721c24a8b25,42.012797,-71.336578,168
241351a5-6ede-3a9b-b0dc-efb469fe19ea,57c7559d-b4b7-3d86-85ba-1ce898f9085e,42.423844,-71.10923100000001,60
2f078c2d-71e8-3a2d-8daf-b7a22d86ea80,281b677c-ac98-3d97-904b-69aa9536173c,42.648044,-71.161751,61
aa561281-a6f1-3759-b9d4-c216b872b2a1,2e147831-e035-37bb-a244-ad56ebe43b95,42.5546,-71.90544,135
ec448f83-aa98-3e0a-acc4-d4c2abb8be32,d280bb3c-0c3d-327f-aefd-45bce5923116,42.670643,-71.602858,137
0556a7bb-a90f-39e6-ab08-47ff0655abbd,80f0cc62-2970-3ea1-bbf9-c98934f59dd5,42.269478,-71.807783,64
17d0aedb-821b-3882-8a61-fb5b8557f9df,d7dd340b-7155-3b94-bc4c-81815eeef699,42.275462,-72.280158,11
0b0a07ae-fb62-3602-b80b-ff166b53a9a1,eecf520b-fa40-39cd-a3f1-8d2891476257,42.115139,-70.71033100000001,122
9003a6cb-774e-3fa0-9e36-9ffdba92c1f4,b59a917a-1369-38da-9318-dc1ef9d86c40,42.585541,-71.44025,16
024ab1a8-055c-3b58-89f7-3a0e0ca9c825,6c8a094e-67cc-3820-b09f-5aa887eea43b,42.782945,-71.087436,24
879bc18a-ec49-39d1-bbcf-649eb3ebe16a,eaecc8bf-2af6-3093-9082-26745a248f0e,42.612088,-71.227845,77
204adf80-496e-3567-bea4-3ce3ecd6600b,51e3d6ea-1ae4-3448-817a-40144a5f73e3,42.246872,-71.179462,87
bb3c978f-b647-31fe-8c3f-a2dd78e3e040,f5c68feb-cf84-3dca-80ef-a2236a78a946,42.367858,-73.269763,24
87c33fc5-3fd1-3c52-815a-b89a1623bb3a,0b9f3f7c-8ab6-30a5-b3ae-4dc0e0c00cb3,42.175668,-72.572257,289
ca8822f4-6ca6-3fb9-9941-39c98be4a1c6,28449ded-6089-3ef3-9a79-63b560dd4489,42.423844,-71.10923100000001,113
ad344638-4f0c-3861-be2e-a9b49837317b,72791e99-8026-3d2a-b8c4-c50e1f42b728,42.338551,-71.018253,41
57c62a7b-e082-38ca-8fe2-ee3bcdc03552,a5cac4f4-87b6-3b92-8db1-580a628f67e9,42.115454,-72.539978,73
51298214-eecb-341d-bf67-ecb19d60b3e4,18a115da-1a29-3da6-a671-898b49a908f6,41.725351,-71.094162,75
b4f2b04b-7648-3e75-b033-34e5a1c08c26,e69a9636-a460-349b-8676-47f7a1984c0f,42.33196,-71.020173,143
6cb8e7bb-94c4-39ad-bbde-0219758c5a62,4462162b-2c23-3262-b9c0-707e3f5de503,42.390445,-71.101033,179
732c7607-f1c3-3815-ad96-8b2f6454d866,b6f7afdd-ce7b-3cb8-99a0-d18b3f4ac43a,42.261006,-71.008988,136
9c60b845-af16-3751-926d-cf5a197c9a7a,c1c122c6-e60e-3949-90dc-76e84326103b,42.062378,-72.498111,116
69022d46-620e-3055-8ae4-00ca672c9dd0,82aad3c0-ee73-3900-bde2-4e6573fdaa5b,42.241557,-71.082432,330
01aa650a-f459-3f03-8442-af2d6361e1ea,8d64552e-b21e-3da0-8129-e1c6d79ba429,41.667083,-70.200793,85
91fe1ea1-e01b-3548-a85e-d295d69cfb60,20f65b95-7a7c-3ffc-bf82-7611d89b1f24,42.585541,-71.44025,248
a24287a3-de33-3126-83b6-a7dbad201673,4a0ced78-ddc4-3ee6-bfd8-2145ade2326a,42.423844,-71.10923100000001,51
68e30714-1449-3682-8294-f51520429e89,79926194-0a2f-3879-8fd1-a94bd20b7c98,41.897892,-70.62403,88
6b7c68fb-c12e-3650-89d4-9ee553c816ee,a66e7140-19ce-35d4-ba16-3cbb5268cf07,42.63898,-71.321141,66
965d90d0-2f62-3821-9087-5c84a4f64a9b,dc095c40-7107-3657-a6bc-8780c00a8183,42.224096,-71.54048900000001,49
f5ea3f42-aa2c-3eb4-8dce-3ead9be385be,d3c7618f-f728-3a28-bbdf-ae2f6c3ed480,42.307905,-71.436196,56
a39796b8-5cb4-3b47-b152-5263f92e1242,15b2e50d-b94b-3059-a8a7-9806983fb8a1,42.115454,-72.539978,64
16e42064-219b-3f26-b37f-213ecff9e20a,be25470e-c855-3202-8198-2157cf238c7f,42.338551,-71.018253,35
579a55ba-a80b-3331-a388-dabb36e1b086,b0360d7f-9c72-3a9e-adad-8c4bcc0c2679,41.683488,-70.510786,206
05b4041e-a4f1-393d-8e03-b0bbedb75529,e5722d6d-2861-37d9-ba68-a25d187e587e,42.246872,-71.179462,117
e4e5b97f-7ee5-346a-9b87-169ce02178d7,64c010e9-9dc9-37ad-9517-ca937a503c77,42.376043,-71.11868,123
402c4f9b-ab29-356d-83e1-137c16afccbb,33e6da9b-f109-3597-907f-6dee1aca9a22,42.673909,-71.091334,31
5ed66158-70a2-355e-b8a3-c5c01c94de53,9e4fd3b4-7a24-3a9d-b8b4-2d7ca4144024,41.56651,-70.958229,384
adf0f92f-1af4-3d5d-b233-27add72e5a0c,a45a7aa4-134a-3229-86b8-997fd829740c,42.084858,-71.41057099999998,197
831087a2-c5c8-33de-b230-c9cb6430344f,6c675e35-4616-3f04-adc2-a276a6a24e22,42.499248,-70.898204,120
4f209447-33fa-37d7-914b-67da472ab404,7dcb5cb6-5c36-3c80-9e8c-eca5319ee530,42.390445,-71.101033,152
7a2e7ec2-c987-3db4-837c-ab3157656307,9047835e-6ddf-370e-9693-6e1a49b4da48,42.269478,-71.807783,59
01f5bfdd-32ad-3f09-a0a4-3e5b3a21994a,c78e72c8-63f2-3fe3-a2b1-d3000ff78d0c,42.376043,-71.11868,24
618d0259-d1ef-3283-bec9-97be7d450b6e,6fa6fde4-6727-3e1a-8574-6e8a61a866ef,42.474862,-70.96218499999999,136
01f3902c-d268-3b37-8a96-c5296826852e,8d11079b-dd8b-3486-bbfb-52d1052c596e,42.742751,-71.178588,102
6477b658-1636-35e6-b9b7-1ae5b899e9b7,280899a5-d8cb-3b07-8236-0067f8ba54f0,42.33196,-71.020173,154
5c863150-0664-315a-8deb-0b1f7a2acea6,16cc9727-9f60-3f98-825e-4e1264b827bf,42.195951,-71.45343000000001,88
acf471e1-2a79-3502-b33d-9000f42e62b8,aba8963a-6ee6-3f10-8d9f-16fe178e2ef3,42.559673,-71.260947,155
93517277-0c31-3de6-ae2b-c61740195981,89b619e4-de26-3949-873b-43a255bf057c,41.76104,-70.701779,75
ddc826f0-4264-35ba-8b2d-a368357e3d9f,20d02c8d-34cd-31d3-96b8-8a86203d5bf0,42.388921,-71.24226800000001,116
c82b8916-6eca-3dbe-8782-eefb93d51085,f66dc930-9afa-3994-8676-0c23f1d3d7a3,42.66495,-71.712025,347
464843b1-3e0b-3849-9239-3e2f90d0e2a6,441e7d33-4099-361b-98ab-f71a5d97ba6e,42.418722,-71.163912,40
45212304-b4c3-33a6-a0e3-ccba91418b35,25a8e9d9-96a8-3e97-8478-2dc024858340,42.125451,-72.649734,25
ad984f80-27bf-3dc5-8653-9746ab1d6029,0862c2e8-823e-3fb0-b162-6838e34264d4,42.275462,-72.280158,61
3aa9fbbb-5e26-350e-8d32-f18d3b613461,86ddfcc4-2739-3341-9a65-305e74c5ff59,42.128937,-71.655787,197
1ee9544b-31cd-3351-b23e-fc5ee2b949e4,a1a0ab7f-3ea9-3fae-b264-90bc1c80a038,42.327044,-72.67463000000001,59
0761ba98-3f31-377b-a102-6094a7da3c53,fd2a0280-a31e-330e-a259-7c1425fa2e2b,42.33196,-71.020173,35
ed8e6894-4515-36c6-9ed8-a9132dc473ee,fc5293aa-b153-3323-ab5a-086457b72cf8,42.390445,-71.101033,177
bc487607-816d-363e-9f2a-213160b3264a,999d0c83-deca-38ce-bd80-7fdf15e1cd43,42.452752,-71.144319,80
c6166311-99e1-318c-b343-27aa02487e95,7bdd7bd6-d521-3b19-81b6-ce2ed80d9e74,42.119967,-70.957211,407
13d2ba77-73f4-39cc-9720-05f8f20a8eec,2c3ab661-ba5f-376e-bd5b-b7ebd67fe5b6,42.559673,-71.260947,209
d28522a1-5d08-3c52-96b7-59a296451184,edafffbd-058e-3a96-ae53-81dd93a92213,42.390445,-71.101033,261
09460bd1-3f31-3c37-9f18-2f9a06cddb21,9b90bb47-6287-3133-a7ed-441412191cc0,41.293416,-70.10216899999999,326
f355dcdb-94b4-3c73-8d48-2e731f2d45f6,de727244-f40e-3976-bcb5-617cefc2b861,42.261006,-71.008988,190
2b69c3e1-f297-3633-9a3a-f4d054538897,a6e8e475-d007-3670-9273-f3944978b413,42.33196,-71.020173,47
ed871a6b-c650-3e62-882d-e3db1522d2ab,271de365-22a4-3f6f-938a-3bc1d1b6372a,42.600633,-70.883303,307
fefec16d-5c4d-3432-bdd8-4330665f6d29,fa56c5cb-6d14-344f-9610-7e7c58d3fac2,42.27901,-72.400468,96
bdf8e900-a71d-33f8-aaa6-dff9a8560fb4,3e03121e-d466-3145-ba6f-83082984c6cc,41.725351,-71.094162,76
3bb92f83-c3bd-3453-9282-601a0493cef8,6445a2bb-0824-33b2-9e35-f147141e24c8,42.187364,-71.195971,15
540991c2-fc12-3ace-983e-3597920d5c5d,8949e7b9-f8ae-3aec-9bc4-39cd07aa0a4b,42.017302,-71.21641,79
19c82560-5498-3d84-be81-bdfa0a8be357,91712a4d-c0e4-3846-b902-1839bb03c76e,42.138838,-72.755911,54
3d7bb4fc-22d4-348d-9a47-fd03c1241216,63cc71eb-cd39-3a36-bb22-7806fddf7627,42.338551,-71.018253,12
3a87338b-5a06-3b57-a990-199060330834,24920d2f-9301-3754-9586-f1c7b54324cb,42.119967,-70.957211,186
dcf7d7c4-fece-359f-9d6f-ab525b034447,9b4b04bd-4ac0-386e-94fb-5aead18273c3,42.175668,-72.572257,382
1e337832-43c7-3d23-82a3-a392a40177e8,435662a3-a94b-3aef-be0e-f89c9dd8c82c,42.261006,-71.008988,3
cfcb5b02-3d10-3c21-8499-0c535bde2358,2196e0d0-ace1-3fc4-92f7-17a7ac2fa1bc,42.269478,-71.807783,34
166e49ae-d33f-3d8c-ba48-e242ed397beb,238ebe0a-20d8-3794-8827-fd8fd9ca837c,42.115454,-72.539978,17
228d32e4-c2ca-39e0-8640-dd4315df835e,eda4407e-ae11-3731-adaa-42b1fee1afd3,42.33196,-71.020173,37
84e09144-cb24-3bce-b746-78f3d66588f9,ccbd6376-81a6-35c8-93d1-d6d519e417d6,42.078974,-70.93939,323
d8b2c53a-934a-384e-b255-2562575748c8,f5a06a9d-fb83-30a3-95f5-a9f77828fb25,42.247211,-71.991867,137
4dfa13f3-a3ba-3860-8774-50e233934bb9,c7bb6571-b70a-3b7b-8884-af90e8c548cc,41.646686,-70.999158,8
eea0ecfe-1690-3a66-93d3-5f837e1e3b80,d71ceda9-f23b-3f44-8a43-552ba56a5fef,42.474862,-70.96218499999999,85
5a94cdd2-0053-3156-996f-98ecf3f7e289,1aaf72ba-d48e-3046-914f-413bb4cc54b8,42.695743,-73.22211800000001,171
47e0949d-15b1-3a5f-bed4-4c7f4e5ea1b4,dc8afab7-7f19-3b7c-9762-723bc420cca7,42.597055,-71.3697,91
5f69fca3-ff8c-3f76-ac8c-01f7913590e8,d4406386-f463-308b-afda-29de5c058ea6,42.062378,-72.498111,166
f10b641d-33bc-3642-b368-ec96cf7c76ef,ec6cc243-d1d2-34cd-9bcb-a75ee7bc1d9d,42.256208,-72.58103,96
dfbe35eb-e847-34e3-b979-45cc0fdda0e3,87c3b33d-de01-3965-914c-7c38c6d02d1e,42.495629,-70.83582,81
c9996fb2-3f97-3c71-9409-474f1efd3879,174d0fa4-1268-308e-9c1a-4b57503b8548,42.307905,-71.436196,217
d797d690-6c3a-38bc-b676-9a4e38eda17c,d6e614ed-c123-367b-9d55-efab8ce71dac,41.646686,-70.999158,107
502f345a-38f0-3c7a-91c8-017a009a137d,6653eb40-b55a-32bc-b64c-121d81208713,42.338551,-71.018253,35
cded8fa0-c72d-3c2d-a555-2b1a21e5b719,2fbaab4d-bd19-37e0-a3b6-0493955ccdbb,41.972376,-70.978773,135
86dbfd04-13cd-3628-bf9b-212ef7e8809a,659d9873-1028-3faf-8a3d-5d3c90c22a3d,42.63898,-71.321141,34
e01bb761-0d99-3c2c-bfd8-907b3ba1a0b2,ff70fc0a-5a18-34b0-b414-b79c78579577,42.064731,-72.653477,87
3df3c372-1757-36bb-a544-ad54686956a5,e6f4640a-ce4f-3c7a-a563-7943395617dd,42.115454,-72.539978,100
881f80a7-7ebc-3e7e-ab35-de040dd91375,648d2435-dffe-3b45-9474-995925f44c1e,42.45184,-73.260685,33
37ed80d9-015e-3320-a152-3dc990324dc5,bcd7d210-e670-3064-8284-69db0a20211a,42.119006,-71.10365,290
dc6db45c-ace9-3661-93cb-aa25996e5302,edbd9d88-7f62-361c-b7dc-5098f5ce3e94,42.33196,-71.020173,16
780bacb4-28c0-3e5f-950f-c1dfd8a30a83,51373f2a-2219-3391-8664-4978665c2546,42.119967,-70.957211,209
95337907-e03f-3dfc-ac73-b1bce45c7094,309b9155-1832-3aa2-9bc2-e6047060c36c,42.601977000000005,-71.81586999999999,111
052c37a4-f1cd-359d-b952-54152bcc8a22,23dc471b-655e-354b-929c-ab54b406f5bd,42.119006,-71.10365,149
f3ddbb2c-dcc8-32ab-ac9d-618996bd73e2,9343800b-397b-37fa-8572-f882f0455b82,42.284822,-71.348811,81
d9fbe65a-fd6e-3287-89d7-83427c980b27,8cdae3ae-0899-3fe5-a0f9-32ec749fdc91,42.119006,-71.10365,63
0d9dcbda-a2e8-3cb4-a9e9-7eb9e7caf363,a74a9d9d-093c-350b-8ad4-4092eb6d29f7,42.175668,-72.572257,269
720e3864-ff13-3db2-baa8-784c8d9a7b73,e9aada58-2be6-3975-a1b1-c7b6b44ec3ca,42.05257,-72.777353,227
fc7b628d-2dd2-379b-a4ef-5bf0d2a9f301,7273fe4b-3cbe-3aeb-8acf-4d7e8232f2e1,42.265435,-72.670813,176
9da719e1-3a37-306a-bb2b-413a61f48fb1,6d39da71-221c-3acb-a8a8-c70ac5984bf2,42.126883,-72.430952,52
fe7387de-1be3-3fde-81d9-4b078ef1bb46,d0030d94-f21b-3bf3-8ae7-86494d3a128e,42.261006,-71.008988,206
4d81abbe-91a1-3cc1-8e6f-3d89092ffa21,66fd56b4-abb2-348d-9ab0-4501a66ec4e3,42.269478,-71.807783,55
98c30356-bc89-39df-8543-d7f57e1b7321,7d499cd2-65d6-3885-9ce4-95ea11b51d8f,42.405938,-71.054649,551
36fe6f93-8b4b-3a12-ba34-8be3652189a4,5cff4aae-1731-33fe-971a-8dae2b29bda3,42.062378,-72.498111,54
5e11df7a-a40f-31b4-a9bd-1846550062bc,de1006df-661a-3e72-916a-6a1788db8b8a,41.897892,-70.62403,74
0329da47-980d-3cc0-bd93-60c28cdff85d,209af0ea-9e59-327f-a924-dbb7cd915ca4,42.418722,-71.163912,25
7e1b2d40-a52b-3cc0-9179-4a20e039b907,3998f1e1-5e52-333c-ba89-6aecd41131f4,42.499248,-70.898204,66
29e0397c-2959-3c7f-8d40-bad7b602e3d5,f078ba75-7ff7-3e39-9203-2ca08ccaed64,42.338551,-71.018253,82
ad7f09ad-e8a6-3f74-8e1e-ccb212cd3a9b,7d589cca-05e8-35a1-8e8d-8d38256484ac,42.323342,-71.646236,146
1ff5eab2-8a49-3c8c-914c-edad8e5d3193,ca49c2b9-efee-3730-9c7a-e35c169c89d9,41.633619,-70.871306,141
e59aceab-5664-3c25-b925-300d01105d5d,a95684bd-b222-3e5e-8d18-805e5ae45705,42.125451,-72.649734,138
01f05b61-b36a-3899-9081-6985e0a79b02,4ecbf41e-9d8f-3aeb-9b4d-6625c2ff5918,42.037278,-70.94045899999999,112
377d8307-3e58-307f-b91a-812a6d6f677c,d8a0c506-011c-3ff1-b5b9-0ccfdf2846cb,42.360427,-71.361099,67
68e447a4-92fc-30d3-a185-887c79969030,8248dc1d-b8a5-33d2-9568-b6ff30d0a94d,42.211656,-72.642448,36
cb65b899-dc34-3c0f-b8be-b000b5fa406b,5a3402d9-298d-3774-9248-d6016285fba9,42.50436,-71.064061,69
31f262e1-3564-31ec-8411-77cae571a628,3e4299d5-499d-3fb7-a4d7-1b4df8e29c5a,42.33196,-71.020173,51
93ad45a8-c0ce-3d3d-b78b-32f84da9a625,abefcb11-6fda-32cb-9156-502aad06f73a,42.331876,-71.208402,103
54f6d217-b10a-334a-82f5-ba20dce6c24e,5a9ded14-4f2b-3d66-9301-02c8fb81c8fd,42.267441,-71.617492,162
f3b5dd33-f0e2-3799-a87d-633f35662e44,3e9e6b3c-0528-37e9-bf33-1c7268c6e865,42.183577,-72.457812,189
73964b7b-4d0d-30fa-bc29-34b583ee6b43,1c79174f-2aef-36cb-8551-bf431a9f491e,42.211656,-72.642448,49
0bd7be41-a0c2-34e8-a8f9-6a94e93461da,e00167a5-2d29-3c79-ba45-54e88c734a92,42.369417,-71.785036,400
01bffb88-f6c1-3d08-a4d3-e6fbe38d4027,cae9c459-036e-395d-85f7-94f0516bbd8b,42.369451,-71.177925,212
09a242b7-f698-372b-913c-4e7200410bee,b7a2f55d-5e61-3d07-9c48-a9c6c2bf6d54,42.125451,-72.649734,149
83a82b87-61c7-34d9-aec7-f4dbcbaeb10c,0134e913-c7e3-388f-8875-b80c70870d8b,42.675551,-73.11810899999999,89
993763c4-9bc1-3b31-a2e7-c9dbd3469634,6a8fc18f-d732-3fde-8519-aeed520c659e,42.474208,-71.097665,128
e37393a9-a19e-3b20-9f91-7b727b7bd254,c85dfcc7-a925-31ac-b271-63c35397732b,42.390445,-71.101033,86
48086642-0187-3a1f-89ae-2b354e846635,3bb832e2-9bb5-39dd-9974-b07573477a2a,42.33196,-71.020173,62
e142f7e7-ec53-32f6-a5c9-065028a7debd,2d3b6c1d-29f1-382e-9982-d4e5d9fc8c35,42.423844,-71.10923100000001,95
d7c49b6f-4659-3e5a-bee1-61907c0c08d3,2c5d106d-836c-35fe-96c1-36797e2319ac,42.037278,-70.94045899999999,218
3a23df70-4ad9-3d71-a440-20628ad1b36e,ec5a5cf9-94da-3dbc-b6be-cbf12d667940,41.45716,-70.556101,111
19261c4c-ed2a-3e0e-bb3b-709472bee600,27836bf9-d4b9-3f29-8ac1-fda68caf7f88,41.683488,-70.510786,124
6e7e8bdd-5c00-3db1-beee-09e128d8bb87,81afa09d-ba9e-348f-9572-46c2547d4427,42.323342,-71.646236,85
744b5324-25de-3243-9af5-9f177e7d9335,73fa0d4b-31c1-3c12-af7f-39065b59ba5f,42.125451,-72.649734,85
5107ad1f-fae2-3136-b387-ee3544244f60,4b49e887-7306-350a-958c-c9062f816d73,42.305932,-71.282917,28
3a8345f0-d945-383d-829b-93b29b2a8e7e,6449de3e-a492-3f45-b20e-b956c8b73478,42.63898,-71.321141,60
8ce0f577-d677-35d4-9a47-46ccddcb5dc7,6aaf5ac4-f72c-3153-bd24-07c0240ab70b,42.187794,-72.30846899999997,35
5ea02911-b4e2-37dd-b2cb-ef1146111521,4066f7b6-d3f6-31d3-848e-433257aab477,42.648044,-71.161751,94
4ca3f49d-05a8-3d4a-9c65-ae76fedf6931,e2322ccc-d412-3a94-86bf-75f68f7f6e61,42.612088,-71.227845,179
a18f9cf4-0cd8-3d08-9107-d4460cff1835,2d4f1a17-3f7f-3434-92ed-4e5fb3deeb04,42.495629,-70.83582,41
6586eca7-0fa3-3d03-bb3d-5bc594becb84,63ead2dc-60a6-3628-acf8-f49ffaca2dce,42.156203000000005,-71.43034499999999,123
72c46f86-3199-3d60-b1f3-d56bc3f6f15d,65844c75-463f-326c-b0f6-dc3232e48fb1,42.132051,-71.75031800000001,213
c4d5c830-3490-38d8-9171-da2b5ef28cd9,ca960833-41ab-3cab-b1f0-192cf26727d1,41.725351,-71.094162,66
1f07a0c6-28de-3699-808f-dd5643979e81,a68c41bc-f07c-3943-bea7-91ab6cb2014f,41.647227,-70.249978,40
9b8ed20c-85ec-36f8-ad06-a0dbdbae5120,34620b09-e72f-33e1-bf2c-0190724aa099,42.447924,-71.776045,385
47d0b37b-413d-3c5d-ab6d-2f1b0b43569e,5464de19-8db1-305c-9feb-77921762d783,42.679723,-71.30068,342
ee32fd5f-3644-3e37-ade5-1ab5b82769c5,fa5b39a4-e3a8-3235-bea3-eedc6628e64c,42.122956,-70.85631,57
d5d8929c-b55c-3574-b018-246180f9d99c,29231c59-e2f2-31ea-8934-4a11c60db561,41.647227,-70.249978,41
a96c9e20-7cf8-37bb-af70-6f3be2866b0a,06298d60-e0e0-32d1-b465-2455b92414b9,42.499248,-70.898204,90
be7b0446-1fa6-39c6-8cea-e58f68b37a61,d5744fcd-dd7d-35f2-b4b5-22207c47f741,42.61176,-71.565269,43
1b2ec707-29b4-3dfd-a1d5-128bf1c213e5,f8075abd-537b-396c-beb1-ecfdf898e428,42.474862,-70.96218499999999,61
008dd3b1-729d-3cd9-9864-1ec23f9c5b93,f57dfc4a-d8e2-31e8-bdea-fec81ed4d776,42.261006,-71.008988,38
96fbcfd3-31e3-31f7-a185-3445d508e857,cd52feff-f9ac-3b03-b6c0-75d987fc11c1,42.390445,-71.101033,110
e29f5439-26c8-3897-b602-71774732039d,46f3221b-49d9-3b45-853b-812635e2ba0b,42.474208,-71.097665,58
15a6ca38-9431-371a-a55b-4ff8767785e1,91dad702-1bbe-3ed2-a366-d108203c00a7,41.75495,-70.616158,15
41b2cb0b-898b-3845-b81d-bff322d29e2d,69a72503-f1fe-3a57-9e7d-acb6491fce83,42.082543,-71.024638,73
8a9a0f76-725d-3b5e-b831-14d468b18ff7,932c442e-adef-3f04-864d-da9baa79d747,42.012797,-71.336578,245
cc588a06-a360-3a60-a702-09869dee6c2f,6b0ccc6d-35f6-37a5-9767-1292cb90c5c9,42.520876,-71.770611,135
136b67d6-fc49-3711-a543-bb08996f6cbd,3feb9381-2ab0-3378-9bf6-94b467a07944,42.338551,-71.018253,24
10496465-f71d-357d-ad6d-9f368b524376,65e667a3-35ea-3715-9743-34080e93acf0,42.221851,-73.333044,9
7b9c1ef2-8bae-3203-974b-3717d06a08d7,ed2f8c70-8b6c-3d0b-938e-497000cc4b85,42.044307,-70.70604499999999,194
6a53a02a-dfad-3564-a93b-f78845186911,aa383493-9e47-3436-a1d1-f8e5a2d70da3,42.12826,-71.8671,343
417bb610-6047-3ac0-95f1-08098dc67e3f,a85dd351-295b-39af-8b0a-c195586307b7,42.219645,-71.216768,9
f9f3e281-ff47-3fa6-9b87-89e12355a444,143e1c06-12d4-3a15-b787-dbb15f1fd9a9,42.241557,-71.082432,165
f237e700-3167-3c84-b367-308a9afb4fa4,a8f5378d-2005-3778-93e9-ea7c8c90bf6d,41.725351,-71.094162,58
d27cf4db-43b9-3f29-8e35-708c5607b398,842ce89e-3360-329c-9939-40d3ea4e558d,42.261006,-71.008988,38
74e5545c-c458-3310-a82b-17a40d34ebe6,3371f289-252b-3591-adc8-3776564b97ef,42.261006,-71.008988,114
96566604-bf04-31ad-b391-647af0e48488,23efc2cd-79d6-327e-8935-1b8be6b2b15d,42.064024,-71.248401,90
2d574551-74de-3c8f-934f-7b48c8d81add,a2bf57c4-99f1-3c42-ac9e-d1d76316b86a,42.206676,-70.94584499999998,84
d792919e-c830-39b5-8df1-2557c09f909e,d091c102-d402-361f-a252-cf0244ba3fa3,42.246872,-71.179462,168
a8e85327-2061-32a6-acd8-233a0737bf4b,5d65df13-4eeb-35e5-8e62-f25af84973ae,42.610513,-71.007118,70
5a8b5662-8277-3ccd-97eb-cf8cfc842180,dfa4e71c-6548-3fc2-bcc7-d3308d9de08b,41.972376,-70.978773,340
659a6c10-2e05-3d70-a461-3521ea7d9b2e,d62031f6-c04d-3710-ac56-773676b762e0,42.184599,-71.305307,217
37b1209b-db66-3b22-8eaa-f5483df4d7ea,27a6633a-af3b-3414-902a-eb6f06cc7338,42.468432,-71.01394599999999,233
2d617f19-7594-3b85-bac4-ca62474b6278,34031633-e7ec-3962-8a45-e2a8f77dcc92,42.128937,-71.655787,462
da8c753e-b471-3eb6-a005-e9fbeaf4b7f9,ca2eaac0-decd-3e6b-9306-da358c0fcbf5,42.040515,-71.109329,1358
9618f657-0994-3317-8722-7d8af963038b,a397dac5-fd9a-377c-a5d9-507362f2ee63,42.33196,-71.020173,121
338689b5-1d8b-3801-ad82-6792399851d4,50f31cd7-e8d4-32e6-9b4d-bcf662abafda,42.742751,-71.178588,132
8e24233a-8c34-3aaf-9faa-dc5922c2b80f,0fbf08b8-4f57-3d18-b153-90417f7cc2ff,42.782945,-71.087436,181
366053f8-276e-34ea-999a-4525bc4bbb59,9a345115-fe57-3de2-a2f1-9ab09066ed87,42.474862,-70.96218499999999,89
29836c86-22b2-33aa-b4db-a19b79340e04,2965c7f2-df99-3eea-bd7a-293dac6fcef6,42.445222,-71.23001500000001,65
ac9e84d8-a50a-39ca-a209-7f83e1d2a74b,369484df-e8d5-373d-a9f2-abfd405f73bd,42.355801,-71.862574,182
6c188468-68ac-34ec-8a48-5f3746b4f541,d9c2bac2-b16f-3482-be5e-595a49f3da48,42.376043,-71.11868,81
77c152fd-3dd0-3464-bb93-247734e6c110,43acc0a3-a37b-37b0-873a-b2c324d6d93c,42.125451,-72.649734,156
ef7cee3a-baac-3c93-87fe-6c677bac8cd0,0ccf53f7-74ad-3c47-b4ab-63cca2333302,42.33196,-71.020173,96
a8213aa5-1c7a-3b7c-91f1-4a50aadbaa41,b8e926d3-93fe-3118-ae14-604751bfa993,42.396824,-71.031348,508
4a3b2c4c-c265-3ac4-b4c3-7964970d5e14,d0898332-e443-340c-a0b8-858048a62334,42.445222,-71.23001500000001,49
c00bf274-ea22-3484-9115-bf15b4dac145,1a52495c-2e22-30b1-88c2-ca3fa2657921,42.158692,-71.521419,58
2d68f012-1f2a-3206-a416-bf0173c4b53e,b9c4e4e9-4717-340e-99a8-4c3941065d23,42.742751,-71.178588,32
ac87d058-72dc-388e-a7db-243ba89a5ef2,d9a6eed0-e314-3000-aba8-83d425f0024f,42.499248,-70.898204,55
c4ac3e59-4003-38a4-a4dd-0390d87f411b,8f216cc8-da93-3110-a081-0ca8461b44db,42.575924,-72.229618,80
c5120e52-9a63-3c87-82c4-acfd838851a6,5c1f9bbe-14d8-34ce-ab60-d6f395f15e65,42.064731,-72.653477,91
1d109265-e611-32db-bad5-2b4948bf7792,05012be2-c47b-3ca2-abfd-30a74859d1e8,42.050239000000005,-70.867359,39
a1e96634-4fcc-32ca-9786-2d8c373dd600,6a6a2719-c7d9-3475-86e7-7824e402e5bf,42.115454,-72.539978,65
181d2ca3-cbea-380d-bbc5-0ba1aa64cf7a,aea09364-11ae-38ff-a577-bbc3effdae96,42.133935,-71.968025,53
c44dcccc-af2c-3fa0-9343-e56578d0bf40,b685176a-608f-3b57-9778-f34fc9f486cc,42.133935,-71.968025,26
8cf759bb-56be-31c0-ae03-5a4f095f1a34,266eaea5-f680-3a81-ad0c-b79e2c8d6697,41.37295,-70.482349,135
1cfb72da-f995-35db-85ff-17323306b1a6,d8488a9c-4c2e-3cea-a6e0-c550cdc42fb8,42.261006,-71.008988,141
61f3014f-726e-3fb1-bd0a-5459539e3945,f0fda6d7-6e37-3194-b458-d3e510c06eac,42.084858,-71.41057099999998,159
85562378-376e-331f-971d-1ee012df9778,1d4b6a51-a533-310f-90d0-9f96279041df,42.323853,-71.142003,98
895f60dd-34c5-3dd3-ae1f-afe2677fb1a0,16d89462-d8c5-3a07-b525-3edb9f3d474f,42.423844,-71.10923100000001,53
367c8d09-d1fc-3ddf-80b7-a8049d2055e3,26d23f25-76f8-31d0-a18c-2cb7787596ad,42.261006,-71.008988,146
3b98b9db-982b-3274-8f49-082b24eae12b,4fb02ad6-5c7b-3f57-8f0c-5229cf2c649c,42.700273,-71.161357,115
2d78b95c-6cca-344f-8a77-81a645865ce4,a5a9e752-ef63-3009-9dd0-e9e55879e8f5,42.158692,-71.521419,35
5f307662-effc-3fca-aff9-a0a2a809e7c4,8315e426-e80a-3a84-bf95-94e538444dda,41.71746,-70.591824,141
30cc7ce2-c836-38d0-b5d1-a8d3723dc686,14987434-9448-35cc-875c-947d69bc538c,41.897892,-70.62403,5
f95b05b0-c6f6-3250-9829-744f9ea44d37,c2128582-91b3-31c0-8ddd-988d43cbc166,42.376043,-71.11868,84
73517ec8-f182-3bd5-9e6f-1d7264e56cac,bc5849de-341b-3aac-9418-830b0606f297,41.897892,-70.62403,40
10054936-d987-3a03-9ad6-82f4db97797f,2468bb56-3ceb-37c9-8140-14cbe3d36948,42.390445,-71.101033,275
605e53e1-526f-3a09-a039-ff69067f6a68,efb4c0f9-b912-3064-b5a3-bb61a6be51c8,42.673909,-71.091334,54
545af275-c981-30ad-8225-59fb14afd826,903c4e22-78f4-36e7-b4f0-e4078fb8b63c,42.488769,-71.154438,25
3e30a080-dbb2-3a7c-8bd9-40907077dba8,ea73de77-931b-39dc-b8e8-c49d261552a4,42.307905,-71.436196,79
9de1af23-5b69-3b9a-a092-fc61b2e8cbed,5003f481-9b24-365a-95a9-5eb30411185f,42.33196,-71.020173,160
1dc3a493-5520-3fb7-b911-09725ef31c5f,82da053b-5fd5-3a73-9e39-5e53fff79b15,42.474208,-71.097665,44
5fdf7cec-0f2a-3147-9a7f-13c50dd1caf4,82ff180d-fef1-36f4-b6b1-5e3460b972bb,42.425955,-71.45625600000001,321
cf8b3f7c-645c-3ce9-980d-7f85830421d2,f615ef4a-b2ad-3d61-ad4d-b9610c5899c2,41.931653,-71.294503,215
fa156461-f3d8-3e61-8398-b3a4798454f4,efd8d782-cbc6-3cf9-9495-eee606b5804d,42.574174,-70.95051600000001,38
5de0eb42-c0df-3b3f-8460-5c3369eefacc,3f44c95d-aa3d-3385-93f7-9b0bdecc52a6,42.133935,-71.968025,65
187a4566-d79f-3b6d-8daa-9db155acab18,b9a14c6c-d83f-306d-b261-778e45158c77,42.002634,-70.86370600000001,252
3b483f32-1c76-3f35-8f02-4b6025b1addd,bc3149b7-c6d8-32ed-b4c7-3f6a8ba5f1af,42.064024,-71.248401,59
5dca89a4-452e-3cdf-b118-dd191bc4d143,c55a8602-4824-329f-95eb-42fb28d6d54a,42.206676,-70.94584499999998,60
2a066b04-41fb-3659-a311-518837a0a096,d52f28b1-91dd-33f7-913d-8520af27b12e,41.7132,-70.485737,56
3f55b28c-c1e3-3fb5-b5fe-d8ac6d37165a,af25ef6b-3d47-3fe2-bd59-41eef54a7217,42.33196,-71.020173,82
1ab0cb0c-2ea4-3bf2-aa03-8c55e8d9d900,086649a6-846b-32da-869c-28ea384a0d42,42.044307,-70.70604499999999,183
ec97e18b-0d31-3b6c-9279-6b5274f9d708,304f7098-0d11-305a-a1ea-dfdd18b240ba,42.206676,-70.94584499999998,106
bbce8f1c-6a8b-3655-a877-99d7484fe8ad,544b4af0-c75a-3a6a-9bbb-e4cba22e99f9,42.331876,-71.208402,57
b2d8a43d-532b-37f3-9c8d-e079b716f07f,30e33c9e-fa5f-34c2-9880-3c56af7b12c0,42.742751,-71.178588,126
71c28202-fe5a-32c5-880f-7e39bca47caa,883860d6-0862-3a47-a18f-7256563c53f4,42.128176,-72.205352,623
bcdab585-f2bd-33ae-bcb8-23f2d8fe0f94,ed353f5c-41f9-3eb6-8e10-47d3db959d99,42.128937,-71.655787,239
429c110e-8a16-36f8-a210-b9dcfbc9870d,e583ee74-a24f-3b47-8c2c-4ffc2eb8dd4e,41.987196,-70.74194200000001,48
e79d659f-c107-3f4d-be4a-81c47f1bf096,7a4b74e5-df8f-38a1-b9cc-db99f0eaa7af,42.246872,-71.179462,143
b0c1fc2e-3b19-37bd-bb74-9ed7affec7c7,bb2a67cc-8fbb-3f86-b713-068cab8a36a3,42.331876,-71.208402,62
fcee0934-e7b1-3f80-8c73-a13b99fb0cd6,22d29972-156e-3e3f-b5d9-8b2968d84edd,42.331876,-71.208402,75
84c6225b-bf77-324b-a75f-41e892cb3ff1,f7e424ae-2c24-3b76-8e76-0d1e23f86fe4,42.331876,-71.208402,87
b3c32bf5-b0fe-3241-8ca2-c5545061e1d4,8589e9e6-8f3f-3b7c-a573-eb546f043ebd,42.556659,-70.84496,42
fbb5e390-9774-3742-8f5b-d75ae931fc3f,6f9533a0-163f-3afc-b6e9-16bdfb6a0578,42.052671,-71.356858,174
63bf7664-5fc6-3664-94dd-265dddcad278,c69d1c9d-3168-3285-af50-8a8106c2aead,42.037278,-70.94045899999999,114
9422fe58-b247-34b5-a376-61eaf88d1d67,2282dcb7-ad7f-34c4-ab5a-ecd68657815c,41.897892,-70.62403,22
7026fcf0-ebaa-3a93-89eb-3d8c43e8fcc1,d84d3023-8cb3-3348-a307-9815cb4f78e6,42.269478,-71.807783,60
be44f517-1829-3392-94bc-75330172c9f6,fa51267f-96dd-340c-ad1c-76080f4525f6,42.782945,-71.087436,35
12995525-c4dd-3821-b64f-69aa63831514,fc6361e2-3d6c-36d2-bd4a-6e53df8168ce,42.33196,-71.020173,201
18974c98-9475-339d-9759-a6d3b130c751,aab93dbd-24d7-3c77-9ba8-24165df892de,42.205416,-71.00216800000003,134
1660817d-8e55-3f97-9985-1bf7617b68d1,8551a132-55e0-3e45-a900-a344631aaf18,42.383367,-71.42107,108
647f4b37-b219-35a6-ba5e-380a7f3e7942,f985eade-5b89-3a3d-a152-2545eb91b508,42.269478,-71.807783,40
49972cd6-9a0d-311b-b8f4-16670241769f,ead75f52-c895-3806-a1ba-e388cd3505ec,42.612088,-71.227845,99
fa0a4ae0-5694-3778-9573-4a0ef3a4854b,7ce8087e-978d-3fb3-bfee-545f335ad719,42.30539,-71.28366899999997,241
6be2bef2-d6a9-3a1b-a058-ec3757739837,49336a77-2963-325b-b642-7499d4d9a38b,42.331876,-71.208402,85
6705159c-41e5-3870-96d6-83db3d2a2a57,61308500-499f-3fbe-a54c-75d78c408972,42.164569,-70.818844,14
8e311b99-e454-35f2-b262-0c5943aa063f,8295e380-5eca-3304-9bd9-ee3ce617cdc6,42.360427,-71.361099,86
6a93d27c-42e0-30cb-afff-10275a43dfc4,28312252-e57e-34cb-8e45-6ce36187d68c,41.646686,-70.999158,115
5fde8606-b349-364a-9fd9-0a0b2cd1bac6,35190d90-3766-33a0-9a20-506785546733,42.499295,-71.281889,40
29f239b5-428b-3def-9f4a-0e03adb0fb24,4dc77050-628d-395c-9ba5-56fc610e938d,42.187794,-72.30846899999997,48
07c4d26b-b37a-3f36-a1f6-f1081d0cd61d,a9a7dbbf-cdeb-3e44-ba3e-533422454722,42.067804,-70.805713,49
4c472b42-6652-356e-86d5-4fe7789bcbf8,f42b6233-9c1b-3dbb-a31e-5705c7500257,42.63898,-71.321141,216
061852a9-3bda-37dc-82c7-14c00a9eeed6,c367410d-28ae-343f-8a79-55b6d6da8d14,42.447924,-71.776045,198
11c8fbf6-4aff-36a4-8eea-30466240b607,be87eb8d-9590-3dff-a31c-1cf6fc69f3b1,42.115454,-72.539978,45
ef513f24-6e60-3aba-8845-baf37632d3e7,158fede0-f3ed-3a58-8226-7052ecdcfadd,42.084858,-71.41057099999998,133
b055b432-142c-391b-ade9-aa900486ea64,8f550f32-7833-32b2-bf27-fe741b758cb8,42.187364,-71.195971,43
2dfcd035-8979-3995-8cd5-1d88c883a4fc,0d307ea2-118e-39a2-8619-7bf9948df58a,41.839798,-71.31804699999999,47
0bd0c9f1-4c29-38c6-adba-7d5dfd1dde97,e764c632-fb18-3997-b27d-961fb05ae338,41.931653,-71.294503,92
fe39b092-2856-3bd3-a804-9941c59bb088,b5b87953-eb85-32b4-92d8-5e771bd354ed,42.474208,-71.097665,103
746d3bf8-2bf8-3f2f-b4c8-34df3b61f1e3,b7a23b1f-07a4-31c9-bf78-209a3b13d5d2,42.119006,-71.10365,77
f0c2cdd6-d3e6-3c5b-8a1b-495351d9574c,2fdadaaa-8434-3494-80f2-1434a54c299a,42.376043,-71.11868,33
e73646d6-3e54-386c-8427-b819f8acc000,666319d1-a356-3801-aee1-240390b47a8d,42.224096,-71.54048900000001,78
219a4a8d-7b66-3d2c-84fd-a3433bbe12bb,38933c98-0aa4-3116-962a-2fbadbf27e36,42.369451,-71.177925,151
344fcabe-2802-359a-a092-16d67872da02,0d3b12c1-5d12-3d76-a84d-9b3aabc22505,42.247211,-71.991867,384
ba13e09b-e9cd-3b9c-b019-070fc666dbcb,1419a288-9e0f-3d8f-a4e1-3e705f7cbe45,42.483953,-71.43849499999999,64
edbfe498-8e0c-363b-8ed3-30badfc4b488,16f8208c-09ed-3eb2-9285-cafaae007841,42.050239000000005,-70.867359,205
fed1e4ad-e648-32b5-82ef-487f35e4a341,b20d7165-17c5-39d8-983c-4d36368b70a0,42.673909,-71.091334,128
6ace3c69-6cae-36d0-8c5d-490c2f3a0012,22cffad8-c444-3408-b5c9-6c9e447dba12,42.175737,-71.125385,49
fe5330be-e20c-3883-af5a-8009e63f1c86,670a7f4f-973c-3cc6-89ea-1e7500163abb,42.673909,-71.091334,43
b297e712-4aab-3b7e-b14a-0d6742fb7d47,2589859c-41e2-3f01-b495-a62e9cb277d9,41.70692,-70.221117,199
ebee0bb4-f032-3c2d-a372-ac5713c237c7,880df1fd-27d2-3c49-b3a0-ba9b66177856,42.504256,-71.588513,65
0c85c987-0409-3fd7-aa8b-5b66c999a806,8f9f8d6b-9029-3f69-8d65-0f315f063639,42.474862,-70.96218499999999,52
a65b9a73-33c7-3ed7-bb8c-cfd8a36a4012,10523c85-c2e7-376a-81ef-d9dfbb4d212f,42.405938,-71.054649,242
7de1d525-f4ed-3132-bd9c-ab4d4751d342,ad8a93b0-5048-31eb-8474-8f76c655f2d9,42.390445,-71.101033,103
083b5f9e-beaa-359f-ba1d-86045a261747,dd169833-ba50-3b0a-8a76-c37ed6489a36,42.445222,-71.23001500000001,99
8d61412e-84d1-3a0d-b5b7-42a0b237ecbb,edf8a854-a768-338f-848e-fede8ea0cd76,41.661303,-70.937913,76
ffde1896-6fc4-36f7-b092-b4200eef801d,aa7ca4b3-4282-3e75-b695-bd31d9ce3b43,42.423844,-71.10923100000001,85
373d457d-940c-390a-8386-32a2b4fa565e,b5627a24-38e4-3e1b-8c3d-14da951cd648,42.395317,-71.180284,89
4f0c810f-e7ac-3515-830e-aab886ef611b,9fadd6c6-4ae1-3d0f-b02b-72836fdcf4c7,42.455723,-71.05901899999999,68
07592fb7-f9ec-39b4-9ee6-9df3bfefe5e6,641a31f4-a086-3978-998d-d37f48dfaf16,42.363534,-72.50729100000001,22
b7cfa2b3-ab25-30ad-950b-214d883d2ee5,abdeee3d-7e58-316a-b0ca-22ebde82d3fb,42.205062,-70.74297800000001,146
5ba21d2b-67d6-31f6-98fa-a77f0873311c,c3345b16-4ce8-34df-a73f-b548d6012d99,42.499248,-70.898204,99
d69d34fc-c037-3db3-b643-69d1fed85a02,903d3e6b-ace5-33a8-ab58-63f9fc4fc497,42.390445,-71.101033,203
5fe09bef-a5d8-3614-a263-215114cd1994,946b2631-c504-34d2-b48d-86ac2f3b076a,42.261006,-71.008988,82
275a1269-5a8f-3ae4-a442-d8dfaa3c07b1,810d2d4e-7b35-3d95-a8f7-893caaed0e4a,42.376043,-71.11868,210
f328fdc4-51a8-334a-be5b-64aefc93c894,632821a3-294a-3e71-93dc-386112575a45,42.064024,-71.248401,29
0d604eb9-2d94-33a3-9be7-32af3ba35ed7,1962d8bb-c412-36a7-928e-9c68c270f44a,41.293416,-70.10216899999999,248
cb1214f3-7a24-3258-870b-254a46f5b956,7f948ee6-129e-3b58-9b45-2f5e5f17303c,42.269478,-71.807783,100
e266459a-4ee8-363f-8b71-5b4d7801b158,bba0fa54-3895-32a5-ab7f-2d47093c20d3,42.061166,-71.643628,16
16bae3e9-372a-3e53-a0da-b4bb202cc14e,b133d685-f554-3e6f-a1d7-6abf10a5005b,42.044307,-70.70604499999999,192
36fcef05-dd67-33e8-ab82-abe463c00077,ca1a6e3c-ff6c-3e18-842b-bb5a0a9206fe,42.261006,-71.008988,22
5c3c3187-1f9f-38d3-98fa-6be94aa965ee,3feafc01-48cb-32a5-864f-ea1cf35e2313,42.33196,-71.020173,31
f59db0f0-4d21-3200-ac53-1fc9ab389bbe,f553dada-79ce-3b4a-a63c-c4a653c2bf1c,41.56651,-70.958229,125
fc206973-18fe-34a0-8b53-84b846c59ef2,ccb4ee60-f488-3919-8194-641032f1bb85,42.183577,-72.457812,49
d62071db-fd4c-3634-b081-14030c30b641,f160c1ee-7aea-3565-93c7-9d6a8531ee9d,42.421005,-70.99036,194
5c2d7d93-d307-3d33-a469-0338831fba28,2f3dcb6b-dc1b-3473-a322-845ce4d0bd0f,42.376043,-71.11868,64
2fed11ce-a16a-386b-b7da-4d5c4719f7e1,221f46cd-f887-34bd-87d0-922db90d1ca2,41.725351,-71.094162,125
3392c292-40b2-3b43-b472-b02646eae964,aa43ffbb-6dc3-3a89-ab3e-4954838d2b31,42.115454,-72.539978,167
56e36ee9-60b1-3341-834a-f1141ca5b157,2e1c8a3f-183e-3d10-84cd-0cd78f188b4b,42.183577,-72.457812,79
ceed9e35-f54e-3c0b-8932-ac173187219d,e45f3260-37a6-33e9-a149-369afd48566f,42.184599,-71.305307,248
b627e21c-eb26-387e-a330-6524c540cf6a,b5c98288-dabf-31e0-ad04-1c8c72765cf8,42.612088,-71.227845,244
76096cf4-ad13-385e-9481-a6d85ec24ce6,25772c61-6cce-340e-b4fa-d8f97ae19079,42.423844,-71.10923100000001,81
97c73ca7-37e0-3ba0-85de-7f85546d98ea,81007b04-6000-3960-8673-87b241510737,42.269478,-71.807783,88
8cd3670e-3888-3963-a0ef-5a3574444acb,6d83bd1f-0b62-30a6-81a5-00e73a782886,42.269478,-71.807783,117
9f831c91-d264-32f2-8c6a-42896695da04,4fc36562-73e1-34fb-acf7-b55d2d7ad8c7,42.520876,-71.770611,96
1e75ac1e-d06f-3675-8b5c-2ea7d42411fb,b137ec6a-0511-3428-8563-b3b60adf0e8c,42.33196,-71.020173,107
e7e1bfae-b099-3eac-b01d-55fd28d88d8c,d27961e4-a619-349e-8b8d-8ed5cf6705c5,42.376043,-71.11868,67
3c794281-04e5-32c3-8e86-21b48a96f219,26ed1857-4e9e-3cf9-8bea-91cb227c695b,42.418722,-71.163912,151
8c71bb14-a788-3c79-b9ba-537d914bfba0,ce079222-a8b5-3a78-afd6-ae2157dbc25a,42.269478,-71.807783,124
d249b13f-16dd-348a-8748-0fdb5ff08eb8,37c197b5-110f-339b-942e-272137f770b2,42.405414,-72.726043,354
7e1027c2-53e7-3d18-8213-2559c17411af,441d009a-2a79-31dc-8e2c-9d9345feb89b,42.061166,-71.643628,91
c05edc19-490d-3944-ac75-771b431160e1,2c45168a-975b-36fc-99d3-d425d68a9b90,42.462911,-71.364496,71
7677813d-5a80-3d52-b675-28c1c6cbb98d,a14393d5-f72a-3e61-a3a8-a2c5889880ca,42.269478,-71.807783,55
503ca073-b1d0-3dd4-a0ee-78cb01a11b87,6d92e1c5-799e-3e97-804e-fce63c59f4e0,42.564647,-71.164516,137
8823fd71-985d-3b2f-a4b2-d7b9331096be,5f0a1caa-7e67-3777-babb-c06f9cb1b118,42.198708,-71.846006,178
78c429aa-d909-30b4-913e-a16baa975cd7,cc017777-8cdb-3c21-bc4d-083ff908c27c,42.241557,-71.082432,167
57a5a1b8-ca47-331b-b851-93d61c1ff0d9,a8808836-a246-3994-9228-9d62cd97041e,42.42938,-71.058706,140
d567f29f-c610-3687-bfb3-73aa89b44ec3,ea89664d-bd55-326d-bc48-c229547edb67,42.012797,-71.336578,147
97f74c10-0230-3520-b4b5-33efca365c57,e6065c61-7e21-3acf-8929-2955eee78596,42.269478,-71.807783,85
8f442f2c-1306-3f5f-a738-0de105266950,7d1c18d6-348c-38ad-9f85-80b26317abf3,42.439941,-71.601879,183
c6cbfea6-7941-3a2d-be5e-95ac9647d0d7,62638807-39a4-3774-a041-80962639a4b6,42.585541,-71.44025,153
fa685c60-0ac7-35e2-a0bd-142b562bddcb,0a2acf19-f848-3475-aa93-12d5b35e9402,42.376043,-71.11868,59
2a33eb32-3151-3821-985b-20358ad84fd3,7b76c6b3-c413-3293-914a-fcf8195f32bc,42.42938,-71.058706,149
e1dd7c13-76d6-3de5-b878-c0bbaaf7b6ee,19e35a1e-429b-33c4-a0da-aff96116489b,42.082543,-71.024638,21
b5b1b98d-bccb-3ff8-8928-e45f27460782,7dfddc2e-12cd-300d-ab08-5ce274188abc,41.931653,-71.294503,213
004575dd-b651-3f80-b0b9-1d9af7081d76,4ce5f233-2667-3ebd-972f-f339976f59b1,42.211656,-72.642448,25
bb3c91ad-68ad-36eb-b127-4c82b191352c,b0242087-a333-3f2d-b697-3f640bd6ccd9,42.211656,-72.642448,83
4a722b7e-62fb-3a62-867e-66caa131cb35,044cd66f-76cd-349e-b5a0-37eb3bba3695,42.33196,-71.020173,11
65fe2ad9-bd7d-35b0-9684-10dc38efe5e4,6a2be1e1-df77-37f6-b51e-56aa3b2e0755,41.846878,-71.24486999999999,598
fc0fbda8-97df-3e32-bfd8-4f002407edc7,6a0e7f8e-983f-379e-8577-0adbe0281970,42.305932,-71.282917,49
149e3d87-81da-30d2-aa5c-85da71954b04,f31a3dcd-4d39-3f42-bdaa-cf158587d973,42.474208,-71.097665,82
726317af-7720-358d-acdf-ddcd8fe5137f,dc9ee08f-866a-31f8-b53e-873b1d240ca2,42.119006,-71.10365,157
677e5e26-824d-33ab-89c7-4546991782c7,cb6674c7-b323-34e2-a65f-22f93533c3d7,42.721495,-70.886637,47
cb41f08a-4c9e-3519-8a7b-4b41b5dd709a,0964706a-e1ec-397c-bd9b-57aaa12b8cbd,42.175668,-72.572257,40
ba768bb2-32e4-3ae6-946a-c9045660854c,f5ba7f0a-3497-33ca-b1aa-ab2cf04e95ae,42.062378,-72.498111,124
cd003b8b-ff33-3028-830b-7dcce03214a5,d72e5e0b-164b-3812-92dd-8cd5e84dc22b,42.421005,-70.99036,417
9143ae7a-7868-39f5-964b-c652ea673b99,9ecd3150-2279-34b5-a916-457786a81129,42.369451,-71.177925,71
c0465a81-7736-32bf-81b3-bbdffc1788b8,56ec547f-c711-311d-b5ec-6dcc9ac0a00a,42.080784,-71.715992,163
ed91acbb-4170-3c20-9d9f-d5c55ed978e5,189f595a-277f-3a7f-93fc-f34a642885fc,42.133935,-71.968025,103
f96b72f7-9652-3e7f-aed0-ce47ddba07a3,8190bdf2-5164-322e-b7db-b441ad26dfc9,42.782945,-71.087436,92
b4a8af99-2eef-3b14-b828-32aa94b69ddc,628b00ad-b487-3dde-aad7-a81029a2d745,42.323853,-71.142003,135
9d6ea29a-30bb-3b08-87dd-affc93151b46,36c99c70-bd96-3102-962a-dfcc061c9cef,42.468432,-71.01394599999999,170
7e9bad43-8c1e-321b-b8ac-cd89200adc19,db01560b-98d3-3e97-8cd2-bea9ef5967a7,42.30539,-71.28366899999997,65
57c7a751-ea69-318a-b93a-a7b42dddcd03,d97185b2-da0a-31aa-b017-22305331d699,42.742751,-71.178588,110
c87631d0-79d0-3914-83c6-fc3a7efb0979,39cb83fd-b361-3ca2-a2e3-1f7a137cb8ac,42.423844,-71.10923100000001,165
82fbfc3f-9d53-3303-ac85-2830fb47fe1c,40bfab3d-4778-3e4c-83ab-49a941746089,42.059669,-72.03404,53
c601ef99-2d78-3423-bc83-d0f8c89ccfd5,7c6d620e-da4c-3f4c-9fce-9b8c059aea2d,42.205416,-71.00216800000003,63
f37718d0-a970-3db6-b0c8-f741d8c1f122,d39432af-114f-33d1-95e5-b02411f12e51,42.356491,-72.568632,74
6c056e19-2bde-3b57-94a3-8b5b512d7708,91957c58-06a1-37ee-b32b-3bcce972dc45,41.76104,-70.701779,83
a3d964df-e086-3bb6-80d6-a42dfeee179f,8cb7cd42-16e9-3112-bccb-66eac4e40e9b,42.605437,-72.292074,115
8990c4b5-ec70-306b-ba11-65a1432caea8,d43b3462-b839-3dec-8342-ade9226677be,41.930477,-71.046214,64
14fa129d-e88d-3f99-a95a-da76d074b999,7814c630-bba7-3304-bf35-1f8bb497e095,41.646686,-70.999158,259
b9fb4bee-18aa-38a9-8b9d-e8523f8f672f,34558ec0-31ce-3264-8250-336159ccc394,42.052671,-71.356858,212
ce2f037c-fb28-39d7-bde6-522a11ea36ee,3b18fe70-e14e-354f-a948-bce4fbb4b2a7,42.474862,-70.96218499999999,66
4a0414fa-7509-3e03-9d93-885ed6e962aa,0562bad4-d1fd-3268-94d3-b9850ebb7ce1,42.037278,-70.94045899999999,114
c2402c4a-0913-3b81-835b-d129199104d3,04652f3e-a745-3706-833c-5fcf7a23cfc8,42.178993,-71.052654,94
94d64a5d-da3c-389e-af00-4797e86aed40,da742a5b-2c47-3e74-89ed-7c7425a3694d,42.241557,-71.082432,239
d46183b2-4898-3e6c-a4dd-bfeb6ddd3830,7bb4538e-e698-3805-bfd1-05a51046cc03,42.600633,-70.883303,328
0faeae74-499b-3c31-bb10-444832a81a03,9a2a92c3-d4ab-3a03-a55f-15c86b0793dc,42.261006,-71.008988,88
6ab28f69-96b3-320c-8cc9-1cfe0cc063b5,ab907424-6645-3974-b0bc-a644f71afb0c,42.205416,-71.00216800000003,58
42ac5b41-3f69-312e-af56-c15f1c2eef5f,f73c5904-9900-3fb7-afa1-e04d84129fea,42.376043,-71.11868,137
c7c87666-8b2e-3a8f-a152-80cba769226f,a3e2532e-5a07-3df8-8962-253207377b86,42.198708,-71.846006,330
4d04dc53-ce26-3dd0-b6bb-382b6260dcf8,632120c3-d5f3-31cf-a3ff-9afe4d9ef9f6,41.846878,-71.24486999999999,419
673223d7-614c-3827-94f4-2b1bc8aa9b01,8d5a96d3-38d4-357f-9a6b-2b2780587d51,42.483953,-71.43849499999999,68
2be2cbdb-3490-31c7-9fd5-c3de863905a5,c8c172cb-6b55-3930-9e9f-de89938ef2a4,42.423844,-71.10923100000001,73
4099b86c-15c5-3d0d-ad28-199b511a8c8f,f8a62745-5062-3ec4-b60e-64d6bd9e27a7,42.246872,-71.179462,186
da589f8b-ae69-3302-8f34-51c8ee0f8800,b037701c-67e8-3235-8eb8-c8598d816f87,42.323853,-71.142003,46
3eef538c-6647-3ca4-873c-1578ec3b8381,3186079c-e32f-3728-861f-78573dcc253b,42.474862,-70.96218499999999,136
fb752ce6-9457-3316-9b1f-bb1aae833299,1b3f9c4b-b746-360c-b72e-4ee865e290ad,42.082543,-71.024638,21
d7b60106-fab6-3c27-9751-dc9489a3c2ae,f1adf34b-c5d9-3258-8a2b-c5104ed7d688,42.269478,-71.807783,43
f2e2f16f-8884-383f-9668-26cd23e5f58f,c6d61641-fb92-3b0a-b405-979248ecfb33,42.084858,-71.41057099999998,39
fcca934b-0dda-3278-8044-1863da4ad8ee,cbe7477b-3433-3aa3-bd5b-cd4f76a36f80,42.675551,-73.11810899999999,67
51b12c33-aaa2-34bb-8cf6-9df57ffda653,37430a5c-ba15-3e04-aefc-58a22495d3dc,42.42938,-71.058706,168
7cd9a2b2-8941-3eb3-b6ab-30f545f7cbb3,4d9877c9-5eb6-3db0-8bdb-cd2b01a6b668,41.633619,-70.871306,79
25dfaf2f-cf0b-3a46-aa8b-5a174d47c5d3,4079f015-97b1-3afe-8595-de976a56c1fd,42.198708,-71.846006,203
6f71999f-fd97-3bfa-ac7b-50df74b738c6,380f9fa7-4114-3402-99ea-ac11115641d0,42.261006,-71.008988,129
6092b2d8-2b84-3365-90f8-1f5fdbc103eb,352f1dc4-77f3-3f88-a263-27da320cd487,42.405938,-71.054649,224
010bd484-3512-3f0d-80ea-046bd351f5f9,e6188bb8-3630-3704-98ce-c6c94fbfd55a,42.021617,-71.026717,188
e99a0119-9afd-338e-90bb-8f920f6eb5d5,9e9ed21f-5e71-3390-97b2-12307d95ec42,42.700273,-71.161357,68
b1b65241-4b9b-3f10-a461-dd9efa28eba5,d9a5c569-e5e9-3bdf-92b2-7ba4087a72f1,42.63898,-71.321141,187
f6981a73-0cb4-3ec6-91be-c8d4eaf878b2,44539618-ead8-37e7-b463-cacef9ab36b2,41.965341,-71.18178,288
7b24a8a7-69ec-38d2-afd5-f708fee3b95b,df03cc02-e4f3-3848-9d9b-90f99d32fcbe,42.742751,-71.178588,26
c7343c40-f747-3a94-acc0-961bf3a6aa3b,a0a19473-244f-32bb-9f3d-6f47a22bac12,42.192246,-71.777649,334
4f508964-95c2-3aee-a012-8f10c691d23e,f6bec8c9-ea07-337b-b187-59cbf26ba679,42.323853,-71.142003,55
e70a9995-4c9e-33c2-acf8-49a8357de9ac,b6164b13-8df9-31e0-8412-f25d8860e21f,42.146286,-71.255604,216
94dd673f-2bed-3dc6-be65-b94fdcb8bd07,7f7b001f-44a9-3589-a968-3e166b33ba77,42.468059,-70.89126,76
fd58cb90-ac4a-3478-8df5-861b9a19603d,675a968d-6e97-3076-a3d6-769357a6c972,42.138838,-72.755911,95
e7bf8330-f3eb-3276-915a-4de54072fc21,c496d392-6507-3d49-97f6-6259470f0440,42.241557,-71.082432,153
1c133667-126e-3f8c-87a4-c9158f8ccee2,919d8990-de1a-30e4-8247-9ecb391f9356,42.610513,-71.007118,59
3e67eaec-6524-33e8-9ef0-32afae1b4c5b,13699291-556f-39b0-b41b-8e263130c849,42.534279,-70.969782,14
b1e39567-6400-375c-8ac4-176a67f4fc44,46bfe083-6240-3482-b86e-322497808e82,42.084858,-71.41057099999998,22
275432be-3139-3f4a-8e0b-5d341004d50c,e6adb884-b133-331f-8973-5298bd494bc8,42.396824,-71.031348,251
70acd0f1-7b79-3cef-8e08-27571228ca6a,65611ad1-0a85-34a9-aae0-cd1771691f69,42.360502,-71.303433,166
07e9919f-8aa6-3811-9d11-1b8a4989f335,e04b9ecf-399b-3146-b1ed-bf10da200c0e,42.851284,-70.955837,28
564d1eb6-bf77-39b6-bcba-4359acfa887b,ba46ca24-c787-30e6-a8f4-31b8714d1d47,42.673909,-71.091334,168
21ebd95a-d37c-3557-baf7-08e39f1f3e68,b7412f2e-a958-3dd8-a26b-63863fadec33,42.221851,-73.333044,170
1f1535eb-c734-3805-b7c3-9e0cfdd296f2,a6e87f7e-00b9-3e1e-b142-9761538f3e68,42.488769,-71.154438,132
88252e3a-bc15-3051-a90f-1586615c478b,3e73c50a-68af-3a2b-9118-a34972de1536,42.520876,-71.770611,40
d9cf74d5-bcc7-37dd-9d99-c0c549a83585,88f1fce1-dce3-3556-96b4-2a943b9af8ec,42.192246,-71.777649,359
fa3dd846-167b-3c08-b53b-6143fd702085,6561709a-29af-31ac-a46e-bb7b6dce3b7c,42.33196,-71.020173,109
4f5effa7-c964-31b6-8909-a93c00b42d2d,9fdd56bc-9498-358a-88b8-5c191812cebb,42.45184,-73.260685,58
79ea7534-4e8f-3172-8f00-6894b1a325e6,fa31d91f-dde4-37b5-a43f-df7c7c67c960,42.396824,-71.031348,492
a0f5b920-3e3f-3f4f-ad6e-bf4af6866fb5,b271d0fd-5632-34d0-aef6-d49180dd7203,42.178993,-71.052654,62
a20f6bff-42f9-374c-971b-6dc430ea14cf,5e112539-ccf4-3bd7-9619-e719877d6f78,42.534279,-70.969782,98
878f4ff4-e448-3dc3-8b66-c0c4018124ab,774cf784-d6c2-32b4-a63f-9a5b95a7b834,42.375541,-70.970646,56
08342ac0-288e-3550-8d48-5cdbb9cd8d93,dc7015ac-84a9-3526-aea8-a71992bf76eb,42.612088,-71.227845,166
d52370f9-be20-39cf-9487-f02a732a15fe,1f3dc953-4fae-3ce1-a760-ce0bcd783c1e,42.281593,-71.242414,30
28c864f3-31e4-38d9-8dcd-fdfc5f710636,8d796253-22f8-3b1a-99f5-b67887b11fae,42.452752,-71.144319,159
699ed381-979f-3fcf-97a7-641a8f01c7d5,ce8a207f-5eaf-368d-ad6d-0e980f85cd16,42.323853,-71.142003,135
e708389c-a456-32f6-a5b4-a4a28116a336,5dc3ec70-2e0b-37ff-ac00-1bf6a3798caf,42.115454,-72.539978,40
94a7a9ad-a7bc-30b0-bbd6-b8ba2112dc94,e1845d7b-a31c-3bdc-90c5-5baf4bc439c1,42.42938,-71.058706,153
60556f32-f2ca-324c-9a86-17db5c2e5e0f,b49890e4-ec23-3a96-b347-2041a4b0f0e4,42.338551,-71.018253,57
0ee66b4f-7935-39fc-86d1-b38a4df13d9d,a6c52f72-b584-34e2-808b-35db08d1047b,42.275462,-72.280158,32
932e8758-293f-3354-ae72-ce8f8c654f18,0ac7fa57-a6d9-3afd-a02e-4aff2e125569,42.27901,-72.400468,83
29fd361b-c206-3990-ac2a-f942fa1d625c,0b52b5ed-6a80-3379-9eef-b12b3fb0f2b6,42.257755,-71.473526,326
ee7a9fcd-47dc-383a-92c3-fee09eab411d,f171850e-54c7-30a0-8d81-83648c2eb827,42.178993,-71.052654,163
560ac712-ff72-31f1-8efd-05655ea84f6a,1d254da0-11b1-3bed-b9a7-b9a5efc8c989,42.246872,-71.179462,55
6c2c0e52-b742-34e9-a523-a186a7d951f8,e8d0acb2-2955-3d0d-967d-3afd0e47bc91,42.63898,-71.321141,181
44386fd8-b4cc-32e1-a1f6-fabee72f0db3,d703a1b4-f078-3fa6-a712-fad0fd41601a,42.33196,-71.020173,19
bf069529-a1b5-3de9-a730-174dcd922c61,5725311a-8750-31fe-b8e8-d2250e846118,42.45184,-73.260685,94
60139118-254c-3f61-a1f2-6e15e6ad2f19,e297d5b0-91c3-3fab-9530-1960881db57c,42.488769,-71.154438,134
74c65502-7895-3590-b22d-42bc3364ce70,b62a2f26-b410-32e0-b1c0-b94161f3a7c4,41.683488,-70.510786,151
ff30b35c-e3ef-3ee3-a86b-ba651aeaa0e3,e9c98bde-b281-3227-ab05-eaff00462582,41.839798,-71.31804699999999,66
606c7ca2-e8a7-3220-8dcb-ddb964fe0c78,1fecf4a2-1b0d-3ca9-bc54-dbdb47fee44d,42.281593,-71.242414,40
47c8443d-1047-3023-a553-3210ab4a981c,b200be52-8f90-3e0b-8f93-fda7d9beea44,42.09387,-71.544519,356
aa93aee4-6d25-3869-85ad-7406d636d239,ab25175a-3068-3c89-9268-0765b157d52d,42.390445,-71.101033,75
f292fa6d-9918-35f3-bd14-a560fcd6559a,f076486c-76c1-32dc-9578-75f1d197a5db,42.132051,-71.75031800000001,275
147c5a0d-cf29-3a98-ac1c-5222ccbc8e46,c2751801-8047-30ce-ba9b-72afebaae76a,42.812358,-70.89109499999998,415
66b18e1b-505e-3f5e-b714-be13a3412634,6b1a1cb8-787b-33de-9faa-00033ffdd3c7,42.742751,-71.178588,110
9e32c209-8fc4-3167-99b3-1f41be3bb58e,c6256ca2-31d2-3e20-9d63-d68fa8b43ad7,41.646686,-70.999158,46
964d9dca-00f3-3457-9e60-3de314052719,d816eedc-2b6a-3bda-9ebc-205ca52da42a,42.648044,-71.161751,147
8eb9c75f-4fab-397f-a8c7-adc99d6d5b37,1a5a8c56-e60c-3838-8f92-9ad133d9d5f5,42.261006,-71.008988,30
f1693990-34f9-3cbc-9f97-7b162e6498db,6372c274-6c6a-3eef-a7a2-ef044eae7f2e,42.241557,-71.082432,180
b386aedb-d5aa-3cd2-88f1-22d7b9a3546e,a26cf047-c465-3783-bcf7-660c76371dc9,42.601977000000005,-71.81586999999999,100
e784f776-162f-3be0-9650-3e55ccb4bc37,58b8fe10-e28a-313e-93b0-486d1246c364,42.338551,-71.018253,64
31e7ae10-7983-3d5d-b07d-231f9f4c5940,ccbfca49-309d-3b5c-97e4-ce7ba9f0bcc8,42.452752,-71.144319,61
75f1eea6-06de-31c9-9223-496dbdc30f17,cc3314d9-fe2a-381e-af83-67cf1c87ff36,42.782945,-71.087436,104
9808ab00-c34c-356a-b234-187da4e800e8,8a76529c-96fe-32c6-9b8c-fd4152db61da,42.323342,-71.646236,83
2a854547-5b13-3731-89f9-6c79670e3a6b,a2e83b2c-3cb4-33dc-b102-82d11ab5eda8,42.017302,-71.21641,105
c17507c5-b422-3e13-8e3b-2088968c541f,9aa626db-23ba-30a3-86ab-3f591271b0f7,42.158692,-71.521419,54
c001c8c8-abf3-3143-bd70-2baf403675a2,a4947955-7461-3a84-8847-c14c3f11ab0d,42.388921,-71.24226800000001,101
a8347445-c344-34aa-b920-520f67febd12,d3aa8afa-a62b-3f3a-87d8-f9c6bc64afa7,42.425506,-71.310812,319
6f7c83ef-0c73-3330-a195-521780c88315,0e9c431e-9cd9-3220-9b72-210c74c31b53,42.044307,-70.70604499999999,47
ef609dbd-098f-3b44-88da-7d7a8d12c82a,14b42b8b-25e5-3dce-9b31-3f5c80d3876b,42.376043,-71.11868,51
7e9b65f8-e911-3359-9af7-715ac5f1f499,611b2b9d-9a21-3e38-a5d9-80ac5ff06d1b,42.09387,-71.544519,255
5b65dc4e-077d-3057-ba17-add97e3c8247,6520428d-49fe-310d-a36e-5bc87ce791be,42.445222,-71.23001500000001,32
f2a9bebd-17d8-3602-a799-88d170d9bbea,966a47a9-c174-3e88-be80-b82a7ecf5f92,42.582607,-71.720464,223
fc621e44-b4cc-34ac-83fa-68934ce20ae8,65f1f705-f539-35da-b0f3-096ba5025961,42.63898,-71.321141,198
176f8726-a58e-3dbf-a4eb-b02a21e00ebb,1f5fad94-ed9c-3cb7-a4e9-beefb4d6159b,42.445222,-71.23001500000001,36
1ccebb95-7e59-32f3-8f27-8e07a0ae3656,592c7848-5619-3d11-b158-488fb330ee00,41.706123,-70.164823,182
601dc9e2-f750-364e-b2e3-51fe48df95d3,565a75bd-7d07-30e0-aee1-7a539aea2b22,42.158692,-71.521419,10
e76499da-14fb-3fd2-993c-fe713ae8bf3e,be658862-d1cd-38bc-b0e0-040a91071a97,42.138838,-72.755911,179
d84e2932-5036-362c-8d5d-ca95f86664bb,5b13482d-5ada-3d72-a168-9c03555aefa9,42.363534,-72.50729100000001,57
0b31a6df-9e5d-3dc6-82e4-5690294deb1c,d6fb4e32-31df-3fd2-aac7-0d7de47c69fc,42.178993,-71.052654,177
9482f8b1-18ef-3511-b47a-08919181a043,bc21392f-d5a9-39bc-a847-7d523222bccc,42.129251,-70.908736,123
07cde446-6222-300d-a84d-d84aca5b56a3,551732c0-2aa2-3a8f-a9b0-8543e015e832,42.62556,-73.119828,592
0c811b60-1c4a-3a37-a5f9-4393f7316d8c,e13c8f5c-81e1-37ec-9760-44bef344c690,42.601977000000005,-71.81586999999999,103
ff47aa61-a4d0-3529-8a50-1df617403cd9,a1373332-fa69-3706-bd31-01b96d7ef1cb,42.363534,-72.50729100000001,106
e8918138-b28d-3b83-aa32-2a9763013f32,e30fa9d6-6b3e-3609-95ac-94b2b4e5ad91,42.338551,-71.018253,34
e776e1f9-1390-3ed7-905a-74f321cef6cb,4f83597f-ee0a-3278-9887-e10bc0f87d5b,42.585541,-71.44025,56
67ea73a9-4ab3-339e-a79d-4bf5e1d064f4,e97ada4e-9e6e-396a-88dd-422cbb4bb229,41.75495,-70.616158,24
410562d4-4072-3d4d-a048-d318bfd2595c,390548a3-ed68-3642-af72-9d51cac41825,42.33196,-71.020173,7
70f83526-f8e4-3e3e-b8a3-40a4fa35e41c,0676d623-4e14-312f-bc22-69b7d10db5a6,42.211656,-72.642448,79
29396667-02e3-3a37-9092-1a55d7731f1b,93f650b2-570f-36ad-bd14-1bb58bb5e08e,42.499248,-70.898204,42
7a30c704-0b6d-3b87-ae27-fe827606c3b2,2a3e2704-2b73-3a83-a379-9fb294693dcc,42.269478,-71.807783,37
9a9597b8-f08c-3872-a5e0-88b7396e50e4,5d4a38f6-6b92-35b4-9a6e-16304971ce2b,42.66816,-72.055644,169
28201169-9b86-3291-8db0-f46cfa0210d1,a6cb3dcb-9cd5-398c-9980-82dfa23bbc5a,42.093596000000005,-72.321494,257
37babc0c-000a-37c0-a5fa-c47181c0036b,5a6c72b5-3615-3fcb-b8c3-470e47c98a8b,42.53662,-71.36183199999999,467
3b6e58cb-ef7b-3244-b904-a4e6040095f4,50dec98b-61a0-3d49-b803-0dc181963202,42.838603000000006,-71.011997,482
f42e79ac-bdc4-3c55-8d5f-f588614b25e0,f7f64af4-602e-3898-8326-7424cf792f76,42.108463,-71.185182,17
3f4f9774-4513-3334-aa40-8ccd5f12b9ef,af93a1f9-99ce-34d9-a494-e5826dc7d616,42.45184,-73.260685,59
8a55c6ca-4104-38c2-916f-6ed4d598c615,8618df85-fca3-339e-aba6-2000282332aa,41.931653,-71.294503,94
cc4becdf-12c8-32ee-b179-1cf24f7372bc,9c59ac35-6736-37d9-98a2-97dded98111e,41.930477,-71.046214,221
d16e1948-51ea-346c-94e1-4d8830c08399,e0d1027f-e272-3cad-8c22-b53cd1ab51b4,42.059669,-72.03404,79
2d178d85-45d0-3640-bbda-5a0be423e260,ed049ada-007d-3e21-b16f-60cd50e6d73d,42.158692,-71.521419,8
e1009dd0-d327-3d73-a376-95dfc2afd59e,240b2584-02de-3b5c-af58-4c0a84b248ca,42.224096,-71.54048900000001,91
af029867-995c-3505-992f-add7af10ef07,8257c5c2-44ad-3e47-b138-c9799f72ca7f,42.363534,-72.50729100000001,59
e9bf413e-3c16-3088-b304-d765418a3d1d,a21c2082-2e1f-39ce-b6a3-45d1a88075a5,42.115454,-72.539978,99
ec4eb9e0-fb5d-3958-a8d7-8e4105df406b,c98d0d3d-8a43-31a6-a107-9ea2cc7f024b,42.564647,-71.164516,79
d31c1b25-0682-3772-872f-946552874db2,699a2e23-6f56-3cc0-aa12-dabb592ac3ca,41.7132,-70.485737,58
645b82cc-906f-30d6-9d47-2b4d6d8bde1b,699a2e23-6f56-3cc0-aa12-dabb592ac3ca,41.7132,-70.485737,0
939cfecc-9a5e-37f3-9fbb-6390186a923e,625ce060-486e-3dfb-a53b-22d09b8a3be7,41.931653,-71.294503,30
f7af40aa-8b5e-31fd-9790-476e94e2f7c6,561ae448-2486-317d-b4b5-82287ddd7790,41.617623,-70.492713,157
cb6191ab-a12b-3d42-9b9d-1c1e5150a572,d3df855b-3e2b-304d-a25d-11cb20d2510b,42.421005,-70.99036,277
d0ebbbfe-bdee-30f9-94b0-b538bd5a0879,f7ef6771-16a9-33e8-ae26-cbcd16492d4d,42.390445,-71.101033,332
14c59df6-19c5-3cd3-9f1f-25fa6a880be0,5252f578-a17f-339d-9033-9f162c33dbba,42.261006,-71.008988,192
cd06faac-d786-3e2f-a73e-e10e6fc98108,fc3dc3b7-0229-3135-810c-8df26f2028bd,42.367858,-73.269763,107
4cbd2c9e-65fc-3467-a5d4-afc5be3a5d56,704dd82a-0208-332d-a734-8a709596e777,42.597055,-71.3697,101
4bd59907-eeb0-303b-86ca-6d933d39fb45,7b5845b8-025a-373d-8bcb-5766fd987452,42.63898,-71.321141,79
f1e13950-09ed-32a9-81b0-33a8c30a2718,7b5845b8-025a-373d-8bcb-5766fd987452,42.63898,-71.321141,76
375e8603-6a4a-3f1a-aeea-caae9960b104,bc6c4ef9-8a9c-3873-a8fd-5be867bfeaf9,42.459222,-72.216335,0
499f9066-92fa-3bd0-b5a1-26b30c1ad6d2,bc6c4ef9-8a9c-3873-a8fd-5be867bfeaf9,42.459222,-72.216335,386
1037ecb0-8010-31d3-80b9-9141db8febed,1f3a61b1-0985-3dba-9ce4-a6629688dca6,42.156203000000005,-71.43034499999999,118
b4a1837c-b783-3272-99b7-23878e3020c7,ecbc2744-976a-3806-b460-eb728830779f,42.700273,-71.161357,146
2d86ad84-edb4-37a2-8574-c5b70a2436c6,499561a0-b9e5-3823-b01b-50f5ffecfe7e,42.389071,-71.545864,104
5a1bca02-9c5e-3891-b44f-7ceb96b7e082,aafc7529-1a22-32ec-a06d-a6c6163c766e,42.468432,-71.01394599999999,180
f96d394a-2ef1-31b7-b8d8-001e058bfbc7,d264d7d3-1734-3cb1-9734-29c88d09fa03,42.384929,-71.633889,661
cd059b75-8202-3bb0-8765-f2e0b2bca633,1e575986-84d0-3e7c-a86c-2a1ee67d9fa3,42.474862,-70.96218499999999,113
5cd15cb7-1aac-36e4-9c26-afcb9d0eee52,b1ba242c-9d47-313e-90cd-4c588c951852,42.116244,-71.329274,177
041bd7a3-c11c-356e-aa79-65e4daddea67,6510ffc0-9793-352c-87d5-e8f7aa8b4d5c,42.052671,-71.356858,306
4d9e00d3-15eb-3530-af04-0d58e0c6cdb8,f3df99a3-8812-3e96-8df6-f5d26d15467c,42.62885,-70.685875,15
1a76970a-e09e-3267-8334-3402609b4e1c,51e300b3-a51c-30ee-8c84-b46ab346da49,42.360502,-71.303433,94
d10cb0df-06bc-3e4f-9d7a-627fe711fc6d,000a85c8-ffbf-3b5f-895e-7ce9941b556a,42.062378,-72.498111,67
fe565e9b-07a8-3d97-a206-92a832f8442f,1baa153c-8143-3738-b1d7-3897d3ca9289,42.338551,-71.018253,53
edad4617-e062-3071-8bbe-5d9c1f2bb0e7,d9b2515a-3ee3-350c-9f6c-bfd20b6d502a,41.647227,-70.249978,144
dd1e33bf-b396-35dc-96e5-42706784a961,33f56fac-880e-3f10-928b-582c7d1f92bc,41.793699,-70.638745,134
9af9b5cd-60d6-3516-b9ad-d2fc83282fae,08a89e43-2e12-3b82-bf62-4effe340a61b,42.42938,-71.058706,28
ed86252d-4145-34d4-b3fe-3e7932091c79,29dac58d-a37f-395c-bcc8-886674360df1,42.423844,-71.10923100000001,67
6aee9082-2346-36fb-b0ec-75b9ef5ba4d3,571ec81f-6e54-3c63-84b4-a565ca6b4fcc,42.268426,-71.613309,47
35f7d57a-11ea-3817-9f4d-74b4f04a03a5,65ecdf62-6f9b-3051-824f-6f58a06fb732,42.726188,-70.983328,216
141258f5-bbd4-3159-ac52-fe677fe179dd,54613c2a-ebc8-3fb4-b553-ebea4e096d3b,42.323853,-71.142003,101
8f9aab84-4b9d-39d1-bb31-ce9afeb22e4e,41de2a8d-e489-3b63-962e-de05066127d3,42.33196,-71.020173,13
e964f16e-3a89-3e54-bfab-687ee8347caf,a3bd35b0-568f-3e91-bbb5-e863866e4272,42.183577,-72.457812,163
67026800-8bee-303d-af87-9cf51d5b7214,6c00c3d5-b087-31a5-b8c3-bab14843927d,42.62885,-70.685875,215
0d13593c-f7f8-320e-a7c4-75695cdb00a9,b52d08fd-21d3-375c-9771-106db072c89a,42.33196,-71.020173,70
81c1112a-d700-33cf-9102-12e9ce16a3ac,c99d0534-fc55-3d43-89da-a97ca9736942,42.375541,-70.970646,164
ca70ae25-99f2-307a-933e-11bd86723944,e2bfa494-daca-3009-b535-309be5fdf2a9,41.7132,-70.485737,94
b7b07d4f-c8ed-3244-8ede-da061c658374,fc80cb27-d6b1-3670-b7f7-25ac970937d3,42.601977000000005,-71.81586999999999,274
4a549ebb-26bc-32e4-9f07-61729eb539f4,439831cf-293d-34fc-9626-f8f2e4b5e1cd,42.559673,-71.260947,185
c4b05293-09c8-379f-87b1-52de2340f5e0,b13bec88-9cef-38bc-91eb-a89720a0b683,42.597055,-71.3697,228
a63f7c9a-970f-32bb-8972-733cfb6bda06,d55e1778-134b-323f-abfa-0fc86342e134,41.661303,-70.937913,74
adb3709b-35d1-36ac-9a9a-7e403f01b64e,9d165ee2-5a99-3202-8e12-d7ae0a90c26c,41.930477,-71.046214,119
24ce9c75-e28a-3f9d-950c-40719bea12b2,144d56cb-7437-3e01-8421-cc884103db00,42.33196,-71.020173,211
e915c748-feef-382c-8953-6baea469a837,042a000f-a260-3703-a44e-f63e97de7bf4,42.23416,-71.291167,431
735f8748-a9cf-3bcb-a0a2-56fea668c593,93e5a946-c2db-30f0-9975-0856edda3b9e,42.610513,-71.007118,135
28ecab4e-b178-3348-8230-591f3a20e10c,67bc4c2c-8863-3521-bbeb-41627b604131,41.579794,-71.081822,26
bdf41640-a2d6-3dd8-935a-efda2e306c34,52a30b57-1660-3c8c-9f4d-5a38305ee506,41.688804,-70.639267,65
c250eeba-76db-3755-8489-1cd8b54e378c,1224d989-13e6-3ac2-a646-5ce653f3bd3b,42.146286,-71.255604,46
0cd6a359-6492-3594-ad31-ddda32dbbaf8,af0308e8-31bf-3ca4-9267-5a6161b04e8d,42.488769,-71.154438,8
75a15918-f859-3066-acda-2e3be0855a08,3ac9b4bd-3fb6-3680-8778-dcd410cad20c,41.972376,-70.978773,249
9ce72254-c686-3957-a58a-20342b083330,cdb45bcb-f1b3-3e34-a091-0c9a082a6dc3,42.42938,-71.058706,138
2b4e6ebe-0f6d-3176-ad00-6a5177313c93,91077658-e3a0-3224-9887-c48e22d96a3d,42.648044,-71.161751,29
82064a96-071a-31fb-aa1c-6cce558e341b,28153f87-1053-342b-81f0-73aa3affd75e,42.175668,-72.572257,334
8ea1e79a-c617-330c-8fa6-915aa260a56f,08a3d8a3-a260-385e-a11f-1b1a10d57ee7,41.647227,-70.249978,164
a6ff4d7e-512b-3c56-b20d-7dd573cbdaa4,a0a14713-50c4-3818-b0cb-8c2047f1458c,41.888191,-70.59996600000002,1033
b26cb2d8-8f8f-3de2-ad8d-ca29507d3143,5f178592-5066-33f6-8594-e6f58caca21c,41.6050403,-70.4944565,685
65f2cec9-c6d1-33d5-bd6f-de2bf3671168,829a88e4-565e-3a38-a0a6-94ade6404a38,41.6614745,-70.9425593,309
eb102833-a510-3f82-99f7-a634bef49dc4,4feb5860-8c43-34ea-b2c8-84ff7ca8740b,41.672608,-71.1635601,170
c061eec8-8d0a-315b-abd1-3926d44597fd,95d68217-d9c5-30da-b406-61fac767fc0e,41.6402886,-70.9274583,105
0e246e68-dcd0-3074-9c88-80dcbb4f3f40,92819cdc-db9e-387e-8c4f-4b2b4e8b2e4f,42.6653405,-71.3038939,2443
515e8fa0-1be2-3b16-97b9-4e258ae72a56,0d1563c1-d56c-362e-9e3d-d74463ebbe0f,42.0892313,-71.04551,1472
39ddbeb6-2b5d-345d-b0fa-80f65766c2f7,0c127383-39c2-30f2-bd62-448ea6fe1385,41.6420636,-70.8889896,264
264d3701-1c3a-37af-89f4-8942523395e8,ad933cee-594c-3f13-b6ef-20f89ecd91ff,41.7847869,-71.3116365,58
9e952840-83d1-30e4-a948-c71e9859be95,4e916854-3a59-3f17-bb16-7c406148d822,42.144202,-70.844005,1618
81aee36f-9f40-3261-a1e0-2749e0565b96,a76bda1d-f42d-3046-b8c6-021f3db0a086,42.3760766,-71.242893,1543
93c4def8-bf9c-3589-8539-e5163e79efc3,7116c200-6663-3503-8314-1ee16845e5d3,42.6257767,-71.3593401,2478
eff35570-94e4-3d42-8f83-45af5411f8a3,3265f387-6c51-32ee-8f6d-b2a89caa34d5,42.3961274,-71.0392206,2244
29905af2-fa31-3541-aabf-96b0b62d0063,c63d0602-724d-3d74-958a-a31b1364eaef,42.21004,-70.999539,1654
913b9a87-821a-31b0-8207-387c05ffa44b,f15cf8e0-db9a-39b1-b78f-8a6a01cf574b,42.060999,-72.5146744,1339
b6ca3f43-db30-34d3-b80b-054e29079f36,ff9474cb-cf9c-350a-a22b-b949ee9793cf,42.0951927,-72.5094159,415
453db060-19da-3a7d-9ee1-43fab17f380b,cbbee84d-7644-3b24-9f41-e3747f5050df,42.2590345,-71.8139319,5105
2a9dd3e1-35dd-3c03-8a9d-6e53dba12d49,f1313c7d-3148-335b-adc3-337f15567b82,42.5805281,-71.1438654,2171
50fdd925-4b90-3db8-9e5f-eafc628c8614,df5a38ee-e493-3572-8f92-bb695aef9891,41.6624796,-70.3008223,1506
d6722ce4-f000-315c-a21f-3fc41a57c3ad,e3f1676b-9b40-3544-af4e-17a06bbb98bb,42.2894365,-71.0719941,4402
77b6767b-be17-39fa-a6dd-c1244a35e00a,a43fb751-96fe-3496-8750-73f85651866d,42.5587666,-71.1368606,1729
59266403-fdd2-3797-9767-9a98586b04c6,b81688f5-bd0e-3c99-963f-860d3e90ab5d,42.3505548,-71.0766054,2854
a2155ac4-60f7-3659-843d-bd99961d27f2,eeca3319-9cbf-382e-a7ee-43986c981135,41.9048719,-71.106073,310
54d3ada9-9471-3c53-86f9-3d5aa826d941,6e62e63b-c39a-3211-99d8-8b8f0f06774e,42.3023113,-71.7661395,2697
6aaae68c-b000-3744-b4f7-7a7d7bad36a2,62fa9127-485f-3032-87cc-6576d91fec94,42.5369864,-70.9465423,3856
45c83548-6eff-33ac-a89c-81c70d841c9a,291a9036-ff68-348d-a693-537df0807a12,41.6956586,-71.1530617,122
23869b55-8805-3f41-8484-3d5c31185f4d,b60f8daf-0362-3c28-9b54-216e7f3e80bd,41.740785,-70.5980121,998
9cf42839-a284-3ee4-8a6d-c26b9e35c4f4,d672f853-e2a5-324e-98fa-c6d5f8dfc255,42.3700513,-71.2490152,2180
78481071-c83b-3d05-8f5f-32d0d6cfd9ae,98d42012-384f-39d9-b210-cc654b9441f6,41.722586,-70.0372004,1206
4f5bddd7-7981-3817-a8c5-39ecf23b6247,27f06acd-f732-3871-be87-889fef7d9010,42.6087525,-72.5857131,1290
fe71e951-0aa1-3548-90a2-f52588e9309b,7ffe74ac-786d-3c6d-bcb9-323352f6149c,42.1463818,-72.5335973,1116
aa9ed05c-e106-3415-abcf-a7a5e8d61da9,b06770b5-b695-3c1a-9685-ae2223966ff7,41.9799756,-71.3329695,3809
a9f2c09d-09e0-3f41-8709-30aa0790136d,a9afd4c9-8443-3b5a-a486-07c3bb109b3f,42.1718584,-72.5849672,2362
314a9256-8557-3cec-89e9-5fbfcedf30f9,9b5f23f1-c387-3a77-9359-752d26d7f997,42.47636,-70.9125322,2299
b1bb3239-cf27-368d-8c81-a511cfd65bc0,108ccece-277a-396f-8bf2-1527f74458eb,42.3323152,-72.6545646,2815
6d2121dc-20e8-3da3-a894-3dc956cfbd61,f7a6cc79-3075-3124-9f62-6fe562440b1d,41.6392025,-70.9815648,371
4c8ef437-c117-3b56-8f23-70a5f2b18456,0f7f97f6-693c-3de9-8190-85feaf4632e2,42.3634497,-71.0256963,920
28f43bd6-f0c4-33ad-9156-2d453b36f1a6,700056a6-3aea-3efd-8423-a9acbd38a5ea,41.9051941,-71.0609995,362
c0c54a30-e24b-3da6-a7b2-2ab2f3a913b9,308b5efa-a9c2-3728-b1ff-d29c5f060731,42.2925591,-71.7603169,3086
ea5e78a9-5f72-38cc-bc75-b571a0c2f71c,bbf934c6-faad-3483-a1d2-d2ecb693a0e2,41.5683439,-70.5940062,1469
d1e357c9-22b0-3072-9433-b232cb8f2df8,90cf148c-69ed-3d33-aa86-b509c6b0b25f,42.4259086,-71.1113649,4311
c0b59dd1-8bf6-3eb2-8b5e-8320d81232a0,1aedcb45-c507-3ad0-9010-6583d264ae72,41.7258413,-71.1590845,151
